siteweek,site_id,site,site_type,coordinates,lat,long,site_color,industrial_20,land_use,site_traffic,nearby_sources,ind_traf,tube_number,file_name_sampling,file_name,analysis_batch_date,sample_end_date,sample_type,start_date,end_date,time_difference,multiplier,week,sample_length,m_p_xylene_2_new,m_p_xylene_2_old,m_p_xylene_2_dis,benzene_new,benzene_old,benzene_dis,benzene_flag_new,benzene_flag_old,ethylbenzene_new,ethylbenzene_old,ethylbenzene_dis,o_xylene_new,o_xylene_old,o_xylene_dis,toluene_new,toluene_old,toluene_dis,toluene_flag_new,toluene_flag_old,benzene_1_2_3_trimethyl_new,benzene_1_2_3_trimethyl_old,benzene_1_2_3_trimethyl_dis,benzene_1_2_3_trimethyl_flag_new,benzene_1_2_3_trimethyl_flag_old,benzene_1_4_diethyl_new,benzene_1_4_diethyl_old,benzene_1_4_diethyl_dis,benzene_1_4_diethyl_flag_new,benzene_1_4_diethyl_flag_old,benzene_1_ethyl_2_methyl_new,benzene_1_ethyl_2_methyl_old,benzene_1_ethyl_2_methyl_dis,benzene_1_ethyl_3_methyl_new,benzene_1_ethyl_3_methyl_old,benzene_1_ethyl_3_methyl_dis,benzene_1_ethyl_4_methyl_new,benzene_1_ethyl_4_methyl_old,benzene_1_ethyl_4_methyl_dis,mesitylene_new,mesitylene_old,mesitylene_dis,mesitylene_flag_new,mesitylene_flag_old,benzene_propyl_new,benzene_propyl_old,benzene_propyl_dis,heptane_new,heptane_old,heptane_dis,heptane_flag_new,heptane_flag_old,n_hexane_new,n_hexane_old,n_hexane_dis,nonane_new,nonane_old,nonane_dis,nonane_flag_new,nonane_flag_old,octane_new,octane_old,octane_dis,octane_flag_new,octane_flag_old,decane_new,decane_old,decane_dis,decane_flag_new,decane_flag_old,dodecane_new,dodecane_old,dodecane_dis,dodecane_flag_new,dodecane_flag_old,undecane_new,undecane_old,undecane_dis,undecane_flag_new,undecane_flag_old,pentane_2_3_4_trimethyl_new,pentane_2_3_4_trimethyl_old,pentane_2_3_4_trimethyl_dis,pentane_2_3_4_trimethyl_flag_new,pentane_2_3_4_trimethyl_flag_old,pentane_2_4_dimethyl_new,pentane_2_4_dimethyl_old,pentane_2_4_dimethyl_dis,pentane_2_4_dimethyl_flag_new,pentane_2_4_dimethyl_flag_old,hexane_2_methyl_new,hexane_2_methyl_old,hexane_2_methyl_dis,heptane_3_methyl_new,heptane_3_methyl_old,heptane_3_methyl_dis,hexane_3_methyl_new,hexane_3_methyl_old,hexane_3_methyl_dis,hexane_3_methyl_flag_new,hexane_3_methyl_flag_old,pentane_3_methyl_new,pentane_3_methyl_old,pentane_3_methyl_dis,pentane_3_methyl_flag_new,pentane_3_methyl_flag_old,pentane_2_methyl_new,pentane_2_methyl_old,pentane_2_methyl_dis,pentane_2_methyl_flag_new,pentane_2_methyl_flag_old,butane_2_methyl_new,butane_2_methyl_old,butane_2_methyl_dis,butane_2_methyl_flag_new,butane_2_methyl_flag_old,cyclohexane_methyl_new,cyclohexane_methyl_old,cyclohexane_methyl_dis,cyclohexane_methyl_flag_new,cyclohexane_methyl_flag_old,x1_hexene_new,x1_hexene_old,x1_hexene_dis,x1_hexene_flag_new,x1_hexene_flag_old,x2_pentene_z_cis_new,x2_pentene_z_cis_old,x2_pentene_z_cis_dis,x2_pentene_z_cis_flag_new,x2_pentene_z_cis_flag_old,x1_3_butadiene_2_methyl_new,x1_3_butadiene_2_methyl_old,x1_3_butadiene_2_methyl_dis,x1_3_butadiene_2_methyl_flag_new,x1_3_butadiene_2_methyl_flag_old,x2_hexanone_new,x2_hexanone_old,x2_hexanone_dis,x2_hexanone_flag_new,x2_hexanone_flag_old,methyl_isobutyl_ketone_new,methyl_isobutyl_ketone_old,methyl_isobutyl_ketone_dis,methyl_isobutyl_ketone_flag_new,methyl_isobutyl_ketone_flag_old,benzene_1_2_dichloro_new,benzene_1_2_dichloro_old,benzene_1_2_dichloro_dis,carbon_tetrachloride_new,carbon_tetrachloride_old,carbon_tetrachloride_dis,carbon_tetrachloride_flag_new,carbon_tetrachloride_flag_old,trichloromethane_new,trichloromethane_old,trichloromethane_dis,trichloromethane_flag_new,trichloromethane_flag_old,tetrachloroethylene_new,tetrachloroethylene_old,tetrachloroethylene_dis,trichloromonofluoromethane_new,trichloromonofluoromethane_old,trichloromonofluoromethane_dis
Bartram’s Garden272023,1,Bartram’s Garden,stationary,"39.92896, -75.212541",39.92896,-75.212541,#619CFF,Non-Industrial,Open Space,Low,,LowT/NoI,P733856,P733856 071323 070523 Bartrams 1WK SS,P733856 071323 070523 Bartrams 1WK SS.D,7/13/23,7/5/23,sample,6/28/23,7/5/23,9991,2,272023,1,0.2788,0.279,,0.2909,0.291,,REG,REG,0.0601,0.06,,0.0843,0.084,,0.2667,0.267,,REG,REG,0.0152,0.015,,LOD,LOD,0.0073,0.007,,ND,ND,0.0138,0.014,,0.011,0.011,,0.0302,0.03,,0.0917,0.092,,REG,REG,0.0182,0.018,,0.0702,0.07,,REG,REG,0.1101,0.11,,0.0098,0.01,,ND,ND,0.0062,0.006,,ND,ND,0.0208,0.021,,LOD,LOD,0.0237,0.024,,LOD,LOD,0.026,0.026,,ND,ND,0.0607,0.061,,REG,REG,0.0533,0.052,,REG,REG,0.0601,0.06,,0.0574,0.057,,0.1343,0.134,,REG,REG,0.1848,0.173,,REG,REG,0.5386,0.553,,REG,REG,0.0477,0.057,,REG,REG,0.1264,0.126,,REG,REG,0.0115,0.016,,REG,REG,0.0049,0.005,,ND,ND,0.119,0.118,,REG,REG,0.0017,0.002,,ND,ND,5.00E-04,0,,ND,ND,0.0167,0.017,,0.1872,0.187,,REG,REG,0.0281,0.028,,REG,REG,0.0089,0.009,,0.0477,0.048,
Bartram’s Garden282023,1,Bartram’s Garden,stationary,"39.92896, -75.212541",39.92896,-75.212541,#619CFF,Non-Industrial,Open Space,Low,,LowT/NoI,P726645,P726645 071323 071223 Bartrams 1WK SS,P726645 071323 071223 Bartrams 1WK SS.D,7/13/23,7/12/23,sample,7/5/23,7/12/23,10105,2,282023,1,0.3676,0.368,,0.1701,0.17,,REG,REG,0.0693,0.069,,0.1042,0.104,,0.2932,0.293,,REG,REG,0.0225,0.023,,LOD,LOD,0.0121,0.012,,LOD,LOD,0.0205,0.02,,0.0451,0.045,,0.0187,0.019,,0.0495,0.049,,REG,REG,0.018,0.018,,0.0886,0.089,,REG,REG,0.1221,0.122,,0.0077,0.008,,REG,REG,0.0211,0.021,,REG,REG,0.0447,0.045,,REG,REG,0.0234,0.023,,LOD,LOD,0.0783,0.078,,LOD,LOD,0.06,0.06,,REG,REG,0.0626,0.063,,REG,REG,0.0792,0.079,,0.0684,0.068,,0.1931,0.193,,REG,REG,0.2233,0.223,,REG,REG,0.6456,0.646,,REG,REG,0.0522,0.052,,REG,REG,0.1667,0.167,,REG,REG,0.0065,0.007,,ND,ND,0.0048,0.005,,ND,ND,0.1371,0.137,,REG,REG,0.0016,0.002,,ND,ND,5.00E-04,0,,ND,ND,0.022,0.022,,0.1993,0.199,,REG,REG,0.037,0.037,,REG,REG,0.0132,0.013,,0.0424,0.042,
Bartram’s Garden292023,1,Bartram’s Garden,stationary,"39.92896, -75.212541",39.92896,-75.212541,#619CFF,Non-Industrial,Open Space,Low,,LowT/NoI,P637224,P637224 072723 071923 Bartrams 1WK DS,P637224 072723 071923 Bartrams 1WK DS.D,7/27/23,7/19/23,sample,7/12/23,7/19/23,10113,14.3,292023,1,0.6494,0.649,,0.3257,0.326,,REG,REG,0.1061,0.106,,0.1861,0.186,,0.5616,0.562,,REG,REG,0.0537,0.054,,LOD,LOD,0.0072,0.007,,ND,ND,0.0488,0.049,,0.0992,0.099,,0.0267,0.027,,0.1178,0.118,,LOD,LOD,0.0145,0.015,,0.2081,0.208,,REG,REG,0.3201,0.32,,0.0489,0.049,,LOD,LOD,0.073,0.073,,LOD,LOD,0.0806,0.081,,LOD,LOD,0.1006,0.101,,LOD,LOD,0.134,0.134,,LOD,LOD,0.0857,0.086,,LOD,LOD,0.0941,0.094,,LOD,LOD,0.1414,0.141,,0.1649,0.165,,0.3449,0.345,,LOD,LOD,0.7251,0.725,,REG,REG,1.8712,1.871,,REG,REG,0.2362,0.236,,REG,REG,0.3721,0.372,,LOD,LOD,0.0585,0.059,,LOD,LOD,0.0048,0.005,,ND,ND,0.2294,0.229,,REG,REG,0.0668,0.067,,REG,REG,5.00E-04,0,,ND,ND,0.0393,0.039,,0.5086,0.509,,REG,REG,0.0661,0.066,,REG,REG,0.0314,0.031,,0.202,0.202,
Bartram’s Garden302023,1,Bartram’s Garden,stationary,"39.92896, -75.212541",39.92896,-75.212541,#619CFF,Non-Industrial,Open Space,Low,,LowT/NoI,P726608,P726608 072823 072623 Bartrams 1WK DS,P726608 072823 072623 Bartrams 1WK DS.D,7/28/23,7/26/23,sample,7/19/23,7/26/23,9912,14.3,302023,1,0.7141,0.714,,0.3323,0.332,,REG,REG,0.1443,0.144,,0.2278,0.228,,0.573,0.573,,REG,REG,0.0548,0.055,,LOD,LOD,0.0074,0.007,,ND,ND,0.0249,0.025,,0.1012,0.101,,0.0272,0.027,,0.1202,0.12,,LOD,LOD,0.0437,0.044,,0.2124,0.212,,REG,REG,0.2785,0.278,,0.0155,0.015,,LOD,LOD,0.0445,0.044,,LOD,LOD,0.0822,0.082,,LOD,LOD,0.0637,0.064,,LOD,LOD,0.1367,0.137,,LOD,LOD,0.0874,0.087,,LOD,LOD,0.096,0.096,,LOD,LOD,0.1443,0.144,,0.1682,0.168,,0.4398,0.44,,LOD,LOD,0.5919,0.592,,REG,REG,1.7718,1.772,,REG,REG,0.2671,0.267,,REG,REG,0.3797,0.38,,LOD,LOD,0.0597,0.06,,LOD,LOD,0.0049,0.005,,ND,ND,0.234,0.234,,REG,REG,0.0017,0.002,,ND,ND,5.00E-04,0,,ND,ND,0.0801,0.08,,0.519,0.519,,REG,REG,0.0674,0.067,,REG,REG,0.0321,0.032,,0.2061,0.206,
Bartram’s Garden312023,1,Bartram’s Garden,stationary,"39.92896, -75.212541",39.92896,-75.212541,#619CFF,Non-Industrial,Open Space,Low,,LowT/NoI,P726661,P726661 081023 080223 Bartrams 1WK SS,P726661 081023 080223 Bartrams 1WK SS.D,8/10/23,8/2/23,sample,7/26/23,8/2/23,10110,2,312023,1,0.3026,0.297,,0.2071,0.207,,REG,REG,0.0544,0.054,,0.0833,0.083,,0.2778,0.272,,REG,REG,0.0188,0.019,,LOD,LOD,0.0121,0.012,,LOD,LOD,0.0136,0.014,,0.0108,0.011,,0.033,0.034,,0.0398,0.041,,REG,REG,0.018,0.018,,0.0915,0.082,,REG,REG,0.1121,0.109,,0.1947,0.111,CHECK,REG,REG,0.0783,0.05,,REG,REG,0.0643,0.049,,REG,REG,0.0148,0.015,,ND,ND,0.0989,0.105,,REG,REG,0.042,0.042,,LOD,LOD,0.0461,0.046,,REG,REG,0.0659,0.066,,0.0543,0.057,,0.1568,0.157,,REG,REG,0.1826,0.183,,REG,REG,0.5401,0.532,,REG,REG,0.0674,0.059,,REG,REG,0.1249,0.125,,REG,REG,0.0625,0.057,,REG,REG,0.0133,0.006,,LOD,LOD,0.1605,0.16,,REG,REG,0.0151,0.01,,REG,REG,5.00E-04,0,,ND,ND,0.0275,0.027,,0.2135,0.213,,REG,REG,0.037,0.037,,REG,REG,0.0132,0.013,,0.0754,0.075,
Bartram’s Garden322023,1,Bartram’s Garden,stationary,"39.92896, -75.212541",39.92896,-75.212541,#619CFF,Non-Industrial,Open Space,Low,,LowT/NoI,P726659,P726659 081123 080923 Bartrams 1WK SS,P726659 081123 080923 Bartrams 1WK SS.D,8/11/23,8/9/23,sample,8/2/23,8/9/23,10048,2,322023,1,0.3258,0.326,,0.2022,0.203,,REG,REG,0.0597,0.06,,0.089,0.089,,0.2541,0.254,,REG,REG,0.0227,0.023,,LOD,LOD,0.0121,0.012,,LOD,LOD,0.0172,0.017,,0.0378,0.038,,0.0182,0.018,,0.0401,0.04,,REG,REG,0.0181,0.018,,0.0985,0.098,,REG,REG,0.1261,0.126,,0.1106,0.111,,REG,REG,0.0581,0.058,,REG,REG,0.055,0.055,,REG,REG,0.0386,0.039,,LOD,LOD,0.073,0.073,,LOD,LOD,0.0362,0.036,,LOD,LOD,0.0397,0.04,,LOD,LOD,0.073,0.073,,0.0663,0.066,,0.1821,0.182,,REG,REG,0.2246,0.225,,REG,REG,0.6003,0.6,,REG,REG,0.0584,0.058,,REG,REG,0.1571,0.157,,REG,REG,0.04,0.04,,REG,REG,0.0134,0.013,,LOD,LOD,0.106,0.106,,REG,REG,0.0202,0.02,,REG,REG,5.00E-04,0,,ND,ND,0.0111,0.011,,0.2148,0.215,,REG,REG,0.0279,0.028,,REG,REG,0.0088,0.009,,0.0758,0.076,
Bartram’s Garden332023,1,Bartram’s Garden,stationary,"39.92896, -75.212541",39.92896,-75.212541,#619CFF,Non-Industrial,Open Space,Low,,LowT/NoI,P726620,P726620 082423 081623 Bartrams SS,P726620 082423 081623 Bartrams SS.D,8/24/23,8/16/23,sample,8/9/23,8/16/23,10197,1.3,332023,1,0.3859,0.386,,0.1637,0.165,,REG,REG,0.0765,0.076,,0.1074,0.107,,0.3078,0.308,,REG,REG,0.0218,0.022,,LOD,LOD,0.0072,0.007,,ND,ND,0.0198,0.02,,0.0509,0.051,,0.0186,0.019,,0.0411,0.041,,REG,REG,0.0232,0.023,,0.0964,0.096,,REG,REG,0.1294,0.129,,0.0644,0.064,,REG,REG,0.0474,0.047,,REG,REG,0.0573,0.057,,REG,REG,0.0489,0.049,,REG,REG,0.0255,0.025,,ND,ND,0.0425,0.042,,REG,REG,0.0318,0.032,,REG,REG,0.0765,0.076,,0.0636,0.064,,0.171,0.171,,REG,REG,0.1961,0.196,,REG,REG,0.528,0.528,,REG,REG,0.053,0.053,,REG,REG,0.1543,0.154,,REG,REG,0.0065,0.006,,ND,ND,0.0086,0.009,,LOD,LOD,0.128,0.128,,REG,REG,0.0016,0.002,,ND,ND,4.00E-04,0,,ND,ND,0.0248,0.025,,0.1743,0.174,,REG,REG,0.0298,0.03,,REG,REG,0.0142,0.014,,0.0455,0.046,
Bartram’s Garden342023,1,Bartram’s Garden,stationary,"39.92896, -75.212541",39.92896,-75.212541,#619CFF,Non-Industrial,Open Space,Low,,LowT/NoI,P733895,P733895 082523 082323 Bartrams SS,P733895 082523 082323 Bartrams SS.D,8/25/23,8/23/23,sample,8/16/23,8/23/23,9977,2,342023,1,0.2637,0.264,,0.2224,0.223,,REG,REG,0.0551,0.055,,0.0739,0.074,,0.2474,0.247,,REG,REG,0.0228,0.023,,LOD,LOD,0.0073,0.007,,ND,ND,0.0173,0.017,,0.0346,0.035,,0.0145,0.014,,0.0404,0.04,,REG,REG,0.0182,0.018,,0.0862,0.086,,REG,REG,0.0802,0.08,,0.245,0.245,,REG,REG,0.1629,0.163,,REG,REG,0.0847,0.085,,REG,REG,0.0876,0.088,,REG,REG,0.1403,0.14,,REG,REG,0.0243,0.024,,LOD,LOD,0.0112,0.011,,ND,ND,0.0535,0.053,,0.0432,0.043,,0.11,0.11,,REG,REG,0.1131,0.113,,REG,REG,0.3182,0.318,,REG,REG,0.0364,0.036,,REG,REG,0.0739,0.074,,LOD,LOD,0.0403,0.04,,REG,REG,0.0269,0.027,,REG,REG,0.0904,0.09,,REG,REG,0.0254,0.025,,REG,REG,5.00E-04,0,,ND,ND,0.0223,0.022,,0.1731,0.173,,REG,REG,0.0281,0.028,,REG,REG,0.0134,0.013,,0.043,0.043,
Bartram’s Garden352023,1,Bartram’s Garden,stationary,"39.92896, -75.212541",39.92896,-75.212541,#619CFF,Non-Industrial,Open Space,Low,,LowT/NoI,P733889,P733889 090723 083023 Bartrams SS,P733889 090723 083023 Bartrams SS.D,9/7/23,8/30/23,sample,8/23/23,8/30/23,10054,2,352023,1,0.341,0.347,,0.1865,0.191,,REG,REG,0.0692,0.07,,0.0938,0.094,,0.2793,0.284,,REG,REG,0.0226,0.023,,LOD,LOD,0.0152,0.015,,LOD,LOD,0.0154,0.021,,0.0419,0.041,,0.0188,0.018,,0.0497,0.048,,REG,REG,0.0236,0.024,,0.1102,0.118,,REG,REG,0.1332,0.133,,0.0028,0.073,CHECK,REG,REG,0.0218,0.05,,REG,REG,0.059,0.065,,REG,REG,0.0663,0.065,,REG,REG,0.0934,0.099,,REG,REG,0.0482,0.048,,LOD,LOD,0.0519,0.052,,REG,REG,0.0928,0.093,,0.0809,0.078,,0.2062,0.206,,REG,REG,0.2023,0.202,,REG,REG,0.6252,0.625,,REG,REG,0.062,0.062,,REG,REG,0.1885,0.188,,REG,REG,0.0619,0.062,,REG,REG,0.0106,0.011,,LOD,LOD,0.0614,0.061,,REG,REG,0.0016,0.002,,ND,ND,5.00E-04,0,,ND,ND,0.0097,0.011,,0.2004,0.2,,REG,REG,0.0279,0.028,,REG,REG,0.0088,0.009,,0.0616,0.062,
Bartram’s Garden362023,1,Bartram’s Garden,stationary,"39.92896, -75.212541",39.92896,-75.212541,#619CFF,Non-Industrial,Open Space,Low,,LowT/NoI,P726607,P726607 090823 090623 Bartrams SS,P726607 090823 090623 Bartrams SS.D,9/8/23,9/6/23,sample,8/30/23,9/6/23,10207,2,362023,1,0.2799,0.28,,0.1776,0.179,,REG,REG,0.0584,0.058,,0.0821,0.082,,0.2501,0.25,,REG,REG,0.0223,0.022,,LOD,LOD,0.0072,0.007,,ND,ND,0.0118,0.012,,0.0344,0.034,,0.0148,0.015,,0.0327,0.033,,REG,REG,0.0173,0.017,,0.0643,0.064,,REG,REG,0.092,0.092,,0.0867,0.087,,REG,REG,0.0337,0.034,,REG,REG,0.0534,0.053,,REG,REG,0.0441,0.044,,LOD,LOD,0.0855,0.085,,REG,REG,0.0297,0.03,,LOD,LOD,0.0478,0.048,,REG,REG,0.0588,0.059,,0.0451,0.045,,0.1314,0.131,,REG,REG,0.1491,0.149,,REG,REG,0.4105,0.411,,REG,REG,0.0441,0.044,,REG,REG,0.0928,0.093,,REG,REG,0.0065,0.006,,ND,ND,0.0301,0.03,,REG,REG,0.1151,0.115,,REG,REG,0.012,0.012,,REG,REG,4.00E-04,0,,ND,ND,0.0422,0.042,,0.1833,0.183,,REG,REG,0.0366,0.037,,REG,REG,0.0131,0.013,,0.042,0.042,
Bartram’s Garden392023,1,Bartram’s Garden,stationary,"39.92896, -75.212541",39.92896,-75.212541,#619CFF,Non-Industrial,Open Space,Low,,LowT/NoI,P733859,P733859 092923 092723 Bartrams SS,P733859 092923 092723 Bartrams SS RENAME.D,9/29/23,9/27/23,sample,9/20/23,9/27/23,10069,2,392023,1,0.3405,0.341,,0.1986,0.2,,REG,REG,0.0542,0.054,,0.0675,0.068,,0.2409,0.241,,REG,REG,0.0113,0.011,,LOD,LOD,0.0073,0.007,,ND,ND,0.0051,0.005,,0.0244,0.024,,0.0112,0.011,,0.0331,0.033,,REG,REG,0.0115,0.012,,0.0523,0.052,,REG,REG,0.0999,0.1,,0.0097,0.01,,ND,ND,0.0061,0.006,,ND,ND,0.0202,0.02,,LOD,LOD,0.0072,0.007,,LOD,LOD,0.0204,0.02,,LOD,LOD,0.0241,0.024,,LOD,LOD,0.0353,0.035,,LOD,LOD,0.0596,0.06,,0.0341,0.034,,0.1332,0.133,,REG,REG,0.202,0.202,,REG,REG,0.6053,0.605,,REG,REG,0.0964,0.096,,REG,REG,0.1045,0.105,,REG,REG,0.0066,0.007,,ND,ND,0.0048,0.005,,ND,ND,0.019,0.019,,REG,REG,0.0016,0.002,,ND,ND,5.00E-04,0,,ND,ND,0.0262,0.026,,0.2715,0.272,,REG,REG,0.0278,0.028,,REG,REG,0.0177,0.018,,0.1419,0.142,
Bartram’s Garden402023,1,Bartram’s Garden,stationary,"39.92896, -75.212541",39.92896,-75.212541,#619CFF,Non-Industrial,Open Space,Low,,LowT/NoI,P733897,P733897 101223 100423 Bartrams SS,P733897 101223 100423 Bartrams SS.D,10/12/23,10/4/23,sample,9/27/23,10/4/23,10123,2,402023,1,0.5984,0.598,,0.2809,0.282,,REG,REG,0.0934,0.093,,0.13,0.13,,0.4183,0.418,,REG,REG,0.0187,0.019,,LOD,LOD,0.012,0.012,,LOD,LOD,0.017,0.017,,0.0485,0.049,,0.0224,0.022,,0.0486,0.049,,REG,REG,0.0239,0.024,,0.1166,0.117,,REG,REG,0.2239,0.224,,0.0089,0.009,,REG,REG,0.0333,0.033,,REG,REG,0.0332,0.033,,LOD,LOD,0.0123,0.012,,LOD,LOD,0.0263,0.026,,LOD,LOD,0.0599,0.06,,REG,REG,0.0592,0.059,,REG,REG,0.1047,0.105,,0.0697,0.07,,0.2409,0.241,,REG,REG,0.3749,0.375,,REG,REG,1.0725,1.073,,REG,REG,0.0774,0.077,,REG,REG,0.2069,0.207,,REG,REG,0.0284,0.028,,REG,REG,0.0048,0.005,,ND,ND,0.0347,0.035,,REG,REG,0.0016,0.002,,ND,ND,5.00E-04,0,,ND,ND,0.0428,0.043,,0.2843,0.284,,REG,REG,0.0369,0.037,,REG,REG,0.0176,0.018,,0.08,0.08,
Bartram’s Garden412023,1,Bartram’s Garden,stationary,"39.92896, -75.212541",39.92896,-75.212541,#619CFF,Non-Industrial,Open Space,Low,,LowT/NoI,P726604,P726604 101323 101123 Bartrams SS,P726604 101323 101123 Bartrams SS.D,10/13/23,10/11/23,sample,10/4/23,10/11/23,9990,1.99,412023,1,0.6744,0.674,,0.3391,0.34,,REG,REG,0.1041,0.104,,0.1468,0.147,,0.464,0.464,,REG,REG,0.0227,0.023,,LOD,LOD,0.0152,0.015,,LOD,LOD,0.0206,0.021,,0.0559,0.056,,0.0226,0.023,,0.0656,0.066,,REG,REG,0.0302,0.03,,0.1496,0.15,,REG,REG,0.332,0.332,,0.0098,0.01,,ND,ND,0.0252,0.025,,REG,REG,0.0383,0.038,,LOD,LOD,0.0123,0.012,,LOD,LOD,0.0331,0.033,,LOD,LOD,0.0845,0.085,,REG,REG,0.0696,0.07,,REG,REG,0.1454,0.145,,0.1172,0.117,,0.3279,0.328,,REG,REG,0.5414,0.541,,REG,REG,1.6695,1.669,,REG,REG,0.2135,0.213,,ULOD,ULOD,0.282,0.282,,REG,REG,0.0514,0.051,,REG,REG,0.0253,0.025,,REG,REG,0.0349,0.035,,REG,REG,0.0017,0.002,,ND,ND,0.0073,0.007,,REG,REG,0.0653,0.065,,0.2866,0.287,,REG,REG,0.0465,0.047,,REG,REG,0.0177,0.018,,0.1423,0.142,
Bartram’s Garden422023,1,Bartram’s Garden,stationary,"39.92896, -75.212541",39.92896,-75.212541,#619CFF,Non-Industrial,Open Space,Low,,LowT/NoI,P733869,P733869 102623 101823 Bartrams SS RENAME,P733869 102623 101823 Bartrams SS RENAME.D,10/26/23,10/18/23,sample,10/11/23,10/18/23,10255,2,422023,1,0.521,0.521,,0.2225,0.224,,REG,REG,0.0824,0.082,,0.1129,0.113,,0.305,0.305,,REG,REG,0.0148,0.015,,LOD,LOD,0.0089,0.009,,LOD,LOD,0.0168,0.017,,0.0411,0.041,,0.0221,0.022,,0.0479,0.048,,REG,REG,0.0177,0.018,,0.0711,0.071,,REG,REG,0.143,0.143,,0.0095,0.01,,ND,ND,0.0045,0.004,,REG,REG,0.0328,0.033,,LOD,LOD,0.0121,0.012,,LOD,LOD,0.026,0.026,,LOD,LOD,0.0414,0.041,,LOD,LOD,0.0422,0.042,,LOD,LOD,0.0839,0.084,,0.0459,0.046,,0.1903,0.19,,REG,REG,0.3,0.3,,REG,REG,0.8544,0.854,,REG,REG,0.1385,0.138,,REG,REG,0.1324,0.132,,REG,REG,0.0168,0.017,,REG,REG,0.0047,0.005,,ND,ND,0.0182,0.018,,REG,REG,0.0016,0.002,,ND,ND,4.00E-04,0,,ND,ND,0.0748,0.075,,0.3227,0.323,,REG,REG,0.0365,0.036,,REG,REG,0.0217,0.022,,0.13,0.13,
Bartram’s Garden432023,1,Bartram’s Garden,stationary,"39.92896, -75.212541",39.92896,-75.212541,#619CFF,Non-Industrial,Open Space,Low,,LowT/NoI,P726601,P726601 102723 102523 Bartrams SS,P726601 102723 102523 Bartrams SS.D,10/27/23,10/25/23,sample,10/18/23,10/25/23,9883,2,432023,1,0.5912,0.591,,0.2245,0.226,,REG,REG,0.0906,0.091,,0.1278,0.128,,0.3724,0.372,,REG,REG,0.0154,0.015,,LOD,LOD,0.0123,0.012,,LOD,LOD,0.014,0.014,,0.0426,0.043,,0.0229,0.023,,0.0497,0.05,,REG,REG,0.0184,0.018,,0.126,0.126,,REG,REG,0.2159,0.216,,0.0332,0.033,,REG,REG,0.0299,0.03,,REG,REG,0.0341,0.034,,LOD,LOD,0.0071,0.007,,LOD,LOD,0.027,0.027,,LOD,LOD,0.0552,0.055,,REG,REG,0.0606,0.061,,REG,REG,0.1207,0.121,,0.0833,0.083,,0.2838,0.284,,REG,REG,0.4566,0.457,,REG,REG,1.1949,1.195,,REG,REG,0.1437,0.144,,ULOD,ULOD,0.2226,0.223,,REG,REG,0.0291,0.029,,REG,REG,0.0049,0.005,,ND,ND,0.0035,0.003,,ND,ND,0.0017,0.002,,ND,ND,5.00E-04,0,,ND,ND,0.0495,0.049,,0.3057,0.306,,REG,REG,0.0378,0.038,,REG,REG,0.018,0.018,,0.1494,0.149,
Bartram’s Garden442023,1,Bartram’s Garden,stationary,"39.92896, -75.212541",39.92896,-75.212541,#619CFF,Non-Industrial,Open Space,Low,,LowT/NoI,P726603,P726603 110923 110123 Bartrams SS,P726603 110923 110123 Bartrams SS.D,11/9/23,11/1/23,sample,10/25/23,11/1/23,10310,2,442023,1,0.6422,0.643,,0.294,0.289,,REG,REG,0.1057,0.106,,0.1429,0.143,,0.7177,0.716,,REG,REG,0.0221,0.022,,LOD,LOD,0.0071,0.007,,ND,ND,0.0201,0.02,,0.0545,0.054,,0.0256,0.026,,0.0558,0.056,,REG,REG,0.0294,0.029,,0.1577,0.152,,REG,REG,0.2515,0.252,,0.3159,0.272,,REG,REG,0.1596,0.142,,REG,REG,0.0781,0.075,,REG,REG,0.0225,0.023,,LOD,LOD,0.0653,0.058,,LOD,LOD,0.0529,0.053,,REG,REG,0.0484,0.048,,REG,REG,0.1229,0.122,,0.1016,0.103,,0.2721,0.272,,REG,REG,0.3681,0.368,,REG,REG,1.0715,1.072,,REG,REG,0.1341,0.135,,REG,REG,0.194,0.193,,REG,REG,0.0479,0.039,,REG,REG,0.0104,0.005,,LOD,ND,0.0033,0.003,,ND,ND,0.0016,0.002,,ND,ND,4.00E-04,0,,ND,ND,0.0361,0.037,,0.2791,0.279,,REG,REG,0.0354,0.036,,REG,REG,0.0259,0.026,,0.1247,0.125,
Bartram’s Garden452023,1,Bartram’s Garden,stationary,"39.92896, -75.212541",39.92896,-75.212541,#619CFF,Non-Industrial,Open Space,Low,,LowT/NoI,P726645,P726645 111023 110823 Bartrams SS,P726645 111023 110823 Bartrams SS.D,11/10/23,11/8/23,sample,11/1/23,11/8/23,9905,2,452023,1,0.8993,0.899,,0.4259,0.426,,REG,REG,0.1454,0.145,,0.1966,0.197,,0.6698,0.67,,REG,REG,0.0307,0.031,,LOD,LOD,0.0185,0.018,,LOD,LOD,0.0279,0.028,,0.0779,0.078,,0.0267,0.027,,0.0749,0.075,,REG,REG,0.0367,0.037,,0.2162,0.216,,REG,REG,0.3695,0.37,,0.1077,0.108,,REG,REG,0.0778,0.078,,REG,REG,0.0813,0.081,,REG,REG,0.0235,0.023,,LOD,LOD,0.068,0.068,,LOD,LOD,0.0734,0.073,,REG,REG,0.0672,0.067,,REG,REG,0.175,0.175,,0.1413,0.141,,0.3694,0.369,,REG,REG,0.5592,0.559,,REG,REG,1.6153,1.615,,REG,REG,0.1425,0.142,,ULOD,ULOD,0.2869,0.287,,REG,REG,0.0615,0.062,,REG,REG,0.0176,0.018,,REG,REG,0.0132,0.013,,LOD,LOD,0.0017,0.002,,ND,ND,5.00E-04,0,,ND,ND,0.1049,0.105,,0.3051,0.305,,REG,REG,0.0368,0.037,,REG,REG,0.0359,0.036,,0.0721,0.072,
Bartram’s Garden462023,1,Bartram’s Garden,stationary,"39.92896, -75.212541",39.92896,-75.212541,#619CFF,Non-Industrial,Open Space,Low,,LowT/NoI,P733848,P733848 112423 111523 Bartrams SS,P733848 112423 111523 Bartrams SS.D,11/24/23,11/15/23,sample,11/8/23,11/15/23,10107,2,462023,1,0.4219,0.422,,0.3123,0.312,,REG,REG,0.0683,0.068,,0.0937,0.094,,0.3532,0.353,,REG,REG,0.015,0.015,,LOD,LOD,0.0072,0.007,,ND,ND,0.0136,0.014,,0.0347,0.035,,0.0149,0.015,,0.0404,0.04,,REG,REG,0.018,0.018,,0.1098,0.11,,REG,REG,0.217,0.217,,0.0914,0.091,,REG,REG,0.0557,0.056,,REG,REG,0.041,0.041,,LOD,LOD,0.007,0.007,,LOD,LOD,0.0402,0.04,,LOD,LOD,0.042,0.042,,LOD,LOD,0.0395,0.04,,LOD,LOD,0.1055,0.106,,0.057,0.057,,0.2293,0.229,,REG,REG,0.3552,0.355,,REG,REG,1.0365,1.037,,REG,REG,0.1983,0.198,,REG,REG,0.1458,0.146,,REG,REG,0.0375,0.038,,REG,REG,0.0106,0.011,,LOD,LOD,0.0032,0.003,,LOD,LOD,0.0016,0.002,,ND,ND,5.00E-04,0,,ND,ND,0.0423,0.042,,0.2563,0.256,,REG,REG,0.0361,0.036,,REG,REG,0.0176,0.018,,0.1649,0.165,
Bartram’s Garden472023,1,Bartram’s Garden,stationary,"39.92896, -75.212541",39.92896,-75.212541,#619CFF,Non-Industrial,Open Space,Low,,LowT/NoI,P733865,P733865 112523 112223 Bartrams SS,P733865 112523 112223 Bartrams SS.D,11/25/23,11/22/23,sample,11/15/23,11/22/23,10171,2,472023,1,0.8125,0.813,,0.3963,0.396,,REG,REG,0.1268,0.127,,0.1759,0.176,,0.6062,0.606,,REG,REG,0.0299,0.03,,LOD,LOD,0.018,0.018,,LOD,LOD,0.0237,0.024,,0.0655,0.066,,0.0297,0.03,,0.0647,0.065,,REG,REG,0.0358,0.036,,0.2296,0.23,,REG,REG,0.3992,0.399,,0.1096,0.11,,REG,REG,0.084,0.084,,REG,REG,0.0647,0.065,,REG,REG,0.0229,0.023,,LOD,LOD,0.0596,0.06,,LOD,LOD,0.0775,0.077,,REG,REG,0.0687,0.069,,REG,REG,0.2032,0.203,,0.1492,0.149,,0.4436,0.444,,REG,REG,0.5748,0.575,,REG,REG,1.6106,1.611,,REG,REG,0.2099,0.21,,ULOD,ULOD,0.3415,0.342,,REG,REG,0.0712,0.071,,REG,REG,0.0172,0.017,,REG,REG,0.0034,0.003,,ND,ND,0.0016,0.002,,ND,ND,5.00E-04,0,,ND,ND,0.053,0.053,,0.2546,0.255,,REG,REG,0.0358,0.036,,REG,REG,0.0262,0.026,,0.1685,0.169,
Bartram’s Garden482023,1,Bartram’s Garden,stationary,"39.92896, -75.212541",39.92896,-75.212541,#619CFF,Non-Industrial,Open Space,Low,,LowT/NoI,P733886,P733886 120823 112923 Bartrams SS,P733886 120823 112923 Bartrams SS.D,12/8/23,11/29/23,sample,11/22/23,11/29/23,9982,2,482023,1,0.3098,0.313,,0.3162,0.316,,REG,REG,0.0536,0.054,,0.067,0.069,,0.2647,0.268,,REG,REG,0.0088,0.009,,ND,ND,0.0073,0.007,,ND,ND,0.0104,0.01,,0.0246,0.025,,0.0113,0.011,,0.025,0.024,,REG,REG,0.0121,0.012,,0.0801,0.085,,REG,REG,0.1463,0.146,,0.0386,0.059,,REG,REG,0.015,0.035,,REG,REG,0.0323,0.032,,LOD,LOD,0.0162,0.012,,LOD,LOD,0.0301,0.027,,LOD,LOD,0.0243,0.024,,LOD,LOD,0.0233,0.023,,LOD,LOD,0.0668,0.067,,0.0471,0.046,,0.1344,0.134,,REG,REG,0.2055,0.205,,REG,REG,0.645,0.649,,REG,REG,0.0871,0.086,,REG,REG,0.1055,0.105,,REG,REG,0.0507,0.05,,REG,REG,0.0034,0.004,,LOD,LOD,0.0034,0.003,,ND,ND,0.0017,0.002,,ND,ND,5.00E-04,0,,ND,ND,0.0256,0.026,,0.2883,0.288,,REG,REG,0.0375,0.037,,REG,REG,0.0134,0.013,,0.0859,0.086,
Bartram’s Garden492023,1,Bartram’s Garden,stationary,"39.92896, -75.212541",39.92896,-75.212541,#619CFF,Non-Industrial,Open Space,Low,,LowT/NoI,P726613,P726613 120923 120623 Bartrams SS,P726613 120923 120623 Bartrams SS.D,12/9/23,12/6/23,sample,11/29/23,12/6/23,10206,2,492023,1,0.73,0.73,,0.3766,0.378,,REG,REG,0.1161,0.116,,0.1583,0.158,,0.5508,0.551,,REG,REG,0.0223,0.022,,LOD,LOD,0.0149,0.015,,LOD,LOD,0.0203,0.02,,0.055,0.055,,0.0222,0.022,,0.0572,0.057,,REG,REG,0.0297,0.03,,0.1922,0.192,,REG,REG,0.3325,0.332,,0.0425,0.042,,REG,REG,0.0392,0.039,,REG,REG,0.0507,0.051,,LOD,LOD,0.0212,0.021,,LOD,LOD,0.0425,0.042,,LOD,LOD,0.0534,0.053,,REG,REG,0.0587,0.059,,REG,REG,0.1568,0.157,,0.1153,0.115,,0.3585,0.358,,REG,REG,0.4824,0.482,,REG,REG,1.4333,1.433,,REG,REG,0.2106,0.211,,ULOD,ULOD,0.2475,0.248,,REG,REG,0.0496,0.05,,REG,REG,0.0164,0.016,,REG,REG,0.0034,0.003,,ND,ND,0.0016,0.002,,ND,ND,4.00E-04,0,,ND,ND,0.0305,0.03,,0.2538,0.254,,REG,REG,0.0366,0.037,,REG,REG,0.0174,0.017,,0.0793,0.079,
Bartram’s Garden502023,1,Bartram’s Garden,stationary,"39.92896, -75.212541",39.92896,-75.212541,#619CFF,Non-Industrial,Open Space,Low,,LowT/NoI,P726654,P726654 122123 121323 Bartrams SS,P726654 122123 121323 Bartrams SS.D,12/21/23,12/13/23,sample,12/6/23,12/13/23,9458,2,502023,1,1.2031,1.118,CHECK,0.4527,0.422,,REG,REG,0.1782,0.166,,0.2543,0.236,,0.7383,0.686,CHECK,REG,REG,0.0401,0.037,,REG,REG,0.0258,0.024,,LOD,LOD,0.0328,0.03,,0.089,0.083,,0.0359,0.033,,0.0969,0.09,,REG,REG,0.0449,0.042,,0.2551,0.237,,REG,REG,0.4857,0.451,,0.076,0.071,,REG,REG,0.0555,0.052,,REG,REG,0.0753,0.07,,REG,REG,0.0343,0.032,,LOD,LOD,0.067,0.062,,LOD,LOD,0.1089,0.101,,REG,REG,0.1267,0.118,,REG,REG,0.2749,0.255,,0.1741,0.162,,0.5673,0.527,,REG,REG,0.9868,0.917,CHECK,REG,REG,2.7148,2.523,CHECK,REG,REG,0.1508,0.14,,ULOD,ULOD,0.4786,0.445,,REG,REG,0.1021,0.095,,REG,REG,0.039,0.036,,REG,REG,0.0036,0.003,,ND,ND,0.0017,0.002,,ND,ND,5.00E-04,0,,ND,ND,0.0446,0.041,,0.3955,0.368,,REG,REG,0.0494,0.046,,REG,REG,0.0235,0.022,,0.2618,0.243,
Bartram’s Garden512023,1,Bartram’s Garden,stationary,"39.92896, -75.212541",39.92896,-75.212541,#619CFF,Non-Industrial,Open Space,Low,,LowT/NoI,P733888,P733888 122123 122023 Bartrams SS,P733888 122123 122023 Bartrams SS.D,12/21/23,12/20/23,sample,12/13/23,12/20/23,9878,2,512023,1,0.6096,0.61,,0.3575,0.359,,REG,REG,0.0947,0.095,,0.1316,0.132,,0.4441,0.444,,REG,REG,0.0231,0.023,,LOD,LOD,0.0154,0.015,,LOD,LOD,0.0209,0.021,,0.0497,0.05,,0.0267,0.027,,0.0591,0.059,,REG,REG,0.0245,0.025,,0.1463,0.146,,REG,REG,0.303,0.303,,0.0632,0.063,,REG,REG,0.0447,0.045,,REG,REG,0.0622,0.062,,REG,REG,0.0274,0.027,,LOD,LOD,0.0641,0.064,,LOD,LOD,0.0552,0.055,,REG,REG,0.0707,0.071,,REG,REG,0.162,0.162,,0.0953,0.095,,0.3333,0.333,,REG,REG,0.6334,0.633,,REG,REG,1.7316,1.732,,REG,REG,0.1444,0.144,,ULOD,ULOD,0.2451,0.245,,REG,REG,0.0977,0.098,,REG,REG,0.051,0.051,,REG,REG,0.0035,0.003,,ND,ND,0.0017,0.002,,ND,ND,5.00E-04,0,,ND,ND,0.0371,0.037,,0.3787,0.379,,REG,REG,0.0378,0.038,,REG,REG,0.0225,0.022,,0.4628,0.463,
Bartram’s Garden22024,1,Bartram’s Garden,stationary,"39.92896, -75.212541",39.92896,-75.212541,#619CFF,Non-Industrial,Open Space,Low,,LowT/NoI,P726606,P726606 011624 011024 Bartrams SS,P726606 011624 011024 Bartrams SS.D,1/16/24,1/10/24,sample,1/3/24,1/10/24,10098,2,22024,1,0.5411,0.541,,0.4797,0.48,,REG,REG,0.099,0.099,,0.1204,0.12,,0.5036,0.504,,REG,REG,0.0225,0.023,,LOD,LOD,0.0121,0.012,,LOD,LOD,0.0171,0.017,,0.0445,0.044,,0.022,0.022,,0.0569,0.057,,REG,REG,0.024,0.024,,0.1597,0.16,,REG,REG,0.2845,0.285,,0.0674,0.067,,REG,REG,0.0541,0.054,,REG,REG,0.0531,0.053,,REG,REG,0.0128,0.013,,LOD,LOD,0.0376,0.038,,LOD,LOD,0.072,0.072,,REG,REG,0.0636,0.064,,REG,REG,0.1882,0.188,,0.1107,0.111,,0.4179,0.418,,REG,REG,0.4469,0.447,,REG,REG,1.6429,1.643,,REG,REG,0.0395,0.04,,ULOD,ULOD,0.2783,0.278,,REG,REG,0.0421,0.042,,REG,REG,0.0665,0.066,,REG,REG,0.0034,0.003,,ND,ND,0.0016,0.002,,ND,ND,5.00E-04,0,,ND,ND,0.0198,0.02,,0.2707,0.271,,REG,REG,0.0324,0.032,,REG,REG,0.0207,0.021,,0.1033,0.103,
Bartram’s Garden32024,1,Bartram’s Garden,stationary,"39.92896, -75.212541",39.92896,-75.212541,#619CFF,Non-Industrial,Open Space,Low,,LowT/NoI,P733850,P733850 012524 011724 Bartrams SS,P733850 012524 011724 Bartrams SS.D,1/25/24,1/17/24,sample,1/10/24,1/17/24,9484,2,32024,1,0.418,0.389,,0.5173,0.481,,REG,REG,0.0791,0.074,,0.0949,0.088,,0.3926,0.365,,REG,REG,0.0093,0.009,,ND,ND,0.0077,0.007,,ND,ND,0.0145,0.014,,0.0363,0.034,,0.0195,0.018,,0.0431,0.04,,REG,REG,0.0192,0.018,,0.1429,0.133,,REG,REG,0.2678,0.249,,0.1672,0.155,,REG,REG,0.0883,0.082,,REG,REG,0.0566,0.053,,REG,REG,0.0251,0.023,,LOD,LOD,0.0471,0.044,,LOD,LOD,0.0575,0.053,,REG,REG,0.0572,0.053,,REG,REG,0.1511,0.14,,0.093,0.086,,0.342,0.318,,REG,REG,0.3893,0.362,,REG,REG,1.4882,1.383,CHECK,REG,REG,0.0779,0.072,,REG,REG,0.2408,0.224,,REG,REG,0.0448,0.042,,REG,REG,0.0212,0.02,,REG,REG,0.0036,0.003,,ND,ND,0.0017,0.002,,ND,ND,5.00E-04,0,,ND,ND,0.0211,0.02,,0.3489,0.324,,REG,REG,0.0443,0.041,,REG,REG,0.0127,0.012,,0.1501,0.14,
Bartram’s Garden42024,1,Bartram’s Garden,stationary,"39.92896, -75.212541",39.92896,-75.212541,#619CFF,Non-Industrial,Open Space,Low,,LowT/NoI,P733877,P733877 012624 012424 Bartrams SS,P733877 012624 012424 Bartrams SS.D,1/26/24,1/24/24,sample,1/17/24,1/24/24,9822,2,42024,1,0.5345,0.535,,0.4741,0.474,,REG,REG,0.0916,0.092,,0.1184,0.118,,0.4701,0.47,,REG,REG,0.0232,0.023,,LOD,LOD,0.0124,0.012,,LOD,LOD,0.0176,0.018,,0.0493,0.049,,0.0188,0.019,,0.0416,0.042,,REG,REG,0.0247,0.025,,0.1511,0.151,,REG,REG,0.2925,0.293,,0.0451,0.045,,REG,REG,0.0428,0.043,,REG,REG,0.0447,0.045,,LOD,LOD,0.0187,0.019,,LOD,LOD,0.0455,0.045,,LOD,LOD,0.074,0.074,,REG,REG,0.0451,0.045,,REG,REG,0.1595,0.16,,0.1018,0.102,,0.3551,0.355,,REG,REG,0.4803,0.48,,REG,REG,1.34,1.34,,REG,REG,0.1511,0.151,,ULOD,ULOD,0.2969,0.297,,REG,REG,0.0667,0.067,,REG,REG,0.0273,0.027,,REG,REG,0.0035,0.004,,ND,ND,0.0017,0.002,,ND,ND,5.00E-04,0,,ND,ND,0.0147,0.015,,0.3369,0.337,,REG,REG,0.0333,0.033,,REG,REG,0.0167,0.017,,0.2953,0.295,
Bartram’s Garden52024,1,Bartram’s Garden,stationary,"39.92896, -75.212541",39.92896,-75.212541,#619CFF,Non-Industrial,Open Space,Low,,LowT/NoI,P733891,P733891 020824 013124 Bartrams SS,P733891 020824 013124 Bartrams SS.D,2/8/24,1/31/24,sample,1/24/24,1/31/24,10094,2,52024,1,1.0168,1.017,,0.4056,0.406,,REG,REG,0.1573,0.157,,0.218,0.218,,0.7048,0.705,,REG,REG,0.0376,0.038,,REG,REG,0.0181,0.018,,LOD,LOD,0.0376,0.038,,0.1008,0.101,,0.0411,0.041,,0.0826,0.083,,REG,REG,0.048,0.048,,0.2313,0.231,,REG,REG,0.4731,0.473,,0.0286,0.029,,REG,REG,0.0596,0.06,,REG,REG,0.0737,0.074,,REG,REG,0.0154,0.015,,LOD,LOD,0.052,0.052,,LOD,LOD,0.066,0.066,,REG,REG,0.056,0.054,,REG,REG,0.2175,0.218,,0.1391,0.139,,0.4229,0.406,,REG,REG,0.4064,0.406,,REG,REG,1.2077,1.134,CHECK,REG,REG,0.1261,0.094,,REG,REG,0.2601,0.237,,REG,REG,0.1132,0.122,,REG,REG,0.0116,0.013,,LOD,LOD,0.0034,0.003,,ND,ND,0.0016,0.002,,ND,ND,5.00E-04,0,,ND,ND,0.0144,0.014,,0.2566,0.257,,REG,REG,0.044,0.042,,REG,REG,0.0264,0.026,,0.0613,0.061,
Bartram’s Garden62024,1,Bartram’s Garden,stationary,"39.92896, -75.212541",39.92896,-75.212541,#619CFF,Non-Industrial,Open Space,Low,,LowT/NoI,P726666,P726666 021524 020724 Bartrams SS,P726666 021524 020724 Bartrams SS.D,2/15/24,2/7/24,sample,1/31/24,2/7/24,10085,2,62024,1,0.8335,0.834,,0.5175,0.517,,REG,REG,0.1277,0.128,,0.1765,0.176,,0.6632,0.663,,REG,REG,0.0226,0.023,,LOD,LOD,0.0121,0.012,,LOD,LOD,0.0171,0.017,,0.0487,0.049,,0.0262,0.026,,0.0661,0.066,,REG,REG,0.024,0.024,,0.2251,0.225,,REG,REG,0.3545,0.354,,0.0145,0.014,,REG,REG,0.0307,0.031,,REG,REG,0.0447,0.045,,LOD,LOD,0.0154,0.015,,LOD,LOD,0.0454,0.045,,LOD,LOD,0.0601,0.06,,REG,REG,0.066,0.066,,REG,REG,0.1781,0.178,,0.1043,0.104,,0.387,0.387,,REG,REG,0.5288,0.529,,REG,REG,1.3599,1.36,,REG,REG,0.2101,0.21,,REG,REG,0.2707,0.271,,REG,REG,0.0221,0.022,,REG,REG,0.0048,0.005,,ND,ND,0.0034,0.003,,ND,ND,0.0016,0.002,,ND,ND,5.00E-04,0,,ND,ND,0.0145,0.014,,0.4566,0.457,,REG,REG,0.044,0.044,,REG,REG,0.022,0.022,,0.2597,0.26,
Bartram’s Garden72024,1,Bartram’s Garden,stationary,"39.92896, -75.212541",39.92896,-75.212541,#619CFF,Non-Industrial,Open Space,Low,,LowT/NoI,P733841,P733841 021624 021424 Bartrams SS,P733841 021624 021424 Bartrams SS.D,2/16/24,2/14/24,sample,2/7/24,2/14/24,10037,2,72024,1,1.2788,1.279,,0.7503,0.75,,REG,REG,0.203,0.203,,0.2822,0.282,,1.1243,1.124,,REG,REG,0.034,0.034,,LOD,LOD,0.0213,0.021,,LOD,LOD,0.0344,0.034,,0.0909,0.091,,0.0451,0.045,,0.1328,0.133,,REG,REG,0.0483,0.048,,0.374,0.374,,REG,REG,0.6484,0.648,,0.043,0.043,,REG,REG,0.0641,0.064,,REG,REG,0.0693,0.069,,REG,REG,0.0263,0.026,,LOD,LOD,0.0722,0.072,,LOD,LOD,0.1147,0.115,,REG,REG,0.1094,0.109,,REG,REG,0.2852,0.285,,0.1985,0.199,,0.6318,0.632,,REG,REG,0.8992,0.899,,REG,REG,2.2393,2.239,,REG,REG,0.2162,0.216,,ULOD,ULOD,0.6181,0.618,,REG,REG,0.0066,0.007,,ND,ND,0.0251,0.025,,REG,REG,0.0034,0.003,,ND,ND,0.0016,0.002,,ND,ND,5.00E-04,0,,ND,ND,0.0201,0.02,,0.4157,0.416,,REG,REG,0.0535,0.054,,REG,REG,0.0399,0.04,,0.2277,0.228,
Bartram’s Garden82024,1,Bartram’s Garden,stationary,"39.92896, -75.212541",39.92896,-75.212541,#619CFF,Non-Industrial,Open Space,Low,,LowT/NoI,P726649,P726649 022924 022124 Bartrams SS,P726649 022924 022124 Bartrams SS.D,2/29/24,2/21/24,sample,2/14/24,2/21/24,10089,2,82024,1,0.3659,0.366,,0.4367,0.437,,REG,REG,0.0632,0.063,,0.0773,0.077,,0.3551,0.355,,REG,REG,0.0113,0.011,,LOD,LOD,0.0073,0.007,,ND,ND,0.0103,0.01,,0.0209,0.021,,0.0112,0.011,,0.033,0.033,,REG,REG,0.012,0.012,,0.1419,0.142,,REG,REG,0.209,0.209,,0.09,0.09,,REG,REG,0.0596,0.06,,REG,REG,0.0302,0.03,,LOD,LOD,0.01,0.01,,LOD,LOD,0.0388,0.039,,LOD,LOD,0.03,0.03,,LOD,LOD,0.0297,0.03,,LOD,LOD,0.0723,0.072,,0.0459,0.046,,0.1692,0.169,,REG,REG,0.2643,0.264,,REG,REG,0.6608,0.661,,REG,REG,0.1334,0.133,,REG,REG,0.1245,0.125,,REG,REG,0.0335,0.033,,REG,REG,0.005,0.005,,LOD,LOD,0.0034,0.003,,ND,ND,0.0135,0.014,,REG,REG,5.00E-04,0,,ND,ND,0.0145,0.014,,0.4564,0.456,,REG,REG,0.044,0.044,,REG,REG,0.0176,0.018,,0.354,0.354,
Bartram’s Garden92024,1,Bartram’s Garden,stationary,"39.92896, -75.212541",39.92896,-75.212541,#619CFF,Non-Industrial,Open Space,Low,,LowT/NoI,P733882,P733882 030124 022824 Bartrams SS,P733882 030124 022824 Bartrams SS.D,3/1/24,2/28/24,sample,2/21/24,2/28/24,10107,2,92024,1,0.7045,0.705,,0.3989,0.399,,REG,REG,0.1076,0.108,,0.15,0.15,,0.5187,0.519,,REG,REG,0.0087,0.009,,ND,ND,0.0151,0.015,,LOD,LOD,0.0239,0.024,,0.0555,0.056,,0.0261,0.026,,0.066,0.066,,REG,REG,0.03,0.03,,0.1927,0.193,,REG,REG,0.2878,0.288,,0.1369,0.137,,REG,REG,0.0843,0.084,,REG,REG,0.0639,0.064,,REG,REG,0.0261,0.026,,LOD,LOD,0.0717,0.072,,LOD,LOD,0.048,0.048,,LOD,LOD,0.0527,0.053,,REG,REG,0.1249,0.125,,0.104,0.104,,0.2775,0.278,,REG,REG,0.4364,0.436,,REG,REG,1.2815,1.282,,REG,REG,0.0644,0.064,,REG,REG,0.2285,0.228,,REG,REG,0.0675,0.068,,REG,REG,0.0183,0.018,,REG,REG,0.0034,0.003,,ND,ND,0.0016,0.002,,ND,ND,5.00E-04,0,,ND,ND,0.0089,0.009,,0.2278,0.228,,REG,REG,0.0347,0.035,,REG,REG,0.0176,0.018,,0.066,0.066,
Bartram’s Garden102024,1,Bartram’s Garden,stationary,"39.92896, -75.212541",39.92896,-75.212541,#619CFF,Non-Industrial,Open Space,Low,,LowT/NoI,P733861,P733861 031524 030624 Bartrams SS,P733861 031524 030624 Bartrams SS.D,3/15/24,3/6/24,sample,2/28/24,3/6/24,10116,1,102024,1,0.2302,0.23,,0.1328,0.133,,REG,REG,0.0359,0.036,,0.0511,0.052,,0.1855,0.134,CHECK,REG,REG,0.0075,0.008,,LOD,LOD,0.0045,0.005,,LOD,LOD,0.0079,0.009,,0.0207,0.02,,0.0092,0.009,,0.0242,0.024,,REG,REG,0.0119,0.012,,0.0538,0.054,,REG,REG,0.1031,0.103,,0.0096,0.01,,ND,ND,0.0061,0,,ND,REG,0.0078,0.01,,LOD,LOD,0.0012,0.002,,LOD,LOD,0.0051,0.005,,LOD,LOD,0.027,0.027,,REG,REG,0.0226,0.023,,REG,REG,0.0546,0.055,,0.039,0.038,,0.1245,0.127,,REG,REG,0.1607,0.16,,REG,REG,0.4491,0.461,,REG,REG,0.0633,0.067,,ULOD,ULOD,0.0852,0.086,,REG,REG,0.0082,0.012,,REG,REG,0.0048,0.005,,ND,ND,0.0034,0.003,,ND,ND,0.0016,0.002,,ND,ND,0.0036,0.003,,REG,REG,0.0117,0.006,,0.1351,0.135,,REG,REG,0.0129,0.013,,REG,REG,0.0064,0.007,,0.0553,0.056,
Bartram’s Garden112024,1,Bartram’s Garden,stationary,"39.92896, -75.212541",39.92896,-75.212541,#619CFF,Non-Industrial,Open Space,Low,,LowT/NoI,P733848,P733848 031624 031324 Bartrams SS,P733848 031624 031324 Bartrams SS.D,3/16/24,3/13/24,sample,3/6/24,3/13/24,10002,2,112024,1,0.5899,0.59,,0.3499,0.351,,REG,REG,0.0888,0.089,,0.1201,0.121,,0.5131,0.461,CHECK,REG,REG,0.019,0.019,,LOD,LOD,0.0122,0.012,,LOD,LOD,0.02,0.021,,0.049,0.049,,0.0187,0.018,,0.0495,0.049,,REG,REG,0.0302,0.03,,0.1253,0.126,,REG,REG,0.2842,0.285,,0.0098,0.01,,ND,ND,0.0157,0.019,,REG,REG,0.0323,0.034,,LOD,LOD,0.0066,0.008,,LOD,LOD,0.0251,0.025,,LOD,LOD,0.0667,0.067,,REG,REG,0.0495,0.05,,REG,REG,0.1319,0.132,,0.0806,0.08,,0.2783,0.28,,REG,REG,0.4394,0.439,,REG,REG,1.2636,1.276,,REG,REG,0.1363,0.141,,ULOD,ULOD,0.2072,0.208,,REG,REG,0.06,0.064,,REG,REG,0.0294,0.034,,REG,REG,0.0034,0.003,,ND,ND,0.0016,0.002,,ND,ND,0.0073,0.006,,REG,REG,0.0313,0.012,,0.2877,0.288,,REG,REG,0.0364,0.036,,REG,REG,0.0221,0.022,,0.1083,0.11,
Bartram’s Garden122024,1,Bartram’s Garden,stationary,"39.92896, -75.212541",39.92896,-75.212541,#619CFF,Non-Industrial,Open Space,Low,,LowT/NoI,P726642,P726642 040224 032024 Bartrams SS RR,P726642 040224 032024 Bartrams SS.D,4/2/24,3/20/24,sample,3/13/24,3/20/24,9656,2,122024,1,0.7738,0.72,CHECK,0.3172,0.296,,REG,REG,0.1178,0.11,,0.1625,0.152,,0.6593,0.563,CHECK,REG,REG,0.0354,0.033,,LOD,LOD,0.0189,0.018,,LOD,LOD,0.0315,0.03,,0.0798,0.074,,0.0389,0.036,,0.0858,0.08,,REG,REG,0.0439,0.041,,0.1632,0.152,,REG,REG,0.2599,0.242,,0.1074,0.101,,REG,REG,0.068,0.067,,REG,REG,0.0739,0.071,,REG,REG,0.0236,0.023,,LOD,LOD,0.0743,0.069,,LOD,LOD,0.069,0.064,,REG,REG,0.0961,0.09,,REG,REG,0.1505,0.14,,0.12,0.111,,0.3388,0.317,,REG,REG,0.6358,0.591,,REG,REG,1.6837,1.579,CHECK,REG,REG,0.1592,0.152,,REG,REG,0.3673,0.343,,REG,REG,0.0068,0.006,,ND,ND,0.0097,0.013,,LOD,LOD,0.0036,0.003,,ND,ND,0.0017,0.002,,ND,ND,0.0113,0.01,,REG,REG,0.0324,0.011,,0.3576,0.333,,REG,REG,0.028,0.026,,REG,REG,0.0182,0.017,,0.2305,0.216,
Bartram’s Garden152024,1,Bartram’s Garden,stationary,"39.92896, -75.212541",39.92896,-75.212541,#619CFF,Non-Industrial,Open Space,Low,,LowT/NoI,P733856,P733856 041224 041024 Bartrams SS,P733856 041224 041024 Bartrams SS.D,4/12/24,4/10/24,sample,4/3/24,4/10/24,10028,2,152024,1,0.4559,0.456,,0.24,0.24,,REG,REG,0.0679,0.068,,0.0932,0.093,,0.4015,0.402,,REG,REG,0.0227,0.023,,LOD,LOD,0.0122,0.012,,LOD,LOD,0.0138,0.014,,0.0175,0.017,,0.0188,0.019,,0.0416,0.042,,REG,REG,0.0181,0.018,,0.0885,0.088,,REG,REG,0.1355,0.135,,0.0097,0.01,,ND,ND,0.0156,0.016,,REG,REG,0.0413,0.041,,LOD,LOD,0.0377,0.038,,LOD,LOD,0.0482,0.048,,LOD,LOD,0.0363,0.036,,LOD,LOD,0.0232,0.023,,LOD,LOD,0.0723,0.072,,0.0587,0.059,,0.1703,0.17,,REG,REG,0.2033,0.203,,REG,REG,0.6031,0.603,,REG,REG,0.0901,0.09,,REG,REG,0.168,0.168,,REG,REG,0.0272,0.027,,REG,REG,0.0067,0.007,,LOD,LOD,0.0034,0.003,,ND,ND,0.0016,0.002,,ND,ND,0.0055,0.005,,REG,REG,0.0291,0.029,,0.2009,0.201,,REG,REG,0.028,0.028,,REG,REG,0.0177,0.018,,0.057,0.057,
Bartram’s Garden162024,1,Bartram’s Garden,stationary,"39.92896, -75.212541",39.92896,-75.212541,#619CFF,Non-Industrial,Open Space,Low,,LowT/NoI,P733880,P733880 042624 041724 Bartrams SS,P733880 042624 041724 Bartrams SS.D,4/26/24,4/17/24,sample,4/10/24,4/17/24,10185,2,162024,1,0.4559,0.456,,0.224,0.224,,REG,REG,0.062,0.062,,0.0969,0.097,,0.2742,0.274,,REG,REG,0.0224,0.022,,LOD,LOD,0.0072,0.007,,ND,ND,0.0169,0.017,,0.0379,0.038,,0.0185,0.019,,0.0573,0.057,,REG,REG,0.0179,0.018,,0.0998,0.1,,REG,REG,0.153,0.153,,0.0503,0.05,,REG,REG,0.044,0.044,,REG,REG,0.0359,0.036,,LOD,LOD,0.0159,0.016,,LOD,LOD,0.0344,0.034,,LOD,LOD,0.0417,0.042,,LOD,LOD,0.0457,0.046,,REG,REG,0.0843,0.084,,0.0693,0.069,,0.1916,0.192,,REG,REG,0.3411,0.341,,REG,REG,0.893,0.893,,REG,REG,0.1512,0.151,,REG,REG,0.2067,0.207,,REG,REG,0.0268,0.027,,REG,REG,0.0066,0.007,,LOD,LOD,0.0034,0.003,,ND,ND,0.0016,0.002,,ND,ND,5.00E-04,0,,ND,ND,0.0177,0.018,,0.3249,0.325,,REG,REG,0.0275,0.028,,REG,REG,0.0131,0.013,,0.1169,0.117,
Bartram’s Garden172024,1,Bartram’s Garden,stationary,"39.92896, -75.212541",39.92896,-75.212541,#619CFF,Non-Industrial,Open Space,Low,,LowT/NoI,P726669,P726669 042724 042424 Bartrams SS,P726669 042724 042424 Bartrams SS.D,4/27/24,4/24/24,sample,4/17/24,4/24/24,9810,2,172024,1,0.3204,0.32,,0.2134,0.213,,REG,REG,0.044,0.044,,0.0684,0.068,,0.2283,0.228,,REG,REG,0.009,0.009,,ND,ND,0.0075,0.007,,ND,ND,0.0105,0.011,,0.0286,0.029,,0.0115,0.012,,0.0425,0.042,,REG,REG,0.0124,0.012,,0.0773,0.077,,REG,REG,0.0977,0.098,,0.0425,0.042,,REG,REG,0.0287,0.029,,REG,REG,0.0423,0.042,,LOD,LOD,0.0165,0.017,,LOD,LOD,0.0425,0.042,,LOD,LOD,0.0309,0.031,,LOD,LOD,0.0271,0.027,,LOD,LOD,0.0603,0.06,,0.048,0.048,,0.1492,0.149,,REG,REG,0.2078,0.208,,REG,REG,0.5582,0.558,,REG,REG,0.081,0.081,,REG,REG,0.161,0.161,,REG,REG,0.0278,0.028,,REG,REG,0.0068,0.007,,LOD,LOD,0.0035,0.004,,ND,ND,0.0017,0.002,,ND,ND,5.00E-04,0,,ND,ND,0.0127,0.013,,0.3373,0.337,,REG,REG,0.0191,0.019,,REG,REG,0.0091,0.009,,0.1602,0.16,
Bartram’s Garden182024,1,Bartram’s Garden,stationary,"39.92896, -75.212541",39.92896,-75.212541,#619CFF,Non-Industrial,Open Space,Low,,LowT/NoI,P726605,P726605 051124 050124 Bartrams SS.D,P726605 051124 050124 Bartrams SS.D,5/11/24,5/1/24,sample,4/24/24,5/1/24,10184,2,182024,1,0.6291,0.629,,0.27,0.269,,REG,REG,0.0913,0.091,,0.1318,0.132,,0.4124,0.412,,REG,REG,0.0261,0.026,,LOD,LOD,0.018,0.018,,LOD,LOD,0.0203,0.02,,0.0517,0.052,,0.0296,0.03,,0.0646,0.065,,REG,REG,0.0298,0.03,,0.1634,0.163,,REG,REG,0.2134,0.213,,0.1291,0.129,,REG,REG,0.0847,0.085,,REG,REG,0.0848,0.085,,REG,REG,0.0318,0.032,,LOD,LOD,0.0884,0.088,,REG,REG,0.0476,0.048,,LOD,LOD,0.0817,0.082,,REG,REG,0.1113,0.111,,0.104,0.104,,0.2515,0.251,,REG,REG,0.1914,0.19,,REG,REG,1.3467,1.342,,REG,REG,0.1808,0.18,,REG,REG,0.2584,0.258,,REG,REG,0.0474,0.049,,REG,REG,0.0059,0.007,,LOD,LOD,0.0034,0.003,,ND,ND,0.0016,0.002,,ND,ND,0.009,0.009,,REG,REG,0.0196,0.02,,0.3391,0.339,,REG,REG,0.0257,0.028,,REG,REG,0.0131,0.013,,0.0463,0.046,
Bartram’s Garden192024,1,Bartram’s Garden,stationary,"39.92896, -75.212541",39.92896,-75.212541,#619CFF,Non-Industrial,Open Space,Low,,LowT/NoI,P726618,P726618 051224 050824 Bartrams SS,P726618 051224 050824 Bartrams SS.D,5/12/24,5/8/24,sample,5/1/24,5/8/24,10241,2,192024,1,0.5838,0.584,,0.2868,0.286,,REG,REG,0.081,0.081,,0.1259,0.126,,0.4018,0.402,,REG,REG,0.0222,0.022,,LOD,LOD,0.0119,0.012,,LOD,LOD,0.0202,0.02,,0.0411,0.041,,0.0221,0.022,,0.048,0.048,,REG,REG,0.0237,0.024,,0.1058,0.106,,REG,REG,0.1471,0.147,,0.0446,0.045,,REG,REG,0.0395,0.039,,REG,REG,0.0462,0.046,,LOD,LOD,0.0211,0.021,,LOD,LOD,0.0553,0.055,,LOD,LOD,0.0355,0.036,,LOD,LOD,0.0487,0.049,,REG,REG,0.0846,0.085,,0.0689,0.069,,0.1905,0.191,,REG,REG,0.1402,0.14,,REG,REG,0.9486,0.949,,REG,REG,0.0993,0.099,,REG,REG,0.1747,0.175,,REG,REG,0.0247,0.025,,REG,REG,0.0059,0.006,,LOD,LOD,0.0034,0.003,,ND,ND,0.0016,0.002,,ND,ND,4.00E-04,0,,ND,ND,0.0304,0.03,,0.3231,0.323,,REG,REG,0.0256,0.026,,REG,REG,0.0174,0.017,,0.0414,0.041,
Bartram’s Garden202024,1,Bartram’s Garden,stationary,"39.92896, -75.212541",39.92896,-75.212541,#619CFF,Non-Industrial,Open Space,Low,,LowT/NoI,P726664,P726664 052324 051524 Bartrams SS,P726664 052324 051524 Bartrams SS.D,5/23/24,5/15/24,sample,5/8/24,5/15/24,9435,2,202024,1,0.4293,0.399,,0.2451,0.226,,REG,REG,0.0562,0.052,,0.0865,0.08,,0.2647,0.246,,REG,REG,0.0161,0.015,,LOD,LOD,0.0078,0.007,,ND,ND,0.0146,0.014,,0.0335,0.031,,0.02,0.019,,0.0433,0.04,,REG,REG,0.0193,0.018,,0.0875,0.081,,REG,REG,0.1244,0.116,,0.0485,0.045,,REG,REG,0.034,0.032,,REG,REG,0.0346,0.032,,LOD,LOD,0.0229,0.021,,LOD,LOD,0.053,0.049,,LOD,LOD,0.045,0.042,,LOD,LOD,0.0317,0.029,,LOD,LOD,0.0848,0.079,,0.0623,0.058,,0.1939,0.18,,REG,REG,0.3805,0.353,,REG,REG,0.969,0.9,CHECK,REG,REG,0.14,0.13,,REG,REG,0.212,0.197,,REG,REG,0.007,0.007,,ND,ND,0.0052,0.005,,ND,ND,0.0278,0.026,,REG,REG,0.0017,0.002,,ND,ND,5.00E-04,0,,ND,ND,0.0212,0.02,,0.427,0.397,,REG,REG,0.0277,0.026,,REG,REG,0.0141,0.013,,0.1913,0.178,
Bartram’s Garden212024,1,Bartram’s Garden,stationary,"39.92896, -75.212541",39.92896,-75.212541,#619CFF,Non-Industrial,Open Space,Low,,LowT/NoI,P733841,P733841 052424 052224 Bartrams SS,P733841 052424 052224 Bartrams SS.D,5/24/24,5/22/24,sample,5/15/24,5/22/24,9848,2,212024,1,0.5781,0.578,,0.1967,0.195,,REG,REG,0.0741,0.074,,0.1149,0.115,,0.3444,0.344,,REG,REG,0.009,0.009,,ND,ND,0.0093,0.009,,LOD,LOD,0.021,0.021,,0.0499,0.05,,0.0268,0.027,,0.0584,0.058,,REG,REG,0.0246,0.025,,0.1166,0.117,,REG,REG,0.1868,0.187,,0.0222,0.022,,REG,REG,0.0326,0.033,,REG,REG,0.048,0.048,,LOD,LOD,0.0152,0.015,,ND,ND,0.0575,0.058,,LOD,LOD,0.0615,0.062,,REG,REG,0.0439,0.044,,LOD,LOD,0.1151,0.115,,0.0836,0.084,,0.2477,0.248,,REG,REG,0.4895,0.489,,REG,REG,1.3152,1.315,,REG,REG,0.1444,0.144,,ULOD,ULOD,0.2993,0.299,,REG,REG,0.0257,0.026,,REG,REG,0.0049,0.005,,ND,ND,0.0035,0.003,,ND,ND,0.0017,0.002,,ND,ND,0.0093,0.009,,REG,REG,0.0203,0.02,,0.336,0.336,,REG,REG,0.0266,0.027,,REG,REG,0.0135,0.014,,0.1349,0.135,
Bartram’s Garden222024,1,Bartram’s Garden,stationary,"39.92896, -75.212541",39.92896,-75.212541,#619CFF,Non-Industrial,Open Space,Low,,LowT/NoI,P733888,P733888 060624 052924 Bartrams SS,P733888 060624 052924 Bartrams SS.D,6/6/24,5/29/24,sample,5/22/24,5/29/24,9569,2,222024,1,0.359,0.334,,0.1992,0.184,,REG,REG,0.0515,0.048,,0.0762,0.071,,0.3266,0.304,,REG,REG,0.0092,0.009,,ND,ND,0.0076,0.007,,ND,ND,0.0108,0.01,,0.0293,0.027,,0.0156,0.014,,0.0335,0.031,,REG,REG,0.0127,0.012,,0.0988,0.092,,REG,REG,0.1122,0.104,,0.05,0.047,,REG,REG,0.0409,0.038,,REG,REG,0.0456,0.042,,LOD,LOD,0.0339,0.032,,LOD,LOD,0.0738,0.069,,LOD,LOD,0.0253,0.024,,LOD,LOD,0.0383,0.036,,LOD,LOD,0.0697,0.065,,0.0492,0.046,,0.1529,0.142,,REG,REG,0.246,0.229,,REG,REG,0.6768,0.629,,REG,REG,0.0696,0.064,,REG,REG,0.187,0.174,,REG,REG,0.0805,0.069,,REG,REG,0.007,0.006,,LOD,LOD,0.0682,0.064,,REG,REG,0.0017,0.002,,ND,ND,5.00E-04,0,,ND,ND,0.0366,0.034,,0.1804,0.168,,REG,REG,0.0293,0.025,,REG,REG,0.0139,0.013,,0.0547,0.051,
Bartram’s Garden232024,1,Bartram’s Garden,stationary,"39.92896, -75.212541",39.92896,-75.212541,#619CFF,Non-Industrial,Open Space,Low,,LowT/NoI,P726608,P726608 060724 060524 Bartrams SS,P726608 060724 060524 Bartrams SS.D,6/7/24,6/5/24,sample,5/29/24,6/5/24,10071,2,232024,1,0.327,0.327,,0.152,0.151,,REG,REG,0.0489,0.049,,0.0672,0.067,,0.2132,0.213,,REG,REG,0.0149,0.015,,LOD,LOD,0.0073,0.007,,ND,ND,0.0103,0.01,,0.0244,0.024,,0.0111,0.011,,0.0319,0.032,,REG,REG,0.012,0.012,,0.0682,0.068,,REG,REG,0.0933,0.093,,0.0097,0.01,,REG,REG,0.0182,0.018,,REG,REG,0.0191,0.019,,LOD,LOD,0.0161,0.016,,LOD,LOD,0.0437,0.044,,LOD,LOD,0.0241,0.024,,LOD,LOD,0.0363,0.036,,LOD,LOD,0.0662,0.066,,0.0467,0.047,,0.1332,0.133,,REG,REG,0.2134,0.213,,REG,REG,0.5863,0.586,,REG,REG,0.0812,0.081,,REG,REG,0.1777,0.178,,REG,REG,0.0308,0.033,,REG,REG,0.0048,0.005,,ND,ND,0.0713,0.071,,REG,REG,0.0016,0.002,,ND,ND,0.0068,0.007,,REG,REG,0.0237,0.024,,0.1572,0.157,,REG,REG,0.0278,0.028,,REG,REG,0.0088,0.009,,0.0473,0.047,
Bartram’s Garden242024,1,Bartram’s Garden,stationary,"39.92896, -75.212541",39.92896,-75.212541,#619CFF,Non-Industrial,Open Space,Low,,LowT/NoI,P726647,P726647 062124 061224 Bartrams SS,P726647 062124 061224 Bartrams SS.D,6/21/24,6/12/24,sample,6/5/24,6/12/24,9899,2,242024,1,0.4265,0.426,,0.161,0.16,,REG,REG,0.0599,0.06,,0.0843,0.084,,0.2341,0.234,,REG,REG,0.019,0.019,,LOD,LOD,0.0074,0.007,,ND,ND,0.0139,0.014,,0.0354,0.035,,0.0151,0.015,,0.0492,0.049,,REG,REG,0.0184,0.018,,0.0824,0.082,,REG,REG,0.095,0.095,,0.1157,0.116,,REG,REG,0.0606,0.061,,REG,REG,0.0392,0.039,,LOD,LOD,0.0164,0.016,,LOD,LOD,0.0512,0.051,,LOD,LOD,0.0306,0.031,,LOD,LOD,0.0269,0.027,,LOD,LOD,0.0673,0.067,,0.0594,0.059,,0.1355,0.136,,REG,REG,0.1445,0.144,,REG,REG,0.4426,0.443,,REG,REG,0.0417,0.041,,REG,REG,0.1276,0.128,,REG,REG,0.0662,0.069,,REG,REG,0.0136,0.014,,LOD,LOD,0.0891,0.089,,REG,REG,0.0017,0.002,,ND,ND,0.0088,0.009,,REG,REG,0.0241,0.024,,0.218,0.218,,REG,REG,0.0283,0.028,,REG,REG,0.0135,0.013,,0.0433,0.043,
Bartram’s Garden252024,1,Bartram’s Garden,stationary,"39.92896, -75.212541",39.92896,-75.212541,#619CFF,Non-Industrial,Open Space,Low,,LowT/NoI,P726666,P726666 062124 061924 Bartrams SS,P726666 062124 061924 Bartrams SS.D,6/21/24,6/19/24,sample,6/12/24,6/19/24,10125,2,252024,1,0.3182,0.318,,0.1265,0.126,,REG,REG,0.0437,0.044,,0.072,0.072,,0.2036,0.204,,REG,REG,0.0223,0.022,,LOD,LOD,0.0072,0.007,,ND,ND,0.0136,0.014,,0.0312,0.031,,0.0147,0.015,,0.0399,0.04,,REG,REG,0.012,0.012,,0.0742,0.074,,REG,REG,0.0928,0.093,,0.052,0.052,,REG,REG,0.0346,0.035,,REG,REG,0.0431,0.043,,LOD,LOD,0.016,0.016,,LOD,LOD,0.0435,0.043,,LOD,LOD,0.0299,0.03,,LOD,LOD,0.023,0.023,,LOD,LOD,0.0527,0.053,,0.0465,0.046,,0.1204,0.12,,REG,REG,0.1413,0.141,,REG,REG,0.4327,0.433,,REG,REG,0.0458,0.045,,REG,REG,0.1455,0.146,,REG,REG,0.0193,0.022,,REG,REG,0.0048,0.005,,ND,ND,0.126,0.126,,REG,REG,0.0016,0.002,,ND,ND,0.0068,0.007,,REG,REG,0.0071,0.007,,0.199,0.199,,REG,REG,0.0185,0.018,,REG,REG,0.0088,0.009,,0.0423,0.042,
Bartram’s Garden262024,1,Bartram’s Garden,stationary,"39.92896, -75.212541",39.92896,-75.212541,#619CFF,Non-Industrial,Open Space,Low,,LowT/NoI,P726670,P726670 062724 061924 Bartrams SS,P726670 062724 061924 Bartrams SS.D,6/27/24,6/19/24,sample,6/19/24,6/26/24,10060,2,262024,1,0.235,0.235,,0.0963,0.095,,REG,REG,0.034,0.034,,0.0515,0.052,,0.1923,0.192,,REG,REG,0.0111,0.011,,LOD,LOD,0.0073,0.007,,ND,ND,0.0103,0.01,,0.014,0.014,,0.0111,0.011,,0.0236,0.024,,REG,REG,0.012,0.012,,0.0683,0.068,,REG,REG,0.0736,0.074,,0.057,0.057,,REG,REG,0.0348,0.035,,REG,REG,0.0482,0.048,,LOD,LOD,0.0215,0.021,,LOD,LOD,0.057,0.057,,LOD,LOD,0.0181,0.018,,LOD,LOD,0.0111,0.011,,ND,ND,0.0398,0.04,,0.0351,0.035,,0.0849,0.085,,REG,REG,0.1014,0.101,,REG,REG,0.284,0.284,,REG,REG,3.00E-04,0,,ND,ND,0.0837,0.084,,REG,REG,0.0194,0.022,,REG,REG,0.0048,0.005,,ND,ND,0.13,0.13,,REG,REG,0.0016,0.002,,ND,ND,5.00E-04,0,,ND,ND,0.0072,0.007,,0.1716,0.172,,REG,REG,0.0186,0.019,,REG,REG,0.0088,0.009,,0.0663,0.066,
Essington & Mingo272023,2,Essington & Mingo,stationary,"39.90131732, -75.2250262",39.90131732,-75.2250262,#DB72FB,Industrial,Industrial,High,"Auto body shop, junkyard",HighT/I,P733857,P733857 071323 070523 Essington 1WK SS,P733857 071323 070523 Essington 1WK.D,7/13/23,7/5/23,sample,6/28/23,7/5/23,10018,1,272023,1,0.8877,0.888,,0.3338,0.334,,REG,REG,0.1622,0.162,,0.2548,0.255,,0.7417,0.742,,REG,REG,0.0322,0.032,,REG,REG,0.0167,0.017,,REG,REG,0.0293,0.029,,0.0841,0.084,,0.0283,0.028,,0.0707,0.071,,REG,REG,0.0363,0.036,,0.1344,0.134,,REG,REG,0.1897,0.19,,0.0077,0.008,,REG,REG,0.0421,0.042,,REG,REG,0.0304,0.03,,REG,REG,0.0236,0.024,,REG,REG,0.0591,0.059,,REG,REG,0.1089,0.109,,REG,REG,0.0764,0.076,,REG,REG,0.1198,0.12,,0.0925,0.092,,0.2617,0.262,,REG,REG,0.3634,0.363,,REG,REG,1.0125,1.012,,REG,REG,0.0822,0.082,,REG,REG,0.1524,0.152,,REG,REG,0.0402,0.04,,REG,REG,0.0025,0.003,,REG,REG,0.0745,0.074,,REG,REG,0.0127,0.013,,REG,REG,5.00E-04,0,,ND,ND,0.0055,0.006,,0.1867,0.187,,REG,REG,0.0233,0.023,,REG,REG,0.0089,0.009,,0.0547,0.055,
Essington & Mingo282023,2,Essington & Mingo,stationary,"39.90131732, -75.2250262",39.90131732,-75.2250262,#DB72FB,Industrial,Industrial,High,"Auto body shop, junkyard",HighT/I,P726644,P726644 071323 071223 Essington  1WK SS,P726644 071323 071223 Essington  1WK SS.D,7/13/23,7/12/23,sample,7/5/23,7/12/23,10068,2,282023,1,0.5747,0.575,,0.2018,0.202,,REG,REG,0.1043,0.104,,0.1621,0.162,,0.3788,0.379,,REG,REG,0.0088,0.009,,ND,ND,0.0151,0.015,,LOD,LOD,0.024,0.024,,0.0627,0.063,,0.0225,0.022,,0.0579,0.058,,REG,REG,0.0241,0.024,,0.0889,0.089,,REG,REG,0.1291,0.129,,0.0097,0.01,,ND,ND,0.0171,0.017,,REG,REG,0.0303,0.03,,LOD,LOD,0.0289,0.029,,LOD,LOD,0.0654,0.065,,LOD,LOD,0.0602,0.06,,REG,REG,0.0727,0.073,,REG,REG,0.0927,0.093,,0.0687,0.069,,0.2059,0.206,,REG,REG,0.326,0.326,,REG,REG,0.875,0.875,,REG,REG,0.0682,0.068,,REG,REG,0.1464,0.146,,REG,REG,0.0571,0.057,,REG,REG,0.0058,0.006,,LOD,LOD,0.0464,0.046,,REG,REG,0.0016,0.002,,ND,ND,0.0146,0.015,,REG,REG,0.011,0.011,,0.2001,0.2,,REG,REG,0.0186,0.019,,REG,REG,0.0177,0.018,,0.0473,0.047,
Essington & Mingo292023,2,Essington & Mingo,stationary,"39.90131732, -75.2250262",39.90131732,-75.2250262,#DB72FB,Industrial,Industrial,High,"Auto body shop, junkyard",HighT/I,P637225,P637225 072723 071923 Essington 1WK DS,P637225 072723 071923 Essington 1WK DS.D,7/27/23,7/19/23,sample,7/12/23,7/19/23,10113,14.3,292023,1,0.6999,0.7,,0.3699,0.37,,REG,REG,0.1414,0.141,,0.1861,0.186,,0.5917,0.592,,REG,REG,0.0268,0.027,,LOD,LOD,0.0216,0.022,,LOD,LOD,0.0244,0.024,,0.0744,0.074,,0.08,0.08,,0.0589,0.059,,LOD,LOD,0.0428,0.043,,0.1625,0.163,,REG,REG,0.2729,0.273,,0.0152,0.015,,LOD,LOD,0.073,0.073,,LOD,LOD,0.0806,0.081,,LOD,LOD,0.0624,0.062,,LOD,LOD,0.0869,0.087,,LOD,LOD,0.0135,0.013,,ND,ND,0.0941,0.094,,LOD,LOD,0.1414,0.141,,0.1649,0.165,,0.3449,0.345,,LOD,LOD,0.7977,0.798,,REG,REG,2.2752,2.275,,REG,REG,0.2822,0.282,,REG,REG,0.2977,0.298,,LOD,LOD,0.0585,0.059,,LOD,LOD,0.0048,0.005,,ND,ND,0.1135,0.113,,REG,REG,0.0016,0.002,,ND,ND,0.0259,0.026,,REG,REG,0.0059,0.006,,0.4069,0.407,,REG,REG,0.0661,0.066,,REG,REG,0.0011,0.001,,0.202,0.202,
Essington & Mingo302023,2,Essington & Mingo,stationary,"39.90131732, -75.2250262",39.90131732,-75.2250262,#DB72FB,Industrial,Industrial,High,"Auto body shop, junkyard",HighT/I,P726609,P726609 072823 072623 Essington 1WK DS,P726609 072823 072623 Essington 1WK DS.D,7/28/23,7/26/23,sample,7/19/23,7/26/23,9924,14.3,302023,1,0.7647,0.765,,0.3769,0.377,,REG,REG,0.1441,0.144,,0.2275,0.228,,0.603,0.603,,REG,REG,0.0547,0.055,,LOD,LOD,0.0074,0.007,,ND,ND,0.0497,0.05,,0.0758,0.076,,0.0272,0.027,,0.1201,0.12,,LOD,LOD,0.0437,0.044,,0.2121,0.212,,REG,REG,0.2301,0.23,,0.0498,0.05,,LOD,LOD,0.0744,0.074,,LOD,LOD,0.0821,0.082,,LOD,LOD,0.0636,0.064,,LOD,LOD,0.1365,0.137,,LOD,LOD,0.0873,0.087,,LOD,LOD,0.0719,0.072,,LOD,LOD,0.1441,0.144,,0.168,0.168,,0.3515,0.351,,LOD,LOD,0.8128,0.813,,REG,REG,2.0441,2.044,,REG,REG,0.3293,0.329,,REG,REG,0.3034,0.303,,LOD,LOD,0.0596,0.06,,LOD,LOD,0.0049,0.005,,ND,ND,0.092,0.092,,LOD,LOD,0.0017,0.002,,ND,ND,0.0264,0.026,,REG,REG,0.04,0.04,,0.5183,0.518,,REG,REG,0.0012,0.001,,ND,ND,0.032,0.032,,0.2059,0.206,
Essington & Mingo312023,2,Essington & Mingo,stationary,"39.90131732, -75.2250262",39.90131732,-75.2250262,#DB72FB,Industrial,Industrial,High,"Auto body shop, junkyard",HighT/I,P726662,P726662 081023 080223 Essington 1WK SS,P726662 081023 080223 Essington 1WK SS.D,8/10/23,8/2/23,sample,7/26/23,8/2/23,10104,2,312023,1,0.423,0.423,,0.2072,0.208,,REG,REG,0.0742,0.074,,0.1094,0.109,,0.3327,0.333,,REG,REG,0.0225,0.023,,LOD,LOD,0.0121,0.012,,LOD,LOD,0.0171,0.017,,0.0446,0.045,,0.0181,0.018,,0.0399,0.04,,REG,REG,0.024,0.024,,0.0915,0.092,,REG,REG,0.1386,0.139,,0.0534,0.053,,REG,REG,0.0371,0.037,,REG,REG,0.0402,0.04,,LOD,LOD,0.033,0.033,,LOD,LOD,0.0594,0.059,,LOD,LOD,0.042,0.042,,LOD,LOD,0.056,0.056,,REG,REG,0.0858,0.086,,0.0543,0.054,,0.2052,0.205,,REG,REG,0.2944,0.294,,REG,REG,0.842,0.834,,REG,REG,0.1147,0.106,,REG,REG,0.1563,0.156,,REG,REG,0.0398,0.034,,REG,REG,0.0048,0.005,,ND,ND,0.0633,0.062,,REG,REG,0.0016,0.002,,ND,ND,0.0145,0.015,,REG,REG,0.022,0.022,,0.2136,0.214,,REG,REG,0.0277,0.028,,REG,REG,0.0132,0.013,,0.0754,0.075,
Essington & Mingo322023,2,Essington & Mingo,stationary,"39.90131732, -75.2250262",39.90131732,-75.2250262,#DB72FB,Industrial,Industrial,High,"Auto body shop, junkyard",HighT/I,P726660,P726660 081123 080923 Essington 1WK SS,P726660 081123 080923 Essington 1WK SS.D,8/11/23,8/9/23,sample,8/2/23,8/9/23,10049,2,322023,1,0.34,0.34,,0.227,0.228,,REG,REG,0.0647,0.065,,0.089,0.089,,0.271,0.271,,REG,REG,0.0088,0.009,,ND,ND,0.0073,0.007,,ND,ND,0.0137,0.014,,0.0343,0.034,,0.0144,0.014,,0.0318,0.032,,REG,REG,0.0181,0.018,,0.1177,0.118,,REG,REG,0.1128,0.113,,0.0679,0.068,,REG,REG,0.0456,0.046,,REG,REG,0.0405,0.04,,LOD,LOD,0.0332,0.033,,LOD,LOD,0.126,0.126,,REG,REG,0.0422,0.042,,LOD,LOD,0.0662,0.066,,REG,REG,0.0929,0.093,,0.0546,0.055,,0.2184,0.218,,REG,REG,0.2654,0.265,,REG,REG,0.7519,0.752,,REG,REG,0.075,0.075,,REG,REG,0.1362,0.136,,REG,REG,0.0515,0.051,,REG,REG,0.0134,0.013,,LOD,LOD,0.044,0.044,,REG,REG,0.0016,0.002,,ND,ND,5.00E-04,0,,ND,ND,0.0059,0.006,,0.2148,0.215,,REG,REG,0.0279,0.028,,REG,REG,0.0088,0.009,,0.0758,0.076,
Essington & Mingo332023,2,Essington & Mingo,stationary,"39.90131732, -75.2250262",39.90131732,-75.2250262,#DB72FB,Industrial,Industrial,High,"Auto body shop, junkyard",HighT/I,P726641,P726641 082423 081623 Essington SS,P726641 082423 081623 Essington SS.D,8/24/23,8/16/23,sample,8/9/23,8/16/23,10199,1.3,332023,1,0.5041,0.504,,0.1955,0.197,,REG,REG,0.0956,0.096,,0.1342,0.134,,0.3809,0.381,,REG,REG,0.0242,0.024,,REG,REG,0.0072,0.007,,ND,ND,0.0198,0.02,,0.0553,0.055,,0.021,0.021,,0.0464,0.046,,REG,REG,0.027,0.027,,0.1457,0.146,,REG,REG,0.1634,0.163,,0.1008,0.101,,REG,REG,0.066,0.066,,REG,REG,0.0573,0.057,,REG,REG,0.0488,0.049,,REG,REG,0.0255,0.025,,ND,ND,0.0464,0.046,,REG,REG,0.0551,0.055,,REG,REG,0.1232,0.123,,0.0711,0.071,,0.2876,0.288,,REG,REG,0.3203,0.32,,REG,REG,0.8557,0.856,,REG,REG,0.1065,0.106,,REG,REG,0.1811,0.181,,REG,REG,0.0417,0.042,,REG,REG,0.0128,0.013,,REG,REG,0.0903,0.09,,REG,REG,0.0016,0.002,,ND,ND,4.00E-04,0,,ND,ND,0.0106,0.011,,0.1926,0.193,,REG,REG,0.0298,0.03,,REG,REG,0.0425,0.042,,0.0789,0.079,
Essington & Mingo342023,2,Essington & Mingo,stationary,"39.90131732, -75.2250262",39.90131732,-75.2250262,#DB72FB,Industrial,Industrial,High,"Auto body shop, junkyard",HighT/I,P733896,P733896 082523 082323 Essington SS,P733896 082523 082323 Essington SS.D,8/25/23,8/23/23,sample,8/16/23,8/23/23,9985,2,342023,1,0.4495,0.449,,0.266,0.267,,REG,REG,0.0851,0.085,,0.1212,0.121,,0.3921,0.392,,REG,REG,0.0304,0.03,,LOD,LOD,0.0073,0.007,,ND,ND,0.0242,0.024,,0.0521,0.052,,0.0183,0.018,,0.0487,0.049,,REG,REG,0.0243,0.024,,0.0926,0.093,,REG,REG,0.1402,0.14,,0.0302,0.03,,REG,REG,0.0334,0.033,,REG,REG,0.0456,0.046,,LOD,LOD,0.0767,0.077,,REG,REG,0.0801,0.08,,LOD,LOD,0.0425,0.042,,LOD,LOD,0.0433,0.043,,LOD,LOD,0.0935,0.093,,0.0668,0.067,,0.2076,0.208,,REG,REG,0.2465,0.247,,REG,REG,0.6613,0.661,,REG,REG,0.0834,0.083,,REG,REG,0.1265,0.127,,REG,REG,0.0066,0.007,,ND,ND,0.0134,0.013,,LOD,LOD,0.0378,0.038,,REG,REG,0.0017,0.002,,ND,ND,5.00E-04,0,,ND,ND,0.0111,0.011,,0.1729,0.173,,REG,REG,0.0281,0.028,,REG,REG,0.0134,0.013,,0.0382,0.038,
Essington & Mingo352023,2,Essington & Mingo,stationary,"39.90131732, -75.2250262",39.90131732,-75.2250262,#DB72FB,Industrial,Industrial,High,"Auto body shop, junkyard",HighT/I,P733890,P733890 090723 083023 Essington SS,P733890 090723 083023 Essington SS.D,9/7/23,8/30/23,sample,8/23/23,8/30/23,10043,2,352023,1,0.3698,0.376,,0.1867,0.191,,REG,REG,0.0693,0.07,,0.0991,0.1,,0.2839,0.288,,REG,REG,0.0227,0.023,,LOD,LOD,0.0121,0.012,,LOD,LOD,0.012,0.017,,0.0384,0.038,,0.0188,0.018,,0.0415,0.04,,REG,REG,0.0236,0.024,,0.0974,0.105,,REG,REG,0.1599,0.159,,0.0097,0.058,,ND,REG,0.0176,0.046,,REG,REG,0.0397,0.045,,LOD,LOD,0.0395,0.039,,LOD,LOD,0.0669,0.073,,LOD,LOD,0.0603,0.06,,REG,REG,0.0718,0.072,,REG,REG,0.1062,0.106,,0.081,0.078,,0.2429,0.243,,REG,REG,0.417,0.417,,REG,REG,1.0621,1.062,,REG,REG,0.1118,0.112,,REG,REG,0.1782,0.178,,REG,REG,0.0505,0.051,,REG,REG,0.0106,0.011,,LOD,LOD,0.0354,0.035,,REG,REG,0.0122,0.012,,REG,REG,5.00E-04,0,,ND,ND,0.0041,0.006,,0.2006,0.201,,REG,REG,0.0279,0.028,,REG,REG,0.0133,0.013,,0.0522,0.052,
Essington & Mingo362023,2,Essington & Mingo,stationary,"39.90131732, -75.2250262",39.90131732,-75.2250262,#DB72FB,Industrial,Industrial,High,"Auto body shop, junkyard",HighT/I,P726611,P726611 090823 090623 Essington SS,P726611 090823 090623 Essington SS.D,9/8/23,9/6/23,sample,8/30/23,9/6/23,10153,2,362023,1,0.4291,0.429,,0.2031,0.204,,REG,REG,0.0784,0.078,,0.1188,0.119,,0.3688,0.369,,REG,REG,0.0262,0.026,,LOD,LOD,0.015,0.015,,LOD,LOD,0.0153,0.015,,0.0484,0.048,,0.0223,0.022,,0.0492,0.049,,REG,REG,0.0234,0.023,,0.0964,0.096,,REG,REG,0.1253,0.125,,0.0309,0.031,,REG,REG,0.0298,0.03,,REG,REG,0.0392,0.039,,LOD,LOD,0.039,0.039,,LOD,LOD,0.0662,0.066,,LOD,LOD,0.0358,0.036,,LOD,LOD,0.0481,0.048,,REG,REG,0.0854,0.085,,0.0686,0.069,,0.1922,0.192,,REG,REG,0.2105,0.21,,REG,REG,0.6566,0.657,,REG,REG,0.0493,0.049,,REG,REG,0.1348,0.135,,REG,REG,0.0065,0.007,,ND,ND,0.0369,0.037,,REG,REG,0.0318,0.032,,REG,REG,0.0016,0.002,,ND,ND,5.00E-04,0,,ND,ND,0.015,0.015,,0.1701,0.17,,REG,REG,0.0184,0.018,,REG,REG,0.0175,0.018,,0.0375,0.038,
Essington & Mingo392023,2,Essington & Mingo,stationary,"39.90131732, -75.2250262",39.90131732,-75.2250262,#DB72FB,Industrial,Industrial,High,"Auto body shop, junkyard",HighT/I,P733860,P733860 092923 092723 Essington SS,P733860 092923 092723 Essington SS RENAME.D,9/29/23,9/27/23,sample,9/20/23,9/27/23,10050,2,392023,1,0.6254,0.625,,0.2612,0.262,,REG,REG,0.0941,0.094,,0.1305,0.13,,0.4149,0.415,,REG,REG,0.0189,0.019,,LOD,LOD,0.0073,0.007,,ND,ND,0.012,0.012,,0.0454,0.045,,0.0225,0.023,,0.0498,0.05,,REG,REG,0.0236,0.024,,0.1295,0.129,,REG,REG,0.2725,0.273,,0.0097,0.01,,ND,ND,0.0259,0.026,,REG,REG,0.0251,0.025,,LOD,LOD,0.0072,0.007,,LOD,LOD,0.0259,0.026,,ND,ND,0.0663,0.066,,REG,REG,0.0949,0.095,,REG,REG,0.1393,0.139,,0.081,0.081,,0.3034,0.303,,REG,REG,0.7025,0.702,,REG,REG,2.028,2.028,,REG,REG,0.2103,0.21,,ULOD,ULOD,0.2514,0.251,,REG,REG,0.0505,0.051,,REG,REG,0.0306,0.031,,REG,REG,0.0125,0.013,,REG,REG,0.0016,0.002,,ND,ND,5.00E-04,0,,ND,ND,0.0152,0.015,,0.2577,0.258,,REG,REG,0.0279,0.028,,REG,REG,0.0177,0.018,,0.1516,0.152,
Essington & Mingo402023,2,Essington & Mingo,stationary,"39.90131732, -75.2250262",39.90131732,-75.2250262,#DB72FB,Industrial,Industrial,High,"Auto body shop, junkyard",HighT/I,P733898,P733898 101223 100423 Essington SS,P733898 101223 100423 Essington SS.D,10/12/23,10/4/23,sample,9/27/23,10/4/23,10123,2,402023,1,0.8947,0.895,,0.3612,0.362,,REG,REG,0.1279,0.128,,0.1872,0.187,,0.578,0.578,,REG,REG,0.0262,0.026,,LOD,LOD,0.0181,0.018,,LOD,LOD,0.0238,0.024,,0.0659,0.066,,0.0186,0.019,,0.0733,0.073,,REG,REG,0.0299,0.03,,0.1804,0.18,,REG,REG,0.3227,0.323,,0.0607,0.061,,REG,REG,0.0663,0.066,,REG,REG,0.0525,0.053,,REG,REG,0.0283,0.028,,LOD,LOD,0.0527,0.053,,LOD,LOD,0.0838,0.084,,REG,REG,0.0822,0.082,,REG,REG,0.1772,0.177,,0.1162,0.116,,0.3855,0.386,,REG,REG,0.618,0.618,,REG,REG,1.6935,1.693,,REG,REG,0.2117,0.212,,ULOD,ULOD,0.2589,0.259,,REG,REG,0.0852,0.085,,REG,REG,0.0119,0.012,,REG,REG,0.0185,0.018,,REG,REG,0.0016,0.002,,ND,ND,5.00E-04,0,,ND,ND,0.0209,0.021,,0.2701,0.27,,REG,REG,0.0369,0.037,,REG,REG,0.022,0.022,,0.0753,0.075,
Essington & Mingo412023,2,Essington & Mingo,stationary,"39.90131732, -75.2250262",39.90131732,-75.2250262,#DB72FB,Industrial,Industrial,High,"Auto body shop, junkyard",HighT/I,P726605,P726605 101323 101123 Essington SS,P726605 101323 101123 Essington SS.D,10/13/23,10/11/23,sample,10/4/23,10/11/23,9990,1.99,412023,1,0.7384,0.738,,0.3578,0.359,,REG,REG,0.1041,0.104,,0.1468,0.147,,0.5149,0.515,,REG,REG,0.0189,0.019,,LOD,LOD,0.0073,0.007,,ND,ND,0.0206,0.021,,0.0454,0.045,,0.0226,0.023,,0.049,0.049,,REG,REG,0.0241,0.024,,0.1432,0.143,,REG,REG,0.2855,0.285,,0.0418,0.042,,REG,REG,0.0459,0.046,,REG,REG,0.0335,0.033,,LOD,LOD,0.0177,0.018,,LOD,LOD,0.0331,0.033,,LOD,LOD,0.0664,0.066,,REG,REG,0.0795,0.08,,REG,REG,0.1388,0.139,,0.082,0.082,,0.3158,0.316,,REG,REG,0.6231,0.623,,REG,REG,1.6505,1.651,,REG,REG,0.2135,0.213,,ULOD,ULOD,0.2086,0.209,,REG,REG,0.0066,0.007,,ND,ND,0.012,0.012,,REG,REG,0.0034,0.003,,ND,ND,0.0017,0.002,,ND,ND,5.00E-04,0,,ND,ND,0.021,0.021,,0.3153,0.315,,REG,REG,0.0372,0.037,,REG,REG,0.0266,0.027,,0.1328,0.133,
Essington & Mingo422023,2,Essington & Mingo,stationary,"39.90131732, -75.2250262",39.90131732,-75.2250262,#DB72FB,Industrial,Industrial,High,"Auto body shop, junkyard",HighT/I,P733870,P733870 102623 101823 Essington SS RENAME,P733870 102623 101823 Essington SS RENAME.D,10/26/23,10/18/23,sample,10/11/23,10/18/23,10050,2,422023,1,0.951,0.951,,0.2892,0.29,,REG,REG,0.1438,0.144,,0.1833,0.183,,0.5272,0.527,,REG,REG,0.0227,0.023,,LOD,LOD,0.0152,0.015,,LOD,LOD,0.0206,0.021,,0.0109,0.011,,0.0676,0.068,,0.0655,0.066,,REG,REG,0.0241,0.024,,0.1303,0.13,,REG,REG,0.2388,0.239,,0.0097,0.01,,ND,ND,0.0211,0.021,,REG,REG,0.0383,0.038,,LOD,LOD,0.0231,0.023,,LOD,LOD,0.0398,0.04,,LOD,LOD,0.0603,0.06,,REG,REG,0.0728,0.073,,REG,REG,0.1585,0.159,,0.0819,0.082,,0.3519,0.352,,REG,REG,0.5715,0.572,,REG,REG,1.592,1.592,,REG,REG,0.1413,0.141,,ULOD,ULOD,0.2084,0.208,,REG,REG,0.0286,0.029,,REG,REG,0.0053,0.005,,REG,REG,0.0034,0.003,,ND,ND,0.0016,0.002,,ND,ND,5.00E-04,0,,ND,ND,0.0321,0.032,,0.3436,0.344,,REG,REG,0.0372,0.037,,REG,REG,0.0354,0.035,,0.1327,0.133,
Essington & Mingo432023,2,Essington & Mingo,stationary,"39.90131732, -75.2250262",39.90131732,-75.2250262,#DB72FB,Industrial,Industrial,High,"Auto body shop, junkyard",HighT/I,P726613,P726613 102723 102523 Essington SS,P726613 102723 102523 Essington SS.D,10/27/23,10/25/23,sample,10/18/23,10/25/23,10089,2,432023,1,0.7774,0.777,,0.2633,0.265,,REG,REG,0.1135,0.113,,0.1513,0.151,,0.4787,0.479,,REG,REG,0.0188,0.019,,LOD,LOD,0.0073,0.007,,ND,ND,0.0171,0.017,,0.0452,0.045,,0.0224,0.022,,0.0487,0.049,,REG,REG,0.018,0.018,,0.1362,0.136,,REG,REG,0.2247,0.225,,0.0562,0.056,,REG,REG,0.05,0.05,,REG,REG,0.043,0.043,,LOD,LOD,0.023,0.023,,LOD,LOD,0.0529,0.053,,LOD,LOD,0.0541,0.054,,REG,REG,0.0792,0.079,,REG,REG,0.1447,0.145,,0.07,0.07,,0.3264,0.326,,REG,REG,0.5591,0.559,,REG,REG,1.4915,1.491,,REG,REG,0.1407,0.141,,ULOD,ULOD,0.1868,0.187,,REG,REG,0.0285,0.028,,REG,REG,0.0053,0.005,,REG,REG,0.0034,0.003,,ND,ND,0.0016,0.002,,ND,ND,0.0127,0.013,,REG,REG,0.0264,0.026,,0.2995,0.299,,REG,REG,0.0278,0.028,,REG,REG,0.0264,0.026,,0.1369,0.137,
Essington & Mingo442023,2,Essington & Mingo,stationary,"39.90131732, -75.2250262",39.90131732,-75.2250262,#DB72FB,Industrial,Industrial,High,"Auto body shop, junkyard",HighT/I,P726605,P726605 110923 110123 Essington SS,P726605 110923 110123 Essington SS.D,11/9/23,11/1/23,sample,10/25/23,11/1/23,10315,2,442023,1,0.7804,0.781,,0.3181,0.313,,REG,REG,0.1202,0.121,,0.1582,0.158,,0.7587,0.757,,REG,REG,0.0258,0.026,,LOD,LOD,0.0148,0.015,,LOD,LOD,0.0234,0.023,,0.0578,0.058,,0.022,0.022,,0.0557,0.056,,REG,REG,0.0294,0.029,,0.2014,0.196,,REG,REG,0.2837,0.284,,0.145,0.101,,REG,REG,0.1111,0.093,,REG,REG,0.0638,0.061,,REG,REG,0.033,0.033,,LOD,LOD,0.0717,0.065,,LOD,LOD,0.0529,0.053,,REG,REG,0.0581,0.058,,REG,REG,0.1487,0.148,,0.1129,0.114,,0.331,0.331,,REG,REG,0.4375,0.438,,REG,REG,1.2003,1.2,,REG,REG,0.1368,0.138,,ULOD,ULOD,0.2347,0.234,,REG,REG,0.0479,0.039,,REG,REG,0.0169,0.005,,REG,REG,0.0033,0.003,,ND,ND,0.0016,0.002,,ND,ND,0.016,0.016,,REG,REG,0.0145,0.015,,0.279,0.279,,REG,REG,0.0263,0.027,,REG,REG,0.0345,0.034,,0.12,0.12,
Essington & Mingo452023,2,Essington & Mingo,stationary,"39.90131732, -75.2250262",39.90131732,-75.2250262,#DB72FB,Industrial,Industrial,High,"Auto body shop, junkyard",HighT/I,P726646,P726646 111023 110823 Essington SS,P726646 111023 110823 Essington SS.D,11/10/23,11/8/23,sample,11/1/23,11/8/23,9899,2,452023,1,1.0585,1.059,,0.4704,0.47,,REG,REG,0.1657,0.166,,0.2233,0.223,,0.8464,0.846,,REG,REG,0.0345,0.035,,LOD,LOD,0.0185,0.018,,LOD,LOD,0.0279,0.028,,0.078,0.078,,0.0343,0.034,,0.0749,0.075,,REG,REG,0.0367,0.037,,0.2359,0.236,,REG,REG,0.3967,0.397,,0.4012,0.401,,REG,REG,0.1494,0.149,,REG,REG,0.1355,0.136,,REG,REG,0.0508,0.051,,LOD,LOD,0.196,0.196,,REG,REG,0.0796,0.08,,REG,REG,0.084,0.084,,REG,REG,0.2088,0.209,,0.1414,0.141,,0.4435,0.444,,REG,REG,0.7771,0.777,,REG,REG,2.1359,2.136,,REG,REG,0.1426,0.143,,ULOD,ULOD,0.2765,0.276,,REG,REG,0.1312,0.131,,REG,REG,0.0312,0.031,,REG,REG,0.0132,0.013,,LOD,LOD,0.0017,0.002,,ND,ND,0.0148,0.015,,REG,REG,0.0376,0.038,,0.3052,0.305,,REG,REG,0.0368,0.037,,REG,REG,0.0449,0.045,,0.1443,0.144,
Essington & Mingo462023,2,Essington & Mingo,stationary,"39.90131732, -75.2250262",39.90131732,-75.2250262,#DB72FB,Industrial,Industrial,High,"Auto body shop, junkyard",HighT/I,P733899,P733899 112423 111523 Essington SS,P733899 112423 111523 Essington SS.D,11/24/23,11/15/23,sample,11/8/23,11/15/23,10111,2,462023,1,0.775,0.775,,0.4358,0.436,,REG,REG,0.1177,0.118,,0.1562,0.156,,0.5593,0.559,,REG,REG,0.0225,0.023,,LOD,LOD,0.0151,0.015,,LOD,LOD,0.0205,0.02,,0.0555,0.056,,0.0187,0.019,,0.0486,0.049,,REG,REG,0.024,0.024,,0.1927,0.193,,REG,REG,0.3422,0.342,,0.162,0.162,,REG,REG,0.1257,0.126,,REG,REG,0.0555,0.055,,REG,REG,0.023,0.023,,LOD,LOD,0.06,0.06,,LOD,LOD,0.0659,0.066,,REG,REG,0.0625,0.063,,REG,REG,0.1846,0.185,,0.1036,0.104,,0.4101,0.41,,REG,REG,0.5985,0.598,,REG,REG,1.639,1.639,,REG,REG,0.2111,0.211,,ULOD,ULOD,0.2394,0.239,,REG,REG,0.1057,0.106,,REG,REG,0.0305,0.031,,REG,REG,0.0034,0.003,,ND,ND,0.0016,0.002,,ND,ND,5.00E-04,0,,ND,ND,0.0203,0.02,,0.2704,0.27,,REG,REG,0.036,0.036,,REG,REG,0.0264,0.026,,0.1837,0.184,
Essington & Mingo472023,2,Essington & Mingo,stationary,"39.90131732, -75.2250262",39.90131732,-75.2250262,#DB72FB,Industrial,Industrial,High,"Auto body shop, junkyard",HighT/I,P733866,P733866 112523 112223 Essington SS,P733866 112523 112223 Essington SS.D,11/25/23,11/22/23,sample,11/15/23,11/22/23,10164,2,472023,1,0.8553,0.855,,0.4212,0.421,,REG,REG,0.1318,0.132,,0.1812,0.181,,0.7029,0.703,,REG,REG,0.0261,0.026,,LOD,LOD,0.018,0.018,,LOD,LOD,0.0237,0.024,,0.0656,0.066,,0.026,0.026,,0.0648,0.065,,REG,REG,0.0298,0.03,,0.2234,0.223,,REG,REG,0.4388,0.439,,0.0956,0.096,,REG,REG,0.0758,0.076,,REG,REG,0.06,0.06,,REG,REG,0.0229,0.023,,LOD,LOD,0.0662,0.066,,LOD,LOD,0.0894,0.089,,REG,REG,0.0982,0.098,,REG,REG,0.2296,0.23,,0.1262,0.126,,0.5399,0.54,,REG,REG,0.9485,0.949,,REG,REG,2.5674,2.567,,REG,REG,0.21,0.21,,ULOD,ULOD,0.3314,0.331,,REG,REG,0.0826,0.083,,REG,REG,0.0238,0.024,,REG,REG,0.0097,0.01,,LOD,LOD,0.0016,0.002,,ND,ND,5.00E-04,0,,ND,ND,0.0148,0.015,,0.2548,0.255,,REG,REG,0.0359,0.036,,REG,REG,0.0481,0.048,,0.178,0.178,
Essington & Mingo482023,2,Essington & Mingo,stationary,"39.90131732, -75.2250262",39.90131732,-75.2250262,#DB72FB,Industrial,Industrial,High,"Auto body shop, junkyard",HighT/I,P733891,P733891 120823 112923 Essington SS,P733891 120823 112923 Essington SS.D,12/8/23,11/29/23,sample,11/22/23,11/29/23,9985,2,482023,1,0.5673,0.57,,0.3724,0.372,,REG,REG,0.0886,0.089,,0.1144,0.116,,0.4138,0.417,,REG,REG,0.019,0.019,,LOD,LOD,0.0092,0.009,,LOD,LOD,0.0138,0.014,,0.0387,0.039,,0.0151,0.015,,0.0417,0.041,,REG,REG,0.0182,0.018,,0.1253,0.131,,REG,REG,0.2263,0.226,,0.0768,0.097,,REG,REG,0.0401,0.061,,REG,REG,0.0371,0.037,,LOD,LOD,0.0217,0.018,,LOD,LOD,0.0434,0.041,,LOD,LOD,0.0425,0.042,,LOD,LOD,0.0467,0.047,,REG,REG,0.1135,0.114,,0.0707,0.07,,0.2565,0.256,,REG,REG,0.4211,0.421,,REG,REG,1.2552,1.259,,REG,REG,0.2138,0.212,,REG,REG,0.1581,0.158,,REG,REG,0.0622,0.061,,REG,REG,0.0101,0.011,,LOD,LOD,0.0034,0.003,,ND,ND,0.0017,0.002,,ND,ND,5.00E-04,0,,ND,ND,0.0145,0.015,,0.2882,0.288,,REG,REG,0.0374,0.037,,REG,REG,0.0178,0.018,,0.0906,0.091,
Essington & Mingo492023,2,Essington & Mingo,stationary,"39.90131732, -75.2250262",39.90131732,-75.2250262,#DB72FB,Industrial,Industrial,High,"Auto body shop, junkyard",HighT/I,P726614,P726614 120923 120623 Essington SS,P726614 120923 120623 Essington SS.D,12/9/23,12/6/23,sample,11/29/23,12/6/23,10209,2,492023,1,0.8277,0.828,,0.4438,0.445,,REG,REG,0.1308,0.131,,0.1737,0.174,,0.6757,0.676,,REG,REG,0.026,0.026,,LOD,LOD,0.006,0.006,,LOD,LOD,0.0236,0.024,,0.0653,0.065,,0.0296,0.03,,0.0653,0.065,,REG,REG,0.0297,0.03,,0.2111,0.211,,REG,REG,0.4303,0.43,,0.0471,0.047,,REG,REG,0.0392,0.039,,REG,REG,0.0745,0.075,,REG,REG,0.0424,0.042,,LOD,LOD,0.0751,0.075,,LOD,LOD,0.0594,0.059,,REG,REG,0.0717,0.072,,REG,REG,0.1959,0.196,,0.1152,0.115,,0.43,0.43,,REG,REG,0.6731,0.673,,REG,REG,2.0486,2.049,,REG,REG,0.2106,0.211,,ULOD,ULOD,0.2578,0.258,,REG,REG,0.0833,0.083,,REG,REG,0.0296,0.03,,REG,REG,0.0034,0.003,,ND,ND,0.0016,0.002,,ND,ND,4.00E-04,0,,ND,ND,0.0087,0.009,,0.2537,0.254,,REG,REG,0.0366,0.037,,REG,REG,0.0305,0.03,,0.0793,0.079,
Essington & Mingo502023,2,Essington & Mingo,stationary,"39.90131732, -75.2250262",39.90131732,-75.2250262,#DB72FB,Industrial,Industrial,High,"Auto body shop, junkyard",HighT/I,P726663,P726663 122123 121323 Essington SS,P726663 122123 121323 Essington SS.D,12/21/23,12/13/23,sample,12/6/23,12/13/23,9465,2,502023,1,1.3607,1.264,CHECK,0.5382,0.501,,REG,REG,0.1992,0.185,,0.2875,0.267,,1.0165,0.945,CHECK,REG,REG,0.0441,0.041,,REG,REG,0.0258,0.024,,LOD,LOD,0.0364,0.034,,0.0964,0.09,,0.0399,0.037,,0.1057,0.098,,REG,REG,0.0448,0.042,,0.3231,0.3,,REG,REG,0.6262,0.582,,0.0659,0.061,,REG,REG,0.0687,0.064,,REG,REG,0.0752,0.07,,REG,REG,0.0457,0.042,,LOD,LOD,0.074,0.069,,LOD,LOD,0.1217,0.113,,REG,REG,0.1828,0.17,,REG,REG,0.3874,0.36,,0.1864,0.173,,0.786,0.73,CHECK,REG,REG,1.5604,1.45,CHECK,REG,REG,4.0208,3.737,CHECK,ULOD,ULOD,0.1507,0.14,,ULOD,ULOD,0.5672,0.527,,REG,REG,0.102,0.095,,REG,REG,0.0745,0.069,,REG,REG,0.0036,0.003,,ND,ND,0.0017,0.002,,ND,ND,0.0136,0.013,,REG,REG,0.0153,0.014,,0.4256,0.396,,REG,REG,0.0494,0.046,,REG,REG,0.0423,0.039,,0.2666,0.248,
Essington & Mingo512023,2,Essington & Mingo,stationary,"39.90131732, -75.2250262",39.90131732,-75.2250262,#DB72FB,Industrial,Industrial,High,"Auto body shop, junkyard",HighT/I,P733856,P733856 122123 122023 Essington SS,P733856 122123 122023 Essington SS.D,12/21/23,12/20/23,sample,12/13/23,12/20/23,9870,2,512023,1,0.7693,0.769,,0.3958,0.397,,REG,REG,0.115,0.115,,0.1584,0.158,,0.5911,0.591,,REG,REG,0.0231,0.023,,LOD,LOD,0.0154,0.015,,LOD,LOD,0.021,0.021,,0.0533,0.053,,0.0191,0.019,,0.0507,0.051,,REG,REG,0.0246,0.025,,0.166,0.166,,REG,REG,0.337,0.337,,0.0391,0.039,,REG,REG,0.0279,0.028,,REG,REG,0.0672,0.067,,REG,REG,0.0329,0.033,,LOD,LOD,0.0709,0.071,,LOD,LOD,0.0798,0.08,,REG,REG,0.118,0.118,,REG,REG,0.2094,0.209,,0.0954,0.095,,0.4325,0.432,,REG,REG,1.0807,1.081,,REG,REG,2.7751,2.775,,REG,REG,0.1445,0.145,,ULOD,ULOD,0.2986,0.299,,REG,REG,0.0512,0.051,,REG,REG,0.0374,0.037,,REG,REG,0.0035,0.003,,ND,ND,0.0017,0.002,,ND,ND,0.0149,0.015,,REG,REG,0.009,0.009,,0.4082,0.408,,REG,REG,0.0379,0.038,,REG,REG,0.0405,0.041,,0.468,0.468,
Essington & Mingo22024,2,Essington & Mingo,stationary,"39.90131732, -75.2250262",39.90131732,-75.2250262,#DB72FB,Industrial,Industrial,High,"Auto body shop, junkyard",HighT/I,P726607,P726607 011624 011024 Essington SS,P726607 011624 011024 Essington SS.D,1/16/24,1/10/24,sample,1/3/24,1/10/24,10082,2,22024,1,1.0733,1.073,,0.6478,0.648,,REG,REG,0.1835,0.183,,0.2354,0.235,,1.0615,1.062,,REG,REG,0.0376,0.038,,REG,REG,0.0212,0.021,,LOD,LOD,0.0274,0.027,,0.0759,0.076,,0.0371,0.037,,0.0818,0.082,,REG,REG,0.0421,0.042,,0.288,0.288,,REG,REG,0.5164,0.516,,0.2045,0.205,,REG,REG,0.1161,0.116,,REG,REG,0.0774,0.077,,REG,REG,0.0236,0.024,,LOD,LOD,0.0708,0.071,,LOD,LOD,0.1443,0.144,,REG,REG,0.1396,0.14,,REG,REG,0.4001,0.4,,0.1692,0.169,,0.8903,0.89,,REG,REG,1.1902,1.19,,REG,REG,4.215,4.215,,REG,REG,0.0396,0.04,,ULOD,ULOD,0.4771,0.477,,REG,REG,0.0992,0.099,,REG,REG,0.0533,0.053,,REG,REG,0.0034,0.003,,ND,ND,0.0016,0.002,,ND,ND,0.0127,0.013,,REG,REG,0.0088,0.009,,0.2997,0.3,,REG,REG,0.0324,0.032,,REG,REG,0.0339,0.034,,0.1082,0.108,
Essington & Mingo32024,2,Essington & Mingo,stationary,"39.90131732, -75.2250262",39.90131732,-75.2250262,#DB72FB,Industrial,Industrial,High,"Auto body shop, junkyard",HighT/I,P733851,P733851 012524 011724 Essington SS,P733851 012524 011724 Essington SS.D,1/25/24,1/17/24,sample,1/10/24,1/17/24,9496,2,32024,1,0.5679,0.528,,0.4443,0.413,,REG,REG,0.0948,0.088,,0.1225,0.114,,0.4593,0.427,,REG,REG,0.0093,0.009,,ND,ND,0.0077,0.007,,ND,ND,0.0145,0.014,,0.0399,0.037,,0.0155,0.014,,0.0342,0.032,,REG,REG,0.0191,0.018,,0.1427,0.133,,REG,REG,0.2675,0.249,,0.0667,0.062,,REG,REG,0.0487,0.045,,REG,REG,0.0308,0.029,,LOD,LOD,0.0137,0.013,,LOD,LOD,0.033,0.031,,LOD,LOD,0.0574,0.053,,REG,REG,0.0536,0.05,,REG,REG,0.165,0.153,,0.0805,0.075,,0.3673,0.341,,REG,REG,0.5724,0.532,,REG,REG,1.6067,1.493,CHECK,REG,REG,0.1563,0.145,,ULOD,ULOD,0.2073,0.193,,REG,REG,0.0811,0.075,,REG,REG,0.0051,0.005,,ND,ND,0.0036,0.003,,ND,ND,0.0017,0.002,,ND,ND,0.0116,0.011,,REG,REG,0.0094,0.009,,0.4091,0.38,,REG,REG,0.0344,0.032,,REG,REG,0.0173,0.016,,0.3255,0.303,
Essington & Mingo42024,2,Essington & Mingo,stationary,"39.90131732, -75.2250262",39.90131732,-75.2250262,#DB72FB,Industrial,Industrial,High,"Auto body shop, junkyard",HighT/I,P733879,P733879 012624 012424 Essington SS,P733879 012624 012424 Essington SS.D,1/26/24,1/24/24,sample,1/17/24,1/24/24,9810,2,42024,1,0.79,0.79,,0.6021,0.602,,REG,REG,0.1325,0.133,,0.1508,0.151,,0.7266,0.727,,REG,REG,0.0271,0.027,,LOD,LOD,0.0155,0.016,,LOD,LOD,0.0246,0.025,,0.0637,0.064,,0.0265,0.027,,0.0586,0.059,,REG,REG,0.0309,0.031,,0.2236,0.224,,REG,REG,0.4356,0.436,,0.0888,0.089,,REG,REG,0.0854,0.085,,REG,REG,0.0547,0.055,,REG,REG,0.0242,0.024,,LOD,LOD,0.0455,0.046,,LOD,LOD,0.0988,0.099,,REG,REG,0.0655,0.065,,REG,REG,0.2209,0.221,,0.1259,0.126,,0.5171,0.517,,REG,REG,0.8782,0.878,,REG,REG,2.4678,2.468,,REG,REG,0.1513,0.151,,ULOD,ULOD,0.3723,0.372,,REG,REG,0.1254,0.125,,REG,REG,0.0479,0.048,,REG,REG,0.0035,0.004,,ND,ND,0.0017,0.002,,ND,ND,0.0112,0.011,,REG,REG,0.0034,0.003,,0.3667,0.367,,REG,REG,0.0333,0.033,,REG,REG,0.0304,0.03,,0.315,0.315,
Essington & Mingo52024,2,Essington & Mingo,stationary,"39.90131732, -75.2250262",39.90131732,-75.2250262,#DB72FB,Industrial,Industrial,High,"Auto body shop, junkyard",HighT/I,P733892,P733892 020824 013124 Essington SS,P733892 020824 013124 Essington SS.D,2/8/24,1/31/24,sample,1/24/24,1/31/24,10099,2,52024,1,1.2285,,,0.5106,,,REG,,0.1919,,,0.2648,,,0.9657,,,REG,,0.0376,,,REG,,0.0211,,,LOD,,0.041,,,0.1181,,,0.0448,,,0.099,,,REG,,0.06,,,0.3462,,,REG,,0.6313,,,0.0805,,,REG,,0.1008,,,REG,,0.093,,,REG,,0.0314,,,LOD,,0.052,,,LOD,,0.072,,,REG,,0.0857,,,REG,,0.3165,,,0.1857,,,0.4589,,,REG,,0.7211,,,REG,,2.1879,,,REG,,0.2149,,,ULOD,,0.3433,,,REG,,0.1131,,,REG,,0.0249,,,REG,,0.0034,,,ND,,0.0016,,,ND,,0.0109,,,REG,,0.0144,,,0.3277,,,REG,,0.0347,,,REG,,0.0396,,,0.0754,,
Essington & Mingo62024,2,Essington & Mingo,stationary,"39.90131732, -75.2250262",39.90131732,-75.2250262,#DB72FB,Industrial,Industrial,High,"Auto body shop, junkyard",HighT/I,P726667,P726667 021524 020724 Essington SS,P726667 021524 020724 Essington SS.D,2/15/24,2/7/24,sample,1/31/24,2/7/24,10081,2,62024,1,0.9756,0.976,,0.7409,0.741,,REG,REG,0.1525,0.153,,0.2079,0.208,,0.9632,0.963,,REG,REG,0.0264,0.026,,LOD,LOD,0.0151,0.015,,LOD,LOD,0.0205,0.021,,0.0592,0.059,,0.0299,0.03,,0.0744,0.074,,REG,REG,0.0301,0.03,,0.2892,0.289,,REG,REG,0.5266,0.527,,0.0664,0.066,,REG,REG,0.0597,0.06,,REG,REG,0.0496,0.05,,REG,REG,0.0261,0.026,,LOD,LOD,0.0653,0.065,,LOD,LOD,0.0782,0.078,,REG,REG,0.0957,0.096,,REG,REG,0.2509,0.251,,0.116,0.116,,0.5323,0.532,,REG,REG,0.8648,0.865,,REG,REG,2.154,2.154,,REG,REG,0.2153,0.215,,ULOD,ULOD,0.3126,0.313,,REG,REG,0.0905,0.091,,REG,REG,0.025,0.025,,REG,REG,0.0034,0.003,,ND,ND,0.0016,0.002,,ND,ND,0.0146,0.015,,REG,REG,0.0145,0.014,,0.4567,0.457,,REG,REG,0.044,0.044,,REG,REG,0.0309,0.031,,0.2551,0.255,
Essington & Mingo72024,2,Essington & Mingo,stationary,"39.90131732, -75.2250262",39.90131732,-75.2250262,#DB72FB,Industrial,Industrial,High,"Auto body shop, junkyard",HighT/I,P733843,P733843 021624 021424 Essington SS,P733843 021624 021424 Essington SS.D,2/16/24,2/14/24,sample,2/7/24,2/14/24,10037,2,72024,1,1.1293,1.129,,0.8438,0.844,,REG,REG,0.1781,0.178,,0.2455,0.245,,1.2133,1.213,,REG,REG,0.0302,0.03,,LOD,LOD,0.0182,0.018,,LOD,LOD,0.0309,0.031,,0.0804,0.08,,0.0414,0.041,,0.1079,0.108,,REG,REG,0.0423,0.042,,0.4833,0.483,,REG,REG,0.6484,0.648,,0.5032,0.503,,REG,REG,0.4252,0.425,,REG,REG,0.079,0.079,,REG,REG,0.0424,0.042,,LOD,LOD,0.0922,0.092,,REG,REG,0.0906,0.091,,REG,REG,0.1061,0.106,,REG,REG,0.2586,0.259,,0.1634,0.163,,0.5711,0.571,,REG,REG,0.9503,0.95,,REG,REG,2.3912,2.391,,REG,REG,0.2162,0.216,,ULOD,ULOD,0.4608,0.461,,REG,REG,0.068,0.068,,REG,REG,0.0251,0.025,,REG,REG,0.0034,0.003,,ND,ND,0.0016,0.002,,ND,ND,5.00E-04,0,,ND,ND,0.009,0.009,,0.4301,0.43,,REG,REG,0.0535,0.054,,REG,REG,0.0443,0.044,,0.2325,0.232,
Essington & Mingo82024,2,Essington & Mingo,stationary,"39.90131732, -75.2250262",39.90131732,-75.2250262,#DB72FB,Industrial,Industrial,High,"Auto body shop, junkyard",HighT/I,P733880,P733880 030124 022124 Essington SS,P733880 030124 022124 Essington SS.D,3/1/24,2/21/24,sample,2/14/24,2/21/24,10090,2,82024,1,0.5783,0.578,,0.4801,0.48,,REG,REG,0.088,0.088,,0.1242,0.124,,0.4478,0.448,,REG,REG,0.0226,0.023,,LOD,LOD,0.0121,0.012,,LOD,LOD,0.009,0.009,,0.0417,0.042,,0.0187,0.019,,0.0496,0.05,,REG,REG,0.018,0.018,,0.1611,0.161,,REG,REG,0.2552,0.255,,0.1844,0.184,,REG,REG,0.0885,0.089,,REG,REG,0.0496,0.05,,REG,REG,0.0583,0.058,,REG,REG,0.0586,0.059,,LOD,LOD,0.036,0.036,,LOD,LOD,0.0462,0.046,,REG,REG,0.1053,0.105,,0.0692,0.069,,0.2296,0.23,,REG,REG,0.3659,0.366,,REG,REG,1.1138,1.114,,REG,REG,0.0832,0.083,,REG,REG,0.1454,0.145,,REG,REG,0.0449,0.045,,REG,REG,0.0183,0.018,,REG,REG,0.0034,0.003,,ND,ND,0.0016,0.002,,ND,ND,0.0109,0.011,,REG,REG,0.031,0.031,,0.2852,0.285,,REG,REG,0.0347,0.035,,REG,REG,0.0264,0.026,,0.0897,0.09,
Essington & Mingo92024,2,Essington & Mingo,stationary,"39.90131732, -75.2250262",39.90131732,-75.2250262,#DB72FB,Industrial,Industrial,High,"Auto body shop, junkyard",HighT/I,P733885,P733885 030124 022824 Essington SS,P733885 030124 022824 Essington SS.D,3/1/24,2/28/24,sample,2/21/24,2/28/24,10106,2,92024,1,0.8318,0.832,,0.4855,0.485,,REG,REG,0.1225,0.122,,0.1813,0.181,,0.7082,0.708,,REG,REG,0.0338,0.034,,LOD,LOD,0.0181,0.018,,LOD,LOD,0.0273,0.027,,0.066,0.066,,0.0336,0.034,,0.0825,0.082,,REG,REG,0.036,0.036,,0.231,0.231,,REG,REG,0.3406,0.341,,0.0851,0.085,,REG,REG,0.076,0.076,,REG,REG,0.064,0.064,,REG,REG,0.0314,0.031,,LOD,LOD,0.0849,0.085,,REG,REG,0.084,0.084,,REG,REG,0.0856,0.086,,REG,REG,0.1645,0.165,,0.1273,0.127,,0.3741,0.374,,REG,REG,0.7409,0.741,,REG,REG,2.0167,2.017,,REG,REG,0.1066,0.107,,REG,REG,0.3014,0.301,,REG,REG,0.0675,0.068,,REG,REG,0.0183,0.018,,REG,REG,0.0034,0.003,,ND,ND,0.0016,0.002,,ND,ND,0.0109,0.011,,REG,REG,0.0144,0.014,,0.2563,0.256,,REG,REG,0.0347,0.035,,REG,REG,0.022,0.022,,0.0613,0.061,
Essington & Mingo102024,2,Essington & Mingo,stationary,"39.90131732, -75.2250262",39.90131732,-75.2250262,#DB72FB,Industrial,Industrial,High,"Auto body shop, junkyard",HighT/I,P733863,P733863 031524 030624 Essington SS,P733863 031524 030624 Essington SS.D,3/15/24,3/6/24,sample,2/28/24,3/6/24,10115,1,102024,1,1.2471,1.247,,0.2564,0.257,,REG,REG,0.1669,0.167,,0.2644,0.265,,0.8418,0.79,CHECK,REG,REG,0.03,0.03,,REG,REG,0.0181,0.018,,REG,REG,0.0283,0.029,,0.09,0.09,,0.0316,0.031,,0.086,0.086,,REG,REG,0.0389,0.039,,0.344,0.344,,REG,REG,0.7259,0.726,,0.0084,0.01,,REG,REG,0.0732,0.077,,REG,REG,0.0151,0.017,,LOD,LOD,0.0092,0.01,,LOD,LOD,0.0149,0.014,,LOD,LOD,0.0689,0.069,,REG,REG,0.0736,0.074,,REG,REG,0.3183,0.318,,0.2076,0.207,,0.6791,0.681,,REG,REG,1.0125,1.012,,ULOD,ULOD,1.8709,1.883,,ULOD,ULOD,0.0633,0.067,,ULOD,ULOD,0.4599,0.461,,REG,REG,0.0593,0.064,,REG,REG,0.0291,0.033,,REG,REG,0.0034,0.003,,ND,ND,0.0016,0.002,,ND,ND,0.0054,0.004,,REG,REG,0.009,0.006,,0.1351,0.135,,REG,REG,0.0175,0.018,,REG,REG,0.0086,0.009,,0.06,0.061,
Essington & Mingo112024,2,Essington & Mingo,stationary,"39.90131732, -75.2250262",39.90131732,-75.2250262,#DB72FB,Industrial,Industrial,High,"Auto body shop, junkyard",HighT/I,P733849,P733849 031624 031324 Essington SS,P733849 031624 031324 Essington SS.D,3/16/24,3/13/24,sample,3/6/24,3/13/24,10003,2,112024,1,0.9683,0.968,,0.4249,0.425,,REG,REG,0.1338,0.134,,0.1884,0.189,,0.8576,0.806,CHECK,REG,REG,0.0266,0.027,,LOD,LOD,0.0152,0.015,,LOD,LOD,0.0235,0.024,,0.063,0.063,,0.0225,0.022,,0.0662,0.066,,REG,REG,0.0302,0.03,,0.2414,0.242,,REG,REG,0.5041,0.505,,0.0098,0.01,,ND,ND,0.0407,0.044,,REG,REG,0.0323,0.034,,LOD,LOD,0.0174,0.018,,LOD,LOD,0.0251,0.025,,LOD,LOD,0.0848,0.085,,REG,REG,0.0728,0.073,,REG,REG,0.2452,0.245,,0.1511,0.151,,0.5465,0.549,,REG,REG,0.829,0.828,,REG,REG,2.2727,2.285,,REG,REG,0.1363,0.141,,ULOD,ULOD,0.3756,0.377,,REG,REG,0.0715,0.076,,REG,REG,0.0429,0.047,,REG,REG,0.0034,0.003,,ND,ND,0.0016,0.002,,ND,ND,0.0109,0.01,,REG,REG,0.0091,0.006,,0.3021,0.302,,REG,REG,0.0364,0.036,,REG,REG,0.0265,0.027,,0.113,0.114,
Essington & Mingo122024,2,Essington & Mingo,stationary,"39.90131732, -75.2250262",39.90131732,-75.2250262,#DB72FB,Industrial,Industrial,High,"Auto body shop, junkyard",HighT/I,P726643,P726643 040324 032024 Essington SS RR,P726643 040324 032024 Essington SS RR.D,4/3/24,3/20/24,sample,3/13/24,3/20/24,9659,2,122024,1,0.7883,0.734,CHECK,0.3624,0.338,,REG,REG,0.1075,0.1,,0.1516,0.142,,0.7163,0.617,CHECK,REG,REG,0.0236,0.009,,LOD,ND,0.0076,0.007,,ND,ND,0.0172,0.017,,0.0507,0.047,,0.0194,0.018,,0.0513,0.047,,REG,REG,0.025,0.023,,0.1632,0.152,,REG,REG,0.2253,0.21,,0.1567,0.147,,REG,REG,0.0853,0.083,,REG,REG,0.0486,0.047,,LOD,REG,0.0236,0.023,,LOD,LOD,0.0605,0.056,,LOD,REG,0.0502,0.013,,LOD,ND,0.0788,0.011,CHECK,REG,ND,0.1159,0.108,,0.0834,0.077,,0.2756,0.02,CHECK,REG,ND,0.5294,0.017,CHECK,REG,ND,1.4662,0.037,CHECK,REG,ND,0.216,0,CHECK,ULOD,ND,0.2582,0.02,CHECK,REG,ND,0.0383,0.006,,REG,ND,0.0096,0.005,,LOD,ND,0.0036,0.003,,ND,ND,0.0017,0.002,,ND,ND,0.0132,0,,REG,ND,0.0209,0.001,,0.3873,0.007,CHECK,REG,ND,0.028,0.001,,REG,ND,0.0182,0.017,,0.2846,0.266,
Essington & Mingo152024,2,Essington & Mingo,stationary,"39.90131732, -75.2250262",39.90131732,-75.2250262,#DB72FB,Industrial,Industrial,High,"Auto body shop, junkyard",HighT/I,P733857,P733857 041224 041024 Essington SS,P733857 041224 041024 Essington SS.D,4/12/24,4/10/24,sample,4/3/24,4/10/24,10034,2,152024,1,0.598,0.598,,0.3831,0.383,,REG,REG,0.0779,0.078,,0.1193,0.119,,0.414,0.414,,REG,REG,0.0227,0.023,,LOD,LOD,0.0152,0.015,,LOD,LOD,0.0172,0.017,,0.021,0.021,,0.0226,0.023,,0.0581,0.058,,REG,REG,0.0242,0.024,,0.1206,0.121,,REG,REG,0.1819,0.182,,0.0463,0.046,,REG,REG,0.0446,0.045,,REG,REG,0.0413,0.041,,LOD,LOD,0.0269,0.027,,LOD,LOD,0.0415,0.042,,LOD,LOD,0.0423,0.042,,LOD,LOD,0.0398,0.04,,LOD,LOD,0.1055,0.105,,0.1055,0.106,,0.2552,0.255,,REG,REG,0.3769,0.377,,REG,REG,1.0393,1.039,,REG,REG,0.1866,0.187,,REG,REG,0.2308,0.231,,REG,REG,0.0501,0.05,,REG,REG,0.0134,0.013,,LOD,LOD,0.0034,0.003,,ND,ND,0.0016,0.002,,ND,ND,0.0091,0.009,,REG,REG,0.0125,0.012,,0.2008,0.201,,REG,REG,0.0279,0.028,,REG,REG,0.0177,0.018,,0.0569,0.057,
Essington & Mingo162024,2,Essington & Mingo,stationary,"39.90131732, -75.2250262",39.90131732,-75.2250262,#DB72FB,Industrial,Industrial,High,"Auto body shop, junkyard",HighT/I,P733881,P733881 042624 041724 Essington SS,P733881 042624 041724 Essington SS.D,4/26/24,4/17/24,sample,4/10/24,4/17/24,10179,2,162024,1,0.5263,0.526,,0.2241,0.224,,REG,REG,0.0669,0.067,,0.1021,0.102,,0.3538,0.354,,REG,REG,0.0186,0.019,,LOD,LOD,0.012,0.012,,LOD,LOD,0.0136,0.014,,0.0345,0.034,,0.0148,0.015,,0.0491,0.049,,REG,REG,0.0179,0.018,,0.1062,0.106,,REG,REG,0.1465,0.147,,0.0082,0.008,,REG,REG,0.0276,0.028,,REG,REG,0.0311,0.031,,LOD,LOD,0.0159,0.016,,LOD,LOD,0.0278,0.028,,LOD,LOD,0.0417,0.042,,LOD,LOD,0.0523,0.052,,REG,REG,0.0974,0.097,,0.0693,0.069,,0.2276,0.228,,REG,REG,0.3716,0.372,,REG,REG,0.931,0.931,,REG,REG,0.1285,0.129,,REG,REG,0.2378,0.238,,REG,REG,0.0268,0.027,,REG,REG,0.0066,0.007,,LOD,LOD,0.0034,0.003,,ND,ND,0.0016,0.002,,ND,ND,0.0108,0.011,,REG,REG,0.0068,0.007,,0.3251,0.325,,REG,REG,0.0275,0.028,,REG,REG,0.0175,0.017,,0.117,0.117,
Essington & Mingo172024,2,Essington & Mingo,stationary,"39.90131732, -75.2250262",39.90131732,-75.2250262,#DB72FB,Industrial,Industrial,High,"Auto body shop, junkyard",HighT/I,P726670,P726670 042724 042424 Essington SS,P726670 042724 042424 Essington SS.D,4/27/24,4/24/24,sample,4/17/24,4/24/24,9785,2,172024,1,0.4818,0.482,,0.2395,0.24,,REG,REG,0.0645,0.065,,0.1009,0.101,,0.3376,0.338,,REG,REG,0.0194,0.019,,LOD,LOD,0.0075,0.007,,ND,ND,0.0141,0.014,,0.0359,0.036,,0.0154,0.015,,0.0511,0.051,,REG,REG,0.0186,0.019,,0.1038,0.104,,REG,REG,0.1524,0.152,,0.0912,0.091,,REG,REG,0.05,0.05,,REG,REG,0.0374,0.037,,LOD,LOD,0.0166,0.017,,LOD,LOD,0.0358,0.036,,LOD,LOD,0.0372,0.037,,LOD,LOD,0.051,0.051,,REG,REG,0.0877,0.088,,0.0721,0.072,,0.1994,0.199,,REG,REG,0.3551,0.355,,REG,REG,0.949,0.949,,REG,REG,0.1899,0.19,,REG,REG,0.1936,0.194,,REG,REG,0.0279,0.028,,REG,REG,0.005,0.005,,ND,ND,0.0035,0.004,,ND,ND,0.0017,0.002,,ND,ND,0.0075,0.008,,REG,REG,0.0071,0.007,,0.3382,0.338,,REG,REG,0.0287,0.029,,REG,REG,0.0091,0.009,,0.1703,0.17,
Essington & Mingo182024,2,Essington & Mingo,stationary,"39.90131732, -75.2250262",39.90131732,-75.2250262,#DB72FB,Industrial,Industrial,High,"Auto body shop, junkyard",HighT/I,P733866,P733866 051124 050124 Essington SS,P733866 051124 050124 Essington SS.D,5/11/24,5/1/24,sample,4/24/24,5/1/24,10210,2,182024,1,0.8654,,,0.2816,,,REG,,0.1107,,,0.1727,,,0.5447,,,REG,,0.0335,,,LOD,,0.0209,,,LOD,,0.0236,,,0.0584,,,0.0333,,,0.0808,,,REG,,0.0297,,,0.2389,,,REG,,0.2912,,,0.3526,,,REG,,0.2396,,,REG,,0.0893,,,REG,,0.0582,,,REG,,0.1012,,,REG,,0.0594,,,REG,,0.088,,,REG,,0.1567,,,0.1268,,,0.3464,,,REG,,0.2913,,,REG,,1.9402,,,REG,,0.2101,,,ULOD,,0.3505,,,REG,,0.036,,,REG,,0.0125,,,LOD,,0.0034,,,ND,,0.0016,,,ND,,0.0144,,,REG,,0.0087,,,0.3241,,,REG,,0.0256,,,REG,,0.0131,,,0.0415,,
Essington & Mingo192024,2,Essington & Mingo,stationary,"39.90131732, -75.2250262",39.90131732,-75.2250262,#DB72FB,Industrial,Industrial,High,"Auto body shop, junkyard",HighT/I,P726620,P726620 051224 050824 Essington SS,P726620 051224 050824 Essington SS.D,5/12/24,5/8/24,sample,5/1/24,5/8/24,10243,2,192024,1,0.7231,0.723,,0.2929,0.292,,REG,REG,0.0957,0.096,,0.1516,0.152,,0.4765,0.477,,REG,REG,0.0296,0.03,,LOD,LOD,0.0149,0.015,,LOD,LOD,0.0202,0.02,,0.048,0.048,,0.0258,0.026,,0.0643,0.064,,REG,REG,0.0237,0.024,,0.1499,0.15,,REG,REG,0.1927,0.193,,0.1562,0.156,,REG,REG,0.0883,0.088,,REG,REG,0.0652,0.065,,REG,REG,0.0317,0.032,,LOD,LOD,0.0814,0.081,,LOD,LOD,0.0473,0.047,,LOD,LOD,0.0682,0.068,,REG,REG,0.1106,0.111,,0.0919,0.092,,0.25,0.25,,REG,REG,0.2203,0.22,,REG,REG,1.4319,1.432,,REG,REG,0.1522,0.152,,REG,REG,0.2364,0.236,,REG,REG,0.0471,0.047,,REG,REG,0.0124,0.012,,LOD,LOD,0.0034,0.003,,ND,ND,0.0016,0.002,,ND,ND,0.0161,0.016,,REG,REG,0.0141,0.014,,0.3231,0.323,,REG,REG,0.0255,0.026,,REG,REG,0.026,0.026,,0.046,0.046,
Essington & Mingo202024,2,Essington & Mingo,stationary,"39.90131732, -75.2250262",39.90131732,-75.2250262,#DB72FB,Industrial,Industrial,High,"Auto body shop, junkyard",HighT/I,P726665,P726665 052324 051524 Essington SS,P726665 052324 051524 Essington SS.D,5/23/24,5/15/24,sample,5/8/24,5/15/24,9431,2,202024,1,0.543,0.505,,0.5633,0.522,,REG,REG,0.0668,0.062,,0.0977,0.091,,0.4228,0.393,,REG,REG,0.0161,0.015,,LOD,LOD,0.0078,0.007,,ND,ND,0.011,0.01,,0.0298,0.028,,0.016,0.015,,0.0433,0.04,,REG,REG,0.0193,0.018,,0.0944,0.088,,REG,REG,0.1315,0.122,,0.003,0.003,,REG,REG,0.0208,0.019,,REG,REG,0.0243,0.023,,LOD,LOD,0.0172,0.016,,LOD,LOD,0.0389,0.036,,LOD,LOD,0.0386,0.036,,LOD,LOD,0.0318,0.03,,LOD,LOD,0.106,0.099,,0.0624,0.058,,0.2457,0.228,,REG,REG,0.4133,0.384,,REG,REG,1.1108,1.032,CHECK,REG,REG,0.1508,0.14,,ULOD,ULOD,0.2009,0.187,,REG,REG,0.0146,0.014,,REG,REG,0.0064,0.006,,LOD,LOD,0.0174,0.016,,REG,REG,0.0017,0.002,,ND,ND,5.00E-04,0,,ND,ND,0.0035,0.003,,0.3967,0.369,,REG,REG,0.0277,0.026,,REG,REG,0.0189,0.018,,0.1762,0.164,
Essington & Mingo212024,2,Essington & Mingo,stationary,"39.90131732, -75.2250262",39.90131732,-75.2250262,#DB72FB,Industrial,Industrial,High,"Auto body shop, junkyard",HighT/I,P733843,P733843 052424 052224 Essington SS,P733843 052424 052224 Essington SS.D,5/24/24,5/22/24,sample,5/15/24,5/22/24,9850,2,212024,1,0.723,0.723,,0.2475,0.246,,REG,REG,0.0893,0.089,,0.1363,0.136,,0.435,0.435,,REG,REG,0.0231,0.023,,LOD,LOD,0.0124,0.012,,LOD,LOD,0.021,0.021,,0.0463,0.046,,0.023,0.023,,0.0499,0.05,,REG,REG,0.0246,0.025,,0.1493,0.149,,REG,REG,0.2003,0.2,,0.1141,0.114,,REG,REG,0.0706,0.071,,REG,REG,0.053,0.053,,REG,REG,0.0329,0.033,,LOD,LOD,0.0711,0.071,,LOD,LOD,0.0615,0.062,,REG,REG,0.0473,0.047,,REG,REG,0.1286,0.129,,0.0836,0.084,,0.2971,0.297,,REG,REG,0.531,0.531,,REG,REG,1.431,1.431,,REG,REG,0.1444,0.144,,ULOD,ULOD,0.3099,0.31,,REG,REG,0.0373,0.037,,REG,REG,0.0129,0.013,,LOD,LOD,0.03,0.03,,REG,REG,0.0017,0.002,,ND,ND,5.00E-04,0,,ND,ND,0.0429,0.043,,0.3506,0.351,,REG,REG,0.0266,0.027,,REG,REG,0.018,0.018,,0.13,0.13,
Essington & Mingo222024,2,Essington & Mingo,stationary,"39.90131732, -75.2250262",39.90131732,-75.2250262,#DB72FB,Industrial,Industrial,High,"Auto body shop, junkyard",HighT/I,P733889,P733889 060624 052924 Essington SS,P733889 060624 052924 Essington SS.D,6/6/24,5/29/24,sample,5/22/24,5/29/24,9571,2,222024,1,0.5306,0.493,,0.2253,0.209,,REG,REG,0.0724,0.067,,0.1092,0.102,,0.4777,0.444,,REG,REG,0.0196,0.018,,LOD,LOD,0.0076,0.007,,ND,ND,0.0144,0.013,,0.033,0.031,,0.0156,0.014,,0.0335,0.031,,REG,REG,0.019,0.018,,0.1257,0.117,,REG,REG,0.133,0.124,,0.0799,0.074,,REG,REG,0.0583,0.054,,REG,REG,0.0354,0.033,,LOD,LOD,0.0282,0.026,,LOD,LOD,0.0529,0.049,,LOD,LOD,0.0253,0.024,,LOD,LOD,0.0487,0.045,,REG,REG,0.0906,0.084,,0.0615,0.057,,0.2039,0.19,,REG,REG,0.3317,0.309,,REG,REG,0.8956,0.833,CHECK,REG,REG,0.0877,0.081,,REG,REG,0.187,0.174,,REG,REG,0.0925,0.08,,REG,REG,0.014,0.012,,LOD,LOD,0.0271,0.025,,REG,REG,0.0017,0.002,,ND,ND,5.00E-04,0,,ND,ND,0.0134,0.012,,0.1804,0.168,,REG,REG,0.0293,0.025,,REG,REG,0.0139,0.013,,0.0597,0.056,
Essington & Mingo232024,2,Essington & Mingo,stationary,"39.90131732, -75.2250262",39.90131732,-75.2250262,#DB72FB,Industrial,Industrial,High,"Auto body shop, junkyard",HighT/I,P726609,P726609 060724 060524 Essington SS,P726609 060724 060524 Essington SS.D,6/7/24,6/5/24,sample,5/29/24,6/5/24,9353,2,232024,1,0.5659,0.525,,0.2105,0.195,,REG,REG,0.074,0.069,,0.1173,0.109,,0.3706,0.344,,REG,REG,0.0241,0.022,,LOD,LOD,0.0098,0.009,,LOD,LOD,0.0184,0.017,,0.0413,0.038,,0.0159,0.015,,0.0521,0.048,,REG,REG,0.0194,0.018,,0.2114,0.196,,REG,REG,0.1219,0.113,,0.0206,0.019,,REG,REG,0.0241,0.022,,REG,REG,0.0258,0.024,,LOD,LOD,0.0173,0.016,,LOD,LOD,0.0399,0.037,,LOD,LOD,0.0389,0.036,,LOD,LOD,0.0605,0.056,,REG,REG,0.2637,0.245,,0.0629,0.058,,0.5867,0.545,,REG,REG,0.3065,0.284,,REG,REG,0.8553,0.794,CHECK,REG,REG,0.1176,0.109,,REG,REG,0.2251,0.209,,REG,REG,0.0455,0.045,,REG,REG,0.0072,0.007,,LOD,LOD,0.0312,0.029,,REG,REG,0.0018,0.002,,ND,ND,0.0113,0.01,,REG,REG,0.0255,0.024,,0.1692,0.157,,REG,REG,0.03,0.028,,REG,REG,0.0143,0.013,,0.0509,0.047,
Essington & Mingo242024,2,Essington & Mingo,stationary,"39.90131732, -75.2250262",39.90131732,-75.2250262,#DB72FB,Industrial,Industrial,High,"Auto body shop, junkyard",HighT/I,P726648,P726648 062124 061224 Essington SS,P726648 062124 061224 Essington SS.D,6/21/24,6/12/24,sample,6/5/24,6/12/24,9900,2,242024,1,0.7006,0.701,,0.1862,0.185,,REG,REG,0.0952,0.095,,0.1374,0.137,,0.4275,0.427,,REG,REG,0.019,0.019,,LOD,LOD,0.0092,0.009,,LOD,LOD,0.0139,0.014,,0.0425,0.043,,0.0189,0.019,,0.0492,0.049,,REG,REG,0.0184,0.018,,0.1215,0.122,,REG,REG,0.1286,0.129,,0.082,0.082,,REG,REG,0.0564,0.056,,REG,REG,0.0342,0.034,,LOD,LOD,0.0164,0.016,,LOD,LOD,0.0512,0.051,,LOD,LOD,0.0429,0.043,,LOD,LOD,0.037,0.037,,LOD,LOD,0.1077,0.108,,0.0594,0.059,,0.2464,0.246,,REG,REG,0.2274,0.227,,REG,REG,0.6734,0.673,,REG,REG,0.0666,0.066,,REG,REG,0.1489,0.149,,REG,REG,0.0313,0.034,,REG,REG,0.0068,0.007,,LOD,LOD,0.0262,0.026,,REG,REG,0.0017,0.002,,ND,ND,0.0144,0.014,,REG,REG,0.0073,0.007,,0.218,0.218,,REG,REG,0.0283,0.028,,REG,REG,0.0224,0.022,,0.0481,0.048,
Essington & Mingo252024,2,Essington & Mingo,stationary,"39.90131732, -75.2250262",39.90131732,-75.2250262,#DB72FB,Industrial,Industrial,High,"Auto body shop, junkyard",HighT/I,P726665,P726665 062124 061924 Essington SS,P726665 062124 061924 Essington SS.D,6/21/24,6/19/24,sample,6/12/24,6/19/24,10120,2,252024,1,0.3889,0.389,,0.139,0.138,,REG,REG,0.0536,0.054,,0.0876,0.088,,0.2668,0.267,,REG,REG,0.0186,0.018,,LOD,LOD,0.0072,0.007,,ND,ND,0.0136,0.014,,0.0312,0.031,,0.0147,0.015,,0.0399,0.04,,REG,REG,0.012,0.012,,0.087,0.087,,REG,REG,0.0863,0.086,,0.0332,0.033,,REG,REG,0.0346,0.035,,REG,REG,0.0239,0.024,,LOD,LOD,0.016,0.016,,LOD,LOD,0.0369,0.037,,LOD,LOD,0.0299,0.03,,LOD,LOD,0.023,0.023,,LOD,LOD,0.0593,0.059,,0.0465,0.047,,0.1326,0.133,,REG,REG,0.1312,0.131,,REG,REG,0.3764,0.376,,REG,REG,0.038,0.037,,REG,REG,0.1144,0.114,,REG,REG,0.0193,0.022,,REG,REG,0.0048,0.005,,ND,ND,0.0548,0.055,,REG,REG,0.0016,0.002,,ND,ND,5.00E-04,0,,ND,ND,0.0016,0.002,,0.1848,0.185,,REG,REG,0.0185,0.018,,REG,REG,0.0088,0.009,,0.0376,0.038,
Essington & Mingo262024,2,Essington & Mingo,stationary,"39.90131732, -75.2250262",39.90131732,-75.2250262,#DB72FB,Industrial,Industrial,High,"Auto body shop, junkyard",HighT/I,P733843,P733843 062724 061924 Essington SS,P733843 062724 061924 Essington SS.D,6/27/24,6/19/24,sample,6/19/24,6/26/24,10062,2,262024,1,0.3344,0.334,,0.1273,0.126,,REG,REG,0.0489,0.049,,0.0724,0.072,,0.2387,0.239,,REG,REG,0.0149,0.015,,LOD,LOD,0.0073,0.007,,ND,ND,0.0137,0.014,,0.0174,0.017,,0.0111,0.011,,0.0236,0.024,,REG,REG,0.012,0.012,,0.0811,0.081,,REG,REG,0.0868,0.087,,0.0712,0.071,,REG,REG,0.0389,0.039,,REG,REG,0.0337,0.034,,LOD,LOD,0.0161,0.016,,LOD,LOD,0.0371,0.037,,LOD,LOD,0.0241,0.024,,LOD,LOD,0.0198,0.02,,LOD,LOD,0.053,0.053,,0.0351,0.035,,0.1212,0.121,,REG,REG,0.132,0.132,,REG,REG,0.3786,0.379,,REG,REG,0.036,0.035,,REG,REG,0.0942,0.094,,REG,REG,0.0194,0.022,,REG,REG,0.0048,0.005,,ND,ND,0.0714,0.071,,REG,REG,0.0016,0.002,,ND,ND,5.00E-04,0,,ND,ND,0.0017,0.002,,0.1859,0.186,,REG,REG,0.0186,0.019,,REG,REG,0.0088,0.009,,0.0615,0.062,
61st & Passyunk272023,3,61st & Passyunk,stationary,"39.91820446, -75.2085474",39.91820446,-75.2085474,#00B9E3,Industrial,Industrial,High,"Auto body shop, junkyard, gas station",HighT/I,P733880,P733880 071323 070523 61st & Passyunk 1WK SS,P733880 071323 070523 61st _ Passyunk 1WK SS.D,7/13/23,7/5/23,sample,6/28/23,7/5/23,10010,2,272023,1,0.578,0.578,,0.3465,0.347,,REG,REG,0.1099,0.11,,0.1683,0.168,,0.4618,0.462,,REG,REG,0.0341,0.034,,LOD,LOD,0.0244,0.024,,LOD,LOD,0.0276,0.028,,0.0736,0.074,,0.0264,0.026,,0.0749,0.075,,REG,REG,0.0363,0.036,,0.1539,0.154,,REG,REG,0.2231,0.223,,0.003,0.003,,REG,REG,0.0463,0.046,,REG,REG,0.05,0.05,,REG,REG,0.0236,0.024,,LOD,LOD,0.0724,0.072,,LOD,LOD,0.0908,0.091,,REG,REG,0.0731,0.072,,REG,REG,0.1332,0.133,,0.1161,0.116,,0.2924,0.292,,REG,REG,0.3689,0.357,,REG,REG,1.0513,1.066,,REG,REG,0.0693,0.078,,REG,REG,0.2734,0.273,,REG,REG,0.0574,0.062,,REG,REG,0.0059,0.011,,LOD,LOD,0.0565,0.055,,REG,REG,0.0152,0.017,,REG,REG,5.00E-04,0,,ND,ND,0.0111,0.011,,0.1869,0.187,,REG,REG,0.0187,0.019,,REG,REG,0.0133,0.013,,0.0428,0.043,
61st & Passyunk292023,3,61st & Passyunk,stationary,"39.91820446, -75.2085474",39.91820446,-75.2085474,#00B9E3,Industrial,Industrial,High,"Auto body shop, junkyard, gas station",HighT/I,P637226,P637226 072723 071923 61st & Passyunk 1WK DS,P637226 072723 071923 61st _ Passyunk 1WK DS.D,7/27/23,7/19/23,sample,7/12/23,7/19/23,9375,14.3,292023,1,0.9185,0.853,CHECK,0.399,0.371,,REG,REG,0.1525,0.142,,0.281,0.261,,0.7357,0.683,CHECK,REG,REG,0.0579,0.054,,LOD,LOD,0.0078,0.007,,ND,ND,0.0526,0.049,,0.1338,0.124,,0.0288,0.027,,0.1271,0.118,,LOD,LOD,0.0462,0.043,,0.3229,0.3,,REG,REG,0.4469,0.415,,0.089,0.083,,LOD,LOD,0.1106,0.103,,LOD,LOD,0.1241,0.115,,LOD,LOD,0.1085,0.101,,LOD,LOD,0.0277,0.026,,ND,ND,0.1387,0.129,,LOD,LOD,0.1777,0.164,,LOD,LOD,0.2542,0.236,,0.2676,0.249,,0.558,0.518,,LOD,LOD,1.0951,1.005,CHECK,REG,REG,2.8902,2.698,CHECK,REG,REG,0.3761,0.358,,REG,REG,0.6422,0.596,,REG,REG,0.0631,0.063,,LOD,LOD,0.0052,0.005,,ND,ND,0.1224,0.112,,REG,REG,0.0018,0.002,,ND,ND,5.00E-04,0,,ND,ND,0.0064,0.006,,0.5487,0.51,,REG,REG,0.0713,0.066,,REG,REG,0.0339,0.031,,0.1816,0.169,
61st & Passyunk302023,3,61st & Passyunk,stationary,"39.91820446, -75.2085474",39.91820446,-75.2085474,#00B9E3,Industrial,Industrial,High,"Auto body shop, junkyard, gas station",HighT/I,P726610,P726610 072823 072623 61st & Passyunk 1WK DS,P726610 072823 072623 61st _ Passyunk 1WK DS.D,7/28/23,7/26/23,sample,7/19/23,7/26/23,9923,14.3,302023,1,2.3088,2.309,,0.5121,0.512,,REG,REG,0.3603,0.36,,0.6826,0.683,,1.5229,1.523,,REG,REG,0.1367,0.137,,LOD,LOD,0.0074,0.007,,ND,ND,0.0994,0.099,,0.3034,0.303,,0.1088,0.109,,0.3002,0.3,,REG,REG,0.131,0.131,,0.491,0.491,,REG,REG,0.6144,0.614,,0.1184,0.118,,LOD,LOD,0.1645,0.164,,REG,REG,0.1524,0.152,,LOD,LOD,0.0636,0.064,,LOD,LOD,0.1846,0.185,,LOD,LOD,0.262,0.262,,LOD,LOD,0.2398,0.24,,LOD,LOD,0.4323,0.432,,0.4224,0.422,,0.9666,0.967,,REG,REG,1.552,1.552,,REG,REG,4.3775,4.378,,REG,REG,0.4805,0.48,,REG,REG,0.9102,0.91,,REG,REG,0.1425,0.142,,LOD,LOD,0.0408,0.041,,LOD,LOD,0.092,0.092,,LOD,LOD,0.0017,0.002,,ND,ND,0.0264,0.026,,REG,REG,0.04,0.04,,0.5184,0.518,,REG,REG,0.0673,0.067,,REG,REG,0.032,0.032,,0.2059,0.206,
61st & Passyunk312023,3,61st & Passyunk,stationary,"39.91820446, -75.2085474",39.91820446,-75.2085474,#00B9E3,Industrial,Industrial,High,"Auto body shop, junkyard, gas station",HighT/I,P726663,P726663 081023 080223 61st & Passyunk 1WK SS,P726663 081023 080223 61st & Passyunk 1WK SS.D,8/10/23,8/2/23,sample,7/26/23,8/2/23,10105,2,312023,1,1.0096,1.01,,0.2814,0.282,,REG,REG,0.1732,0.173,,0.2813,0.281,,0.7285,0.729,,REG,REG,0.0526,0.053,,REG,REG,0.0392,0.039,,REG,REG,0.0409,0.041,,0.0109,0.011,,0.1189,0.119,,0.1058,0.106,,REG,REG,0.054,0.054,,0.232,0.232,,REG,REG,0.3629,0.363,,0.0817,0.082,,REG,REG,0.0825,0.082,,REG,REG,0.0644,0.064,,REG,REG,0.0437,0.044,,LOD,LOD,0.0924,0.092,,REG,REG,0.1319,0.132,,REG,REG,0.112,0.112,,REG,REG,0.2309,0.231,,0.194,0.194,,0.5069,0.507,,REG,REG,0.6699,0.67,,REG,REG,1.9164,1.909,,REG,REG,0.1912,0.182,,REG,REG,0.3854,0.385,,REG,REG,0.0853,0.08,,REG,REG,0.0332,0.026,,REG,REG,0.06,0.059,,REG,REG,0.0016,0.002,,ND,ND,0.0109,0.011,,REG,REG,0.0165,0.016,,0.1993,0.199,,REG,REG,0.0277,0.028,,REG,REG,0.0132,0.013,,0.066,0.066,
61st & Passyunk322023,3,61st & Passyunk,stationary,"39.91820446, -75.2085474",39.91820446,-75.2085474,#00B9E3,Industrial,Industrial,High,"Auto body shop, junkyard, gas station",HighT/I,P733841,P733841 081123 080923 61st & Passyunk 1WK SS,P733841 081123 080923 61st & Passyunk 1WK SS.D,8/11/23,8/9/23,sample,8/2/23,8/9/23,10048,2,322023,1,0.6315,0.631,,0.2395,0.241,,REG,REG,0.1145,0.114,,0.1729,0.173,,0.4701,0.47,,REG,REG,0.034,0.034,,LOD,LOD,0.0073,0.007,,ND,ND,0.0275,0.027,,0.0728,0.073,,0.0257,0.026,,0.0733,0.073,,REG,REG,0.0302,0.03,,0.1434,0.143,,REG,REG,0.2057,0.206,,0.0679,0.068,,REG,REG,0.0581,0.058,,REG,REG,0.0502,0.05,,LOD,LOD,0.0332,0.033,,LOD,LOD,0.0663,0.066,,LOD,LOD,0.0724,0.072,,REG,REG,0.0629,0.063,,REG,REG,0.1327,0.133,,0.1132,0.113,,0.3034,0.303,,REG,REG,0.3777,0.378,,REG,REG,1.1121,1.112,,REG,REG,0.1088,0.109,,REG,REG,0.2514,0.251,,REG,REG,0.04,0.04,,REG,REG,0.0267,0.027,,REG,REG,0.0865,0.086,,REG,REG,0.0016,0.002,,ND,ND,5.00E-04,0,,ND,ND,0.0111,0.011,,0.2291,0.229,,REG,REG,0.0279,0.028,,REG,REG,0.0133,0.013,,0.109,0.109,
61st & Passyunk332023,3,61st & Passyunk,stationary,"39.91820446, -75.2085474",39.91820446,-75.2085474,#00B9E3,Industrial,Industrial,High,"Auto body shop, junkyard, gas station",HighT/I,P726642,P726642 082423 081623 61st & Passyunk SS,P726642 082423 081623 61st & Passyunk SS.D,8/24/23,8/16/23,sample,8/9/23,8/16/23,10196,1.3,332023,1,0.7137,0.714,,0.2155,0.216,,REG,REG,0.1371,0.137,,0.2013,0.201,,0.5302,0.53,,REG,REG,0.046,0.046,,REG,REG,0.0072,0.007,,ND,ND,0.0352,0.035,,0.0978,0.098,,0.0331,0.033,,0.089,0.089,,REG,REG,0.0502,0.05,,0.191,0.191,,REG,REG,0.24,0.24,,0.1979,0.198,,REG,REG,0.1191,0.119,,REG,REG,0.0978,0.098,,REG,REG,0.0764,0.076,,REG,REG,0.1357,0.136,,REG,REG,0.0811,0.081,,REG,REG,0.0615,0.062,,REG,REG,0.153,0.153,,0.1312,0.131,,0.3343,0.334,,REG,REG,0.3858,0.386,,REG,REG,1.0502,1.05,,REG,REG,0.0881,0.088,,REG,REG,0.302,0.302,,REG,REG,0.0564,0.056,,REG,REG,0.0171,0.017,,REG,REG,0.0506,0.051,,REG,REG,0.0227,0.023,,REG,REG,4.00E-04,0,,ND,ND,0.0142,0.014,,0.1743,0.174,,REG,REG,0.0238,0.024,,REG,REG,0.017,0.017,,0.0455,0.046,
61st & Passyunk342023,3,61st & Passyunk,stationary,"39.91820446, -75.2085474",39.91820446,-75.2085474,#00B9E3,Industrial,Industrial,High,"Auto body shop, junkyard, gas station",HighT/I,P733897,P733897 082523 082323 61st & Passyunk SS,P733897 082523 082323 61st & Passyunk SS.D,8/25/23,8/23/23,sample,8/16/23,8/23/23,9986,2,342023,1,0.8643,0.864,,0.3035,0.305,,REG,REG,0.1652,0.165,,0.2372,0.237,,0.652,0.652,,REG,REG,0.0532,0.053,,REG,REG,0.0397,0.04,,REG,REG,0.0449,0.045,,0.1189,0.119,,0.0372,0.037,,0.1071,0.107,,REG,REG,0.0546,0.055,,0.1895,0.19,,REG,REG,0.247,0.247,,0.116,0.116,,REG,REG,0.096,0.096,,REG,REG,0.0749,0.075,,REG,REG,0.0767,0.077,,REG,REG,0.1268,0.127,,REG,REG,0.091,0.091,,REG,REG,0.0666,0.067,,REG,REG,0.1669,0.167,,0.161,0.161,,0.3664,0.366,,REG,REG,0.3903,0.39,,REG,REG,1.0618,1.062,,REG,REG,0.0733,0.073,,REG,REG,0.2846,0.285,,REG,REG,0.0518,0.052,,REG,REG,0.0134,0.013,,LOD,LOD,0.0312,0.031,,REG,REG,0.0017,0.002,,ND,ND,5.00E-04,0,,ND,ND,0.0167,0.017,,0.1729,0.173,,REG,REG,0.0187,0.019,,REG,REG,0.0312,0.031,,0.0381,0.038,
61st & Passyunk352023,3,61st & Passyunk,stationary,"39.91820446, -75.2085474",39.91820446,-75.2085474,#00B9E3,Industrial,Industrial,High,"Auto body shop, junkyard, gas station",HighT/I,P733861,P733861 090723 083023 61st and Passyunk SS,P733861 090723 083023 61st and Passyunk SS.D,9/7/23,8/30/23,sample,8/23/23,8/30/23,10040,2,352023,1,0.4838,0.49,,0.193,0.197,,REG,REG,0.0892,0.09,,0.1306,0.131,,0.3306,0.335,,REG,REG,0.034,0.034,,LOD,LOD,0.0243,0.024,,LOD,LOD,0.0189,0.024,,0.0594,0.059,,0.0263,0.026,,0.0747,0.073,,REG,REG,0.0297,0.03,,0.136,0.144,,REG,REG,0.1732,0.173,,0.0097,0.058,,ND,REG,0.0259,0.054,,REG,REG,0.0543,0.06,,REG,REG,0.0502,0.049,,LOD,LOD,0.0736,0.08,,LOD,LOD,0.0664,0.066,,REG,REG,0.0552,0.055,,REG,REG,0.1328,0.133,,0.1279,0.125,,0.328,0.328,,REG,REG,0.3456,0.346,,REG,REG,0.9486,0.949,,REG,REG,0.0786,0.079,,REG,REG,0.3565,0.356,,REG,REG,0.0277,0.028,,REG,REG,0.0106,0.011,,LOD,LOD,0.0354,0.035,,REG,REG,0.0016,0.002,,ND,ND,5.00E-04,0,,ND,ND,0.0042,0.006,,0.1863,0.186,,REG,REG,0.0186,0.019,,REG,REG,0.0089,0.009,,0.0617,0.062,
61st & Passyunk362023,3,61st & Passyunk,stationary,"39.91820446, -75.2085474",39.91820446,-75.2085474,#00B9E3,Industrial,Industrial,High,"Auto body shop, junkyard, gas station",HighT/I,P726664,P726664 090823 090623 61st and Passyunk SS,P726664 090823 090623 61st and Passyunk SS.D,9/8/23,9/6/23,sample,8/30/23,9/6/23,10126,2,362023,1,1.051,1.051,,0.2901,0.291,,REG,REG,0.1823,0.182,,0.301,0.301,,0.7648,0.765,,REG,REG,0.0562,0.056,,REG,REG,0.0422,0.042,,REG,REG,0.0426,0.043,,0.1282,0.128,,0.0484,0.048,,0.1317,0.132,,REG,REG,0.0594,0.059,,0.2304,0.23,,REG,REG,0.3363,0.336,,0.031,0.031,,REG,REG,0.0628,0.063,,REG,REG,0.0634,0.063,,REG,REG,0.0391,0.039,,LOD,LOD,0.0796,0.08,,LOD,LOD,0.1317,0.132,,REG,REG,0.1106,0.111,,REG,REG,0.237,0.237,,0.2082,0.208,,0.5179,0.518,,REG,REG,0.6364,0.636,,REG,REG,1.693,1.693,,REG,REG,0.113,0.113,,REG,REG,0.395,0.395,,REG,REG,0.0065,0.007,,ND,ND,0.0171,0.017,,REG,REG,0.0318,0.032,,REG,REG,0.0221,0.022,,REG,REG,5.00E-04,0,,ND,ND,0.0206,0.021,,0.1847,0.185,,REG,REG,0.0185,0.018,,REG,REG,0.0132,0.013,,0.0376,0.038,
61st & Passyunk392023,3,61st & Passyunk,stationary,"39.91820446, -75.2085474",39.91820446,-75.2085474,#00B9E3,Industrial,Industrial,High,"Auto body shop, junkyard, gas station",HighT/I,P733877,P733877 092923 092723 61st and Passyunk SS,P733877 092923 092723 61st and Passyunk SS RENAME.D,9/29/23,9/27/23,sample,9/20/23,9/27/23,10024,2,392023,1,1.1615,1.161,,0.293,0.294,,REG,REG,0.1592,0.159,,0.2516,0.252,,0.6453,0.645,,REG,REG,0.0379,0.038,,REG,REG,0.0274,0.027,,LOD,LOD,0.0292,0.029,,0.098,0.098,,0.0376,0.038,,0.1081,0.108,,REG,REG,0.0418,0.042,,0.1813,0.181,,REG,REG,0.2599,0.26,,0.017,0.017,,REG,REG,0.0592,0.059,,REG,REG,0.0495,0.049,,REG,REG,0.018,0.018,,LOD,LOD,0.0538,0.054,,LOD,LOD,0.1028,0.103,,REG,REG,0.1084,0.108,,REG,REG,0.1862,0.186,,0.1633,0.163,,0.4015,0.401,,REG,REG,0.5917,0.592,,REG,REG,1.6152,1.615,,REG,REG,0.1668,0.167,,REG,REG,0.357,0.357,,REG,REG,0.0066,0.007,,ND,ND,0.0106,0.011,,LOD,LOD,0.0125,0.013,,REG,REG,0.0016,0.002,,ND,ND,5.00E-04,0,,ND,ND,0.0152,0.015,,0.2727,0.273,,REG,REG,0.028,0.028,,REG,REG,0.0133,0.013,,0.1473,0.147,
61st & Passyunk402023,3,61st & Passyunk,stationary,"39.91820446, -75.2085474",39.91820446,-75.2085474,#00B9E3,Industrial,Industrial,High,"Auto body shop, junkyard, gas station",HighT/I,P733899,P733899 101223 100423 61st and Passyunk SS,P733899 101223 100423 61st and Passyunk SS.D,10/12/23,10/4/23,sample,9/27/23,10/4/23,10124,2,402023,1,1.2403,1.24,,0.4167,0.418,,REG,REG,0.1773,0.177,,0.2703,0.27,,0.7251,0.725,,REG,REG,0.045,0.045,,REG,REG,0.0301,0.03,,REG,REG,0.0409,0.041,,0.104,0.104,,0.041,0.041,,0.1144,0.114,,REG,REG,0.0539,0.054,,0.225,0.225,,REG,REG,0.3885,0.389,,0.0372,0.037,,REG,REG,0.0663,0.066,,REG,REG,0.067,0.067,,REG,REG,0.0336,0.034,,LOD,LOD,0.0593,0.059,,LOD,LOD,0.1197,0.12,,REG,REG,0.0953,0.095,,REG,REG,0.2101,0.21,,0.1859,0.186,,0.4698,0.47,,REG,REG,0.6686,0.669,,REG,REG,1.825,1.825,,REG,REG,0.1967,0.197,,REG,REG,0.3941,0.394,,REG,REG,0.0738,0.074,,REG,REG,0.0048,0.005,,ND,ND,0.0034,0.003,,ND,ND,0.0016,0.002,,ND,ND,5.00E-04,0,,ND,ND,0.0209,0.021,,0.2558,0.256,,REG,REG,0.0369,0.037,,REG,REG,0.022,0.022,,0.0659,0.066,
61st & Passyunk412023,3,61st & Passyunk,stationary,"39.91820446, -75.2085474",39.91820446,-75.2085474,#00B9E3,Industrial,Industrial,High,"Auto body shop, junkyard, gas station",HighT/I,P726606,P726606 101323 101123 61st and Passyunk SS,P726606 101323 101123 61st and Passyunk SS.D,10/13/23,10/11/23,sample,10/4/23,10/11/23,9988,1.99,412023,1,1.194,1.194,,0.4263,0.428,,REG,REG,0.1689,0.169,,0.2517,0.252,,0.7863,0.786,,REG,REG,0.0378,0.038,,REG,REG,0.0273,0.027,,LOD,LOD,0.0344,0.034,,0.0909,0.091,,0.0414,0.041,,0.1071,0.107,,REG,REG,0.0423,0.042,,0.3039,0.304,,REG,REG,0.5844,0.584,,0.0466,0.047,,REG,REG,0.0833,0.083,,REG,REG,0.0578,0.058,,REG,REG,0.0285,0.028,,LOD,LOD,0.053,0.053,,LOD,LOD,0.163,0.163,,REG,REG,0.1359,0.136,,REG,REG,0.2716,0.272,,0.211,0.211,,0.5953,0.595,,REG,REG,0.9604,0.96,,REG,REG,2.7134,2.713,,REG,REG,0.2135,0.213,,ULOD,ULOD,0.5757,0.576,,REG,REG,0.0066,0.007,,ND,ND,0.0387,0.039,,REG,REG,0.0219,0.022,,REG,REG,0.0017,0.002,,ND,ND,5.00E-04,0,,ND,ND,0.021,0.021,,0.2867,0.287,,REG,REG,0.0466,0.047,,REG,REG,0.0221,0.022,,0.1186,0.119,
61st & Passyunk422023,3,61st & Passyunk,stationary,"39.91820446, -75.2085474",39.91820446,-75.2085474,#00B9E3,Industrial,Industrial,High,"Auto body shop, junkyard, gas station",HighT/I,P733871,P733871 102623 101823 61st & Passyunk SS RENAME,P733871 102623 101823 61st and Passyunk SS RENAME.D,10/26/23,10/18/23,sample,10/11/23,10/18/23,10052,2,422023,1,2.5567,2.557,,0.5067,0.508,,REG,REG,0.3726,0.373,,0.5602,0.56,,1.3187,1.319,,REG,REG,0.0717,0.072,,REG,REG,0.0073,0.007,,ND,ND,0.0652,0.065,,0.1955,0.195,,0.0863,0.086,,0.2147,0.215,,REG,REG,0.0844,0.084,,0.4063,0.406,,REG,REG,0.8754,0.875,,0.0469,0.047,,REG,REG,0.0958,0.096,,REG,REG,0.0723,0.072,,REG,REG,0.0285,0.029,,LOD,LOD,0.0597,0.06,,LOD,LOD,0.2412,0.241,,REG,REG,0.2284,0.228,,REG,REG,0.457,0.457,,0.3043,0.304,,0.9706,0.971,,REG,REG,1.9795,1.979,,REG,REG,3.7898,3.79,,ULOD,ULOD,0.1413,0.141,,ULOD,ULOD,0.732,0.732,,REG,REG,0.1315,0.132,,REG,REG,0.0921,0.092,,REG,REG,0.0153,0.015,,REG,REG,0.0016,0.002,,ND,ND,0.0128,0.013,,REG,REG,0.0376,0.038,,0.3292,0.329,,REG,REG,0.0372,0.037,,REG,REG,0.0265,0.027,,0.1279,0.128,
61st & Passyunk432023,3,61st & Passyunk,stationary,"39.91820446, -75.2085474",39.91820446,-75.2085474,#00B9E3,Industrial,Industrial,High,"Auto body shop, junkyard, gas station",HighT/I,P726614,P726614 102723 102523 61st and Passyunk SS,P726614 102723 102523 61st and Passyunk SS.D,10/27/23,10/25/23,sample,10/18/23,10/25/23,10088,2,432023,1,1.9953,1.995,,0.4306,0.432,,REG,REG,0.2969,0.297,,0.4174,0.417,,1.082,1.082,,REG,REG,0.0564,0.056,,REG,REG,0.0393,0.039,,REG,REG,0.0479,0.048,,0.1461,0.146,,0.0673,0.067,,0.1726,0.173,,REG,REG,0.0661,0.066,,0.3984,0.398,,REG,REG,0.7137,0.714,,0.0467,0.047,,REG,REG,0.0954,0.095,,REG,REG,0.0769,0.077,,REG,REG,0.0552,0.055,,REG,REG,0.0793,0.079,,LOD,LOD,0.1922,0.192,,REG,REG,0.1781,0.178,,REG,REG,0.3958,0.396,,0.2566,0.257,,0.8825,0.882,,REG,REG,1.4844,1.484,,REG,REG,3.7763,3.776,,ULOD,ULOD,0.1408,0.141,,ULOD,ULOD,0.7815,0.782,,REG,REG,0.0968,0.097,,REG,REG,0.0386,0.039,,REG,REG,0.0055,0.006,,LOD,LOD,0.0016,0.002,,ND,ND,5.00E-04,0,,ND,ND,0.0264,0.026,,0.3138,0.314,,REG,REG,0.0371,0.037,,REG,REG,0.0176,0.018,,0.1274,0.127,
61st & Passyunk442023,3,61st & Passyunk,stationary,"39.91820446, -75.2085474",39.91820446,-75.2085474,#00B9E3,Industrial,Industrial,High,"Auto body shop, junkyard, gas station",HighT/I,P726606,P726606 110923 110123 61st and Passyunk SS,P726606 110923 110123 61st and Passyunk SS.D,11/9/23,11/1/23,sample,10/25/23,11/1/23,10317,2,442023,1,1.888,1.889,,0.4695,0.465,,REG,REG,0.2801,0.281,,0.403,0.403,,1.3524,1.351,,REG,REG,0.0625,0.063,,REG,REG,0.0443,0.044,,REG,REG,0.0535,0.053,,0.1564,0.156,,0.0622,0.062,,0.1607,0.161,,REG,REG,0.0764,0.076,,0.4828,0.477,,REG,REG,0.82,0.821,,0.2557,0.212,,REG,REG,0.2161,0.198,,REG,REG,0.1017,0.099,,REG,REG,0.054,0.054,,REG,REG,0.104,0.097,,REG,REG,0.1762,0.176,,REG,REG,0.1355,0.135,,REG,REG,0.4006,0.4,,0.3524,0.353,,0.8629,0.863,,REG,REG,1.2526,1.253,,REG,REG,3.5263,3.526,,REG,REG,0.1368,0.138,,ULOD,ULOD,0.6734,0.672,,REG,REG,0.137,0.128,,REG,REG,0.0559,0.044,,REG,REG,0.0127,0.012,,LOD,LOD,0.0016,0.002,,ND,ND,0.0142,0.014,,REG,REG,0.0145,0.015,,0.2789,0.279,,REG,REG,0.0353,0.036,,REG,REG,0.0302,0.03,,0.1246,0.125,
61st & Passyunk452023,3,61st & Passyunk,stationary,"39.91820446, -75.2085474",39.91820446,-75.2085474,#00B9E3,Industrial,Industrial,High,"Auto body shop, junkyard, gas station",HighT/I,P726650,P726650 111023 110823 61st and Passyunk SS,P726650 111023 110823 61st and Passyunk SS.D,11/10/23,11/8/23,sample,11/1/23,11/8/23,9899,2,452023,1,2.6965,2.697,,0.6219,0.622,,REG,REG,0.4031,0.403,,0.5795,0.58,,1.6159,1.616,,REG,REG,0.0882,0.088,,REG,REG,0.0074,0.007,,ND,ND,0.0801,0.08,,0.2304,0.23,,0.0953,0.095,,0.2349,0.235,,REG,REG,0.1041,0.104,,0.6009,0.601,,REG,REG,0.9893,0.989,,0.1655,0.165,,REG,REG,0.1999,0.2,,REG,REG,0.1306,0.131,,REG,REG,0.0508,0.051,,LOD,LOD,0.1488,0.149,,REG,REG,0.2571,0.257,,REG,REG,0.1782,0.178,,REG,REG,0.5186,0.519,,0.4623,0.462,,1.0841,1.084,,REG,REG,1.5334,1.533,,REG,REG,3.8484,3.848,,ULOD,ULOD,0.1426,0.143,,ULOD,ULOD,0.8826,0.883,,REG,REG,0.2125,0.212,,REG,REG,0.0651,0.065,,REG,REG,0.0166,0.017,,REG,REG,0.0017,0.002,,ND,ND,0.0148,0.015,,REG,REG,0.0601,0.06,,0.2907,0.291,,REG,REG,0.0368,0.037,,REG,REG,0.0359,0.036,,0.1347,0.135,
61st & Passyunk462023,3,61st & Passyunk,stationary,"39.91820446, -75.2085474",39.91820446,-75.2085474,#00B9E3,Industrial,Industrial,High,"Auto body shop, junkyard, gas station",HighT/I,P733850,P733850 112423 111523 61st & Passyunk SS,P733850 112423 111523 61st & Passyunk SS.D,11/24/23,11/15/23,sample,11/8/23,11/15/23,10132,2,462023,1,1.9366,1.937,,0.5521,0.552,,REG,REG,0.2852,0.285,,0.4156,0.416,,1.2259,1.226,,REG,REG,0.0637,0.064,,REG,REG,0.0421,0.042,,REG,REG,0.0579,0.058,,0.1593,0.159,,0.0633,0.063,,0.1637,0.164,,REG,REG,0.0778,0.078,,0.4788,0.479,,REG,REG,0.8547,0.855,,0.251,0.251,,REG,REG,0.2118,0.212,,REG,REG,0.1035,0.104,,REG,REG,0.0283,0.028,,LOD,LOD,0.0928,0.093,,REG,REG,0.2094,0.209,,REG,REG,0.1577,0.158,,REG,REG,0.4606,0.461,,0.3588,0.359,,0.987,0.987,,REG,REG,1.4172,1.417,,REG,REG,3.8727,3.873,,REG,REG,0.2107,0.211,,ULOD,ULOD,0.8,0.8,,REG,REG,0.1395,0.14,,REG,REG,0.057,0.057,,REG,REG,0.0129,0.013,,LOD,LOD,0.0016,0.002,,ND,ND,5.00E-04,0,,ND,ND,0.0203,0.02,,0.2556,0.256,,REG,REG,0.036,0.036,,REG,REG,0.0307,0.031,,0.1739,0.174,
61st & Passyunk472023,3,61st & Passyunk,stationary,"39.91820446, -75.2085474",39.91820446,-75.2085474,#00B9E3,Industrial,Industrial,High,"Auto body shop, junkyard, gas station",HighT/I,P733867,P733867 112523 112223 61st & Passyunk SS,P733867 112523 112223 61st & Passyunk SS.D,11/25/23,11/22/23,sample,11/15/23,11/22/23,10146,2,472023,1,2.2578,2.258,,0.6068,0.607,,REG,REG,0.3292,0.329,,0.4876,0.488,,1.4382,1.438,,REG,REG,0.0748,0.075,,REG,REG,0.0511,0.051,,REG,REG,0.0646,0.065,,0.1833,0.183,,0.0744,0.074,,0.1963,0.196,,REG,REG,0.0896,0.09,,0.5418,0.542,,REG,REG,0.9258,0.926,,0.1521,0.152,,REG,REG,0.1827,0.183,,REG,REG,0.1082,0.108,,REG,REG,0.0389,0.039,,LOD,LOD,0.0992,0.099,,REG,REG,0.2688,0.269,,REG,REG,0.2001,0.2,,REG,REG,0.5519,0.552,,0.4743,0.474,,1.1779,1.178,,REG,REG,1.5062,1.506,,REG,REG,4.1302,4.13,,REG,REG,0.2104,0.21,,ULOD,ULOD,0.996,0.996,,REG,REG,0.1507,0.151,,REG,REG,0.0569,0.057,,REG,REG,0.0034,0.003,,ND,ND,0.0016,0.002,,ND,ND,5.00E-04,0,,ND,ND,0.0203,0.02,,0.2411,0.241,,REG,REG,0.0451,0.045,,REG,REG,0.035,0.035,,0.1643,0.164,
61st & Passyunk482023,3,61st & Passyunk,stationary,"39.91820446, -75.2085474",39.91820446,-75.2085474,#00B9E3,Industrial,Industrial,High,"Auto body shop, junkyard, gas station",HighT/I,P733892,P733892 120823 112923 61st & Passyunk SS,P733892 120823 112923 61st & Passyunk SS.D,12/8/23,11/29/23,sample,11/22/23,11/29/23,9986,2,482023,1,1.962,1.965,,0.5476,0.548,,REG,REG,0.2689,0.269,,0.4148,0.416,,1.2064,1.21,,REG,REG,0.057,0.057,,REG,REG,0.0336,0.034,,REG,REG,0.0483,0.048,,0.1511,0.151,,0.0605,0.06,,0.1586,0.158,,REG,REG,0.0668,0.067,,0.4354,0.441,,REG,REG,0.7671,0.767,,0.1388,0.159,,REG,REG,0.1319,0.152,,REG,REG,0.0615,0.061,,REG,REG,0.0217,0.018,,LOD,LOD,0.0567,0.054,,LOD,LOD,0.1881,0.188,,REG,REG,0.1466,0.147,,REG,REG,0.4072,0.407,,0.2945,0.293,,0.8426,0.843,,REG,REG,1.2633,1.263,,REG,REG,3.811,3.815,,REG,REG,0.2153,0.214,,ULOD,ULOD,0.5692,0.569,,REG,REG,0.1082,0.107,,REG,REG,0.0504,0.051,,REG,REG,0.0034,0.003,,ND,ND,0.0017,0.002,,ND,ND,5.00E-04,0,,ND,ND,0.0145,0.015,,0.2738,0.274,,REG,REG,0.0374,0.036,,REG,REG,0.0134,0.013,,0.1335,0.134,
61st & Passyunk492023,3,61st & Passyunk,stationary,"39.91820446, -75.2085474",39.91820446,-75.2085474,#00B9E3,Industrial,Industrial,High,"Auto body shop, junkyard, gas station",HighT/I,P726618,P726618 120923 120623 61st & Passyunk SS,P726618 120923 120623 61st & Passyunk SS.D,12/9/23,12/6/23,sample,11/29/23,12/6/23,10210,2,492023,1,1.7791,1.779,,0.5479,0.549,,REG,REG,0.2581,0.258,,0.3748,0.375,,1.2174,1.217,,REG,REG,0.0558,0.056,,REG,REG,0.0328,0.033,,REG,REG,0.0473,0.047,,0.1409,0.141,,0.0591,0.059,,0.1469,0.147,,REG,REG,0.0653,0.065,,0.4385,0.439,,REG,REG,0.8286,0.829,,0.1031,0.103,,REG,REG,0.1086,0.109,,REG,REG,0.1032,0.103,,REG,REG,0.0476,0.048,,LOD,LOD,0.1077,0.108,,REG,REG,0.1425,0.142,,REG,REG,0.1336,0.134,,REG,REG,0.3983,0.398,,0.2996,0.3,,0.848,0.848,,REG,REG,1.2657,1.266,,REG,REG,3.7274,3.727,,ULOD,ULOD,0.2106,0.211,,ULOD,ULOD,0.6186,0.619,,REG,REG,0.1283,0.128,,REG,REG,0.0493,0.049,,REG,REG,0.0096,0.01,,LOD,LOD,0.0016,0.002,,ND,ND,4.00E-04,0,,ND,ND,0.0141,0.014,,0.2537,0.254,,REG,REG,0.0366,0.037,,REG,REG,0.0218,0.022,,0.0793,0.079,
61st & Passyunk502023,3,61st & Passyunk,stationary,"39.91820446, -75.2085474",39.91820446,-75.2085474,#00B9E3,Industrial,Industrial,High,"Auto body shop, junkyard, gas station",HighT/I,P726664,P726664 122123 121323 61st & Passyunk SS,P726664 122123 121323 61st & Passyunk SS.D,12/21/23,12/13/23,sample,12/6/23,12/13/23,9461,2,502023,1,2.7277,2.535,CHECK,0.6507,0.606,,REG,REG,0.3895,0.362,,0.5769,0.536,,1.5972,1.484,CHECK,REG,REG,0.1003,0.093,,REG,REG,0.0644,0.06,,REG,REG,0.0802,0.075,,0.2114,0.196,,0.0957,0.089,,0.2378,0.221,,REG,REG,0.1025,0.095,,0.5892,0.548,,REG,REG,1.0563,0.982,CHECK,0.2069,0.192,,REG,REG,0.1744,0.162,,REG,REG,0.1784,0.166,,REG,REG,0.08,0.074,,REG,REG,0.1656,0.154,,REG,REG,0.2755,0.256,,REG,REG,0.2955,0.275,,REG,REG,0.6694,0.622,,0.4477,0.416,,1.3921,1.294,CHECK,REG,REG,2.1681,2.015,CHECK,ULOD,ULOD,4.0225,3.738,CHECK,ULOD,ULOD,0.1508,0.14,,ULOD,ULOD,1.2906,1.199,CHECK,REG,REG,0.1506,0.14,,REG,REG,0.0958,0.089,,REG,REG,0.0139,0.013,,LOD,LOD,0.0017,0.002,,ND,ND,0.0136,0.013,,REG,REG,0.0211,0.02,,0.3954,0.367,,REG,REG,0.0494,0.046,,REG,REG,0.0282,0.026,,0.2668,0.248,
61st & Passyunk512023,3,61st & Passyunk,stationary,"39.91820446, -75.2085474",39.91820446,-75.2085474,#00B9E3,Industrial,Industrial,High,"Auto body shop, junkyard, gas station",HighT/I,P733889,P733889 122123 122023 61st & Passyunk SS,P733889 122123 122023 61st & Passyunk SS.D,12/21/23,12/20/23,sample,12/13/23,12/20/23,9869,2,512023,1,2.0721,2.072,,0.5795,0.581,,REG,REG,0.2923,0.292,,0.4357,0.436,,1.2983,1.298,,REG,REG,0.0692,0.069,,REG,REG,0.0463,0.046,,REG,REG,0.0594,0.059,,0.1707,0.171,,0.0688,0.069,,0.1773,0.177,,REG,REG,0.0798,0.08,,0.4471,0.447,,REG,REG,0.9113,0.911,,0.1645,0.165,,REG,REG,0.1334,0.133,,REG,REG,0.1216,0.122,,REG,REG,0.0548,0.055,,LOD,LOD,0.125,0.125,,REG,REG,0.2579,0.258,,REG,REG,0.2495,0.25,,REG,REG,0.5404,0.54,,0.3099,0.31,,1.038,1.038,,REG,REG,1.9954,1.995,,REG,REG,3.8562,3.856,,ULOD,ULOD,0.1445,0.145,,ULOD,ULOD,0.8533,0.853,,REG,REG,0.1794,0.179,,REG,REG,0.153,0.153,,REG,REG,0.0199,0.02,,REG,REG,0.0017,0.002,,ND,ND,0.013,0.013,,REG,REG,0.0146,0.015,,0.3645,0.364,,REG,REG,0.0379,0.038,,REG,REG,0.0315,0.032,,0.4873,0.487,
61st & Passyunk22024,3,61st & Passyunk,stationary,"39.91820446, -75.2085474",39.91820446,-75.2085474,#00B9E3,Industrial,Industrial,High,"Auto body shop, junkyard, gas station",HighT/I,P726609,P726609 011624 011024 61st & Passyunk SS,P726609 011624 011024 61st & Passyunk SS.D,1/16/24,1/10/24,sample,1/3/24,1/10/24,10082,2,22024,1,2.299,2.299,,0.7842,0.784,,REG,REG,0.3868,0.387,,0.486,0.486,,1.644,1.644,,ULOD,ULOD,0.0753,0.075,,REG,REG,0.0484,0.048,,REG,REG,0.0616,0.062,,0.1698,0.17,,0.0745,0.074,,0.1975,0.198,,REG,REG,0.0842,0.084,,0.5503,0.55,,REG,REG,0.9727,0.973,,0.1903,0.19,,REG,REG,0.1864,0.186,,REG,REG,0.1064,0.106,,REG,REG,0.0397,0.04,,LOD,LOD,0.0906,0.091,,REG,REG,0.3246,0.325,,REG,REG,0.2254,0.225,,REG,REG,0.7241,0.724,,0.4026,0.403,,1.5313,1.531,,REG,REG,1.6684,1.668,,REG,REG,5.5941,5.594,,ULOD,ULOD,0.0396,0.04,,ULOD,ULOD,1.1245,1.124,,REG,REG,0.1334,0.133,,REG,REG,0.0799,0.08,,REG,REG,0.0034,0.003,,ND,ND,0.0016,0.002,,ND,ND,0.0127,0.013,,REG,REG,0.0143,0.014,,0.2712,0.271,,REG,REG,0.0324,0.032,,REG,REG,0.0207,0.021,,0.1129,0.113,
61st & Passyunk32024,3,61st & Passyunk,stationary,"39.91820446, -75.2085474",39.91820446,-75.2085474,#00B9E3,Industrial,Industrial,High,"Auto body shop, junkyard, gas station",HighT/I,P733853,P733853 012524 011724 61st & Passyunk SS,P733853 012524 011724 61st & Passyunk SS.D,1/25/24,1/17/24,sample,1/10/24,1/17/24,9503,2,32024,1,1.1613,1.079,CHECK,0.5163,0.48,,REG,REG,0.1842,0.171,,0.2553,0.237,,0.8351,0.776,CHECK,REG,REG,0.0399,0.037,,REG,REG,0.0225,0.021,,LOD,LOD,0.0363,0.034,,0.1026,0.095,,0.0393,0.037,,0.0956,0.089,,REG,REG,0.051,0.047,,0.3055,0.284,,REG,REG,0.6531,0.607,,0.1117,0.104,,REG,REG,0.1013,0.094,,REG,REG,0.0513,0.048,,LOD,LOD,0.0137,0.013,,LOD,LOD,0.04,0.037,,LOD,LOD,0.1786,0.166,,REG,REG,0.1061,0.099,,REG,REG,0.3473,0.323,,0.229,0.213,,0.7392,0.687,CHECK,REG,REG,1.1225,1.043,CHECK,REG,REG,3.3694,3.132,CHECK,REG,REG,0.1562,0.145,,ULOD,ULOD,0.5616,0.522,,REG,REG,0.0931,0.087,,REG,REG,0.0353,0.033,,REG,REG,0.0036,0.003,,ND,ND,0.0017,0.002,,ND,ND,5.00E-04,0,,ND,ND,0.0094,0.009,,0.3937,0.366,,REG,REG,0.0344,0.032,,REG,REG,0.0126,0.012,,0.3102,0.288,
61st & Passyunk42024,3,61st & Passyunk,stationary,"39.91820446, -75.2085474",39.91820446,-75.2085474,#00B9E3,Industrial,Industrial,High,"Auto body shop, junkyard, gas station",HighT/I,P733880,P733880 012624 012424 61st & Passyunk SS,P733880 012624 012424 61st & Passyunk SS.D,1/26/24,1/24/24,sample,1/17/24,1/24/24,9801,2,42024,1,1.3009,1.301,,0.6473,0.647,,REG,REG,0.2143,0.214,,0.2851,0.285,,0.8879,0.888,,REG,REG,0.0542,0.054,,REG,REG,0.0093,0.009,,LOD,LOD,0.0422,0.042,,0.121,0.121,,0.042,0.042,,0.1182,0.118,,REG,REG,0.0618,0.062,,0.3555,0.355,,REG,REG,0.6741,0.674,,0.1229,0.123,,REG,REG,0.1152,0.115,,REG,REG,0.0995,0.1,,REG,REG,0.0298,0.03,,LOD,LOD,0.0864,0.086,,LOD,LOD,0.1855,0.186,,REG,REG,0.0927,0.093,,REG,REG,0.3843,0.384,,0.2581,0.258,,0.8287,0.829,,REG,REG,1.1825,1.183,,REG,REG,3.4224,3.422,,REG,REG,0.1514,0.151,,ULOD,ULOD,0.8345,0.835,,REG,REG,0.1255,0.125,,REG,REG,0.0548,0.055,,REG,REG,0.0035,0.004,,ND,ND,0.0017,0.002,,ND,ND,0.0094,0.009,,REG,REG,0.0091,0.009,,0.3377,0.338,,REG,REG,0.0334,0.033,,REG,REG,0.0122,0.012,,0.291,0.291,
61st & Passyunk52024,3,61st & Passyunk,stationary,"39.91820446, -75.2085474",39.91820446,-75.2085474,#00B9E3,Industrial,Industrial,High,"Auto body shop, junkyard, gas station",HighT/I,P733893,P733893 020824 013124 61st & Passyunk SS,P733893 020824 013124 61st & Passyunk SS.D,2/8/24,1/31/24,sample,1/24/24,1/31/24,10102,2,52024,1,1.9917,,,0.5908,,,REG,,0.2957,,,0.4262,,,1.2603,,,REG,,0.0789,,,REG,,0.0072,,,ND,,0.0751,,,0.1945,,,0.0822,,,0.1815,,,REG,,0.096,,,0.4419,,,REG,,1.0006,,,0.0757,,,REG,,0.1255,,,REG,,0.1219,,,REG,,0.0421,,,LOD,,0.085,,,REG,,0.144,,,REG,,0.1087,,,REG,,0.4417,,,0.3137,,,0.9658,,,REG,,0.8935,,,REG,,2.8283,,,REG,,0.2148,,,ULOD,,0.5516,,,REG,,0.1358,,,REG,,0.0316,,,REG,,0.0049,,,LOD,,0.0016,,,ND,,5.00E-04,,,ND,,0.0144,,,0.3561,,,REG,,0.0439,,,REG,,0.022,,,0.0707,,
61st & Passyunk62024,3,61st & Passyunk,stationary,"39.91820446, -75.2085474",39.91820446,-75.2085474,#00B9E3,Industrial,Industrial,High,"Auto body shop, junkyard, gas station",HighT/I,P726668,P726668 021524 020724 61st & Passyunk SS,P726668 021524 020724 61st & Passyunk SS.D,2/15/24,2/7/24,sample,1/31/24,2/7/24,10077,2,62024,1,2.1668,2.167,,0.859,0.859,,REG,REG,0.3114,0.311,,0.4691,0.469,,1.5759,1.576,,REG,REG,0.0565,0.056,,REG,REG,0.0363,0.036,,REG,REG,0.0513,0.051,,0.1462,0.146,,0.0786,0.079,,0.1902,0.19,,REG,REG,0.0662,0.066,,0.5326,0.533,,REG,REG,0.937,0.937,,0.0712,0.071,,REG,REG,0.1093,0.109,,REG,REG,0.0641,0.064,,REG,REG,0.0261,0.026,,LOD,LOD,0.0786,0.079,,LOD,LOD,0.1684,0.168,,REG,REG,0.1618,0.162,,REG,REG,0.4495,0.449,,0.2561,0.256,,0.944,0.944,,REG,REG,1.3944,1.394,,REG,REG,3.5158,3.516,,REG,REG,0.2153,0.215,,ULOD,ULOD,0.6679,0.668,,REG,REG,0.0905,0.091,,REG,REG,0.0383,0.038,,REG,REG,0.0034,0.003,,ND,ND,0.0016,0.002,,ND,ND,0.0127,0.013,,REG,REG,0.009,0.009,,0.4284,0.428,,REG,REG,0.0441,0.044,,REG,REG,0.0397,0.04,,0.2552,0.255,
61st & Passyunk72024,3,61st & Passyunk,stationary,"39.91820446, -75.2085474",39.91820446,-75.2085474,#00B9E3,Industrial,Industrial,High,"Auto body shop, junkyard, gas station",HighT/I,P733845,P733845 021624 021424 61st and Passyunk SS,P733845 021624 021424 61st and Passyunk SS.D,2/16/24,2/14/24,sample,2/7/24,2/14/24,10039,2,72024,1,2.6659,2.666,,1.5533,1.553,,REG,REG,0.4022,0.402,,0.5705,0.57,,1.9888,1.989,,REG,REG,0.0832,0.083,,REG,REG,0.0577,0.058,,REG,REG,0.0721,0.072,,0.2027,0.203,,0.1015,0.101,,0.2988,0.299,,REG,REG,0.1147,0.115,,0.8045,0.805,,REG,REG,1.4651,1.465,,0.1284,0.128,,REG,REG,0.1554,0.155,,REG,REG,0.1421,0.142,,REG,REG,0.0693,0.069,,REG,REG,0.1785,0.178,,REG,REG,0.2837,0.284,,REG,REG,0.2586,0.259,,REG,REG,0.657,0.657,,0.5149,0.515,,1.4699,1.47,,REG,REG,2.0433,2.043,,ULOD,ULOD,3.7947,3.795,,ULOD,ULOD,0.2162,0.216,,ULOD,ULOD,1.9496,1.95,,REG,REG,0.171,0.171,,REG,REG,0.0585,0.058,,REG,REG,0.0034,0.003,,ND,ND,0.0016,0.002,,ND,ND,0.0164,0.016,,REG,REG,0.009,0.009,,0.4013,0.401,,REG,REG,0.0535,0.054,,REG,REG,0.0487,0.049,,0.2324,0.232,
61st & Passyunk82024,3,61st & Passyunk,stationary,"39.91820446, -75.2085474",39.91820446,-75.2085474,#00B9E3,Industrial,Industrial,High,"Auto body shop, junkyard, gas station",HighT/I,P726651,P726651 022924 022124 61st and Passyunk SS,P726651 022924 022124 61st and Passyunk SS.D,2/29/24,2/21/24,sample,2/14/24,2/21/24,10091,2,82024,1,1.7108,1.859,CHECK,0.641,0.759,CHECK,REG,REG,0.2515,0.276,,0.3641,0.401,,1.1689,1.367,CHECK,REG,REG,0.0489,0.045,,REG,REG,0.0332,0.027,,REG,LOD,0.0444,0.038,,0.1321,0.115,,0.0561,0.056,,0.1404,0.14,,REG,REG,0.0661,0.054,,0.4551,0.557,CHECK,REG,REG,0.7308,0.936,CHECK,0.4344,0.383,CHECK,REG,REG,0.2661,0.241,,REG,REG,0.0882,0.069,,REG,REG,0.0261,0.031,,LOD,LOD,0.0785,0.092,,LOD,REG,0.1321,0.168,,REG,REG,0.1286,0.148,,REG,REG,0.2969,0.383,CHECK,0.2791,0.256,,0.6284,0.81,CHECK,REG,REG,1.1282,1.281,CHECK,REG,REG,3.2655,3.303,,REG,REG,0.162,0.215,CHECK,REG,ULOD,0.427,0.615,CHECK,REG,REG,0.0065,0.102,CHECK,ND,REG,0.0382,0.038,,REG,REG,0.0034,0.003,,ND,ND,0.0016,0.002,,ND,ND,5.00E-04,0.013,,ND,REG,0.02,0.02,,0.2709,0.456,CHECK,REG,REG,0.0347,0.044,,REG,REG,0.0132,0.018,,0.0991,0.349,CHECK
61st & Passyunk92024,3,61st & Passyunk,stationary,"39.91820446, -75.2085474",39.91820446,-75.2085474,#00B9E3,Industrial,Industrial,High,"Auto body shop, junkyard, gas station",HighT/I,P733883,P733883 030124 022824 61st and Passyunk SS,P733883 030124 022824 61st and Passyunk SS.D,3/1/24,2/28/24,sample,2/21/24,2/28/24,10105,2,92024,1,1.2419,1.242,,0.5721,0.572,,REG,REG,0.1769,0.177,,0.2647,0.265,,0.8135,0.814,,REG,REG,0.0488,0.049,,REG,REG,0.0302,0.03,,REG,REG,0.0375,0.038,,0.1042,0.104,,0.0448,0.045,,0.1237,0.124,,REG,REG,0.054,0.054,,0.2693,0.269,,REG,REG,0.4198,0.42,,0.0616,0.062,,REG,REG,0.0801,0.08,,REG,REG,0.0736,0.074,,REG,REG,0.0421,0.042,,LOD,LOD,0.0915,0.092,,REG,REG,0.09,0.09,,REG,REG,0.0823,0.082,,REG,REG,0.1975,0.198,,0.1972,0.197,,0.4345,0.434,,REG,REG,0.6699,0.67,,REG,REG,1.8473,1.847,,REG,REG,0.0888,0.089,,REG,REG,0.4056,0.406,,REG,REG,0.0789,0.079,,REG,REG,0.0249,0.025,,REG,REG,0.0034,0.003,,ND,ND,0.0016,0.002,,ND,ND,5.00E-04,0,,ND,ND,0.0089,0.009,,0.2278,0.228,,REG,REG,0.0347,0.035,,REG,REG,0.0176,0.018,,0.066,0.066,
61st & Passyunk102024,3,61st & Passyunk,stationary,"39.91820446, -75.2085474",39.91820446,-75.2085474,#00B9E3,Industrial,Industrial,High,"Auto body shop, junkyard, gas station",HighT/I,P726603,P726603 031524 030624 61st and Passyunk SS,P726603 031524 030624 61st and Passyunk SS RR.D,3/15/24,3/6/24,sample,2/28/24,3/6/24,10118,2,102024,1,1.2609,1.261,,0.7968,0.797,,REG,REG,0.1816,0.182,,0.2643,0.265,,0.9152,0.864,CHECK,REG,REG,0.0413,0.041,,REG,REG,0.0271,0.027,,LOD,LOD,0.0368,0.037,,0.1108,0.111,,0.0484,0.048,,0.1148,0.114,,REG,REG,0.0538,0.054,,0.3471,0.348,,REG,REG,0.5445,0.545,,0.2673,0.269,,REG,REG,0.1802,0.184,,REG,REG,0.0753,0.077,,REG,REG,0.0386,0.04,,LOD,LOD,0.0775,0.077,,LOD,LOD,0.1378,0.138,,REG,REG,0.1278,0.128,,REG,REG,0.2754,0.275,,0.2075,0.207,,0.5885,0.591,,REG,REG,0.8196,0.819,,REG,REG,2.3222,2.334,,REG,REG,0.1348,0.139,,ULOD,ULOD,0.4442,0.445,,REG,REG,0.1502,0.154,,REG,REG,0.0357,0.04,,REG,REG,0.0034,0.003,,ND,ND,0.0477,0.049,,REG,REG,0.0108,0.01,,REG,REG,0.0254,0.006,,0.3129,0.313,,REG,REG,0.036,0.036,,REG,REG,0.0174,0.018,,0.1164,0.118,
61st & Passyunk112024,3,61st & Passyunk,stationary,"39.91820446, -75.2085474",39.91820446,-75.2085474,#00B9E3,Industrial,Industrial,High,"Auto body shop, junkyard, gas station",HighT/I,P733850,P733850 031624 031324 61st and Passyunk Rename,P733850 031624 031324 61st and Passyunk Rename.D,3/16/24,3/13/24,sample,3/6/24,3/13/24,10001,1,112024,1,2.1969,2.197,,0.6312,0.632,,REG,REG,0.3188,0.319,,0.4648,0.466,,1.262,1.21,CHECK,ULOD,ULOD,0.0645,0.065,,REG,REG,0.0427,0.043,,REG,REG,0.0666,0.067,,0.1998,0.2,,0.0829,0.083,,0.1995,0.199,,REG,REG,0.0939,0.094,,0.506,0.506,,REG,REG,1.0741,1.075,,0.0728,0.074,,REG,REG,0.1261,0.13,,REG,REG,0.0762,0.078,,REG,REG,0.0309,0.032,,REG,REG,0.0684,0.068,,REG,REG,0.2576,0.258,,REG,REG,0.161,0.161,,REG,REG,0.5186,0.519,,0.4041,0.403,,1.0953,1.097,,REG,REG,1.024,1.023,,ULOD,ULOD,1.8922,1.905,,ULOD,ULOD,0.064,0.068,,ULOD,ULOD,0.7756,0.777,,REG,REG,0.1749,0.179,,REG,REG,0.0865,0.091,,REG,REG,0.0034,0.003,,ND,ND,0.0016,0.002,,ND,ND,0.0118,0.011,,REG,REG,0.0119,0.006,,0.2805,0.281,,REG,REG,0.0411,0.041,,REG,REG,0.0198,0.02,,0.1178,0.119,
61st & Passyunk122024,3,61st & Passyunk,stationary,"39.91820446, -75.2085474",39.91820446,-75.2085474,#00B9E3,Industrial,Industrial,High,"Auto body shop, junkyard, gas station",HighT/I,P726644,P726644 040224 032024 61st & Passyunk SS,P726644 040224 032024 61st & Passyunk SS.D,4/2/24,3/20/24,sample,3/13/24,3/20/24,9661,2,122024,1,2.1707,2.02,CHECK,0.524,0.488,,REG,REG,0.3041,0.283,,0.4457,0.416,,1.3989,1.252,CHECK,REG,REG,0.0707,0.066,,REG,REG,0.0473,0.044,,REG,REG,0.0671,0.063,,0.1923,0.179,,0.0858,0.08,,0.1979,0.184,,REG,REG,0.094,0.088,,0.437,0.407,,REG,REG,0.729,0.679,,0.1074,0.101,,REG,REG,0.1327,0.127,,REG,REG,0.0991,0.094,,REG,REG,0.0348,0.033,,LOD,LOD,0.095,0.088,,REG,REG,0.207,0.193,,REG,REG,0.2372,0.221,,REG,REG,0.4195,0.39,,0.3391,0.315,,0.9319,0.869,CHECK,REG,REG,1.8351,1.707,CHECK,REG,REG,4.8176,4.495,CHECK,REG,REG,0.216,0.205,,ULOD,ULOD,0.9664,0.9,CHECK,REG,REG,0.1097,0.106,,REG,REG,0.0235,0.026,,REG,REG,0.0036,0.003,,ND,ND,0.0017,0.002,,ND,ND,0.0113,0.01,,REG,REG,0.0151,0.006,,0.3574,0.333,,REG,REG,0.028,0.026,,REG,REG,0.0228,0.021,,0.2254,0.211,
61st & Passyunk152024,3,61st & Passyunk,stationary,"39.91820446, -75.2085474",39.91820446,-75.2085474,#00B9E3,Industrial,Industrial,High,"Auto body shop, junkyard, gas station",HighT/I,P733859,P733859 041224 041024 61st & Passyunk SS,P733859 041224 041024 61st & Passyunk SS.D,4/12/24,4/10/24,sample,4/3/24,4/10/24,10041,2,152024,1,1.5366,1.537,,0.4202,0.42,,REG,REG,0.2123,0.212,,0.3289,0.329,,0.8079,0.808,,REG,REG,0.068,0.068,,REG,REG,0.0516,0.052,,REG,REG,0.0549,0.055,,0.0734,0.073,,0.0676,0.068,,0.1743,0.174,,REG,REG,0.0724,0.072,,0.3004,0.3,,REG,REG,0.5071,0.507,,0.051,0.051,,REG,REG,0.0861,0.086,,REG,REG,0.0899,0.09,,REG,REG,0.0485,0.048,,LOD,LOD,0.0946,0.095,,REG,REG,0.1449,0.145,,REG,REG,0.0895,0.089,,REG,REG,0.2714,0.271,,0.2812,0.281,,0.6073,0.607,,REG,REG,0.7955,0.795,,REG,REG,2.3665,2.366,,REG,REG,0.2131,0.213,,ULOD,ULOD,0.5976,0.598,,REG,REG,0.073,0.073,,REG,REG,0.0201,0.02,,REG,REG,0.0034,0.003,,ND,ND,0.0016,0.002,,ND,ND,0.0091,0.009,,REG,REG,0.018,0.018,,0.1863,0.186,,REG,REG,0.0279,0.028,,REG,REG,0.0133,0.013,,0.0569,0.057,
61st & Passyunk162024,3,61st & Passyunk,stationary,"39.91820446, -75.2085474",39.91820446,-75.2085474,#00B9E3,Industrial,Industrial,High,"Auto body shop, junkyard, gas station",HighT/I,P733882,P733882 042624 041724 61st and Passyunk SS,P733882 042624 041724 61st and Passyunk SS.D,4/26/24,4/17/24,sample,4/10/24,4/17/24,10174,2,162024,1,1.1022,1.102,,0.3041,0.304,,REG,REG,0.1505,0.151,,0.2315,0.231,,0.5965,0.597,,REG,REG,0.0373,0.037,,REG,REG,0.027,0.027,,LOD,LOD,0.0339,0.034,,0.0897,0.09,,0.0408,0.041,,0.1065,0.106,,REG,REG,0.0417,0.042,,0.2204,0.22,,REG,REG,0.3104,0.31,,0.2188,0.219,,REG,REG,0.1218,0.122,,REG,REG,0.0791,0.079,,REG,REG,0.0372,0.037,,LOD,LOD,0.0737,0.074,,LOD,LOD,0.1013,0.101,,REG,REG,0.0916,0.092,,REG,REG,0.1827,0.183,,0.1503,0.15,,0.3956,0.396,,REG,REG,0.6641,0.664,,REG,REG,1.7365,1.736,,REG,REG,0.2104,0.21,,ULOD,ULOD,0.4345,0.435,,REG,REG,0.072,0.072,,REG,REG,0.0198,0.02,,REG,REG,0.0034,0.003,,ND,ND,0.0016,0.002,,ND,ND,5.00E-04,0,,ND,ND,0.0068,0.007,,0.3253,0.325,,REG,REG,0.0184,0.018,,REG,REG,0.0131,0.013,,0.117,0.117,
61st & Passyunk172024,3,61st & Passyunk,stationary,"39.91820446, -75.2085474",39.91820446,-75.2085474,#00B9E3,Industrial,Industrial,High,"Auto body shop, junkyard, gas station",HighT/I,P726666,P726666 042724 042424 61st and Passyunk SS,P726666 042724 042424 61st and Passyunk SS.D,4/27/24,4/24/24,sample,4/17/24,4/24/24,9802,2,172024,1,1.0493,1.049,,0.2965,0.296,,REG,REG,0.1358,0.136,,0.2188,0.219,,0.5584,0.558,,REG,REG,0.0465,0.046,,REG,REG,0.028,0.028,,LOD,LOD,0.0317,0.032,,0.0859,0.086,,0.0385,0.038,,0.1105,0.111,,REG,REG,0.0433,0.043,,0.1892,0.189,,REG,REG,0.2678,0.268,,0.0619,0.062,,REG,REG,0.0712,0.071,,REG,REG,0.0722,0.072,,REG,REG,0.0331,0.033,,LOD,LOD,0.0629,0.063,,LOD,LOD,0.0927,0.093,,REG,REG,0.0815,0.081,,REG,REG,0.176,0.176,,0.144,0.144,,0.3857,0.386,,REG,REG,0.5637,0.564,,REG,REG,1.472,1.472,,REG,REG,0.1674,0.167,,REG,REG,0.4188,0.419,,REG,REG,0.0396,0.04,,REG,REG,0.0137,0.014,,LOD,LOD,0.0035,0.004,,ND,ND,0.0017,0.002,,ND,ND,0.0075,0.007,,REG,REG,0.0128,0.013,,0.3376,0.338,,REG,REG,0.0286,0.029,,REG,REG,0.0091,0.009,,0.1603,0.16,
61st & Passyunk182024,3,61st & Passyunk,stationary,"39.91820446, -75.2085474",39.91820446,-75.2085474,#00B9E3,Industrial,Industrial,High,"Auto body shop, junkyard, gas station",HighT/I,P726606,P726606 051124 050124 61st SS.D,P726606 051124 050124 61st SS.D,5/11/24,5/1/24,sample,4/24/24,5/1/24,10191,2,182024,1,1.1334,1.133,,0.3066,0.305,,REG,REG,0.1452,0.145,,0.2298,0.23,,0.5666,0.567,,REG,REG,0.0484,0.048,,REG,REG,0.0359,0.036,,REG,REG,0.0372,0.037,,0.093,0.093,,0.0481,0.048,,0.1382,0.138,,REG,REG,0.0476,0.048,,0.271,0.271,,REG,REG,0.3768,0.377,,0.1149,0.115,,REG,REG,0.0969,0.097,,REG,REG,0.1134,0.113,,REG,REG,0.069,0.069,,REG,REG,0.1276,0.128,,REG,REG,0.1011,0.101,,REG,REG,0.1274,0.127,,REG,REG,0.2159,0.216,,0.2193,0.219,,0.5026,0.503,,REG,REG,0.3824,0.381,,REG,REG,2.5419,2.537,,REG,REG,0.2105,0.21,,ULOD,ULOD,0.5681,0.568,,REG,REG,0.0474,0.049,,REG,REG,0.0048,0.005,,ND,ND,0.0034,0.003,,ND,ND,0.0016,0.002,,ND,ND,0.0126,0.013,,REG,REG,0.0087,0.009,,0.3247,0.325,,REG,REG,0.0257,0.028,,REG,REG,0.0131,0.013,,0.0416,0.042,
61st & Passyunk192024,3,61st & Passyunk,stationary,"39.91820446, -75.2085474",39.91820446,-75.2085474,#00B9E3,Industrial,Industrial,High,"Auto body shop, junkyard, gas station",HighT/I,P726641,P726641 051224 050824 61st SS,P726641 051224 050824 61st SS.D,5/12/24,5/8/24,sample,5/1/24,5/8/24,10251,2,192024,1,1.064,1.064,,0.4207,0.419,,REG,REG,0.1444,0.144,,0.2285,0.228,,0.638,0.638,,REG,REG,0.0407,0.041,,REG,REG,0.0268,0.027,,LOD,LOD,0.0336,0.034,,0.089,0.089,,0.0405,0.04,,0.113,0.113,,REG,REG,0.0414,0.041,,0.0017,0.002,,ND,ND,0.2705,0.271,,0.1282,0.128,,REG,REG,0.0841,0.084,,REG,REG,0.089,0.089,,REG,REG,0.0369,0.037,,LOD,LOD,0.0878,0.088,,REG,REG,0.0769,0.077,,REG,REG,0.0941,0.094,,REG,REG,0.1561,0.156,,0.1262,0.126,,0.3569,0.357,,REG,REG,0.2701,0.27,,REG,REG,1.8024,1.802,,REG,REG,0.1909,0.191,,REG,REG,0.3491,0.349,,REG,REG,0.0359,0.036,,REG,REG,0.0124,0.012,,LOD,LOD,0.0034,0.003,,ND,ND,0.0016,0.002,,ND,ND,0.0125,0.013,,REG,REG,0.0141,0.014,,0.3369,0.337,,REG,REG,0.0255,0.026,,REG,REG,0.0173,0.017,,0.0413,0.041,
61st & Passyunk202024,3,61st & Passyunk,stationary,"39.91820446, -75.2085474",39.91820446,-75.2085474,#00B9E3,Industrial,Industrial,High,"Auto body shop, junkyard, gas station",HighT/I,P733847,P733847 052324 051524 61st SS,P733847 052324 051524 61st SS.D,5/23/24,5/15/24,sample,5/8/24,5/15/24,9425,2,202024,1,0.7329,0.681,CHECK,0.305,0.282,,REG,REG,0.0934,0.087,,0.148,0.137,,0.4366,0.406,,REG,REG,0.0282,0.026,,LOD,LOD,0.0162,0.015,,LOD,LOD,0.022,0.02,,0.0633,0.059,,0.032,0.03,,0.0787,0.073,,REG,REG,0.0322,0.03,,0.1492,0.139,,REG,REG,0.2235,0.208,,0.1091,0.101,,REG,REG,0.065,0.06,,REG,REG,0.0554,0.051,,REG,REG,0.0344,0.032,,LOD,LOD,0.0743,0.069,,LOD,LOD,0.0836,0.078,,REG,REG,0.0565,0.052,,REG,REG,0.1485,0.138,,0.0999,0.093,,0.3364,0.313,,REG,REG,0.6312,0.586,,REG,REG,1.6168,1.502,CHECK,REG,REG,0.1509,0.14,,ULOD,ULOD,0.3686,0.342,,REG,REG,0.0268,0.025,,REG,REG,0.0135,0.013,,LOD,LOD,0.0037,0.003,,ND,ND,0.0145,0.014,,REG,REG,0.0097,0.009,,REG,REG,0.0094,0.009,,0.3969,0.369,,REG,REG,0.0278,0.026,,REG,REG,0.0094,0.009,,0.1864,0.173,
61st & Passyunk212024,3,61st & Passyunk,stationary,"39.91820446, -75.2085474",39.91820446,-75.2085474,#00B9E3,Industrial,Industrial,High,"Auto body shop, junkyard, gas station",HighT/I,P733863,P733863 052424 052224 61st SS,P733863 052424 052224 61st SS.D,5/24/24,5/22/24,sample,5/15/24,5/22/24,9850,2,212024,1,0.7592,0.759,,0.2602,0.259,,REG,REG,0.0995,0.099,,0.1576,0.158,,0.4523,0.452,,REG,REG,0.0308,0.031,,LOD,LOD,0.0155,0.015,,LOD,LOD,0.0245,0.025,,0.0606,0.061,,0.0268,0.027,,0.0753,0.075,,REG,REG,0.0308,0.031,,0.1624,0.162,,REG,REG,0.2477,0.248,,0.0657,0.066,,REG,REG,0.0622,0.062,,REG,REG,0.0728,0.073,,REG,REG,0.0439,0.044,,LOD,LOD,0.0914,0.091,,REG,REG,0.0923,0.092,,REG,REG,0.0574,0.057,,REG,REG,0.1557,0.156,,0.1075,0.107,,0.3467,0.347,,REG,REG,0.6664,0.666,,REG,REG,1.7597,1.76,,REG,REG,0.1444,0.144,,ULOD,ULOD,0.4275,0.427,,REG,REG,0.0257,0.026,,REG,REG,0.0129,0.013,,LOD,LOD,0.03,0.03,,REG,REG,0.0017,0.002,,ND,ND,5.00E-04,0,,ND,ND,0.009,0.009,,0.3214,0.321,,REG,REG,0.0266,0.027,,REG,REG,0.0135,0.014,,0.1252,0.125,
61st & Passyunk222024,3,61st & Passyunk,stationary,"39.91820446, -75.2085474",39.91820446,-75.2085474,#00B9E3,Industrial,Industrial,High,"Auto body shop, junkyard, gas station",HighT/I,P733890,P733890 060724 052924 61st SS,P733890 060724 052924 61st SS.D,6/7/24,5/29/24,sample,5/22/24,5/29/24,9572,2,222024,1,0.7768,0.722,CHECK,0.271,0.251,,REG,REG,0.1037,0.096,,0.1696,0.158,,0.5355,0.498,,REG,REG,0.0315,0.029,,LOD,LOD,0.0191,0.018,,LOD,LOD,0.0252,0.023,,0.0623,0.058,,0.0274,0.025,,0.077,0.072,,REG,REG,0.0317,0.029,,0.1661,0.155,,REG,REG,0.2236,0.208,,0.0599,0.056,,REG,REG,0.0583,0.054,,REG,REG,0.0609,0.057,,REG,REG,0.0282,0.026,,LOD,LOD,0.0669,0.062,,LOD,LOD,0.0633,0.059,,REG,REG,0.0834,0.078,,REG,REG,0.1532,0.143,,0.1229,0.114,,0.3313,0.308,,REG,REG,0.5352,0.498,,REG,REG,1.4328,1.333,CHECK,REG,REG,0.1406,0.13,,REG,REG,0.4069,0.378,,REG,REG,0.0444,0.036,,REG,REG,0.007,0.006,,LOD,LOD,0.0271,0.025,,REG,REG,0.0017,0.002,,ND,ND,0.011,0.011,,REG,REG,0.025,0.023,,0.1654,0.154,,REG,REG,0.0195,0.016,,REG,REG,0.0232,0.022,,0.0497,0.046,
61st & Passyunk232024,3,61st & Passyunk,stationary,"39.91820446, -75.2085474",39.91820446,-75.2085474,#00B9E3,Industrial,Industrial,High,"Auto body shop, junkyard, gas station",HighT/I,P726614,P726614 060724 060524 61st SS,P726614 060724 060524 61st SS.D,6/7/24,6/5/24,sample,5/29/24,6/5/24,9349,2,232024,1,0.9634,0.895,CHECK,0.2373,0.219,,REG,REG,0.1222,0.113,,0.2018,0.187,,0.5255,0.488,,REG,REG,0.0363,0.034,,LOD,LOD,0.0196,0.018,,LOD,LOD,0.0295,0.027,,0.0751,0.07,,0.0321,0.03,,0.0967,0.09,,REG,REG,0.0324,0.03,,0.1908,0.177,,REG,REG,0.2432,0.226,,0.041,0.038,,REG,REG,0.0553,0.051,,REG,REG,0.0519,0.048,,LOD,LOD,0.0231,0.021,,LOD,LOD,0.0613,0.057,,LOD,LOD,0.0778,0.072,,REG,REG,0.089,0.083,,REG,REG,0.1711,0.159,,0.1384,0.129,,0.3652,0.339,,REG,REG,0.559,0.519,,REG,REG,1.5077,1.4,CHECK,REG,REG,0.1045,0.096,,REG,REG,0.4954,0.46,,REG,REG,0.0455,0.045,,REG,REG,0.0072,0.007,,LOD,LOD,0.0382,0.035,,REG,REG,0.0018,0.002,,ND,ND,0.0113,0.01,,REG,REG,0.0196,0.018,,0.1539,0.143,,REG,REG,0.02,0.019,,REG,REG,0.0095,0.009,,0.0458,0.043,
61st & Passyunk242024,3,61st & Passyunk,stationary,"39.91820446, -75.2085474",39.91820446,-75.2085474,#00B9E3,Industrial,Industrial,High,"Auto body shop, junkyard, gas station",HighT/I,P726650,P726650 062124 061224 61st SS,P726650 062124 061224 61st SS.D,6/21/24,6/12/24,sample,6/5/24,6/12/24,9874,2,242024,1,1.216,1.216,,0.269,0.268,,REG,REG,0.1613,0.161,,0.2657,0.266,,0.6958,0.696,,REG,REG,0.0459,0.046,,REG,REG,0.0278,0.028,,LOD,LOD,0.0349,0.035,,0.0995,0.099,,0.0418,0.042,,0.1169,0.117,,REG,REG,0.0491,0.049,,0.2133,0.213,,REG,REG,0.291,0.291,,0.2028,0.203,,REG,REG,0.1156,0.116,,REG,REG,0.0739,0.074,,REG,REG,0.0383,0.038,,LOD,LOD,0.0851,0.085,,LOD,LOD,0.1105,0.11,,REG,REG,0.0708,0.071,,REG,REG,0.189,0.189,,0.1668,0.167,,0.4076,0.408,,REG,REG,0.4669,0.467,,REG,REG,1.3311,1.331,,REG,REG,0.1312,0.131,,REG,REG,0.3625,0.362,,REG,REG,0.0896,0.092,,REG,REG,0.0204,0.02,,REG,REG,0.0262,0.026,,REG,REG,0.0017,0.002,,ND,ND,0.0125,0.012,,REG,REG,0.0129,0.013,,0.204,0.204,,REG,REG,0.0284,0.028,,REG,REG,0.0135,0.014,,0.0482,0.048,
61st & Passyunk252024,3,61st & Passyunk,stationary,"39.91820446, -75.2085474",39.91820446,-75.2085474,#00B9E3,Industrial,Industrial,High,"Auto body shop, junkyard, gas station",HighT/I,P726664,P726664 062124 061924 61st SS,P726664 062124 061924 61st SS.D,6/21/24,6/19/24,sample,6/12/24,6/19/24,10143,2,252024,1,0.6275,0.627,,0.1756,0.175,,REG,REG,0.0831,0.083,,0.1393,0.139,,0.3291,0.329,,REG,REG,0.0335,0.033,,LOD,LOD,0.021,0.021,,LOD,LOD,0.0272,0.027,,0.0553,0.055,,0.0259,0.026,,0.0809,0.081,,REG,REG,0.0299,0.03,,0.1313,0.131,,REG,REG,0.1584,0.158,,0.08,0.08,,REG,REG,0.0633,0.063,,REG,REG,0.0527,0.053,,LOD,LOD,0.032,0.032,,LOD,LOD,0.0697,0.07,,LOD,LOD,0.0717,0.072,,REG,REG,0.0394,0.039,,LOD,LOD,0.1117,0.112,,0.116,0.116,,0.2405,0.24,,REG,REG,0.2523,0.252,,REG,REG,0.676,0.676,,REG,REG,0.0486,0.048,,REG,REG,0.301,0.301,,REG,REG,0.0193,0.022,,REG,REG,0.0066,0.007,,LOD,LOD,0.0546,0.054,,REG,REG,0.0016,0.002,,ND,ND,5.00E-04,0,,ND,ND,0.0071,0.007,,0.1844,0.184,,REG,REG,0.0184,0.018,,REG,REG,0.0088,0.009,,0.0376,0.038,
61st & Passyunk262024,3,61st & Passyunk,stationary,"39.91820446, -75.2085474",39.91820446,-75.2085474,#00B9E3,Industrial,Industrial,High,"Auto body shop, junkyard, gas station",HighT/I,P733847,P733847 062724 061924 61st SS,P733847 062724 061924 61st SS.D,6/27/24,6/19/24,sample,6/19/24,6/26/24,10071,2,262024,1,0.8163,0.816,,0.152,0.151,,REG,REG,0.1184,0.118,,0.1612,0.161,,0.4413,0.441,,REG,REG,0.045,0.045,,REG,REG,0.0303,0.03,,REG,REG,0.0377,0.038,,0.0523,0.052,,0.0335,0.034,,0.0898,0.09,,REG,REG,0.0361,0.036,,0.1835,0.184,,REG,REG,0.2257,0.226,,0.0995,0.1,,REG,REG,0.0803,0.08,,REG,REG,0.0821,0.082,,REG,REG,0.0322,0.032,,LOD,LOD,0.0768,0.077,,LOD,LOD,0.1204,0.12,,REG,REG,0.0496,0.05,,REG,REG,0.1456,0.146,,0.1752,0.175,,0.3269,0.327,,REG,REG,0.3661,0.366,,REG,REG,0.9457,0.946,,REG,REG,0.0884,0.088,,REG,REG,0.324,0.324,,REG,REG,0.0422,0.045,,REG,REG,0.0133,0.013,,LOD,LOD,0.0615,0.061,,REG,REG,0.0016,0.002,,ND,ND,0.0105,0.01,,REG,REG,0.0072,0.007,,0.1857,0.186,,REG,REG,0.0186,0.019,,REG,REG,0.0177,0.018,,0.0615,0.061,
28th & Passyunk272023,4,28th & Passyunk,stationary,"39.92061091, -75.1955879",39.92061091,-75.1955879,#00BA38,Industrial,Vacant,High,"Oil terminal, gas station, former refinery site, natural gas terminal",HighT/I,P733881,P733881 071323 070523 28th & Passyunk 1WK SS,P733881 071323 070523 28th _ Passyunk 1WK SS.D,7/13/23,7/5/23,sample,6/28/23,7/5/23,9287,2,272023,1,0.9614,0.892,CHECK,0.4004,0.372,,REG,REG,0.1615,0.15,,0.2437,0.226,,0.4152,0.385,,REG,REG,0.0654,0.061,,REG,REG,0.023,0.021,,LOD,LOD,0.0483,0.045,,0.1096,0.102,,0.0447,0.041,,0.1705,0.158,,REG,REG,0.0718,0.067,,0.4993,0.463,,REG,REG,0.5061,0.47,,0.034,0.032,,REG,REG,0.1576,0.146,,REG,REG,0.0906,0.084,,REG,REG,0.0487,0.045,,LOD,LOD,0.114,0.106,,REG,REG,0.4046,0.375,,REG,REG,0.2042,0.188,,REG,REG,0.3589,0.333,,0.5178,0.481,,0.9192,0.853,CHECK,REG,REG,1.0492,0.962,CHECK,REG,REG,2.2817,2.132,CHECK,REG,REG,0.0926,0.095,,REG,REG,2.2782,2.114,CHECK,REG,REG,0.0619,0.062,,REG,REG,0.0052,0.005,,ND,ND,0.0397,0.035,,REG,REG,0.0018,0.002,,ND,ND,5.00E-04,0,,ND,ND,0.006,0.006,,0.1859,0.173,,REG,REG,0.0201,0.019,,REG,REG,0.0096,0.009,,0.0359,0.033,
28th & Passyunk282023,4,28th & Passyunk,stationary,"39.92061091, -75.1955879",39.92061091,-75.1955879,#00BA38,Industrial,Vacant,High,"Oil terminal, gas station, former refinery site, natural gas terminal",HighT/I,P726646,P726646 071323 071223 28th & Passyunk 1WK SS,P726646 071323 071223 28th & Passyunk 1WK SS.D,7/13/23,7/12/23,sample,7/5/23,7/12/23,9356,2,282023,1,3.0538,2.836,CHECK,0.4776,0.444,,REG,REG,0.4489,0.417,,0.7369,0.684,CHECK,0.9307,0.864,CHECK,REG,REG,0.2028,0.188,,REG,REG,0.1955,0.182,,REG,REG,0.1511,0.14,,0.345,0.32,,0.1775,0.165,,0.6146,0.571,,REG,REG,0.2332,0.217,,1.1852,1.101,CHECK,REG,REG,1.336,1.241,CHECK,0.1966,0.183,,REG,REG,0.3702,0.344,,REG,REG,0.0159,0.015,,ND,ND,0.1466,0.136,,REG,REG,0.3198,0.297,,REG,REG,0.6607,0.614,,REG,REG,0.5157,0.479,,REG,REG,1.418,1.317,CHECK,1.8343,1.703,CHECK,3.5845,3.328,CHECK,REG,REG,3.2887,3.054,CHECK,ULOD,ULOD,6.0923,5.657,CHECK,ULOD,ULOD,0.2164,0.201,,ULOD,ULOD,3.3753,3.134,CHECK,ULOD,ULOD,0.3071,0.285,,REG,REG,0.0135,0.012,,REG,REG,0.0359,0.033,,REG,REG,0.0018,0.002,,ND,ND,5.00E-04,0,,ND,ND,0.0064,0.006,,0.1845,0.171,,REG,REG,0.0012,0.001,,ND,ND,0.0143,0.013,,0.0458,0.043,
28th & Passyunk292023,4,28th & Passyunk,stationary,"39.92061091, -75.1955879",39.92061091,-75.1955879,#00BA38,Industrial,Vacant,High,"Oil terminal, gas station, former refinery site, natural gas terminal",HighT/I,P637227,P637227 072723 071923 28th & Passyunk 1WK DS,P637227 072723 071923 28th & Passyunk 1WK DS.D,7/27/23,7/19/23,sample,7/12/23,7/19/23,9370,14.3,292023,1,8.3317,7.737,CHECK,1.2577,1.168,CHECK,REG,REG,1.2591,1.169,CHECK,2.1286,1.977,CHECK,2.9766,2.764,CHECK,REG,REG,0.0094,0.009,,ND,ND,0.0078,0.007,,ND,ND,0.4473,0.415,,1.0442,0.97,CHECK,0.4895,0.455,,1.7169,1.594,CHECK,REG,REG,0.8787,0.816,CHECK,3.1785,2.952,CHECK,REG,REG,3.0416,2.825,CHECK,0.9611,0.893,CHECK,REG,REG,0.0066,0.006,,ND,ND,1.2781,1.187,CHECK,REG,REG,0.9748,0.905,CHECK,REG,REG,2.3321,2.166,CHECK,REG,REG,0.0146,0.014,,ND,ND,2.2092,2.052,CHECK,REG,REG,3.3575,3.118,CHECK,5.5644,5.167,CHECK,9.9572,9.247,CHECK,REG,REG,13.6962,12.719,CHECK,REG,REG,29.4903,27.386,CHECK,REG,REG,1.3533,1.257,CHECK,REG,REG,24.0971,22.378,CHECK,ULOD,ULOD,0.3263,0.303,,REG,REG,0.0432,0.04,,LOD,LOD,0.0975,0.09,,LOD,LOD,0.0018,0.002,,ND,ND,5.00E-04,0,,ND,ND,0.0064,0.006,,0.0077,0.007,,ND,ND,0.0012,0.001,,ND,ND,0.0678,0.063,,0.1817,0.169,
28th & Passyunk302023,4,28th & Passyunk,stationary,"39.92061091, -75.1955879",39.92061091,-75.1955879,#00BA38,Industrial,Vacant,High,"Oil terminal, gas station, former refinery site, natural gas terminal",HighT/I,P726612,P726612 072823 072623 28th & Passyunk 1WK DS,P726612 072823 072623 28th _ Passyunk 1WK DS.D,7/28/23,7/26/23,sample,7/19/23,7/26/23,9924,14.3,302023,1,3.7496,3.75,,0.557,0.557,,REG,REG,0.3963,0.396,,0.9859,0.986,,1.0629,1.063,,REG,REG,0.3555,0.009,CHECK,REG,ND,0.3075,0.308,,REG,REG,0.2236,0.224,,0.5562,0.556,,0.1903,0.19,,0.9006,0.901,,REG,REG,0.2183,0.218,,0.9558,0.956,,REG,REG,1.0466,1.047,,0.3586,0.359,,REG,REG,0.3746,0.375,,REG,REG,0.4335,0.434,,REG,REG,0.453,0.453,,REG,REG,0.905,0.905,,REG,REG,0.786,0.786,,REG,REG,0.5275,0.526,,REG,REG,1.0087,1.009,,1.4395,1.439,,2.548,2.548,,REG,REG,3.9164,3.904,,REG,REG,9.043,9.057,,REG,REG,0.569,0.578,,REG,REG,4.8537,4.854,,REG,REG,0.1425,0.147,,LOD,LOD,0.0049,0.005,,ND,ND,0.092,0.091,,LOD,LOD,0.0017,0.002,,ND,ND,5.00E-04,0,,ND,ND,0.04,0.04,,0.5183,0.518,,REG,REG,0.0673,0.067,,REG,REG,0.032,0.032,,0.2059,0.206,
28th & Passyunk312023,4,28th & Passyunk,stationary,"39.92061091, -75.1955879",39.92061091,-75.1955879,#00BA38,Industrial,Vacant,High,"Oil terminal, gas station, former refinery site, natural gas terminal",HighT/I,P726651,P726651 081023 080223 28th & Passyunk 1WK SS,P726651 081023 080223 28th & Passyunk 1WK SS.D,8/10/23,8/2/23,sample,7/26/23,8/2/23,10105,2,312023,1,0.8259,0.826,,0.3433,0.344,,REG,REG,0.1188,0.119,,0.224,0.224,,0.379,0.379,,REG,REG,0.0087,0.009,,ND,ND,0.0573,0.057,,REG,REG,0.0444,0.044,,0.1001,0.1,,0.0479,0.048,,0.1636,0.164,,REG,REG,0.06,0.06,,0.4235,0.424,,REG,REG,0.4222,0.422,,0.2655,0.265,,REG,REG,0.2103,0.21,,REG,REG,0.1513,0.151,,REG,REG,0.1186,0.119,,REG,REG,0.2309,0.231,,REG,REG,0.3599,0.36,,REG,REG,0.2437,0.244,,REG,REG,0.4222,0.422,,0.5317,0.532,,1.1224,1.122,,REG,REG,1.3499,1.35,,REG,REG,3.0474,3.04,,REG,REG,0.1848,0.176,,REG,REG,2.3855,2.385,,REG,REG,0.1081,0.102,,REG,REG,0.0133,0.006,,LOD,LOD,0.047,0.046,,REG,REG,0.0016,0.002,,ND,ND,5.00E-04,0,,ND,ND,0.0059,0.006,,0.2136,0.214,,REG,REG,0.037,0.037,,REG,REG,0.0132,0.013,,0.0754,0.075,
28th & Passyunk322023,4,28th & Passyunk,stationary,"39.92061091, -75.1955879",39.92061091,-75.1955879,#00BA38,Industrial,Vacant,High,"Oil terminal, gas station, former refinery site, natural gas terminal",HighT/I,P733845,P733845 081123 080923 28th & Passyunk 1WK SS,P733845 081123 080923 28th _ Passyunk 1WK SS.D,8/11/23,8/9/23,sample,8/2/23,8/9/23,10046,2,322023,1,3.0917,3.092,,0.4697,0.471,,REG,REG,0.433,0.433,,0.7335,0.733,,0.826,0.826,,REG,REG,0.0088,0.009,,ND,ND,0.2064,0.206,,REG,REG,0.1545,0.154,,0.415,0.415,,0.1909,0.191,,0.6208,0.621,,REG,REG,0.2413,0.241,,0.837,0.837,,REG,REG,0.9556,0.956,,0.2623,0.262,,REG,REG,0.3442,0.344,,REG,REG,0.2298,0.23,,REG,REG,0.2323,0.232,,REG,REG,0.511,0.511,,REG,REG,0.7722,0.772,,REG,REG,0.4538,0.454,,REG,REG,0.9954,0.995,,1.7059,1.706,,2.5371,2.537,,REG,REG,2.7668,2.767,,REG,REG,5.6818,5.682,,ULOD,ULOD,0.2104,0.21,,ULOD,ULOD,3.1434,3.143,,ULOD,ULOD,0.1888,0.189,,REG,REG,0.0267,0.027,,REG,REG,0.0636,0.064,,REG,REG,0.0016,0.002,,ND,ND,5.00E-04,0,,ND,ND,0.0055,0.006,,0.2148,0.215,,REG,REG,0.0372,0.037,,REG,REG,0.0011,0.001,,0.109,0.109,
28th & Passyunk332023,4,28th & Passyunk,stationary,"39.92061091, -75.1955879",39.92061091,-75.1955879,#00BA38,Industrial,Vacant,High,"Oil terminal, gas station, former refinery site, natural gas terminal",HighT/I,P726649,P726649 082423 081623 28th & Passyunk SS,P726649 082423 081623 28th & Passyunk SS.D,8/24/23,8/16/23,sample,8/9/23,8/16/23,10197,1.3,332023,1,1.1918,1.192,,0.2354,0.236,,REG,REG,0.1689,0.169,,0.3355,0.335,,0.4407,0.441,,REG,REG,0.0087,0.009,,ND,ND,0.1302,0.13,,REG,REG,0.0835,0.084,,0.1851,0.185,,0.086,0.086,,0.3014,0.301,,REG,REG,0.0966,0.097,,0.5117,0.512,,REG,REG,0.4482,0.448,,0.3224,0.322,,REG,REG,0.2599,0.26,,REG,REG,0.219,0.219,,REG,REG,0.1867,0.187,,REG,REG,0.3354,0.335,,REG,REG,0.367,0.367,,REG,REG,0.1867,0.187,,REG,REG,0.4802,0.48,,0.7461,0.746,,1.1894,1.189,,REG,REG,1.0918,1.092,,REG,REG,2.4464,2.446,,REG,REG,0.1005,0.1,,REG,REG,2.013,2.013,,ULOD,ULOD,0.093,0.093,,REG,REG,0.0128,0.013,,REG,REG,0.0402,0.04,,REG,REG,0.0016,0.002,,ND,ND,4.00E-04,0,,ND,ND,0.0106,0.011,,0.1651,0.165,,REG,REG,0.0238,0.024,,REG,REG,0.0142,0.014,,0.0425,0.042,
28th & Passyunk342023,4,28th & Passyunk,stationary,"39.92061091, -75.1955879",39.92061091,-75.1955879,#00BA38,Industrial,Vacant,High,"Oil terminal, gas station, former refinery site, natural gas terminal",HighT/I,P733898,P733898 082523 082323 28th & Passyunk SS,P733898 082523 082323 28th _ Passyunk SS.D,8/25/23,8/23/23,sample,8/16/23,8/23/23,9984,2,342023,1,1.1149,1.115,,0.6229,0.624,,REG,REG,0.2103,0.21,,0.3005,0.3,,0.78,0.78,,REG,REG,0.0088,0.009,,ND,ND,0.0824,0.007,CHECK,REG,ND,0.0656,0.066,,0.154,0.154,,0.0598,0.06,,0.2156,0.216,,REG,REG,0.0728,0.073,,0.4674,0.467,,REG,REG,0.4207,0.421,,0.3355,0.335,,REG,REG,0.288,0.288,,REG,REG,0.2459,0.246,,REG,REG,0.2283,0.228,,REG,REG,0.3806,0.381,,REG,REG,0.3157,0.014,CHECK,REG,ND,0.1667,0.011,CHECK,REG,ND,0.3673,0.367,,0.5617,0.562,,0.9283,0.021,CHECK,REG,ND,0.904,0.018,CHECK,REG,ND,2.1304,0.039,CHECK,REG,ND,0.1494,0,CHECK,REG,ND,1.7291,0.021,CHECK,REG,ND,0.19,0.029,CHECK,REG,REG,0.0269,0.027,,REG,REG,0.0608,0.003,CHECK,REG,ND,0.0017,0.002,,ND,ND,5.00E-04,0,,ND,ND,0.0223,0.022,,0.3315,0.007,CHECK,REG,ND,0.0562,0.001,CHECK,REG,ND,0.0223,0.022,,0.0859,0.086,
28th & Passyunk352023,4,28th & Passyunk,stationary,"39.92061091, -75.1955879",39.92061091,-75.1955879,#00BA38,Industrial,Vacant,High,"Oil terminal, gas station, former refinery site, natural gas terminal",HighT/I,P733863,P733863 090723 083023 28th and Passyunk SS,P733863 090723 083023 28th and Passyunk SS.D,9/7/23,8/30/23,sample,8/23/23,8/30/23,10039,2,352023,1,4.5821,4.588,,0.6039,0.608,,REG,REG,0.8064,0.807,,0.9066,0.907,,0.9834,0.988,,REG,REG,0.378,0.378,,REG,REG,0.41,0.41,,REG,REG,0.2628,0.268,,0.6151,0.615,,0.3684,0.368,,1.0791,1.078,,REG,REG,0.5247,0.525,,1.5949,1.602,,REG,REG,2.1057,2.105,,0.2731,0.343,CHECK,REG,REG,0.4949,0.523,,REG,REG,0.0148,0.015,,ND,ND,0.2549,0.254,,REG,REG,0.3924,0.398,,REG,REG,1.2557,1.256,,REG,REG,0.7978,0.798,,REG,REG,1.9922,1.992,,2.8585,2.856,,3.6443,3.644,,ULOD,ULOD,3.0531,3.053,,ULOD,ULOD,5.6921,5.692,,ULOD,ULOD,0.2105,0.211,,ULOD,ULOD,3.1456,3.146,,ULOD,ULOD,0.4284,0.428,,REG,REG,0.044,0.044,,REG,REG,0.0386,0.039,,REG,REG,0.0016,0.002,,ND,ND,5.00E-04,0,,ND,ND,0.0059,0.006,,0.172,0.172,,REG,REG,0.0012,0.001,,ND,ND,0.0133,0.013,,0.0617,0.062,
28th & Passyunk362023,4,28th & Passyunk,stationary,"39.92061091, -75.1955879",39.92061091,-75.1955879,#00BA38,Industrial,Vacant,High,"Oil terminal, gas station, former refinery site, natural gas terminal",HighT/I,P726666,P726666 090823 090623 28th and Passyunk SS,P726666 090823 090623 28th and Passyunk SS.D,9/8/23,9/6/23,sample,8/30/23,9/6/23,10097,2,362023,1,2.0091,2.009,,0.3466,0.348,,REG,REG,0.2868,0.287,,0.5052,0.505,,0.7165,0.716,,REG,REG,0.1466,0.147,,REG,REG,0.151,0.151,,REG,REG,0.1042,0.104,,0.2606,0.261,,0.1271,0.127,,0.4209,0.421,,REG,REG,0.1376,0.138,,0.9148,0.915,,REG,REG,1.057,1.057,,0.1584,0.158,,REG,REG,0.2899,0.29,,REG,REG,0.1651,0.165,,REG,REG,0.157,0.157,,REG,REG,0.3109,0.311,,REG,REG,0.5882,0.588,,REG,REG,0.3186,0.319,,REG,REG,0.9838,0.984,,1.2341,1.234,,2.3552,2.355,,REG,REG,2.4565,2.457,,REG,REG,5.6594,5.659,,ULOD,ULOD,0.2093,0.209,,ULOD,ULOD,3.1276,3.128,,ULOD,ULOD,0.1641,0.164,,REG,REG,0.0238,0.024,,REG,REG,0.0319,0.032,,REG,REG,0.0016,0.002,,ND,ND,5.00E-04,0,,ND,ND,0.0151,0.015,,0.171,0.171,,REG,REG,0.0012,0.001,,ND,ND,0.0088,0.009,,0.0377,0.038,
28th & Passyunk392023,4,28th & Passyunk,stationary,"39.92061091, -75.1955879",39.92061091,-75.1955879,#00BA38,Industrial,Vacant,High,"Oil terminal, gas station, former refinery site, natural gas terminal",HighT/I,P733880,P733880 092923 092723 28th and Passyunk SS,P733880 092923 092723 28th and Passyunk SS RENAME.D,9/29/23,9/27/23,sample,9/20/23,9/27/23,9999,2,392023,1,0.6786,0.679,,0.2813,0.282,,REG,REG,0.0946,0.095,,0.1417,0.142,,0.3702,0.37,,REG,REG,0.0228,0.023,,LOD,LOD,0.0152,0.015,,LOD,LOD,0.0155,0.016,,0.0561,0.056,,0.0264,0.026,,0.0667,0.067,,REG,REG,0.0237,0.024,,0.1624,0.162,,REG,REG,0.1739,0.174,,0.1028,0.103,,REG,REG,0.1469,0.147,,REG,REG,0.0398,0.04,,LOD,LOD,0.018,0.018,,LOD,LOD,0.0406,0.041,,LOD,LOD,0.1091,0.109,,REG,REG,0.122,0.122,,REG,REG,0.1267,0.127,,0.1284,0.128,,0.3171,0.317,,REG,REG,0.5112,0.511,,REG,REG,1.3335,1.333,,REG,REG,0.2114,0.211,,ULOD,ULOD,0.4421,0.442,,REG,REG,0.0066,0.007,,ND,ND,0.0106,0.011,,LOD,LOD,0.0034,0.003,,ND,ND,0.0016,0.002,,ND,ND,5.00E-04,0,,ND,ND,0.0208,0.021,,0.259,0.259,,REG,REG,0.028,0.028,,REG,REG,0.0133,0.013,,0.1524,0.152,
28th & Passyunk402023,4,28th & Passyunk,stationary,"39.92061091, -75.1955879",39.92061091,-75.1955879,#00BA38,Industrial,Vacant,High,"Oil terminal, gas station, former refinery site, natural gas terminal",HighT/I,P733900,P733900 101323 100423 28th and Passyunk SS RR,P733900 101323 100423 28th and Passyunk SS RR.D,10/13/23,10/4/23,sample,9/27/23,10/4/23,10128,2,402023,1,1.2398,1.24,,0.398,0.399,,REG,REG,0.1525,0.153,,0.2702,0.27,,0.5315,0.531,,REG,REG,0.0525,0.052,,REG,REG,0.0452,0.045,,REG,REG,0.0477,0.048,,0.1074,0.107,,0.0559,0.056,,0.1637,0.164,,REG,REG,0.0539,0.054,,0.4032,0.403,,REG,REG,0.6912,0.691,,0.103,0.103,,REG,REG,0.1321,0.132,,REG,REG,0.0862,0.086,,REG,REG,0.0603,0.06,,REG,REG,0.1053,0.105,,REG,REG,0.5206,0.521,,REG,REG,0.2234,0.223,,REG,REG,0.3943,0.394,,0.4066,0.407,,0.9753,0.975,,REG,REG,1.5494,1.549,,REG,REG,3.9118,3.912,,REG,REG,0.2116,0.212,,ULOD,ULOD,1.5683,1.568,,REG,REG,0.0965,0.096,,REG,REG,0.0119,0.012,,REG,REG,0.0282,0.028,,REG,REG,0.0016,0.002,,ND,ND,5.00E-04,0,,ND,ND,0.0208,0.021,,0.2557,0.256,,REG,REG,0.0369,0.037,,REG,REG,0.0263,0.026,,0.0705,0.071,
28th & Passyunk412023,4,28th & Passyunk,stationary,"39.92061091, -75.1955879",39.92061091,-75.1955879,#00BA38,Industrial,Vacant,High,"Oil terminal, gas station, former refinery site, natural gas terminal",HighT/I,P726607,P726607 101323 101123 28th and Passyunk SS,P726607 101323 101123 28th and Passyunk SS.D,10/13/23,10/11/23,sample,10/4/23,10/11/23,9985,1.99,412023,1,2.2691,2.269,,0.4825,0.484,,REG,REG,0.2287,0.229,,0.4563,0.456,,0.8035,0.804,,REG,REG,0.0908,0.091,,REG,REG,0.0073,0.007,,ND,ND,0.0756,0.076,,0.1888,0.189,,0.1015,0.102,,0.3147,0.315,,REG,REG,0.0785,0.079,,0.664,0.664,,REG,REG,1.3419,1.342,,0.1842,0.184,,REG,REG,0.2162,0.216,,REG,REG,0.1015,0.102,,REG,REG,0.05,0.05,,LOD,LOD,0.0995,0.1,,REG,REG,0.5556,0.556,,REG,REG,0.378,0.378,,REG,REG,0.7434,0.743,,0.7503,0.75,,1.7864,1.786,,REG,REG,3.0661,3.066,,ULOD,ULOD,5.6943,5.694,,ULOD,ULOD,0.2136,0.214,,ULOD,ULOD,2.2332,2.233,,REG,REG,0.2232,0.223,,REG,REG,0.0588,0.059,,REG,REG,0.0186,0.019,,REG,REG,0.0017,0.002,,ND,ND,5.00E-04,0,,ND,ND,0.021,0.021,,0.2724,0.272,,REG,REG,0.0559,0.056,,REG,REG,0.0221,0.022,,0.1044,0.104,
28th & Passyunk422023,4,28th & Passyunk,stationary,"39.92061091, -75.1955879",39.92061091,-75.1955879,#00BA38,Industrial,Vacant,High,"Oil terminal, gas station, former refinery site, natural gas terminal",HighT/I,P733841,P733841 102623 101823 28th & Passyunk SS RENAME,P733841 102623 101823 28th and Passyunk SS RENAME.D,10/26/23,10/18/23,sample,10/11/23,10/18/23,10051,2,422023,1,1.0788,1.079,,0.3389,0.34,,REG,REG,0.1388,0.139,,0.2356,0.236,,0.4678,0.468,,REG,REG,0.0378,0.038,,REG,REG,0.0334,0.033,,REG,REG,0.0309,0.031,,0.0838,0.084,,0.0451,0.045,,0.1318,0.132,,REG,REG,0.0362,0.036,,0.2587,0.259,,REG,REG,0.4378,0.438,,0.0422,0.042,,REG,REG,0.0792,0.079,,REG,REG,0.0626,0.063,,REG,REG,0.0608,0.061,,REG,REG,0.0663,0.066,,LOD,LOD,0.3256,0.326,,REG,REG,0.245,0.245,,REG,REG,0.2978,0.298,,0.2926,0.293,,0.7159,0.716,,REG,REG,1.2449,1.245,,REG,REG,3.2785,3.279,,REG,REG,0.1413,0.141,,ULOD,ULOD,0.931,0.931,,REG,REG,0.0629,0.063,,REG,REG,0.012,0.012,,REG,REG,0.0034,0.003,,ND,ND,0.0016,0.002,,ND,ND,5.00E-04,0,,ND,ND,0.0265,0.027,,0.3436,0.344,,REG,REG,0.0372,0.037,,REG,REG,0.0221,0.022,,0.1232,0.123,
28th & Passyunk432023,4,28th & Passyunk,stationary,"39.92061091, -75.1955879",39.92061091,-75.1955879,#00BA38,Industrial,Vacant,High,"Oil terminal, gas station, former refinery site, natural gas terminal",HighT/I,P726618,P726618 102723 102523 28th and Passyunk SS,P726618 102723 102523 28th and Passyunk SS.D,10/27/23,10/25/23,sample,10/18/23,10/25/23,10089,2,432023,1,6.0448,8.487,CHECK,2.4439,2.445,,ULOD,ULOD,2.3139,2.314,,3.13,3.13,,0.0011,1.677,CHECK,ND,ULOD,0.331,0.331,,REG,REG,0.2689,0.269,,REG,REG,0.3076,0.308,,0.6956,0.696,,0.4114,0.527,CHECK,1.4612,1.461,,REG,REG,0.4686,0.469,,2.5406,2.541,,ULOD,ULOD,2.6365,2.637,,0.0097,0.32,CHECK,ND,REG,0.7934,0.793,,ULOD,ULOD,0.0147,0.015,,ND,ND,0.0659,0.077,,REG,REG,0.1454,0.185,,REG,REG,1.2014,1.201,,ULOD,ULOD,0.6597,0.66,,ULOD,ULOD,1.3209,1.321,,2.3322,2.332,,2.4175,2.418,,ULOD,ULOD,2.0332,2.033,,ULOD,ULOD,3.7759,3.776,,ULOD,ULOD,0.1407,0.141,,ULOD,ULOD,2.0856,2.086,,ULOD,ULOD,1.3387,1.339,,REG,REG,0.7171,0.717,,REG,REG,0.0034,0.003,,ND,ND,0.0016,0.002,,ND,ND,5.00E-04,0,,ND,ND,0.0154,0.015,,0.0071,0.007,,ND,ND,0.0012,0.001,,ND,ND,0.022,0.022,,6.00E-04,0.127,CHECK
28th & Passyunk442023,4,28th & Passyunk,stationary,"39.92061091, -75.1955879",39.92061091,-75.1955879,#00BA38,Industrial,Vacant,High,"Oil terminal, gas station, former refinery site, natural gas terminal",HighT/I,P726607,P726607 110923 110123 28th and Passyunk SS,P726607 110923 110123 28th and Passyunk SS.D,11/9/23,11/1/23,sample,10/25/23,11/1/23,10316,2,442023,1,8.2999,8.301,,1.9478,1.943,,REG,REG,1.613,1.614,,2.3775,2.378,,2.4663,2.465,,ULOD,ULOD,0.3973,0.397,,REG,REG,0.3399,0.34,,REG,REG,0.3376,0.338,,0.9932,0.993,,0.4572,0.457,,1.3886,1.389,,REG,REG,0.4935,0.493,,3.5723,3.567,,REG,REG,3.8704,3.871,,0.685,0.641,,REG,REG,1.1289,1.111,,REG,REG,0.3712,0.368,,REG,REG,0.1221,0.122,,REG,REG,0.3496,0.343,,REG,REG,1.175,1.175,,ULOD,ULOD,0.6452,0.645,,ULOD,ULOD,1.2925,1.292490629,,3.4202,3.421,,2.3643,2.364,,ULOD,ULOD,1.9884,1.988,,ULOD,ULOD,3.6928,3.693,,ULOD,ULOD,0.1368,0.138,,ULOD,ULOD,2.0408,2.04,,ULOD,ULOD,1.0396,1.031,,REG,REG,0.1991,0.187,,REG,REG,0.0033,0.003,,ND,ND,0.0016,0.002,,ND,ND,4.00E-04,0,,ND,ND,0.0145,0.015,,0.007,0.007,,ND,ND,0.0011,0.001,,ND,ND,0.1077,0.108,,0.1246,0.125,
28th & Passyunk452023,4,28th & Passyunk,stationary,"39.92061091, -75.1955879",39.92061091,-75.1955879,#00BA38,Industrial,Vacant,High,"Oil terminal, gas station, former refinery site, natural gas terminal",HighT/I,P726660,P726660 111023 110823 28th and Passyunk SS,P726660 111023 110823 28th and Passyunk SS.D,11/10/23,11/8/23,sample,11/1/23,11/8/23,9900,2,452023,1,8.6486,8.649,,2.8314,2.831,,REG,REG,2.0747,2.075,,2.6103,2.61,,2.57,2.57,,ULOD,ULOD,0.5903,0.59,,REG,REG,0.4835,0.483,,REG,REG,0.4667,0.467,,1.0633,1.063,,0.6251,0.625,,1.9099,1.91,,REG,REG,0.8081,0.808,,3.8983,3.898,,ULOD,ULOD,4.033,4.033,,0.9399,0.94,,REG,REG,1.2479,1.248,,ULOD,ULOD,0.6726,0.673,,REG,REG,0.231,0.231,,REG,REG,0.6,0.6,,REG,REG,1.2244,1.224,,ULOD,ULOD,0.6723,0.672,,ULOD,ULOD,1.3468,1.347,,3.5639,3.564,,2.4637,2.464,,ULOD,ULOD,2.072,2.072,,ULOD,ULOD,3.848,3.848,,ULOD,ULOD,0.1425,0.143,,ULOD,ULOD,2.1265,2.127,,ULOD,ULOD,1.5709,1.571,,REG,REG,0.3566,0.357,,REG,REG,0.0035,0.003,,ND,ND,0.0017,0.002,,ND,ND,5.00E-04,0,,ND,ND,0.032,0.032,,0.0073,0.007,,ND,ND,0.0012,0.001,,ND,ND,0.0269,0.027,,0.1347,0.135,
28th & Passyunk462023,4,28th & Passyunk,stationary,"39.92061091, -75.1955879",39.92061091,-75.1955879,#00BA38,Industrial,Vacant,High,"Oil terminal, gas station, former refinery site, natural gas terminal",HighT/I,P733853,P733853 112423 111523 28th & Passyunk SS,P733853 112423 111523 28th & Passyunk SS.D,11/24/23,11/15/23,sample,11/8/23,11/15/23,10135,2,462023,1,2.0981,2.098,,0.8418,0.842,,REG,REG,0.2605,0.26,,0.4258,0.426,,1.0031,1.003,,REG,REG,0.0899,0.09,,REG,REG,0.0602,0.06,,REG,REG,0.0612,0.061,,0.1593,0.159,,0.0782,0.078,,0.2541,0.254,,REG,REG,0.0837,0.084,,0.606,0.606,,REG,REG,1.065,1.065,,0.2979,0.298,,REG,REG,0.3022,0.302,,REG,REG,0.1853,0.185,,REG,REG,0.0389,0.039,,LOD,LOD,0.1454,0.145,,REG,REG,0.287,0.287,,REG,REG,0.2397,0.24,,REG,REG,0.6775,0.678,,0.7069,0.707,,1.5763,1.576,,REG,REG,2.3984,2.398,,REG,REG,5.6382,5.638,,ULOD,ULOD,0.2106,0.211,,ULOD,ULOD,2.0149,2.015,,REG,REG,0.1508,0.151,,REG,REG,0.0437,0.044,,REG,REG,0.0097,0.01,,LOD,LOD,0.0016,0.002,,ND,ND,5.00E-04,0,,ND,ND,0.0148,0.015,,0.2413,0.241,,REG,REG,0.036,0.036,,REG,REG,0.0175,0.018,,0.1691,0.169,
28th & Passyunk472023,4,28th & Passyunk,stationary,"39.92061091, -75.1955879",39.92061091,-75.1955879,#00BA38,Industrial,Vacant,High,"Oil terminal, gas station, former refinery site, natural gas terminal",HighT/I,P733875,P733875 112523 112223 28th & Passyunk SS,P733875 112523 112223 28th & Passyunk SS.D,11/25/23,11/22/23,sample,11/15/23,11/22/23,10142,2,472023,1,4.6603,4.66,,1.3095,1.31,,REG,REG,0.566,0.566,,0.9082,0.908,,1.6317,1.632,,REG,REG,0.2357,0.236,,REG,REG,0.1744,0.174,,REG,REG,0.1598,0.16,,0.3979,0.398,,0.1972,0.197,,0.6812,0.681,,REG,REG,0.2211,0.221,,1.458,1.458,,REG,REG,2.4906,2.491,,0.5324,0.532,,REG,REG,0.5772,0.577,,REG,REG,0.4497,0.45,,REG,REG,0.1295,0.13,,REG,REG,0.3293,0.329,,REG,REG,0.7231,0.723,,REG,REG,0.7055,0.705,,REG,REG,1.7879,1.788,,2.0984,2.098,,3.6073,3.607,,ULOD,ULOD,3.0338,3.034,,ULOD,ULOD,5.6343,5.634,,ULOD,ULOD,0.2105,0.21,,ULOD,ULOD,3.1137,3.114,,ULOD,ULOD,0.4227,0.423,,REG,REG,0.0966,0.097,,REG,REG,0.0034,0.003,,ND,ND,0.0016,0.002,,ND,ND,5.00E-04,0,,ND,ND,0.0148,0.015,,0.227,0.227,,REG,REG,0.0544,0.054,,REG,REG,0.1227,0.123,,0.169,0.169,
28th & Passyunk482023,4,28th & Passyunk,stationary,"39.92061091, -75.1955879",39.92061091,-75.1955879,#00BA38,Industrial,Vacant,High,"Oil terminal, gas station, former refinery site, natural gas terminal",HighT/I,P733893,P733893 120823 112923 28th & Passyunk SS,P733893 120823 112923 28th & Passyunk SS.D,12/8/23,11/29/23,sample,11/22/23,11/29/23,9989,2,482023,1,1.0247,1.028,,0.4223,0.422,,REG,REG,0.1186,0.119,,0.2092,0.211,,0.4562,0.46,,REG,REG,0.0532,0.053,,REG,REG,0.0305,0.031,,REG,REG,0.0311,0.031,,0.0913,0.091,,0.0453,0.045,,0.1418,0.141,,REG,REG,0.0425,0.042,,0.248,0.253,,REG,REG,0.4064,0.406,,0.2102,0.231,,REG,REG,0.1694,0.19,,REG,REG,0.1445,0.144,,REG,REG,0.0433,0.04,,LOD,LOD,0.1168,0.114,,REG,REG,0.091,0.091,,REG,REG,0.1133,0.113,,REG,REG,0.2269,0.227,,0.2591,0.258,,0.5006,0.501,,REG,REG,0.8214,0.821,,REG,REG,2.3226,2.326,,REG,REG,0.2152,0.214,,ULOD,ULOD,0.5901,0.59,,REG,REG,0.0066,0.007,,ND,ND,0.0101,0.011,,LOD,LOD,0.0034,0.003,,ND,ND,0.0017,0.002,,ND,ND,5.00E-04,0,,ND,ND,0.0145,0.015,,0.2881,0.288,,REG,REG,0.0374,0.036,,REG,REG,0.0133,0.013,,0.0953,0.095,
28th & Passyunk492023,4,28th & Passyunk,stationary,"39.92061091, -75.1955879",39.92061091,-75.1955879,#00BA38,Industrial,Vacant,High,"Oil terminal, gas station, former refinery site, natural gas terminal",HighT/I,P726642,P726642 120923 120623 28th & Passyunk SS,P726642 120923 120623 28th & Passyunk SS.D,12/9/23,12/6/23,sample,11/29/23,12/6/23,10208,2,492023,1,2.1013,2.101,,0.6827,0.684,,REG,REG,0.2728,0.273,,0.3903,0.39,,0.8717,0.872,,REG,REG,0.1301,0.13,,REG,REG,0.0866,0.087,,REG,REG,0.0777,0.078,,0.1994,0.199,,0.0924,0.092,,0.3429,0.343,,REG,REG,0.1128,0.113,,0.5903,0.59,,REG,REG,0.9333,0.933,,0.4016,0.402,,REG,REG,0.2392,0.239,,REG,REG,0.3708,0.371,,REG,REG,0.143,0.143,,REG,REG,0.3298,0.33,,REG,REG,0.19,0.19,,REG,REG,0.2217,0.222,,REG,REG,0.5747,0.575,,0.5762,0.576,,1.3141,1.314,,REG,REG,1.9291,1.929,,REG,REG,3.7282,3.728,,ULOD,ULOD,0.2106,0.211,,ULOD,ULOD,1.454,1.454,,REG,REG,0.1621,0.162,,REG,REG,0.0362,0.036,,REG,REG,0.0034,0.003,,ND,ND,0.0016,0.002,,ND,ND,4.00E-04,0,,ND,ND,0.0142,0.014,,0.2396,0.24,,REG,REG,0.0366,0.037,,REG,REG,0.0218,0.022,,0.0793,0.079,
28th & Passyunk502023,4,28th & Passyunk,stationary,"39.92061091, -75.1955879",39.92061091,-75.1955879,#00BA38,Industrial,Vacant,High,"Oil terminal, gas station, former refinery site, natural gas terminal",HighT/I,P726666,P726666 122123 121323 28th & Passyunk SS,P726666 122123 121323 28th & Passyunk SS.D,12/21/23,12/13/23,sample,12/6/23,12/13/23,9460,2,502023,1,2.879,2.675,CHECK,0.7036,0.655,,REG,REG,0.379,0.352,,0.538,0.5,,1.0755,0.999,CHECK,REG,REG,0.1926,0.179,,REG,REG,0.1386,0.129,,REG,REG,0.113,0.105,,0.2856,0.265,,0.1356,0.126,,0.4669,0.434,,REG,REG,0.1602,0.149,,0.6779,0.63,,REG,REG,1.1903,1.106,CHECK,0.4535,0.421,,REG,REG,0.2581,0.24,,REG,REG,0.5858,0.544,,REG,REG,0.2286,0.212,,REG,REG,0.518,0.481,,REG,REG,0.2947,0.274,,REG,REG,0.3975,0.369,,REG,REG,0.8457,0.786,CHECK,0.7089,0.659,,1.8177,1.689,CHECK,REG,REG,2.1684,2.015,CHECK,ULOD,ULOD,4.023,3.738,CHECK,ULOD,ULOD,0.1508,0.14,,ULOD,ULOD,2.2254,2.068,CHECK,ULOD,ULOD,0.1993,0.185,,REG,REG,0.0816,0.076,,REG,REG,0.0036,0.003,,ND,ND,0.0017,0.002,,ND,ND,0.0097,0.009,,REG,REG,0.0153,0.014,,0.3955,0.367,,REG,REG,0.0494,0.046,,REG,REG,0.0235,0.022,,0.2668,0.248,
28th & Passyunk512023,4,28th & Passyunk,stationary,"39.92061091, -75.1955879",39.92061091,-75.1955879,#00BA38,Industrial,Vacant,High,"Oil terminal, gas station, former refinery site, natural gas terminal",HighT/I,P733847,P733847 122123 122023 28th & Passyunk SS,P733847 122123 122023 28th & Passyunk SS.D,12/21/23,12/20/23,sample,12/13/23,12/20/23,9868,2,512023,1,1.363,1.363,,0.4909,0.492,,REG,REG,0.1809,0.181,,0.2704,0.27,,0.6386,0.639,,REG,REG,0.0885,0.088,,REG,REG,0.0741,0.074,,REG,REG,0.0524,0.052,,0.1387,0.139,,0.065,0.065,,0.2111,0.211,,REG,REG,0.0676,0.068,,0.3949,0.395,,REG,REG,0.7087,0.709,,0.1935,0.194,,REG,REG,0.125,0.125,,REG,REG,0.2748,0.275,,REG,REG,0.1369,0.137,,REG,REG,0.2939,0.294,,REG,REG,0.2395,0.24,,REG,REG,0.3339,0.334,,REG,REG,0.4729,0.473,,0.3457,0.346,,1.0257,1.026,,REG,REG,2.0787,2.079,,ULOD,ULOD,3.8566,3.857,,ULOD,ULOD,0.1445,0.145,,ULOD,ULOD,1.3441,1.344,,REG,REG,0.0978,0.098,,REG,REG,0.085,0.085,,REG,REG,0.0035,0.003,,ND,ND,0.0017,0.002,,ND,ND,5.00E-04,0,,ND,ND,0.0146,0.015,,0.4083,0.408,,REG,REG,0.0379,0.038,,REG,REG,0.0225,0.023,,0.4777,0.478,
28th & Passyunk22024,4,28th & Passyunk,stationary,"39.92061091, -75.1955879",39.92061091,-75.1955879,#00BA38,Industrial,Vacant,High,"Oil terminal, gas station, former refinery site, natural gas terminal",HighT/I,P726610,P726610 011624 011024 28th & Passyunk SS,P726610 011624 011024 28th & Passyunk SS.D,1/16/24,1/10/24,sample,1/3/24,1/10/24,10083,2,22024,1,1.1299,1.13,,0.6601,0.66,,REG,REG,0.1736,0.174,,0.2511,0.251,,0.7786,0.779,,REG,REG,0.0677,0.068,,REG,REG,0.0484,0.048,,REG,REG,0.041,0.041,,0.1037,0.104,,0.052,0.052,,0.1645,0.164,,REG,REG,0.0601,0.06,,0.4095,0.41,,REG,REG,0.6552,0.655,,0.3037,0.304,,REG,REG,0.1822,0.182,,REG,REG,0.2032,0.203,,REG,REG,0.0772,0.077,,REG,REG,0.1699,0.17,,REG,REG,0.2044,0.204,,REG,REG,0.232,0.232,,REG,REG,0.5322,0.532,,0.3559,0.356,,1.2288,1.229,,REG,REG,1.5767,1.577,,REG,REG,5.3291,5.329,,REG,REG,0.0396,0.04,,ULOD,ULOD,1.3853,1.385,,REG,REG,0.0764,0.076,,REG,REG,0.0333,0.033,,REG,REG,0.0034,0.003,,ND,ND,0.0016,0.002,,ND,ND,0.0073,0.007,,REG,REG,0.0088,0.009,,0.2854,0.285,,REG,REG,0.0324,0.032,,REG,REG,0.0163,0.016,,0.1081,0.108,
28th & Passyunk32024,4,28th & Passyunk,stationary,"39.92061091, -75.1955879",39.92061091,-75.1955879,#00BA38,Industrial,Vacant,High,"Oil terminal, gas station, former refinery site, natural gas terminal",HighT/I,P733857,P733857 012524 011724 28th & Passyunk SS,P733857 012524 011724 28th & Passyunk SS.D,1/25/24,1/17/24,sample,1/10/24,1/17/24,9631,2,32024,1,0.5896,0.549,,0.4835,0.45,,REG,REG,0.0986,0.092,,0.1262,0.117,,0.4131,0.384,,REG,REG,0.0315,0.029,,LOD,LOD,0.0222,0.021,,LOD,LOD,0.0215,0.02,,0.0539,0.05,,0.0231,0.022,,0.0684,0.064,,REG,REG,0.0315,0.029,,0.1943,0.181,,REG,REG,0.3537,0.329,,0.0954,0.089,,REG,REG,0.074,0.069,,REG,REG,0.0861,0.08,,REG,REG,0.0303,0.028,,LOD,LOD,0.0948,0.088,,REG,REG,0.0944,0.088,,REG,REG,0.0771,0.072,,REG,REG,0.1904,0.177,,0.1649,0.153,,0.4381,0.408,,REG,REG,0.7668,0.713,CHECK,REG,REG,2.1182,1.971,CHECK,REG,REG,0.1541,0.143,,ULOD,ULOD,0.6634,0.617,,REG,REG,0.0069,0.006,,ND,ND,0.0209,0.019,,REG,REG,0.0036,0.003,,ND,ND,0.0017,0.002,,ND,ND,5.00E-04,0,,ND,ND,0.0092,0.009,,0.4631,0.431,,REG,REG,0.034,0.032,,REG,REG,0.0171,0.016,,0.3703,0.345,
28th & Passyunk42024,4,28th & Passyunk,stationary,"39.92061091, -75.1955879",39.92061091,-75.1955879,#00BA38,Industrial,Vacant,High,"Oil terminal, gas station, former refinery site, natural gas terminal",HighT/I,P733881,P733881 012624 012424 28th & Passyunk SS,P733881 012624 012424 28th & Passyunk SS.D,1/26/24,1/24/24,sample,1/17/24,1/24/24,9678,2,42024,1,0.8303,0.83,,0.5457,0.546,,REG,REG,0.1292,0.129,,0.18,0.18,,0.6969,0.697,,REG,REG,0.051,0.051,,REG,REG,0.0347,0.035,,REG,REG,0.0321,0.032,,0.0827,0.083,,0.0347,0.035,,0.1111,0.111,,REG,REG,0.0438,0.044,,0.2467,0.247,,REG,REG,0.5311,0.531,,0.1589,0.159,,REG,REG,0.1253,0.125,,REG,REG,0.1462,0.146,,REG,REG,0.0357,0.036,,LOD,LOD,0.1288,0.129,,REG,REG,0.1503,0.15,,REG,REG,0.1076,0.108,,REG,REG,0.2996,0.3,,0.2735,0.274,,0.7006,0.701,,REG,REG,1.1128,1.113,,REG,REG,3.0132,3.013,,REG,REG,0.1534,0.153,,ULOD,ULOD,1.1714,1.171,,REG,REG,0.1033,0.103,,REG,REG,0.0347,0.035,,REG,REG,0.0036,0.004,,ND,ND,0.0017,0.002,,ND,ND,0.0076,0.008,,REG,REG,0.0092,0.009,,0.3271,0.327,,REG,REG,0.0338,0.034,,REG,REG,0.0445,0.045,,0.3095,0.309,
28th & Passyunk52024,4,28th & Passyunk,stationary,"39.92061091, -75.1955879",39.92061091,-75.1955879,#00BA38,Industrial,Vacant,High,"Oil terminal, gas station, former refinery site, natural gas terminal",HighT/I,P733894,P733894 020824 013124 28th & Passyunk SS,P733894 020824 013124 28th & Passyunk SS.D,2/8/24,1/31/24,sample,1/24/24,1/31/24,10099,2,52024,1,1.2214,1.221,,0.5539,0.554,,REG,REG,0.172,0.172,,0.1762,0.176,,0.6118,0.612,,REG,REG,0.0752,0.075,,REG,REG,0.0423,0.042,,REG,REG,0.058,0.058,,0.1251,0.125,,0.0486,0.049,,0.1568,0.157,,REG,REG,0.072,0.072,,0.3653,0.365,,REG,REG,0.6048,0.605,,0.0805,0.08,,REG,REG,0.1008,0.101,,REG,REG,0.1509,0.151,,REG,REG,0.0582,0.058,,REG,REG,0.1378,0.138,,REG,REG,0.09,0.09,,REG,REG,0.1054,0.103,,REG,REG,0.3231,0.323,,0.1624,0.162,,0.5434,0.526,,REG,REG,0.7718,0.772,,REG,REG,2.4331,2.359,CHECK,REG,REG,0.2149,0.183,,ULOD,ULOD,0.6456,0.622,,REG,REG,0.1017,0.11,,REG,REG,0.0183,0.02,,REG,REG,0.0034,0.003,,ND,ND,0.0016,0.002,,ND,ND,5.00E-04,0,,ND,ND,0.0199,0.02,,0.3277,0.328,,REG,REG,0.044,0.042,,REG,REG,0.0396,0.04,,0.0754,0.075,
28th & Passyunk62024,4,28th & Passyunk,stationary,"39.92061091, -75.1955879",39.92061091,-75.1955879,#00BA38,Industrial,Vacant,High,"Oil terminal, gas station, former refinery site, natural gas terminal",HighT/I,P726669,P726669 021524 020724 28th & Passyunk SS,P726669 021524 020724 28th & Passyunk SS.D,2/15/24,2/7/24,sample,1/31/24,2/7/24,10101,2,62024,1,0.9666,0.967,,0.758,0.758,,REG,REG,0.1473,0.147,,0.1866,0.187,,0.6622,0.662,,REG,REG,0.0451,0.045,,REG,REG,0.0302,0.03,,REG,REG,0.0239,0.024,,0.066,0.066,,0.0411,0.041,,0.1403,0.14,,REG,REG,0.048,0.048,,0.4419,0.442,,REG,REG,0.6311,0.631,,0.1182,0.118,,REG,REG,0.1049,0.105,,REG,REG,0.1219,0.122,,REG,REG,0.0689,0.069,,REG,REG,0.1642,0.164,,REG,REG,0.0135,0.014,,ND,ND,0.1483,0.148,,REG,REG,0.3362,0.336,,0.2555,0.256,,0.7968,0.797,,REG,REG,1.3809,1.381,,REG,REG,2.8851,2.885,,REG,REG,0.2148,0.215,,ULOD,ULOD,1.9794,1.979,,REG,REG,0.0676,0.068,,REG,REG,0.0183,0.018,,REG,REG,0.0034,0.003,,ND,ND,0.0016,0.002,,ND,ND,0.0091,0.009,,REG,REG,0.0144,0.014,,0.4131,0.413,,REG,REG,0.0439,0.044,,REG,REG,0.0308,0.031,,0.2357,0.236,
28th & Passyunk72024,4,28th & Passyunk,stationary,"39.92061091, -75.1955879",39.92061091,-75.1955879,#00BA38,Industrial,Vacant,High,"Oil terminal, gas station, former refinery site, natural gas terminal",HighT/I,P733847,P733847 021624 021424 28th and Passyunk SS,P733847 021624 021424 28th and Passyunk SS.D,2/16/24,2/14/24,sample,2/7/24,2/14/24,10012,2,72024,1,5.4983,5.498,,2.1193,2.119,,REG,REG,0.9526,0.953,,0.8296,0.83,,1.3694,1.369,,REG,REG,0.3563,0.356,,REG,REG,0.271,0.271,,REG,REG,0.1757,0.176,,0.3785,0.378,,0.3505,0.351,,1.2069,1.207,,REG,REG,0.5145,0.515,,1.8506,1.851,,REG,REG,2.9406,2.941,,0.5996,0.6,,REG,REG,0.4055,0.406,,REG,REG,0.7174,0.717,,ULOD,ULOD,0.3988,0.399,,REG,REG,0.958,0.958,,REG,REG,0.0136,0.014,,ND,ND,0.6648,0.665,,ULOD,ULOD,1.3313,1.331,,1.7619,1.762,,2.4361,2.436,,ULOD,ULOD,2.0488,2.049,,ULOD,ULOD,3.805,3.805,,ULOD,ULOD,0.2167,0.217,,ULOD,ULOD,2.1021,2.102,,ULOD,ULOD,0.3667,0.367,,REG,REG,0.0452,0.045,,REG,REG,0.0034,0.003,,ND,ND,0.0016,0.002,,ND,ND,5.00E-04,0,,ND,ND,0.006,0.006,,0.3737,0.374,,REG,REG,0.0723,0.072,,REG,REG,0.0311,0.031,,0.2378,0.238,
28th & Passyunk82024,4,28th & Passyunk,stationary,"39.92061091, -75.1955879",39.92061091,-75.1955879,#00BA38,Industrial,Vacant,High,"Oil terminal, gas station, former refinery site, natural gas terminal",HighT/I,P726652,P726652 022924 022124 28th and Passyunk SS,P726652 022924 022124 28th and Passyunk SS.D,2/29/24,2/21/24,sample,2/14/24,2/21/24,10093,2,82024,1,0.5427,0.543,,0.4675,0.468,,REG,REG,0.0929,0.093,,0.1033,0.103,,0.3339,0.334,,REG,REG,0.0376,0.038,,REG,REG,0.0302,0.03,,REG,REG,0.0171,0.017,,0.0417,0.042,,0.0299,0.03,,0.0908,0.091,,REG,REG,0.054,0.054,,0.1738,0.174,,REG,REG,0.2948,0.295,,0.0711,0.071,,REG,REG,0.0596,0.06,,REG,REG,0.0834,0.083,,REG,REG,0.0475,0.048,,LOD,LOD,0.1049,0.105,,REG,REG,0.0135,0.014,,ND,ND,0.0791,0.079,,REG,REG,0.1317,0.132,,0.1625,0.162,,0.3262,0.326,,REG,REG,0.6605,0.661,,REG,REG,1.6041,1.604,,REG,REG,0.1061,0.106,,REG,REG,0.8963,0.896,,REG,REG,0.0448,0.045,,REG,REG,0.0048,0.005,,ND,ND,0.0034,0.003,,ND,ND,0.0016,0.002,,ND,ND,5.00E-04,0,,ND,ND,0.0089,0.009,,0.2709,0.271,,REG,REG,0.0347,0.035,,REG,REG,0.0132,0.013,,0.0991,0.099,
28th & Passyunk92024,4,28th & Passyunk,stationary,"39.92061091, -75.1955879",39.92061091,-75.1955879,#00BA38,Industrial,Vacant,High,"Oil terminal, gas station, former refinery site, natural gas terminal",HighT/I,P733857,P733857 030124 022824 28th and Passyunk SS,P733857 030124 022824 28th and Passyunk SS.D,3/1/24,2/28/24,sample,2/21/24,2/28/24,10103,2,92024,1,1.2492,1.249,,0.6155,0.616,,REG,REG,0.1522,0.152,,0.2282,0.228,,0.502,0.502,,REG,REG,0.0751,0.075,,REG,REG,0.0573,0.057,,REG,REG,0.0444,0.044,,0.1077,0.108,,0.0598,0.06,,0.1897,0.19,,REG,REG,0.072,0.072,,0.4163,0.416,,REG,REG,0.631,0.631,,0.1511,0.151,,REG,REG,0.1297,0.13,,REG,REG,0.204,0.204,,REG,REG,0.1759,0.176,,REG,REG,0.2829,0.283,,REG,REG,0.156,0.156,,REG,REG,0.2108,0.211,,REG,REG,0.3691,0.369,,0.4185,0.418,,0.8812,0.881,,REG,REG,1.6446,1.645,,REG,REG,4.0535,4.053,,REG,REG,0.2148,0.215,,ULOD,ULOD,1.1559,1.156,,REG,REG,0.1244,0.124,,REG,REG,0.0249,0.025,,REG,REG,0.0034,0.003,,ND,ND,0.0016,0.002,,ND,ND,0.0091,0.009,,REG,REG,0.0089,0.009,,0.2279,0.228,,REG,REG,0.0347,0.035,,REG,REG,0.0176,0.018,,0.066,0.066,
28th & Passyunk102024,4,28th & Passyunk,stationary,"39.92061091, -75.1955879",39.92061091,-75.1955879,#00BA38,Industrial,Vacant,High,"Oil terminal, gas station, former refinery site, natural gas terminal",HighT/I,P726606,P726606 031524 030624 28th and Passyunk SS,P726606 031524 030624 28th and Passyunk SS.D,3/15/24,3/6/24,sample,2/28/24,3/6/24,10118,2,102024,1,0.7384,0.738,,0.3953,0.396,,REG,REG,0.1026,0.103,,0.1447,0.146,,0.4105,0.359,CHECK,REG,REG,0.0375,0.038,,REG,REG,0.0301,0.03,,REG,REG,0.03,0.031,,0.0727,0.072,,0.0372,0.037,,0.1148,0.114,,REG,REG,0.0419,0.042,,0.2132,0.214,,REG,REG,0.36,0.36,,0.0367,0.038,,REG,REG,0.0567,0.06,,REG,REG,0.0898,0.092,,REG,REG,0.076,0.077,,REG,REG,0.1171,0.117,,REG,REG,0.1318,0.132,,REG,REG,0.0851,0.086,,REG,REG,0.2161,0.216,,0.2424,0.242,,0.5162,0.518,,REG,REG,0.6878,0.687,,REG,REG,1.8515,1.864,,REG,REG,0.1348,0.139,,ULOD,ULOD,0.7042,0.705,,REG,REG,0.0593,0.064,,REG,REG,0.0048,0.005,,ND,ND,0.0034,0.003,,ND,ND,0.0016,0.002,,ND,ND,0.0072,0.006,,REG,REG,0.0145,0.006,,0.2844,0.284,,REG,REG,0.0267,0.027,,REG,REG,0.013,0.013,,0.107,0.108,
28th & Passyunk112024,4,28th & Passyunk,stationary,"39.92061091, -75.1955879",39.92061091,-75.1955879,#00BA38,Industrial,Vacant,High,"Oil terminal, gas station, former refinery site, natural gas terminal",HighT/I,P733851,P733851 031624 031324 28th and Passyunk SS,P733851 031624 031324 28th and Passyunk SS.D,3/16/24,3/13/24,sample,3/6/24,3/13/24,9999,2,112024,1,1.8616,1.862,,0.6938,0.694,,REG,REG,0.2338,0.234,,0.3412,0.342,,1.058,1.006,CHECK,REG,REG,0.0645,0.065,,REG,REG,0.0518,0.052,,REG,REG,0.0545,0.055,,0.1507,0.151,,0.0527,0.052,,0.2079,0.208,,REG,REG,0.0909,0.091,,0.5125,0.513,,REG,REG,1.4511,1.451,,0.1228,0.124,,REG,REG,0.1365,0.14,,REG,REG,0.1201,0.122,,REG,REG,0.0985,0.099,,REG,REG,0.1385,0.138,,REG,REG,0.3091,0.309,,REG,REG,0.1959,0.196,,REG,REG,0.6187,0.619,,0.5042,0.504,,1.4126,1.415,,REG,REG,2.05,2.049,,ULOD,ULOD,3.7976,3.81,,ULOD,ULOD,0.1364,0.141,,ULOD,ULOD,1.3337,1.335,,REG,REG,0.3014,0.306,,REG,REG,0.1033,0.107,,REG,REG,0.0034,0.003,,ND,ND,0.0016,0.002,,ND,ND,0.0073,0.006,,REG,REG,0.0091,0.006,,0.3022,0.302,,REG,REG,0.0457,0.046,,REG,REG,0.0221,0.022,,0.113,0.114,
28th & Passyunk122024,4,28th & Passyunk,stationary,"39.92061091, -75.1955879",39.92061091,-75.1955879,#00BA38,Industrial,Vacant,High,"Oil terminal, gas station, former refinery site, natural gas terminal",HighT/I,P726647,P726647 040224 032024 28th & Passyunk SS,P726647 040224 032024 28th & Passyunk SS.D,4/2/24,3/20/24,sample,3/13/24,3/20/24,9665,2,122024,1,4.2244,3.931,CHECK,0.8083,0.753,CHECK,REG,REG,0.5626,0.524,,0.7233,0.674,,1.4248,1.276,CHECK,REG,REG,0.161,0.15,,REG,REG,0.142,0.132,,REG,REG,0.1278,0.12,,0.3629,0.338,,0.1756,0.163,,0.5168,0.481,,REG,REG,0.2131,0.198,,1.1043,1.028,CHECK,REG,REG,2.2738,2.117,CHECK,0.3488,0.326,,REG,REG,0.3654,0.343,,REG,REG,0.2404,0.225,,REG,REG,0.1299,0.122,,REG,REG,0.2812,0.261,,REG,REG,0.5142,0.479,,REG,REG,0.6021,0.561,,REG,REG,1.2402,1.154,CHECK,1.1789,1.097,CHECK,2.8368,2.642,CHECK,REG,REG,3.182,2.961,CHECK,ULOD,ULOD,5.8996,5.502,CHECK,ULOD,ULOD,0.2159,0.205,,ULOD,ULOD,3.264,3.039,CHECK,ULOD,ULOD,0.2524,0.239,,REG,REG,0.0444,0.045,,REG,REG,0.0036,0.003,,ND,ND,0.0017,0.002,,ND,ND,0.0113,0.01,,REG,REG,0.0209,0.001,,0.3871,0.36,,REG,REG,0.0473,0.044,,REG,REG,0.0136,0.013,,0.2943,0.275,
28th & Passyunk152024,4,28th & Passyunk,stationary,"39.92061091, -75.1955879",39.92061091,-75.1955879,#00BA38,Industrial,Vacant,High,"Oil terminal, gas station, former refinery site, natural gas terminal",HighT/I,P733860,P733860 041224 041024 28th & Passyunk SS,P733860 041224 041024 28th & Passyunk SS.D,4/12/24,4/10/24,sample,4/3/24,4/10/24,10048,2,152024,1,1.6634,1.663,,0.4261,0.426,,REG,REG,0.1922,0.192,,0.3234,0.323,,0.4685,0.468,,REG,REG,0.1171,0.117,,REG,REG,0.0971,0.097,,REG,REG,0.0755,0.075,,0.0838,0.084,,0.1014,0.101,,0.3317,0.332,,REG,REG,0.1025,0.103,,0.4607,0.461,,REG,REG,0.7589,0.759,,0.1078,0.108,,REG,REG,0.1358,0.136,,REG,REG,0.1918,0.192,,REG,REG,0.113,0.113,,REG,REG,0.2007,0.201,,REG,REG,0.2533,0.253,,REG,REG,0.149,0.149,,REG,REG,0.5366,0.537,,0.5854,0.585,,1.2744,1.274,,REG,REG,1.4584,1.458,,REG,REG,3.9003,3.9,,REG,REG,0.213,0.213,,ULOD,ULOD,1.4457,1.446,,REG,REG,0.1187,0.119,,REG,REG,0.02,0.02,,REG,REG,0.0034,0.003,,ND,ND,0.0016,0.002,,ND,ND,0.0073,0.007,,REG,REG,0.0069,0.007,,0.1862,0.186,,REG,REG,0.0279,0.028,,REG,REG,0.0133,0.013,,0.0569,0.057,
28th & Passyunk162024,4,28th & Passyunk,stationary,"39.92061091, -75.1955879",39.92061091,-75.1955879,#00BA38,Industrial,Vacant,High,"Oil terminal, gas station, former refinery site, natural gas terminal",HighT/I,P733883,P733883 042624 041724 28th and Passyunk SS,P733883 042624 041724 28th and Passyunk SS.D,4/26/24,4/17/24,sample,4/10/24,4/17/24,10170,2,162024,1,1.194,1.194,,0.3103,0.31,,REG,REG,0.1407,0.141,,0.2264,0.226,,0.3708,0.371,,REG,REG,0.0821,0.082,,REG,REG,0.066,0.066,,REG,REG,0.0509,0.051,,0.107,0.107,,0.0631,0.063,,0.2212,0.221,,REG,REG,0.0656,0.066,,0.3346,0.335,,REG,REG,0.5269,0.527,,0.1065,0.107,,REG,REG,0.1014,0.101,,REG,REG,0.1607,0.161,,REG,REG,0.0904,0.09,,REG,REG,0.159,0.159,,REG,REG,0.1728,0.173,,REG,REG,0.1767,0.177,,REG,REG,0.3794,0.379,,0.3817,0.382,,0.9113,0.911,,REG,REG,1.5417,1.542,,REG,REG,3.7224,3.722,,REG,REG,0.2104,0.21,,ULOD,ULOD,1.3973,1.397,,REG,REG,0.0834,0.083,,REG,REG,0.0198,0.02,,REG,REG,0.0034,0.003,,ND,ND,0.0016,0.002,,ND,ND,5.00E-04,0,,ND,ND,0.0068,0.007,,0.3254,0.325,,REG,REG,0.0276,0.028,,REG,REG,0.0131,0.013,,0.1264,0.126,
28th & Passyunk172024,4,28th & Passyunk,stationary,"39.92061091, -75.1955879",39.92061091,-75.1955879,#00BA38,Industrial,Vacant,High,"Oil terminal, gas station, former refinery site, natural gas terminal",HighT/I,P733867,P733867 042724 042424 28th and Passyunk SS,P733867 042724 042424 28th and Passyunk SS.D,4/27/24,4/24/24,sample,4/17/24,4/24/24,9801,2,172024,1,1.6106,1.611,,0.4304,0.43,,REG,REG,0.1868,0.187,,0.2779,0.278,,0.3761,0.376,,REG,REG,0.1162,0.116,,REG,REG,0.0902,0.09,,REG,REG,0.0668,0.067,,0.1575,0.158,,0.0847,0.085,,0.3231,0.323,,REG,REG,0.1051,0.105,,0.4196,0.42,,REG,REG,0.6896,0.69,,0.2271,0.227,,REG,REG,0.1477,0.148,,REG,REG,0.3011,0.301,,REG,REG,0.1268,0.127,,REG,REG,0.267,0.267,,REG,REG,0.1608,0.161,,REG,REG,0.2037,0.204,,REG,REG,0.5025,0.502,,0.4921,0.492,,1.1945,1.195,,REG,REG,2.0079,2.008,,REG,REG,4.912,4.912,,REG,REG,0.2184,0.218,,ULOD,ULOD,1.5251,1.525,,REG,REG,0.1217,0.122,,REG,REG,0.0205,0.021,,REG,REG,0.0035,0.004,,ND,ND,0.0017,0.002,,ND,ND,0.0075,0.007,,REG,REG,0.0071,0.007,,0.3377,0.338,,REG,REG,0.0286,0.029,,REG,REG,0.0091,0.009,,0.1603,0.16,
28th & Passyunk182024,4,28th & Passyunk,stationary,"39.92061091, -75.1955879",39.92061091,-75.1955879,#00BA38,Industrial,Vacant,High,"Oil terminal, gas station, former refinery site, natural gas terminal",HighT/I,P726607,P726607 051324 050124 28th SS.D,P726607 051324 050124 28th SS.D,5/13/24,5/1/24,sample,4/24/24,5/1/24,10190,2,182024,1,8.2483,8.248,,1.2512,1.25,,REG,REG,0.95,0.95,,1.5314,1.531,,1.9615,1.961,,REG,REG,0.4767,0.477,,REG,REG,0.4039,0.404,,REG,REG,0.3113,0.311,,0.7679,0.768,,0.4629,0.463,,1.4385,1.439,,REG,REG,0.4163,0.416,,2.1957,2.196,,REG,REG,2.9545,2.955,,1.3393,1.339,,ULOD,ULOD,1.0006,1.001,,REG,REG,1.2001,1.2,,REG,REG,0.7214,0.721,,REG,REG,1.3183,1.318,,REG,REG,0.6186,0.619,,REG,REG,0.9699,0.97,,REG,REG,1.9627,1.963,,2.3091,2.309,,3.5903,3.59,,ULOD,ULOD,3.0196,3.018,,ULOD,ULOD,5.6077,5.603,,ULOD,ULOD,0.2105,0.21,,ULOD,ULOD,3.099,3.099,,ULOD,ULOD,0.4647,0.467,,REG,REG,0.0784,0.079,,REG,REG,0.0034,0.003,,ND,ND,0.0016,0.002,,ND,ND,0.0288,0.029,,REG,REG,0.0578,0.058,,0.5366,0.537,,REG,REG,0.0715,0.073,,REG,REG,0.0262,0.026,,0.0836,0.084,
28th & Passyunk192024,4,28th & Passyunk,stationary,"39.92061091, -75.1955879",39.92061091,-75.1955879,#00BA38,Industrial,Vacant,High,"Oil terminal, gas station, former refinery site, natural gas terminal",HighT/I,P726642,P726642 051224 050824 28th SS,P726642 051224 050824 28th SS.D,5/12/24,5/8/24,sample,5/1/24,5/8/24,10252,2,192024,1,1.1057,1.106,,0.4085,0.407,,REG,REG,0.12,0.12,,0.2285,0.228,,0.4678,0.468,,REG,REG,0.0703,0.07,,REG,REG,0.0535,0.054,,REG,REG,0.0437,0.044,,0.0993,0.099,,0.0552,0.055,,0.1861,0.186,,REG,REG,0.0473,0.047,,0.3134,0.313,,REG,REG,0.4721,0.472,,0.1979,0.198,,REG,REG,0.1248,0.125,,REG,REG,0.2127,0.213,,REG,REG,0.1265,0.127,,REG,REG,0.2374,0.237,,REG,REG,0.1419,0.142,,REG,REG,0.2532,0.253,,REG,REG,0.3056,0.306,,0.3098,0.31,,0.7256,0.726,,REG,REG,0.7103,0.71,,REG,REG,4.4405,4.44,,REG,REG,0.2093,0.209,,ULOD,ULOD,1.0268,1.027,,REG,REG,0.0807,0.081,,REG,REG,0.019,0.019,,REG,REG,0.0034,0.003,,ND,ND,0.0016,0.002,,ND,ND,4.00E-04,0,,ND,ND,0.0141,0.014,,0.3088,0.309,,REG,REG,0.0255,0.026,,REG,REG,0.013,0.013,,0.0413,0.041,
28th & Passyunk202024,4,28th & Passyunk,stationary,"39.92061091, -75.1955879",39.92061091,-75.1955879,#00BA38,Industrial,Vacant,High,"Oil terminal, gas station, former refinery site, natural gas terminal",HighT/I,P733849,P733849 052324 051524 28th SS,P733849 052324 051524 28th SS.D,5/23/24,5/15/24,sample,5/8/24,5/15/24,9425,2,202024,1,0.9451,0.878,CHECK,0.305,0.282,,REG,REG,0.0987,0.092,,0.1759,0.163,,0.3192,0.297,,REG,REG,0.0805,0.075,,REG,REG,0.055,0.051,,REG,REG,0.0439,0.041,,0.0893,0.083,,0.0601,0.056,,0.1936,0.18,,REG,REG,0.0707,0.066,,0.4367,0.406,,REG,REG,0.6196,0.576,,0.19,0.176,,REG,REG,0.1269,0.118,,REG,REG,0.2986,0.277,,REG,REG,0.2237,0.208,,REG,REG,0.3926,0.365,,REG,REG,0.1672,0.155,,REG,REG,0.1801,0.167,,REG,REG,0.5376,0.499,,0.5492,0.51,,1.4362,1.334,CHECK,REG,REG,2.1764,2.022,CHECK,ULOD,ULOD,4.0419,3.755,CHECK,ULOD,ULOD,0.1509,0.14,,ULOD,ULOD,2.2337,2.075,CHECK,ULOD,ULOD,0.0878,0.082,,REG,REG,0.0207,0.019,,REG,REG,0.0037,0.003,,ND,ND,0.0018,0.002,,ND,ND,5.00E-04,0,,ND,ND,0.0094,0.009,,0.3817,0.355,,REG,REG,0.0278,0.026,,REG,REG,0.0141,0.013,,0.1662,0.154,
28th & Passyunk212024,4,28th & Passyunk,stationary,"39.92061091, -75.1955879",39.92061091,-75.1955879,#00BA38,Industrial,Vacant,High,"Oil terminal, gas station, former refinery site, natural gas terminal",HighT/I,P733871,P733871 052424 052224 28th SS,P733871 052424 052224 28th SS.D,5/24/24,5/22/24,sample,5/15/24,5/22/24,9851,2,212024,1,0.7374,0.737,,0.2284,0.227,,REG,REG,0.0843,0.084,,0.1469,0.147,,0.651,0.651,,REG,REG,0.0424,0.042,,REG,REG,0.0279,0.028,,LOD,LOD,0.028,0.028,,0.0606,0.061,,0.0345,0.034,,0.1007,0.101,,REG,REG,0.0308,0.031,,0.2279,0.228,,REG,REG,0.356,0.356,,0.1141,0.114,,REG,REG,0.0918,0.092,,REG,REG,0.1273,0.127,,REG,REG,0.0933,0.093,,REG,REG,0.1793,0.179,,REG,REG,0.1354,0.135,,REG,REG,0.1351,0.135,,REG,REG,0.3654,0.365,,0.2269,0.227,,0.7675,0.768,,REG,REG,1.3223,1.322,,REG,REG,3.3064,3.306,,REG,REG,0.1444,0.144,,ULOD,ULOD,1.122,1.122,,REG,REG,0.0607,0.061,,REG,REG,0.0198,0.02,,REG,REG,0.02,0.02,,REG,REG,0.0017,0.002,,ND,ND,0.0093,0.009,,REG,REG,0.009,0.009,,0.3067,0.307,,REG,REG,0.0266,0.027,,REG,REG,0.0135,0.014,,0.1107,0.111,
28th & Passyunk222024,4,28th & Passyunk,stationary,"39.92061091, -75.1955879",39.92061091,-75.1955879,#00BA38,Industrial,Vacant,High,"Oil terminal, gas station, former refinery site, natural gas terminal",HighT/I,P733891,P733891 060624 052924 28th SS,P733891 060624 052924 28th SS.D,6/6/24,5/29/24,sample,5/22/24,5/29/24,9577,2,222024,1,0.7018,0.653,,0.2447,0.227,,REG,REG,0.0723,0.067,,0.1531,0.142,,0.3352,0.312,,REG,REG,0.0592,0.055,,REG,REG,0.0446,0.041,,REG,REG,0.036,0.033,,0.0733,0.068,,0.0431,0.04,,0.1727,0.161,,REG,REG,0.038,0.035,,0.2671,0.248,,REG,REG,0.3696,0.344,,0.1444,0.134,,REG,REG,0.0975,0.091,,REG,REG,0.1984,0.185,,REG,REG,0.1524,0.142,,REG,REG,0.2757,0.256,,REG,REG,0.1582,0.147,,REG,REG,0.2259,0.21,,REG,REG,0.362,0.337,,0.3685,0.343,,0.8404,0.782,CHECK,REG,REG,1.4988,1.394,CHECK,REG,REG,3.6795,3.422,CHECK,REG,REG,0.2251,0.208,,ULOD,ULOD,1.3959,1.298,CHECK,REG,REG,0.0924,0.08,,REG,REG,0.007,0.006,,LOD,LOD,0.0236,0.022,,REG,REG,0.0017,0.002,,ND,ND,5.00E-04,0,,ND,ND,0.0133,0.012,,0.1653,0.154,,REG,REG,0.0293,0.025,,REG,REG,0.0139,0.013,,0.0547,0.051,
28th & Passyunk232024,4,28th & Passyunk,stationary,"39.92061091, -75.1955879",39.92061091,-75.1955879,#00BA38,Industrial,Vacant,High,"Oil terminal, gas station, former refinery site, natural gas terminal",HighT/I,P726615,P726615 060724 060524 28th SS,P726615 060724 060524 28th SS.D,6/7/24,6/5/24,sample,5/29/24,6/5/24,9349,2,232024,1,0.5967,0.554,,0.2106,0.195,,REG,REG,0.0634,0.059,,0.1286,0.119,,0.2524,0.234,,REG,REG,0.0094,0.009,,ND,ND,0.0293,0.027,,LOD,LOD,0.0295,0.027,,0.0563,0.052,,0.0321,0.03,,0.1145,0.106,,REG,REG,0.0259,0.024,,0.2046,0.19,,REG,REG,0.3145,0.292,,0.0614,0.057,,REG,REG,0.0553,0.051,,REG,REG,0.0989,0.092,,REG,REG,0.0752,0.07,,REG,REG,0.1469,0.136,,REG,REG,0.1232,0.114,,REG,REG,0.1673,0.155,,REG,REG,0.271,0.252,,0.2643,0.245,,0.6392,0.593,,REG,REG,1.2172,1.13,CHECK,REG,REG,3.0153,2.8,CHECK,REG,REG,0.2306,0.214,,ULOD,ULOD,1.0696,0.993,CHECK,REG,REG,0.0824,0.079,,REG,REG,0.0144,0.013,,LOD,LOD,0.0242,0.022,,REG,REG,0.0018,0.002,,ND,ND,0.0093,0.008,,REG,REG,0.0196,0.018,,0.1539,0.143,,REG,REG,0.03,0.028,,REG,REG,0.0333,0.031,,0.0458,0.043,
28th & Passyunk242024,4,28th & Passyunk,stationary,"39.92061091, -75.1955879",39.92061091,-75.1955879,#00BA38,Industrial,Vacant,High,"Oil terminal, gas station, former refinery site, natural gas terminal",HighT/I,P726652,P726652 062124 061224 28th SS,P726652 062124 061224 28th SS.D,6/21/24,6/12/24,sample,6/5/24,6/12/24,9861,2,242024,1,2.8547,2.855,,0.2567,0.256,,REG,REG,0.344,0.344,,0.3835,0.383,,0.386,0.386,,REG,REG,0.1461,0.146,,REG,REG,0.1237,0.124,,REG,REG,0.0944,0.094,,0.274,0.274,,0.1376,0.138,,0.4889,0.489,,REG,REG,0.1598,0.16,,0.4622,0.462,,REG,REG,0.4739,0.474,,0.2079,0.208,,REG,REG,0.1961,0.196,,REG,REG,0.2224,0.222,,REG,REG,0.1535,0.153,,REG,REG,0.2677,0.268,,REG,REG,0.2274,0.227,,REG,REG,0.1721,0.172,,REG,REG,0.4665,0.466,,0.5965,0.597,,1.0883,1.088,,REG,REG,1.1124,1.112,,REG,REG,3.0326,3.033,,REG,REG,0.1791,0.178,,REG,REG,1.2276,1.228,,REG,REG,0.0898,0.092,,REG,REG,0.0136,0.014,,LOD,LOD,0.0229,0.023,,REG,REG,0.0017,0.002,,ND,ND,0.0088,0.009,,REG,REG,0.0073,0.007,,0.2043,0.204,,REG,REG,0.0284,0.028,,REG,REG,0.009,0.009,,0.0435,0.043,
28th & Passyunk252024,4,28th & Passyunk,stationary,"39.92061091, -75.1955879",39.92061091,-75.1955879,#00BA38,Industrial,Vacant,High,"Oil terminal, gas station, former refinery site, natural gas terminal",HighT/I,P726660,P726660 062124 061924 28th SS,P726660 062124 061924 28th SS.D,6/21/24,6/19/24,sample,6/12/24,6/19/24,10151,2,252024,1,1.1336,1.134,,0.2555,0.255,,REG,REG,0.1372,0.137,,0.2118,0.212,,0.3163,0.316,,REG,REG,0.0087,0.009,,ND,ND,0.0691,0.069,,REG,REG,0.051,0.051,,0.1002,0.1,,0.063,0.063,,0.2286,0.229,,REG,REG,0.0657,0.066,,0.4109,0.411,,REG,REG,0.4735,0.474,,0.1738,0.174,,REG,REG,0.1617,0.162,,REG,REG,0.2016,0.202,,REG,REG,0.1757,0.176,,REG,REG,0.2666,0.267,,REG,REG,0.2209,0.221,,REG,REG,0.1442,0.144,,REG,REG,0.4006,0.401,,0.4868,0.487,,0.9731,0.973,,REG,REG,1.0503,1.05,,REG,REG,2.8146,2.815,,REG,REG,0.1575,0.157,,REG,REG,1.5762,1.576,,REG,REG,0.0065,0.007,,ND,ND,0.0132,0.013,,LOD,LOD,0.0417,0.042,,REG,REG,0.0016,0.002,,ND,ND,0.0068,0.007,,REG,REG,0.0016,0.002,,0.1843,0.184,,REG,REG,0.0184,0.018,,REG,REG,0.0044,0.004,,0.0375,0.038,
28th & Passyunk262024,4,28th & Passyunk,stationary,"39.92061091, -75.1955879",39.92061091,-75.1955879,#00BA38,Industrial,Vacant,High,"Oil terminal, gas station, former refinery site, natural gas terminal",HighT/I,P733848,P733848 062724 061924 28th SS,P733848 062724 061924 28th SS.D,6/27/24,6/19/24,sample,6/19/24,6/26/24,10080,2,262024,1,0.3904,0.39,,0.1271,0.126,,REG,REG,0.0489,0.049,,0.0775,0.078,,0.1961,0.196,,REG,REG,0.0299,0.03,,LOD,LOD,0.0212,0.021,,LOD,LOD,0.0205,0.021,,0.0244,0.024,,0.0185,0.019,,0.0649,0.065,,REG,REG,0.012,0.012,,0.1258,0.126,,REG,REG,0.1462,0.146,,0.0569,0.057,,REG,REG,0.0471,0.047,,REG,REG,0.0675,0.068,,REG,REG,0.0429,0.043,,LOD,LOD,0.0833,0.083,,LOD,LOD,0.0902,0.09,,REG,REG,0.066,0.066,,REG,REG,0.1058,0.106,,0.1401,0.14,,0.2662,0.266,,REG,REG,0.3658,0.366,,REG,REG,0.8503,0.85,,REG,REG,0.0675,0.067,,REG,REG,0.4595,0.459,,REG,REG,0.0194,0.022,,REG,REG,0.0048,0.005,,ND,ND,0.0387,0.039,,REG,REG,0.0016,0.002,,ND,ND,5.00E-04,0,,ND,ND,0.0017,0.002,,0.1713,0.171,,REG,REG,0.0185,0.019,,REG,REG,0.0044,0.004,,0.0567,0.057,
28th & Point Breeze272023,5,28th & Point Breeze,stationary,"39.92624784, -75.1923165",39.92624784,-75.1923165,#00C19F,Non-Industrial,Residential,Low,Laundromat,LowT/NoI,P733882,P733882 071323 070523 Point Breeze Near 1WK SS,P733882 071323 070523 Point Breeze Near 1WK SS.D,7/13/23,7/5/23,sample,6/28/23,7/5/23,9685,2,272023,1,0.4499,0.419,,0.3453,0.321,,REG,REG,0.0878,0.082,,0.125,0.116,,0.3455,0.322,,REG,REG,0.0313,0.029,,LOD,LOD,0.0063,0.006,,LOD,LOD,0.0249,0.023,,0.0543,0.051,,0.0234,0.022,,0.0688,0.064,,REG,REG,0.0313,0.029,,0.1324,0.123,,REG,REG,0.1549,0.144,,0.0101,0.009,,ND,ND,0.0264,0.025,,REG,REG,0.0516,0.048,,REG,REG,0.0356,0.033,,LOD,LOD,0.0749,0.07,,LOD,LOD,0.1252,0.116,,REG,REG,0.0618,0.057,,REG,REG,0.1101,0.103,,0.12,0.112,,0.2518,0.234,,REG,REG,0.3177,0.284,,REG,REG,0.7916,0.751,,REG,REG,0.0485,0.054,,REG,REG,0.413,0.384,,REG,REG,0.0356,0.038,,REG,REG,0.0199,0.023,,REG,REG,0.0516,0.047,,REG,REG,0.0017,0.002,,ND,ND,5.00E-04,0,,ND,ND,0.0115,0.011,,0.1931,0.18,,REG,REG,0.0193,0.018,,REG,REG,0.0092,0.009,,0.0393,0.037,
28th & Point Breeze282023,5,28th & Point Breeze,stationary,"39.92624784, -75.1923165",39.92624784,-75.1923165,#00C19F,Non-Industrial,Residential,Low,Laundromat,LowT/NoI,P726650,P726650 071323 071223 Point Breeze Near 1WK SS,P726650 071323 071223 Point Breeze Near 1WK SS.D,7/13/23,7/12/23,sample,7/5/23,7/12/23,8991,2,282023,1,0.6276,0.581,,0.2259,0.209,,REG,REG,0.1057,0.098,,0.1698,0.157,,0.4005,0.371,,REG,REG,0.0422,0.039,,REG,REG,0.0305,0.028,,LOD,LOD,0.0307,0.028,,0.0741,0.069,,0.0336,0.031,,0.102,0.094,,REG,REG,0.0404,0.037,,0.1713,0.159,,REG,REG,0.2113,0.196,,0.0139,0.013,,REG,REG,0.0516,0.048,,REG,REG,0.0719,0.067,,REG,REG,0.0564,0.052,,REG,REG,0.1251,0.116,,REG,REG,0.1213,0.112,,REG,REG,0.0925,0.085,,REG,REG,0.1557,0.144,,0.1685,0.156,,0.3662,0.339,,REG,REG,0.4335,0.389,,REG,REG,1.1917,1.118,CHECK,REG,REG,0.0812,0.084,,REG,REG,0.562,0.52,,REG,REG,0.0639,0.064,,REG,REG,0.0065,0.011,,LOD,LOD,0.052,0.047,,REG,REG,0.0018,0.002,,ND,ND,5.00E-04,0,,ND,ND,0.0185,0.017,,0.192,0.178,,REG,REG,0.0312,0.029,,REG,REG,0.0099,0.009,,0.0424,0.039,
28th & Point Breeze292023,5,28th & Point Breeze,stationary,"39.92624784, -75.1923165",39.92624784,-75.1923165,#00C19F,Non-Industrial,Residential,Low,Laundromat,LowT/NoI,P637229,P637229 072723 071923 Point Breeze Near 1WK DS,P637229 072723 071923 Point Breeze Near 1WK DS.D,7/27/23,7/19/23,sample,7/12/23,7/19/23,9333,14.3,292023,1,1.9623,1.822,CHECK,0.4966,0.461,,REG,REG,0.3064,0.284,,0.5242,0.487,,0.902,0.837,CHECK,REG,REG,0.1454,0.135,,LOD,LOD,0.1168,0.108,,LOD,LOD,0.1057,0.098,,0.2419,0.225,,0.1156,0.107,,0.383,0.356,,REG,REG,0.1393,0.129,,0.5715,0.531,,REG,REG,0.6022,0.559,,0.1624,0.151,,LOD,LOD,0.2068,0.192,,REG,REG,0.2368,0.22,,LOD,LOD,0.1919,0.178,,LOD,LOD,0.4006,0.372,,LOD,LOD,0.325,0.302,,LOD,LOD,0.2549,0.237,,LOD,LOD,0.4597,0.427,,0.6293,0.584,,1.1211,1.041,CHECK,REG,REG,1.7286,1.605,CHECK,REG,REG,4.2165,3.914,CHECK,REG,REG,0.3169,0.294,,REG,REG,2.4999,2.321,CHECK,REG,REG,0.0634,0.059,,LOD,LOD,0.0052,0.005,,ND,ND,0.123,0.114,,REG,REG,0.0018,0.002,,ND,ND,0.0281,0.026,,REG,REG,0.0426,0.04,,0.5512,0.512,,REG,REG,0.0716,0.066,,REG,REG,0.034,0.032,,0.1824,0.169,
28th & Point Breeze302023,5,28th & Point Breeze,stationary,"39.92624784, -75.1923165",39.92624784,-75.1923165,#00C19F,Non-Industrial,Residential,Low,Laundromat,LowT/NoI,P726614,P726614 072823 072623 Point Breeze Near 1WK DS,P726614 072823 072623 Point Breeze Near 1WK DS.D,7/28/23,7/26/23,sample,7/19/23,7/26/23,9926,14.3,302023,1,1.382,1.382,,0.4219,0.422,,REG,REG,0.2161,0.216,,0.3791,0.379,,0.6642,0.664,,REG,REG,0.082,0.082,,LOD,LOD,0.0074,0.007,,ND,ND,0.0745,0.075,,0.1264,0.126,,0.0544,0.054,,0.1801,0.18,,REG,REG,0.0437,0.044,,0.3515,0.351,,REG,REG,0.3741,0.374,,0.1184,0.118,,LOD,LOD,0.1344,0.134,,REG,REG,0.1523,0.152,,LOD,LOD,0.1025,0.103,,LOD,LOD,0.2326,0.233,,LOD,LOD,0.2183,0.218,,LOD,LOD,0.1678,0.167,,LOD,LOD,0.2401,0.24,,0.3375,0.337,,0.6149,0.615,,REG,REG,0.9604,0.948,,REG,REG,2.5925,2.607,,REG,REG,0.3501,0.359,,REG,REG,1.0615,1.062,,REG,REG,0.0596,0.064,,LOD,LOD,0.0049,0.005,,ND,ND,0.092,0.091,,LOD,LOD,0.0017,0.002,,ND,ND,0.0264,0.026,,REG,REG,0.04,0.04,,0.5182,0.518,,REG,REG,0.0673,0.067,,REG,REG,0.032,0.032,,0.2058,0.206,
28th & Point Breeze312023,5,28th & Point Breeze,stationary,"39.92624784, -75.1923165",39.92624784,-75.1923165,#00C19F,Non-Industrial,Residential,Low,Laundromat,LowT/NoI,P726652,P726652 081023 080223 Point Breeze Near 1WK SS,P726652 081023 080223 Point Breeze Near 1WK SS.D,8/10/23,8/2/23,sample,7/26/23,8/2/23,10102,2,312023,1,0.4443,0.444,,0.2134,0.214,,REG,REG,0.0742,0.074,,0.1198,0.12,,0.3117,0.312,,REG,REG,0.0301,0.03,,LOD,LOD,0.0211,0.021,,LOD,LOD,0.0239,0.024,,0.0515,0.052,,0.0218,0.022,,0.0646,0.065,,REG,REG,0.03,0.03,,0.1299,0.13,,REG,REG,0.1584,0.158,,0.0911,0.091,,REG,REG,0.0619,0.062,,REG,REG,0.0692,0.069,,REG,REG,0.0544,0.054,,REG,REG,0.099,0.099,,REG,REG,0.084,0.084,,REG,REG,0.0725,0.072,,REG,REG,0.1122,0.112,,0.1242,0.124,,0.2656,0.266,,REG,REG,0.3249,0.325,,REG,REG,0.8988,0.891,,REG,REG,0.0825,0.074,,REG,REG,0.3855,0.386,,REG,REG,0.0065,0.007,,ND,ND,0.0133,0.006,,LOD,LOD,0.06,0.059,,REG,REG,0.0016,0.002,,ND,ND,5.00E-04,0,,ND,ND,0.0165,0.016,,0.1994,0.199,,REG,REG,0.037,0.037,,REG,REG,0.0132,0.013,,0.066,0.066,
28th & Point Breeze322023,5,28th & Point Breeze,stationary,"39.92624784, -75.1923165",39.92624784,-75.1923165,#00C19F,Non-Industrial,Residential,Low,Laundromat,LowT/NoI,P733847,P733847 081123 080923 Point Breeze Near 1WK SS,P733847 081123 080923 Point Breeze Near 1WK SS.D,8/11/23,8/9/23,sample,8/2/23,8/9/23,10062,2,322023,1,0.5809,0.581,,0.2267,0.228,,REG,REG,0.0944,0.094,,0.1412,0.141,,0.2749,0.275,,REG,REG,0.0453,0.045,,REG,REG,0.0333,0.033,,REG,REG,0.0308,0.031,,0.0692,0.069,,0.0331,0.033,,0.1063,0.106,,REG,REG,0.0422,0.042,,0.1624,0.162,,REG,REG,0.1723,0.172,,0.0773,0.077,,REG,REG,0.0787,0.079,,REG,REG,0.0743,0.074,,REG,REG,0.0654,0.065,,REG,REG,0.1126,0.113,,REG,REG,0.1385,0.139,,REG,REG,0.0926,0.093,,REG,REG,0.1524,0.152,,0.2066,0.207,,0.3878,0.388,,REG,REG,0.4383,0.438,,REG,REG,1.0916,1.092,,REG,REG,0.1151,0.115,,REG,REG,0.5754,0.575,,REG,REG,0.0066,0.007,,ND,ND,0.0133,0.013,,LOD,LOD,0.0863,0.086,,REG,REG,0.0016,0.002,,ND,ND,5.00E-04,0,,ND,ND,0.0166,0.017,,0.2145,0.214,,REG,REG,0.0372,0.037,,REG,REG,0.0088,0.009,,0.0994,0.099,
28th & Point Breeze332023,5,28th & Point Breeze,stationary,"39.92624784, -75.1923165",39.92624784,-75.1923165,#00C19F,Non-Industrial,Residential,Low,Laundromat,LowT/NoI,P733859,P733859 082423 081623 Point Breeze Near SS,P733859 082423 081623 Point Breeze Near SS.D,8/24/23,8/16/23,sample,8/9/23,8/16/23,10200,1.3,332023,1,0.5314,0.531,,0.1955,0.196,,REG,REG,0.0988,0.099,,0.1442,0.144,,0.3809,0.381,,REG,REG,0.0339,0.034,,REG,REG,0.0072,0.007,,ND,ND,0.0286,0.029,,0.071,0.071,,0.0282,0.028,,0.0783,0.078,,REG,REG,0.0386,0.039,,0.1621,0.162,,REG,REG,0.1676,0.168,,0.1038,0.104,,REG,REG,0.0766,0.077,,REG,REG,0.0822,0.082,,REG,REG,0.0936,0.094,,REG,REG,0.0255,0.025,,ND,ND,0.1197,0.12,,REG,REG,0.0657,0.066,,REG,REG,0.1232,0.123,,0.1611,0.161,,0.2875,0.288,,REG,REG,0.3007,0.301,,REG,REG,0.7949,0.795,,REG,REG,0.0636,0.064,,REG,REG,0.3891,0.389,,REG,REG,0.0417,0.042,,REG,REG,0.0086,0.009,,LOD,LOD,0.0506,0.051,,REG,REG,0.0016,0.002,,ND,ND,4.00E-04,0,,ND,ND,0.0212,0.021,,0.165,0.165,,REG,REG,0.0298,0.03,,REG,REG,0.0142,0.014,,0.0394,0.039,
28th & Point Breeze342023,5,28th & Point Breeze,stationary,"39.92624784, -75.1923165",39.92624784,-75.1923165,#00C19F,Non-Industrial,Residential,Low,Laundromat,LowT/NoI,P733879,P733879 082523 082323 Point Breeze Near SS,P733879 082523 082323 Point Breeze Near SS.D,8/25/23,8/23/23,sample,8/16/23,8/23/23,10015,2,342023,1,0.7477,0.748,,0.2964,0.297,,REG,REG,0.1498,0.15,,0.1997,0.2,,0.5821,0.582,,REG,REG,0.0417,0.042,,REG,REG,0.0304,0.03,,REG,REG,0.0344,0.034,,0.087,0.087,,0.0333,0.033,,0.0818,0.082,,REG,REG,0.0424,0.042,,0.189,0.189,,REG,REG,0.1797,0.18,,0.458,0.458,,REG,REG,0.3204,0.32,,REG,REG,0.1088,0.109,,REG,REG,0.1196,0.12,,REG,REG,0.1664,0.166,,REG,REG,0.115,0.115,,REG,REG,0.0764,0.076,,REG,REG,0.1265,0.126,,0.137,0.137,,0.2679,0.268,,REG,REG,0.297,0.297,,REG,REG,0.7925,0.792,,REG,REG,0.0658,0.066,,REG,REG,0.2523,0.252,,REG,REG,0.0631,0.063,,REG,REG,0.0134,0.013,,LOD,LOD,0.0311,0.031,,REG,REG,0.0016,0.002,,ND,ND,5.00E-04,0,,ND,ND,0.0333,0.033,,0.1724,0.172,,REG,REG,0.028,0.028,,REG,REG,0.0133,0.013,,0.038,0.038,
28th & Point Breeze352023,5,28th & Point Breeze,stationary,"39.92624784, -75.1923165",39.92624784,-75.1923165,#00C19F,Non-Industrial,Residential,Low,Laundromat,LowT/NoI,P733869,P733869 090723 083023 Point Breeze near SS,P733869 090723 083023 Point Breeze near SS.D,9/7/23,8/30/23,sample,8/23/23,8/30/23,10013,2,352023,1,0.7134,0.719,,0.2185,0.223,,REG,REG,0.1294,0.13,,0.173,0.173,,0.391,0.395,,REG,REG,0.0493,0.049,,REG,REG,0.0073,0.007,,ND,ND,0.0327,0.038,,0.0841,0.084,,0.0264,0.026,,0.1082,0.107,,REG,REG,0.054,0.054,,0.2008,0.208,,REG,REG,0.2402,0.24,,0.0266,0.097,CHECK,REG,REG,0.0843,0.112,,REG,REG,0.0593,0.065,,REG,REG,0.0504,0.049,,LOD,LOD,0.0938,0.1,,REG,REG,0.1453,0.145,,REG,REG,0.0953,0.095,,REG,REG,0.2131,0.213,,0.2693,0.266,,0.5115,0.512,,REG,REG,0.5514,0.551,,REG,REG,1.3887,1.389,,REG,REG,0.0781,0.078,,REG,REG,0.5992,0.599,,REG,REG,0.0507,0.051,,REG,REG,0.0106,0.011,,LOD,LOD,0.0355,0.035,,REG,REG,0.0016,0.002,,ND,ND,5.00E-04,0,,ND,ND,0.0153,0.017,,0.2012,0.201,,REG,REG,0.028,0.028,,REG,REG,0.0133,0.013,,0.0571,0.057,
28th & Point Breeze362023,5,28th & Point Breeze,stationary,"39.92624784, -75.1923165",39.92624784,-75.1923165,#00C19F,Non-Industrial,Residential,Low,Laundromat,LowT/NoI,P726670,P726670 090823 090623 Point Breeze near SS,P726670 090823 090623 Point Breeze near SS.D,9/8/23,9/6/23,sample,8/30/23,9/6/23,10044,2,362023,1,0.5618,0.562,,0.2053,0.206,,REG,REG,0.0991,0.099,,0.1568,0.157,,0.3728,0.373,,REG,REG,0.0378,0.038,,REG,REG,0.0304,0.03,,REG,REG,0.0223,0.022,,0.0699,0.07,,0.0263,0.026,,0.0913,0.091,,REG,REG,0.0357,0.036,,0.1488,0.149,,REG,REG,0.1864,0.186,,0.0217,0.022,,REG,REG,0.0425,0.043,,REG,REG,0.0737,0.074,,REG,REG,0.0718,0.072,,REG,REG,0.1068,0.107,,REG,REG,0.1207,0.121,,REG,REG,0.0685,0.068,,REG,REG,0.146,0.146,,0.163,0.163,,0.34,0.34,,REG,REG,0.3761,0.376,,REG,REG,1.0051,1.005,,REG,REG,0.0585,0.058,,REG,REG,0.4716,0.472,,REG,REG,0.0066,0.007,,ND,ND,0.0048,0.005,,ND,ND,0.0484,0.048,,REG,REG,0.0016,0.002,,ND,ND,5.00E-04,0,,ND,ND,0.0263,0.026,,0.1862,0.186,,REG,REG,0.0279,0.028,,REG,REG,0.0133,0.013,,0.0474,0.047,
28th & Point Breeze392023,5,28th & Point Breeze,stationary,"39.92624784, -75.1923165",39.92624784,-75.1923165,#00C19F,Non-Industrial,Residential,Low,Laundromat,LowT/NoI,P733892,P733892 092923 092723 Point Breeze near SS,P733892 092923 092723 Point Breeze near SS RENAME.D,9/29/23,9/27/23,sample,9/20/23,9/27/23,9986,2,392023,1,0.5293,0.529,,0.2504,0.251,,REG,REG,0.0797,0.08,,0.1102,0.11,,0.3452,0.345,,REG,REG,0.019,0.019,,LOD,LOD,0.0092,0.009,,LOD,LOD,0.0086,0.009,,0.0387,0.039,,0.0189,0.019,,0.0417,0.042,,REG,REG,0.0177,0.018,,0.0915,0.092,,REG,REG,0.1341,0.134,,0.0123,0.012,,REG,REG,0.0303,0.03,,REG,REG,0.035,0.035,,LOD,LOD,0.0126,0.013,,LOD,LOD,0.0273,0.027,,LOD,LOD,0.0486,0.049,,LOD,LOD,0.0622,0.062,,REG,REG,0.0868,0.087,,0.0579,0.058,,0.1954,0.195,,REG,REG,0.3064,0.306,,REG,REG,0.8774,0.877,,REG,REG,0.1327,0.133,,REG,REG,0.1476,0.148,,REG,REG,0.0278,0.028,,REG,REG,0.0039,0.004,,LOD,LOD,0.0126,0.013,,REG,REG,0.0017,0.002,,ND,ND,5.00E-04,0,,ND,ND,0.0264,0.026,,0.2738,0.274,,REG,REG,0.0281,0.028,,REG,REG,0.0134,0.013,,0.1478,0.148,
28th & Point Breeze402023,5,28th & Point Breeze,stationary,"39.92624784, -75.1923165",39.92624784,-75.1923165,#00C19F,Non-Industrial,Residential,Low,Laundromat,LowT/NoI,P733885,P733885 101223 100423 Point Breeze near SS,P733885 101223 100423 Point Breeze near SS.D,10/12/23,10/4/23,sample,9/27/23,10/4/23,10106,2,402023,1,0.8679,0.868,,0.3371,0.338,,REG,REG,0.1232,0.123,,0.1875,0.187,,0.5158,0.516,,REG,REG,0.03,0.03,,LOD,LOD,0.0211,0.021,,LOD,LOD,0.0273,0.027,,0.0694,0.069,,0.0299,0.03,,0.0816,0.082,,REG,REG,0.036,0.036,,0.2126,0.213,,REG,REG,0.343,0.343,,0.1268,0.127,,REG,REG,0.153,0.153,,REG,REG,0.0623,0.062,,REG,REG,0.039,0.039,,LOD,LOD,0.0594,0.059,,LOD,LOD,0.1919,0.192,,REG,REG,0.0988,0.099,,REG,REG,0.184,0.184,,0.163,0.163,,0.4224,0.422,,REG,REG,0.6495,0.65,,REG,REG,1.7528,1.753,,REG,REG,0.2121,0.212,,ULOD,ULOD,0.5093,0.509,,REG,REG,0.0512,0.051,,REG,REG,0.0053,0.005,,REG,REG,0.0185,0.018,,REG,REG,0.0016,0.002,,ND,ND,5.00E-04,0,,ND,ND,0.0319,0.032,,0.2563,0.256,,REG,REG,0.037,0.037,,REG,REG,0.022,0.022,,0.0565,0.057,
28th & Point Breeze412023,5,28th & Point Breeze,stationary,"39.92624784, -75.1923165",39.92624784,-75.1923165,#00C19F,Non-Industrial,Residential,Low,Laundromat,LowT/NoI,P726608,P726608 101323 101123 Point Breeze near SS,P726608 101323 101123 Point Breeze near SS.D,10/13/23,10/11/23,sample,10/4/23,10/11/23,10010,1.99,412023,1,0.8079,0.808,,0.413,0.414,,REG,REG,0.1138,0.114,,0.1726,0.173,,0.5181,0.518,,REG,REG,0.0302,0.03,,LOD,LOD,0.0182,0.018,,LOD,LOD,0.024,0.024,,0.0628,0.063,,0.0263,0.026,,0.0737,0.074,,REG,REG,0.0301,0.03,,0.2006,0.201,,REG,REG,0.3777,0.378,,0.0275,0.028,,REG,REG,0.05,0.05,,REG,REG,0.0528,0.053,,REG,REG,0.0231,0.023,,LOD,LOD,0.0463,0.046,,LOD,LOD,0.1627,0.163,,REG,REG,0.0893,0.089,,REG,REG,0.1849,0.185,,0.1637,0.164,,0.4121,0.412,,REG,REG,0.6933,0.693,,REG,REG,1.9123,1.912,,REG,REG,0.213,0.213,,ULOD,ULOD,0.407,0.407,,REG,REG,0.0627,0.063,,REG,REG,0.0186,0.019,,REG,REG,0.0218,0.022,,REG,REG,0.0016,0.002,,ND,ND,5.00E-04,0,,ND,ND,0.0375,0.038,,0.3003,0.3,,REG,REG,0.0464,0.046,,REG,REG,0.0221,0.022,,0.1231,0.123,
28th & Point Breeze422023,5,28th & Point Breeze,stationary,"39.92624784, -75.1923165",39.92624784,-75.1923165,#00C19F,Non-Industrial,Residential,Low,Laundromat,LowT/NoI,P733856,P733856 102623 101823 Point Breeze Near SS RENAME,P733856 102623 101823 Point Breeze Near SS RENAME.D,10/26/23,10/18/23,sample,10/11/23,10/18/23,10045,2,422023,1,0.7737,0.774,,0.3018,0.303,,REG,REG,0.1289,0.129,,0.1729,0.173,,0.4512,0.451,,REG,REG,0.0264,0.026,,LOD,LOD,0.0152,0.015,,LOD,LOD,0.0206,0.021,,0.0629,0.063,,0.0301,0.03,,0.0738,0.074,,REG,REG,0.0302,0.03,,0.1111,0.111,,REG,REG,0.2057,0.206,,0.0097,0.01,,ND,ND,0.017,0.017,,REG,REG,0.0384,0.038,,LOD,LOD,0.0124,0.012,,LOD,LOD,0.0332,0.033,,LOD,LOD,0.0845,0.084,,REG,REG,0.0696,0.07,,REG,REG,0.1254,0.125,,0.0937,0.094,,0.2914,0.291,,REG,REG,0.4697,0.47,,REG,REG,1.4222,1.422,,REG,REG,0.1414,0.141,,ULOD,ULOD,0.2295,0.229,,REG,REG,0.0172,0.017,,REG,REG,0.0048,0.005,,ND,ND,0.0153,0.015,,REG,REG,0.0016,0.002,,ND,ND,5.00E-04,0,,ND,ND,0.0376,0.038,,0.3438,0.344,,REG,REG,0.0372,0.037,,REG,REG,0.0221,0.022,,0.1233,0.123,
28th & Point Breeze432023,5,28th & Point Breeze,stationary,"39.92624784, -75.1923165",39.92624784,-75.1923165,#00C19F,Non-Industrial,Residential,Low,Laundromat,LowT/NoI,P726643,P726643 102723 102523 Point Breeze Near SS,P726643 102723 102523 Point Breeze Near SS.D,10/27/23,10/25/23,sample,10/18/23,10/25/23,10082,2,432023,1,2.5562,2.556,,0.5486,0.55,,REG,REG,0.3566,0.357,,0.5012,0.501,,1.2303,1.23,,REG,REG,0.0565,0.056,,REG,REG,0.0423,0.042,,REG,REG,0.0513,0.051,,0.1566,0.157,,0.0749,0.075,,0.2058,0.206,,REG,REG,0.0721,0.072,,0.5522,0.552,,REG,REG,0.9654,0.965,,0.0893,0.089,,REG,REG,0.1368,0.137,,REG,REG,0.0769,0.077,,REG,REG,0.0338,0.034,,LOD,LOD,0.0661,0.066,,LOD,LOD,0.2164,0.216,,REG,REG,0.2046,0.205,,REG,REG,0.6077,0.608,,0.4084,0.408,,1.4031,1.403,,REG,REG,2.0346,2.035,,ULOD,ULOD,3.7785,3.779,,ULOD,ULOD,0.1408,0.141,,ULOD,ULOD,1.7112,1.711,,REG,REG,0.1653,0.165,,REG,REG,0.0453,0.045,,REG,REG,0.0034,0.003,,ND,ND,0.0016,0.002,,ND,ND,5.00E-04,0,,ND,ND,0.032,0.032,,0.314,0.314,,REG,REG,0.0556,0.056,,REG,REG,0.022,0.022,,0.1322,0.132,
28th & Point Breeze442023,5,28th & Point Breeze,stationary,"39.92624784, -75.1923165",39.92624784,-75.1923165,#00C19F,Non-Industrial,Residential,Low,Laundromat,LowT/NoI,P726611,P726611 111023 110123 Point Breeze Near SS RR,P726611 111023 110123 Point Breeze Near SS RR.D,11/10/23,11/1/23,sample,10/25/23,11/1/23,9614,2,442023,1,2.1449,1.996,CHECK,0.5298,0.488,,REG,REG,0.2902,0.27,,0.4215,0.392,,1.1946,1.11,CHECK,REG,REG,0.0711,0.066,,REG,REG,0.0571,0.053,,REG,REG,0.061,0.057,,0.1715,0.16,,0.0824,0.077,,0.2158,0.201,,REG,REG,0.082,0.076,,0.565,0.52,,REG,REG,0.88,0.819,CHECK,0.2645,0.202,CHECK,REG,REG,0.2535,0.218,,REG,REG,0.1192,0.108,,REG,REG,0.041,0.038,,LOD,LOD,0.1116,0.097,,REG,REG,0.2648,0.246,,REG,REG,0.1488,0.138,,REG,REG,0.4715,0.438,,0.4883,0.455,,1.0275,0.956,CHECK,REG,REG,1.3335,1.241,CHECK,REG,REG,3.5464,3.299,CHECK,REG,REG,0.1468,0.137,,ULOD,ULOD,1.2044,1.119,CHECK,REG,REG,0.1829,0.161,,REG,REG,0.0461,0.031,,REG,REG,0.0036,0.003,,ND,ND,0.0017,0.002,,ND,ND,5.00E-04,0,,ND,ND,0.0272,0.026,,0.2694,0.251,,REG,REG,0.0476,0.045,,REG,REG,0.0324,0.03,,0.1387,0.129,
28th & Point Breeze452023,5,28th & Point Breeze,stationary,"39.92624784, -75.1923165",39.92624784,-75.1923165,#00C19F,Non-Industrial,Residential,Low,Laundromat,LowT/NoI,P726669,P726669 111023 110823 Point Breeze Near SS,P726669 111023 110823 Point Breeze Near SS.D,11/10/23,11/8/23,sample,11/1/23,11/8/23,9866,2,452023,1,3.3354,3.335,,1.3842,1.384,,REG,REG,0.4602,0.46,,0.6775,0.677,,1.8025,1.802,,REG,REG,0.1039,0.104,,REG,REG,0.0711,0.071,,REG,REG,0.0804,0.08,,0.2312,0.231,,0.0994,0.099,,0.3117,0.312,,REG,REG,0.1167,0.117,,0.5768,0.577,,REG,REG,0.9251,0.925,,0.2529,0.253,,REG,REG,0.2302,0.23,,REG,REG,0.1755,0.176,,REG,REG,0.0619,0.062,,REG,REG,0.1426,0.143,,REG,REG,0.2826,0.283,,REG,REG,0.199,0.199,,REG,REG,0.5406,0.541,,0.6547,0.655,,1.199,1.199,,REG,REG,1.8504,1.85,,REG,REG,3.8613,3.861,,ULOD,ULOD,0.143,0.143,,ULOD,ULOD,1.355,1.355,,REG,REG,0.1549,0.155,,REG,REG,0.0381,0.038,,REG,REG,0.01,0.01,,LOD,LOD,0.0017,0.002,,ND,ND,0.0149,0.015,,REG,REG,0.0434,0.043,,0.2771,0.277,,REG,REG,0.0464,0.046,,REG,REG,0.0315,0.032,,0.1255,0.125,
28th & Point Breeze462023,5,28th & Point Breeze,stationary,"39.92624784, -75.1923165",39.92624784,-75.1923165,#00C19F,Non-Industrial,Residential,Low,Laundromat,LowT/NoI,P733857,P733857 112423 111523 Point Breeze Near SS,P733857 112423 111523 Point Breeze Near SS.D,11/24/23,11/15/23,sample,11/8/23,11/15/23,10164,2,462023,1,1.2839,1.284,,0.6795,0.679,,REG,REG,0.181,0.181,,0.2796,0.28,,0.883,0.883,,REG,REG,0.0448,0.045,,REG,REG,0.027,0.027,,LOD,LOD,0.0339,0.034,,0.0932,0.093,,0.0408,0.041,,0.1222,0.122,,REG,REG,0.0477,0.048,,0.2361,0.236,,REG,REG,0.4191,0.419,,0.1471,0.147,,REG,REG,0.1086,0.109,,REG,REG,0.1176,0.118,,REG,REG,0.0282,0.028,,LOD,LOD,0.1056,0.106,,REG,REG,0.1014,0.101,,REG,REG,0.0819,0.082,,REG,REG,0.2361,0.236,,0.184,0.184,,0.5039,0.504,,REG,REG,0.7669,0.767,,REG,REG,2.024,2.024,,REG,REG,0.21,0.21,,ULOD,ULOD,0.5178,0.518,,REG,REG,0.1052,0.105,,REG,REG,0.0304,0.03,,REG,REG,0.0034,0.003,,ND,ND,0.0016,0.002,,ND,ND,5.00E-04,0,,ND,ND,0.0202,0.02,,0.2548,0.255,,REG,REG,0.0359,0.036,,REG,REG,0.0175,0.017,,0.1827,0.183,
28th & Point Breeze472023,5,28th & Point Breeze,stationary,"39.92624784, -75.1923165",39.92624784,-75.1923165,#00C19F,Non-Industrial,Residential,Low,Laundromat,LowT/NoI,P733880,P733880 112523 112223 Point Breeze Near SS,P733880 112523 112223 Point Breeze Near SS.D,11/25/23,11/22/23,sample,11/15/23,11/22/23,10115,2,472023,1,1.6715,1.671,,0.794,0.794,,REG,REG,0.2313,0.231,,0.359,0.359,,1.0387,1.039,,REG,REG,0.0675,0.068,,REG,REG,0.0422,0.042,,REG,REG,0.0477,0.048,,0.1283,0.128,,0.056,0.056,,0.1722,0.172,,REG,REG,0.0659,0.066,,0.3202,0.32,,REG,REG,0.4937,0.494,,0.1667,0.167,,REG,REG,0.138,0.138,,REG,REG,0.1326,0.133,,REG,REG,0.0444,0.044,,LOD,LOD,0.1061,0.106,,REG,REG,0.1558,0.156,,REG,REG,0.1217,0.122,,REG,REG,0.3164,0.316,,0.3361,0.336,,0.6993,0.699,,REG,REG,0.9633,0.963,,REG,REG,2.4857,2.486,,REG,REG,0.211,0.211,,ULOD,ULOD,0.8638,0.864,,REG,REG,0.0943,0.094,,REG,REG,0.0239,0.024,,REG,REG,0.0034,0.003,,ND,ND,0.0016,0.002,,ND,ND,5.00E-04,0,,ND,ND,0.0203,0.02,,0.2418,0.242,,REG,REG,0.0453,0.045,,REG,REG,0.0439,0.044,,0.1695,0.169,
28th & Point Breeze482023,5,28th & Point Breeze,stationary,"39.92624784, -75.1923165",39.92624784,-75.1923165,#00C19F,Non-Industrial,Residential,Low,Laundromat,LowT/NoI,P733897,P733897 120823 112923 Point Breeze Far SS,P733897 120823 112923 Point Breeze Far SS.D,12/8/23,11/29/23,sample,11/22/23,11/29/23,9989,2,482023,1,0.5671,0.598,,0.3973,0.385,,REG,REG,0.0886,0.094,,0.1196,0.126,,0.4222,0.438,,REG,REG,0.019,0.023,,LOD,LOD,0.0122,0.003,,LOD,LOD,0.0173,0.017,,0.0457,0.049,,0.0189,0.019,,0.0501,0.049,,REG,REG,0.0182,0.024,,0.1253,0.15,,REG,REG,0.2062,0.24,,0.1149,0.159,,REG,REG,0.0609,0.115,CHECK,REG,REG,0.0469,0.051,,LOD,LOD,0.0216,0.023,,LOD,LOD,0.0567,0.047,,LOD,LOD,0.0364,0.055,,LOD,REG,0.0333,0.047,,LOD,REG,0.0934,0.113,,0.0707,0.081,,0.2075,0.244,,REG,REG,0.308,0.37,CHECK,REG,REG,0.9305,1.144,CHECK,REG,REG,0.1399,0.147,,REG,REG,0.1475,0.19,,REG,REG,0.0391,0.061,,REG,REG,0.0101,0.011,,LOD,LOD,0.0034,0.003,,ND,ND,0.0017,0.002,,ND,ND,5.00E-04,0.007,,ND,REG,0.0423,0.021,,0.2737,0.274,,REG,REG,0.0374,0.036,,REG,REG,0.0133,0.013,,0.1001,0.095,
28th & Point Breeze492023,5,28th & Point Breeze,stationary,"39.92624784, -75.1923165",39.92624784,-75.1923165,#00C19F,Non-Industrial,Residential,Low,Laundromat,LowT/NoI,P726643,P726643 120923 120623 Point Breeze Near SS,P726643 120923 120623 Point Breeze Near SS.D,12/9/23,12/6/23,sample,11/29/23,12/6/23,10208,2,492023,1,1.1497,1.15,,0.5235,0.525,,REG,REG,0.17,0.17,,0.2356,0.236,,0.7591,0.759,,REG,REG,0.0483,0.048,,REG,REG,0.0299,0.03,,REG,REG,0.0372,0.037,,0.0962,0.096,,0.0407,0.041,,0.1225,0.122,,REG,REG,0.0534,0.053,,0.3122,0.312,,REG,REG,0.5022,0.502,,0.1684,0.168,,REG,REG,0.1086,0.109,,REG,REG,0.1319,0.132,,REG,REG,0.0582,0.058,,REG,REG,0.1274,0.127,,REG,REG,0.1009,0.101,,REG,REG,0.0945,0.095,,REG,REG,0.2678,0.268,,0.2074,0.207,,0.5973,0.597,,REG,REG,0.8339,0.834,,REG,REG,2.3847,2.385,,REG,REG,0.2106,0.211,,ULOD,ULOD,0.5156,0.516,,REG,REG,0.0833,0.083,,REG,REG,0.023,0.023,,REG,REG,0.0034,0.003,,ND,ND,0.0016,0.002,,ND,ND,4.00E-04,0,,ND,ND,0.0196,0.02,,0.2537,0.254,,REG,REG,0.0458,0.046,,REG,REG,0.0435,0.044,,0.084,0.084,
28th & Point Breeze502023,5,28th & Point Breeze,stationary,"39.92624784, -75.1923165",39.92624784,-75.1923165,#00C19F,Non-Industrial,Residential,Low,Laundromat,LowT/NoI,P726667,P726667 122123 121323 Point Breeze Near SS,P726667 122123 121323 Point Breeze Near SS.D,12/21/23,12/13/23,sample,12/6/23,12/13/23,9457,2,502023,1,1.2863,1.195,CHECK,0.5386,0.502,,REG,REG,0.1835,0.17,,0.2599,0.242,,0.7609,0.707,CHECK,REG,REG,0.0522,0.048,,REG,REG,0.0355,0.033,,REG,REG,0.0401,0.037,,0.1076,0.1,,0.0439,0.041,,0.1322,0.123,,REG,REG,0.0577,0.054,,0.3029,0.281,,REG,REG,0.5421,0.504,,0.1465,0.136,,REG,REG,0.0864,0.08,,REG,REG,0.1475,0.137,,REG,REG,0.0686,0.064,,REG,REG,0.1445,0.134,,REG,REG,0.1282,0.119,,REG,REG,0.1513,0.141,,REG,REG,0.3384,0.314,,0.2239,0.208,,0.6963,0.647,,REG,REG,1.2364,1.149,CHECK,REG,REG,3.2589,3.028,CHECK,REG,REG,0.1508,0.14,,ULOD,ULOD,0.7124,0.662,CHECK,REG,REG,0.1142,0.106,,REG,REG,0.0461,0.043,,REG,REG,0.0036,0.003,,ND,ND,0.0017,0.002,,ND,ND,5.00E-04,0,,ND,ND,0.0211,0.02,,0.3804,0.353,,REG,REG,0.0494,0.046,,REG,REG,0.0188,0.017,,0.2417,0.225,
28th & Point Breeze512023,5,28th & Point Breeze,stationary,"39.92624784, -75.1923165",39.92624784,-75.1923165,#00C19F,Non-Industrial,Residential,Low,Laundromat,LowT/NoI,P726612,P726612 122123 122023 Point Breeze Near SS,P726612 122123 122023 Point Breeze Near SS.D,12/21/23,12/20/23,sample,12/13/23,12/20/23,9868,2,512023,1,0.8925,0.892,,0.4275,0.429,,REG,REG,0.1302,0.13,,0.1904,0.19,,0.5955,0.596,,REG,REG,0.0423,0.042,,REG,REG,0.0062,0.006,,LOD,LOD,0.0314,0.031,,0.0782,0.078,,0.0344,0.034,,0.0929,0.093,,REG,REG,0.0369,0.037,,0.2184,0.218,,REG,REG,0.4047,0.405,,0.1742,0.174,,REG,REG,0.0912,0.091,,REG,REG,0.1068,0.107,,REG,REG,0.0493,0.049,,LOD,LOD,0.1182,0.118,,REG,REG,0.1106,0.111,,REG,REG,0.118,0.118,,REG,REG,0.2297,0.23,,0.1431,0.143,,0.482,0.482,,REG,REG,0.925,0.925,,REG,REG,2.5827,2.583,,REG,REG,0.1445,0.145,,ULOD,ULOD,0.4694,0.469,,REG,REG,0.0629,0.063,,REG,REG,0.0578,0.058,,REG,REG,0.0035,0.003,,ND,ND,0.0017,0.002,,ND,ND,0.0112,0.011,,REG,REG,0.0146,0.015,,0.3791,0.379,,REG,REG,0.0474,0.047,,REG,REG,0.0225,0.023,,0.4536,0.454,
28th & Point Breeze22024,5,28th & Point Breeze,stationary,"39.92624784, -75.1923165",39.92624784,-75.1923165,#00C19F,Non-Industrial,Residential,Low,Laundromat,LowT/NoI,P726615,P726615 011624 011024 Point Breeze Near SS,P726615 011624 011024 Point Breeze Near SS.D,1/16/24,1/10/24,sample,1/3/24,1/10/24,10086,2,22024,1,0.7117,0.712,,0.5732,0.573,,REG,REG,0.1239,0.124,,0.1623,0.162,,0.6181,0.618,,REG,REG,0.0339,0.034,,LOD,LOD,0.0242,0.024,,LOD,LOD,0.0274,0.027,,0.0654,0.065,,0.0333,0.033,,0.0818,0.082,,REG,REG,0.0361,0.036,,0.1983,0.198,,REG,REG,0.3708,0.371,,0.0911,0.091,,REG,REG,0.0665,0.067,,REG,REG,0.0967,0.097,,REG,REG,0.045,0.045,,LOD,LOD,0.0906,0.091,,REG,REG,0.1322,0.132,,REG,REG,0.0868,0.087,,REG,REG,0.2545,0.254,,0.1458,0.146,,0.5755,0.576,,REG,REG,0.6915,0.691,,REG,REG,2.5703,2.57,,REG,REG,0.0396,0.04,,ULOD,ULOD,0.4561,0.456,,REG,REG,0.065,0.065,,REG,REG,0.0333,0.033,,REG,REG,0.0034,0.003,,ND,ND,0.0016,0.002,,ND,ND,0.0091,0.009,,REG,REG,0.0198,0.02,,0.2853,0.285,,REG,REG,0.0417,0.042,,REG,REG,0.0207,0.021,,0.1034,0.103,
28th & Point Breeze32024,5,28th & Point Breeze,stationary,"39.92624784, -75.1923165",39.92624784,-75.1923165,#00C19F,Non-Industrial,Residential,Low,Laundromat,LowT/NoI,P733859,P733859 012524 011724 Point Breeze Near SS,P733859 012524 011724 Point Breeze Near SS.D,1/25/24,1/17/24,sample,1/10/24,1/17/24,9670,2,32024,1,0.506,0.471,,0.4363,0.406,,REG,REG,0.0827,0.077,,0.1094,0.102,,0.3938,0.367,,REG,REG,0.0235,0.022,,LOD,LOD,0.0126,0.012,,LOD,LOD,0.0178,0.017,,0.0464,0.043,,0.0191,0.018,,0.0508,0.047,,REG,REG,0.0251,0.023,,0.1401,0.13,,REG,REG,0.304,0.283,,0.0359,0.033,,REG,REG,0.0392,0.036,,REG,REG,0.0404,0.038,,LOD,LOD,0.0134,0.012,,LOD,LOD,0.0393,0.037,,LOD,LOD,0.094,0.087,,REG,REG,0.0561,0.052,,REG,REG,0.1551,0.144,,0.1034,0.096,,0.3481,0.324,,REG,REG,0.5834,0.543,,REG,REG,1.6763,1.56,CHECK,REG,REG,0.1535,0.143,,ULOD,ULOD,0.3451,0.321,,REG,REG,0.0559,0.052,,REG,REG,0.0208,0.019,,REG,REG,0.0036,0.003,,ND,ND,0.0017,0.002,,ND,ND,5.00E-04,0,,ND,ND,0.0149,0.014,,0.372,0.346,,REG,REG,0.0435,0.04,,REG,REG,0.0124,0.012,,0.3097,0.288,
28th & Point Breeze42024,5,28th & Point Breeze,stationary,"39.92624784, -75.1923165",39.92624784,-75.1923165,#00C19F,Non-Industrial,Residential,Low,Laundromat,LowT/NoI,P733882,P733882 012624 012424 Point Breeze Near SS,P733882 012624 012424 Point Breeze Near SS.D,1/26/24,1/24/24,sample,1/17/24,1/24/24,9640,2,42024,1,0.8336,0.834,,0.6321,0.632,,REG,REG,0.14,0.14,,0.1698,0.17,,0.7747,0.775,,REG,REG,0.0394,0.039,,REG,REG,0.0253,0.025,,LOD,LOD,0.0322,0.032,,0.0793,0.079,,0.0309,0.031,,0.0856,0.086,,REG,REG,0.044,0.044,,0.2811,0.281,,REG,REG,0.4571,0.457,,0.0904,0.09,,REG,REG,0.0782,0.078,,REG,REG,0.086,0.086,,REG,REG,0.0247,0.025,,LOD,LOD,0.0809,0.081,,LOD,LOD,0.1446,0.145,,REG,REG,0.0839,0.084,,REG,REG,0.5083,0.508,,0.177,0.177,,1.0576,1.058,,REG,REG,0.8192,0.819,,REG,REG,2.3138,2.314,,REG,REG,0.154,0.154,,ULOD,ULOD,0.6082,0.608,,REG,REG,0.1276,0.128,,REG,REG,0.0418,0.042,,REG,REG,0.0146,0.015,,REG,REG,0.0017,0.002,,ND,ND,0.0114,0.011,,REG,REG,0.0092,0.009,,0.3433,0.343,,REG,REG,0.0436,0.044,,REG,REG,0.0217,0.022,,0.3008,0.301,
28th & Point Breeze52024,5,28th & Point Breeze,stationary,"39.92624784, -75.1923165",39.92624784,-75.1923165,#00C19F,Non-Industrial,Residential,Low,Laundromat,LowT/NoI,P733895,P733895 020824 013124 Point Breeze Near SS,P733895 020824 013124 Point Breeze Near SS.D,2/8/24,1/31/24,sample,1/24/24,1/31/24,10099,2,52024,1,1.179,1.179,,0.4734,0.473,,REG,REG,0.177,0.177,,0.2335,0.234,,0.7972,0.797,,REG,REG,0.0451,0.045,,REG,REG,0.0091,0.009,,LOD,LOD,0.0444,0.044,,0.1216,0.122,,0.0411,0.041,,0.1073,0.107,,REG,REG,0.054,0.054,,0.2631,0.263,,REG,REG,0.5058,0.506,,0.0427,0.043,,REG,REG,0.0761,0.076,,REG,REG,0.0882,0.088,,REG,REG,0.0422,0.042,,LOD,LOD,0.0784,0.078,,LOD,LOD,0.078,0.078,,REG,REG,0.0692,0.067,,REG,REG,0.2636,0.264,,0.1507,0.151,,0.3864,0.37,,REG,REG,0.5484,0.548,,REG,REG,1.6409,1.567,CHECK,REG,REG,0.1877,0.156,,REG,REG,0.2599,0.237,,REG,REG,0.1131,0.122,,REG,REG,0.0183,0.02,,REG,REG,0.0049,0.001,,LOD,LOD,0.0016,0.002,,ND,ND,5.00E-04,0,,ND,ND,0.0199,0.02,,0.3277,0.328,,REG,REG,0.044,0.042,,REG,REG,0.0264,0.026,,0.0802,0.08,
28th & Point Breeze62024,5,28th & Point Breeze,stationary,"39.92624784, -75.1923165",39.92624784,-75.1923165,#00C19F,Non-Industrial,Residential,Low,Laundromat,LowT/NoI,P726670,P726670 021524 020724 Point Breeze Near SS,P726670 021524 020724 Point Breeze Near SS.D,2/15/24,2/7/24,sample,1/31/24,2/7/24,10104,2,62024,1,0.839,0.839,,0.5969,0.597,,REG,REG,0.1274,0.127,,0.1761,0.176,,0.6915,0.691,,REG,REG,0.0263,0.026,,LOD,LOD,0.0151,0.015,,LOD,LOD,0.0205,0.02,,0.0556,0.056,,0.0299,0.03,,0.0825,0.082,,REG,REG,0.03,0.03,,0.2694,0.269,,REG,REG,0.4528,0.453,,0.1087,0.109,,REG,REG,0.0719,0.072,,REG,REG,0.0688,0.069,,REG,REG,0.0314,0.031,,LOD,LOD,0.0849,0.085,,REG,REG,0.102,0.102,,REG,REG,0.0889,0.089,,REG,REG,0.2041,0.204,,0.1157,0.116,,0.4586,0.459,,REG,REG,0.7106,0.711,,REG,REG,1.8098,1.81,,REG,REG,0.2148,0.215,,ULOD,ULOD,0.4369,0.437,,REG,REG,0.0448,0.045,,REG,REG,0.0183,0.018,,REG,REG,0.0034,0.003,,ND,ND,0.0016,0.002,,ND,ND,0.0109,0.011,,REG,REG,0.0089,0.009,,0.4272,0.427,,REG,REG,0.0439,0.044,,REG,REG,0.022,0.022,,0.2545,0.254,
28th & Point Breeze72024,5,28th & Point Breeze,stationary,"39.92624784, -75.1923165",39.92624784,-75.1923165,#00C19F,Non-Industrial,Residential,Low,Laundromat,LowT/NoI,P733854,P733854 021624 021424 Point Breeze Near SS,P733854 021624 021424 Point Breeze Near SS.D,2/16/24,2/14/24,sample,2/7/24,2/14/24,10017,2,72024,1,1.6022,1.602,,1.0326,1.033,,REG,REG,0.2683,0.268,,0.3038,0.304,,1.0671,1.067,,REG,REG,0.0758,0.076,,REG,REG,0.0548,0.055,,REG,REG,0.0448,0.045,,0.1086,0.109,,0.0791,0.079,,0.2662,0.266,,REG,REG,0.115,0.115,,0.5551,0.555,,REG,REG,0.9093,0.909,,0.1952,0.195,,REG,REG,0.1349,0.135,,REG,REG,0.1619,0.162,,REG,REG,0.0803,0.08,,REG,REG,0.2188,0.219,,REG,REG,0.0136,0.014,,ND,ND,0.1894,0.189,,REG,REG,0.4388,0.439,,0.3868,0.387,,1.0592,1.059,,REG,REG,1.7816,1.782,,REG,REG,3.6509,3.651,,REG,REG,0.2166,0.217,,ULOD,ULOD,2.101,2.101,,ULOD,ULOD,0.0066,0.007,,ND,ND,0.0251,0.025,,REG,REG,0.0034,0.003,,ND,ND,0.0016,0.002,,ND,ND,5.00E-04,0,,ND,ND,0.0201,0.02,,0.3878,0.388,,REG,REG,0.063,0.063,,REG,REG,0.0311,0.031,,0.2139,0.214,
28th & Point Breeze82024,5,28th & Point Breeze,stationary,"39.92624784, -75.1923165",39.92624784,-75.1923165,#00C19F,Non-Industrial,Residential,Low,Laundromat,LowT/NoI,P726659,P726659 022924 022124 Point Breeze Near SS,P726659 022924 022124 Point Breeze Near SS.D,2/29/24,2/21/24,sample,2/14/24,2/21/24,10085,2,82024,1,0.6352,0.635,,0.4927,0.493,,REG,REG,0.0979,0.098,,0.1347,0.135,,0.4523,0.452,,REG,REG,0.0263,0.026,,LOD,LOD,0.0073,0.007,,ND,ND,0.0205,0.021,,0.0522,0.052,,0.0225,0.022,,0.0661,0.066,,REG,REG,0.024,0.024,,0.2123,0.212,,REG,REG,0.2752,0.275,,0.4536,0.454,,REG,REG,0.2001,0.2,,REG,REG,0.0834,0.083,,REG,REG,0.0315,0.031,,LOD,LOD,0.0917,0.092,,REG,REG,0.0601,0.06,,REG,REG,0.0528,0.053,,REG,REG,0.112,0.112,,0.1043,0.104,,0.2418,0.242,,REG,REG,0.4678,0.468,,REG,REG,1.3221,1.322,,REG,REG,0.0631,0.063,,REG,REG,0.2603,0.26,,REG,REG,0.0449,0.045,,REG,REG,0.0116,0.012,,LOD,LOD,0.0034,0.003,,ND,ND,0.0016,0.002,,ND,ND,0.0091,0.009,,REG,REG,0.0255,0.025,,0.2996,0.3,,REG,REG,0.0348,0.035,,REG,REG,0.0132,0.013,,0.1039,0.104,
28th & Point Breeze92024,5,28th & Point Breeze,stationary,"39.92624784, -75.1923165",39.92624784,-75.1923165,#00C19F,Non-Industrial,Residential,Low,Laundromat,LowT/NoI,P733859,P733859 030124 022824 Point Breeze Near SS,P733859 030124 022824 Point Breeze Near SS.D,3/1/24,2/28/24,sample,2/21/24,2/28/24,10102,2,92024,1,0.7331,0.733,,0.4176,0.418,,REG,REG,0.1077,0.108,,0.1501,0.15,,0.4641,0.464,,REG,REG,0.0338,0.034,,LOD,LOD,0.0211,0.021,,LOD,LOD,0.0239,0.024,,0.059,0.059,,0.0261,0.026,,0.0825,0.082,,REG,REG,0.036,0.036,,0.295,0.295,,REG,REG,0.4925,0.492,,0.0427,0.043,,REG,REG,0.0513,0.051,,REG,REG,0.064,0.064,,REG,REG,0.0368,0.037,,LOD,LOD,0.0784,0.078,,LOD,LOD,0.072,0.072,,REG,REG,0.0758,0.076,,REG,REG,0.1976,0.198,,0.1623,0.162,,0.4708,0.471,,REG,REG,0.6498,0.65,,REG,REG,1.697,1.697,,REG,REG,0.0945,0.095,,REG,REG,0.3536,0.354,,REG,REG,0.0562,0.056,,REG,REG,0.0183,0.018,,REG,REG,0.0034,0.003,,ND,ND,0.0016,0.002,,ND,ND,5.00E-04,0,,ND,ND,0.0089,0.009,,0.2279,0.228,,REG,REG,0.0347,0.035,,REG,REG,0.0132,0.013,,0.0613,0.061,
28th & Point Breeze102024,5,28th & Point Breeze,stationary,"39.92624784, -75.1923165",39.92624784,-75.1923165,#00C19F,Non-Industrial,Residential,Low,Laundromat,LowT/NoI,P726607,P726607 031524 030624 Point Breeze Near SS,P726607 031524 030624 Point Breeze Near SS.D,3/15/24,3/6/24,sample,2/28/24,3/6/24,10118,2,102024,1,0.6043,0.604,,0.3644,0.365,,REG,REG,0.0878,0.088,,0.1239,0.125,,0.5409,0.49,CHECK,REG,REG,0.0225,0.023,,LOD,LOD,0.0121,0.012,,LOD,LOD,0.0164,0.017,,0.0519,0.052,,0.0223,0.022,,0.0572,0.057,,REG,REG,0.0239,0.024,,0.1622,0.163,,REG,REG,0.2414,0.242,,0.1072,0.109,,REG,REG,0.0773,0.081,,REG,REG,0.0464,0.048,,LOD,LOD,0.0332,0.034,,LOD,LOD,0.0578,0.057,,LOD,LOD,0.0659,0.066,,REG,REG,0.0489,0.049,,REG,REG,0.1238,0.124,,0.1029,0.102,,0.2872,0.289,,REG,REG,0.3736,0.373,,REG,REG,1.0609,1.073,,REG,REG,0.1348,0.139,,ULOD,ULOD,0.2569,0.258,,REG,REG,0.0707,0.075,,REG,REG,0.0158,0.02,,REG,REG,0.0034,0.003,,ND,ND,0.0016,0.002,,ND,ND,0.0108,0.01,,REG,REG,0.0254,0.006,,0.2702,0.27,,REG,REG,0.036,0.036,,REG,REG,0.0174,0.018,,0.1117,0.113,
28th & Point Breeze112024,5,28th & Point Breeze,stationary,"39.92624784, -75.1923165",39.92624784,-75.1923165,#00C19F,Non-Industrial,Residential,Low,Laundromat,LowT/NoI,P733886,P733886 031624 031324 Point Breeze Near SS,P733886 031624 031324 Point Breeze Near SS.D,3/16/24,3/13/24,sample,3/6/24,3/13/24,10005,2,112024,1,0.911,0.911,,0.5435,0.544,,REG,REG,0.1287,0.129,,0.1779,0.179,,0.7937,0.742,CHECK,REG,REG,0.0266,0.027,,LOD,LOD,0.0152,0.015,,LOD,LOD,0.0235,0.024,,0.07,0.07,,0.0263,0.026,,0.0745,0.074,,REG,REG,0.0363,0.036,,0.2349,0.235,,REG,REG,0.6373,0.638,,0.018,0.02,,REG,REG,0.049,0.052,,REG,REG,0.0469,0.049,,LOD,LOD,0.0228,0.024,,LOD,LOD,0.0518,0.051,,LOD,LOD,0.1333,0.133,,REG,REG,0.0927,0.093,,REG,REG,0.2585,0.259,,0.1629,0.162,,0.5586,0.561,,REG,REG,1.0954,1.095,,REG,REG,3.0528,3.065,,REG,REG,0.1363,0.14,,ULOD,ULOD,0.4492,0.45,,REG,REG,0.1519,0.156,,REG,REG,0.063,0.067,,REG,REG,0.0034,0.003,,ND,ND,0.0016,0.002,,ND,ND,0.0091,0.008,,REG,REG,0.0146,0.006,,0.2876,0.288,,REG,REG,0.0457,0.046,,REG,REG,0.0798,0.08,,0.1225,0.124,
28th & Point Breeze122024,5,28th & Point Breeze,stationary,"39.92624784, -75.1923165",39.92624784,-75.1923165,#00C19F,Non-Industrial,Residential,Low,Laundromat,LowT/NoI,P726664,P726664 040224 032024 Point Breeze Near SS,P726664 040224 032024 Point Breeze Near SS.D,4/2/24,3/20/24,sample,3/13/24,3/20/24,9681,2,122024,1,1.4727,1.371,CHECK,0.4842,0.451,,REG,REG,0.2002,0.187,,0.2708,0.253,,0.8114,0.705,CHECK,REG,REG,0.0549,0.051,,REG,REG,0.0409,0.038,,REG,REG,0.0456,0.043,,0.1267,0.118,,0.0583,0.054,,0.163,0.151,,REG,REG,0.0751,0.07,,0.3561,0.332,,REG,REG,0.6311,0.588,,0.1711,0.161,,REG,REG,0.1324,0.127,,REG,REG,0.0938,0.089,,REG,REG,0.0459,0.044,,LOD,LOD,0.1017,0.094,,REG,REG,0.1878,0.175,,REG,REG,0.2299,0.214,,REG,REG,0.3773,0.351,,0.387,0.36,,0.867,0.809,CHECK,REG,REG,1.8525,1.724,CHECK,REG,REG,4.5716,4.267,CHECK,REG,REG,0.2156,0.205,,ULOD,ULOD,1.0514,0.98,CHECK,REG,REG,0.0068,0.006,,ND,ND,0.005,0.005,,ND,ND,0.0036,0.003,,ND,ND,0.0017,0.002,,ND,ND,0.0094,0.008,,REG,REG,0.0323,0.011,,0.3567,0.332,,REG,REG,0.0376,0.035,,REG,REG,0.0182,0.017,,0.225,0.211,
28th & Point Breeze152024,5,28th & Point Breeze,stationary,"39.92624784, -75.1923165",39.92624784,-75.1923165,#00C19F,Non-Industrial,Residential,Low,Laundromat,LowT/NoI,P733866,P733866 041224 041024 Point Breeze Near SS,P733866 041224 041024 Point Breeze Near SS.D,4/12/24,4/10/24,sample,4/3/24,4/10/24,10068,2,152024,1,0.7095,0.709,,0.3011,0.301,,REG,REG,0.0925,0.092,,0.1451,0.145,,0.3661,0.366,,REG,REG,0.0377,0.038,,REG,REG,0.0273,0.027,,LOD,LOD,0.0274,0.027,,0.0314,0.031,,0.0337,0.034,,0.091,0.091,,REG,REG,0.0361,0.036,,0.1522,0.152,,REG,REG,0.2475,0.247,,0.0272,0.027,,REG,REG,0.0445,0.044,,REG,REG,0.0654,0.065,,REG,REG,0.043,0.043,,LOD,LOD,0.0745,0.074,,LOD,LOD,0.1385,0.138,,REG,REG,0.0628,0.063,,REG,REG,0.1515,0.151,,0.187,0.187,,0.3513,0.351,,REG,REG,0.4368,0.437,,REG,REG,1.225,1.225,,REG,REG,0.2126,0.213,,ULOD,ULOD,0.4078,0.408,,REG,REG,0.0066,0.007,,ND,ND,0.0133,0.013,,LOD,LOD,0.0034,0.003,,ND,ND,0.0016,0.002,,ND,ND,0.0073,0.007,,REG,REG,0.0179,0.018,,0.1858,0.186,,REG,REG,0.0278,0.028,,REG,REG,0.0353,0.035,,0.0615,0.061,
28th & Point Breeze162024,5,28th & Point Breeze,stationary,"39.92624784, -75.1923165",39.92624784,-75.1923165,#00C19F,Non-Industrial,Residential,Low,Laundromat,LowT/NoI,P726650,P726650 042624 041724 Point Breeze Near SS,P726650 042624 041724 Point Breeze Near SS.D,4/26/24,4/17/24,sample,4/10/24,4/17/24,9454,2,162024,1,0.6875,0.639,,0.2876,0.267,,REG,REG,0.0932,0.087,,0.1434,0.133,,0.3674,0.341,,REG,REG,0.0321,0.03,,LOD,LOD,0.0193,0.018,,LOD,LOD,0.0255,0.024,,0.0557,0.052,,0.0279,0.026,,0.0793,0.074,,REG,REG,0.0321,0.03,,0.1484,0.138,,REG,REG,0.2071,0.192,,0.0995,0.092,,REG,REG,0.065,0.06,,REG,REG,0.0593,0.055,,REG,REG,0.0286,0.027,,LOD,LOD,0.0652,0.061,,LOD,LOD,0.1026,0.095,,REG,REG,0.0845,0.079,,REG,REG,0.1402,0.13,,0.1244,0.116,,0.3225,0.3,,REG,REG,0.5302,0.493,,REG,REG,1.365,1.268,CHECK,REG,REG,0.1789,0.166,,REG,REG,0.3897,0.362,,REG,REG,0.0897,0.083,,REG,REG,0.0142,0.013,,LOD,LOD,0.0069,0.006,,LOD,LOD,0.0017,0.002,,ND,ND,0.0097,0.009,,REG,REG,0.0132,0.012,,0.3348,0.311,,REG,REG,0.0297,0.028,,REG,REG,0.047,0.044,,0.1108,0.103,
28th & Point Breeze172024,5,28th & Point Breeze,stationary,"39.92624784, -75.1923165",39.92624784,-75.1923165,#00C19F,Non-Industrial,Residential,Low,Laundromat,LowT/NoI,P733896,P733896 042724 042424 Point Breeze Near SS,P733896 042724 042424 Point Breeze Near SS.D,4/27/24,4/24/24,sample,4/17/24,4/24/24,9783,2,172024,1,0.7739,0.774,,0.2587,0.259,,REG,REG,0.1003,0.1,,0.1493,0.149,,0.3507,0.351,,REG,REG,0.0388,0.039,,REG,REG,0.0249,0.025,,LOD,LOD,0.0282,0.028,,0.0646,0.065,,0.0309,0.031,,0.1022,0.102,,REG,REG,0.0372,0.037,,0.1632,0.163,,REG,REG,0.207,0.207,,0.0572,0.057,,REG,REG,0.0586,0.059,,REG,REG,0.0723,0.072,,REG,REG,0.0442,0.044,,LOD,LOD,0.0698,0.07,,LOD,LOD,0.0929,0.093,,REG,REG,0.0748,0.075,,REG,REG,0.1559,0.156,,0.1443,0.144,,0.374,0.374,,REG,REG,0.5543,0.554,,REG,REG,1.358,1.358,,REG,REG,0.15,0.15,,REG,REG,0.4627,0.463,,REG,REG,0.0279,0.028,,REG,REG,0.0069,0.007,,LOD,LOD,0.0035,0.004,,ND,ND,0.0017,0.002,,ND,ND,5.00E-04,0,,ND,ND,0.0185,0.018,,0.353,0.353,,REG,REG,0.0287,0.029,,REG,REG,0.0227,0.023,,0.1704,0.17,
28th & Point Breeze182024,5,28th & Point Breeze,stationary,"39.92624784, -75.1923165",39.92624784,-75.1923165,#00C19F,Non-Industrial,Residential,Low,Laundromat,LowT/NoI,P726611,P726611 051124 050124 Pt Breeze Near SS.D,P726611 051124 050124 Pt Breeze Near SS.D,5/11/24,5/1/24,sample,4/24/24,5/1/24,10188,2,182024,1,1.0145,1.014,,0.3067,0.306,,REG,REG,0.1305,0.131,,0.2041,0.204,,0.5041,0.504,,REG,REG,0.0447,0.045,,REG,REG,0.012,0.012,,LOD,LOD,0.0338,0.034,,0.0827,0.083,,0.0482,0.048,,0.1301,0.13,,REG,REG,0.0476,0.048,,0.2584,0.258,,REG,REG,0.3377,0.338,,0.2879,0.288,,REG,REG,0.1501,0.15,,REG,REG,0.1422,0.142,,REG,REG,0.0955,0.096,,REG,REG,0.18,0.18,,REG,REG,0.0952,0.095,,REG,REG,0.1274,0.127,,REG,REG,0.2029,0.203,,0.1963,0.196,,0.4549,0.455,,REG,REG,0.3423,0.341,,REG,REG,2.2996,2.295,,REG,REG,0.2106,0.21,,ULOD,ULOD,0.5373,0.537,,REG,REG,0.0812,0.083,,REG,REG,0.0191,0.02,,REG,REG,0.0034,0.003,,ND,ND,0.0016,0.002,,ND,ND,5.00E-04,0,,ND,ND,0.0142,0.014,,0.2966,0.297,,REG,REG,0.0257,0.028,,REG,REG,0.0174,0.017,,0.0416,0.042,
28th & Point Breeze192024,5,28th & Point Breeze,stationary,"39.92624784, -75.1923165",39.92624784,-75.1923165,#00C19F,Non-Industrial,Residential,Low,Laundromat,LowT/NoI,P726647,P726647 051224 050824 Pt B Near SS,P726647 051224 050824 Pt B Near SS.D,5/12/24,5/8/24,sample,5/1/24,5/8/24,9547,2,192024,1,0.7908,0.735,CHECK,0.3535,0.328,,REG,REG,0.1079,0.1,,0.1681,0.156,,0.5424,0.504,,REG,REG,0.0398,0.037,,REG,REG,0.0224,0.021,,LOD,LOD,0.0289,0.027,,0.0662,0.062,,0.0316,0.029,,0.0951,0.088,,REG,REG,0.0317,0.03,,0.2014,0.187,,REG,REG,0.2207,0.205,,0.2923,0.272,,REG,REG,0.1427,0.133,,REG,REG,0.1211,0.113,,REG,REG,0.0566,0.053,,REG,REG,0.1432,0.133,,REG,REG,0.0762,0.071,,REG,REG,0.0871,0.081,,REG,REG,0.1466,0.136,,0.1109,0.103,,0.3321,0.309,,REG,REG,0.2363,0.22,,REG,REG,1.5163,1.41,CHECK,REG,REG,0.1694,0.158,,REG,REG,0.3528,0.328,,REG,REG,0.0626,0.058,,REG,REG,0.0134,0.012,,LOD,LOD,0.0036,0.003,,ND,ND,0.0017,0.002,,ND,ND,0.0115,0.011,,REG,REG,0.0268,0.025,,0.3316,0.308,,REG,REG,0.0274,0.025,,REG,REG,0.014,0.013,,0.0394,0.037,
28th & Point Breeze202024,5,28th & Point Breeze,stationary,"39.92624784, -75.1923165",39.92624784,-75.1923165,#00C19F,Non-Industrial,Residential,Low,Laundromat,LowT/NoI,P733854,P733854 052324 051524 Pt B Near SS,P733854 052324 051524 Pt B Near SS.D,5/23/24,5/15/24,sample,5/8/24,5/15/24,9408,2,202024,1,0.6734,0.626,,0.2192,0.202,,REG,REG,0.0882,0.082,,0.1315,0.122,,0.3786,0.352,,REG,REG,0.0282,0.026,,LOD,LOD,0.0162,0.015,,LOD,LOD,0.022,0.02,,0.0522,0.049,,0.0281,0.026,,0.07,0.065,,REG,REG,0.0258,0.024,,0.1358,0.126,,REG,REG,0.1814,0.169,,0.079,0.073,,REG,REG,0.0562,0.052,,REG,REG,0.0607,0.056,,REG,REG,0.046,0.043,,LOD,LOD,0.1027,0.095,,REG,REG,0.0773,0.072,,REG,REG,0.0495,0.046,,REG,REG,0.1346,0.125,,0.1,0.093,,0.2981,0.277,,REG,REG,0.5342,0.496,,REG,REG,1.397,1.298,CHECK,REG,REG,0.1512,0.14,,ULOD,ULOD,0.3692,0.343,,REG,REG,0.0269,0.025,,REG,REG,0.0052,0.005,,ND,ND,0.0174,0.016,,REG,REG,0.0018,0.002,,ND,ND,5.00E-04,0,,ND,ND,0.0272,0.025,,0.3976,0.369,,REG,REG,0.0278,0.026,,REG,REG,0.0142,0.013,,0.1665,0.155,
28th & Point Breeze212024,5,28th & Point Breeze,stationary,"39.92624784, -75.1923165",39.92624784,-75.1923165,#00C19F,Non-Industrial,Residential,Low,Laundromat,LowT/NoI,P733877,P733877 052424 052224 Pt B Near SS,P733877 052424 052224 Pt B Near SS.D,5/24/24,5/22/24,sample,5/15/24,5/22/24,9854,2,212024,1,0.7372,0.737,,0.2093,0.208,,REG,REG,0.0944,0.094,,0.1469,0.147,,0.4089,0.409,,REG,REG,0.0308,0.031,,LOD,LOD,0.0186,0.019,,LOD,LOD,0.0245,0.024,,0.057,0.057,,0.0345,0.034,,0.0753,0.075,,REG,REG,0.0308,0.031,,0.1493,0.149,,REG,REG,0.2341,0.234,,0.0512,0.051,,REG,REG,0.0452,0.045,,REG,REG,0.0926,0.093,,REG,REG,0.1042,0.104,,REG,REG,0.1522,0.152,,REG,REG,0.123,0.123,,REG,REG,0.0642,0.064,,REG,REG,0.1488,0.149,,0.1194,0.119,,0.3465,0.347,,REG,REG,0.6661,0.666,,REG,REG,1.7977,1.798,,REG,REG,0.1443,0.144,,ULOD,ULOD,0.4487,0.449,,REG,REG,0.0257,0.026,,REG,REG,0.0049,0.005,,ND,ND,0.0233,0.023,,REG,REG,0.0017,0.002,,ND,ND,0.0112,0.011,,REG,REG,0.0147,0.015,,0.3212,0.321,,REG,REG,0.0266,0.027,,REG,REG,0.0135,0.014,,0.1107,0.111,
28th & Point Breeze222024,5,28th & Point Breeze,stationary,"39.92624784, -75.1923165",39.92624784,-75.1923165,#00C19F,Non-Industrial,Residential,Low,Laundromat,LowT/NoI,P726646,P726646 060624 052924 Pt B Near SS,P726646 060624 052924 Pt B Near SS.D,6/6/24,5/29/24,sample,5/22/24,5/29/24,9571,2,222024,1,0.6127,0.57,,0.2449,0.227,,REG,REG,0.0828,0.077,,0.1367,0.127,,0.4155,0.386,,REG,REG,0.0315,0.03,,LOD,LOD,0.0191,0.018,,LOD,LOD,0.0252,0.023,,0.0513,0.048,,0.0274,0.025,,0.0771,0.072,,REG,REG,0.0317,0.029,,0.1594,0.148,,REG,REG,0.1888,0.176,,0.1097,0.102,,REG,REG,0.0714,0.066,,REG,REG,0.0864,0.08,,REG,REG,0.0565,0.053,,LOD,LOD,0.1296,0.12,,REG,REG,0.0823,0.077,,REG,REG,0.0974,0.091,,REG,REG,0.1463,0.136,,0.1475,0.137,,0.3185,0.296,,REG,REG,0.546,0.508,,REG,REG,1.413,1.314,CHECK,REG,REG,0.1104,0.102,,REG,REG,0.5279,0.491,,REG,REG,0.0685,0.058,,REG,REG,0.007,0.006,,LOD,LOD,0.0305,0.029,,REG,REG,0.0017,0.002,,ND,ND,0.0129,0.012,,REG,REG,0.0366,0.034,,0.1804,0.168,,REG,REG,0.0293,0.025,,REG,REG,0.0139,0.013,,0.0498,0.046,
28th & Point Breeze232024,5,28th & Point Breeze,stationary,"39.92624784, -75.1923165",39.92624784,-75.1923165,#00C19F,Non-Industrial,Residential,Low,Laundromat,LowT/NoI,P726616,P726616 060724 060524 Pt B Near SS,P726616 060724 060524 Pt B Near SS.D,6/7/24,6/5/24,sample,5/29/24,6/5/24,9347,2,232024,1,0.5357,0.497,,0.2039,0.188,,REG,REG,0.0687,0.064,,0.1118,0.104,,0.3025,0.281,,REG,REG,0.0242,0.022,,LOD,LOD,0.013,0.012,,LOD,LOD,0.0184,0.017,,0.045,0.042,,0.02,0.019,,0.0611,0.057,,REG,REG,0.0259,0.024,,0.108,0.1,,REG,REG,0.1291,0.12,,0.0359,0.033,,REG,REG,0.0374,0.035,,REG,REG,0.0467,0.043,,LOD,LOD,0.0289,0.027,,LOD,LOD,0.0685,0.064,,LOD,LOD,0.0648,0.06,,REG,REG,0.0712,0.066,,REG,REG,0.107,0.099,,0.1007,0.093,,0.2348,0.218,,REG,REG,0.3616,0.335,,REG,REG,0.9374,0.87,CHECK,REG,REG,0.0991,0.091,,REG,REG,0.3491,0.324,,REG,REG,0.0455,0.045,,REG,REG,0.0052,0.005,,ND,ND,0.0347,0.032,,REG,REG,0.0018,0.002,,ND,ND,0.0093,0.008,,REG,REG,0.0256,0.024,,0.1539,0.143,,REG,REG,0.03,0.028,,REG,REG,0.0143,0.013,,0.0408,0.038,
28th & Point Breeze242024,5,28th & Point Breeze,stationary,"39.92624784, -75.1923165",39.92624784,-75.1923165,#00C19F,Non-Industrial,Residential,Low,Laundromat,LowT/NoI,P726657,P726657 062124 061224 Pt B Near SS,P726657 062124 061224 Pt B Near SS.D,6/21/24,6/12/24,sample,6/5/24,6/12/24,9836,2,242024,1,0.7414,0.741,,0.2002,0.199,,REG,REG,0.1009,0.101,,0.1437,0.144,,0.3524,0.352,,REG,REG,0.0345,0.034,,LOD,LOD,0.0248,0.025,,LOD,LOD,0.0245,0.025,,0.0678,0.068,,0.0267,0.027,,0.0919,0.092,,REG,REG,0.037,0.037,,0.142,0.142,,REG,REG,0.1701,0.17,,0.0777,0.078,,REG,REG,0.061,0.061,,REG,REG,0.0642,0.064,,REG,REG,0.0495,0.049,,LOD,LOD,0.0922,0.092,,LOD,LOD,0.2465,0.246,,REG,REG,0.1116,0.112,,REG,REG,0.1356,0.136,,0.1675,0.167,,0.3224,0.322,,REG,REG,0.354,0.354,,REG,REG,0.9489,0.949,,REG,REG,0.0846,0.084,,REG,REG,0.503,0.503,,REG,REG,0.0432,0.046,,REG,REG,0.0068,0.007,,LOD,LOD,0.0263,0.026,,REG,REG,0.0017,0.002,,ND,ND,0.0089,0.009,,REG,REG,0.013,0.013,,0.2048,0.205,,REG,REG,0.0285,0.029,,REG,REG,0.0136,0.014,,0.0436,0.044,
28th & Point Breeze252024,5,28th & Point Breeze,stationary,"39.92624784, -75.1923165",39.92624784,-75.1923165,#00C19F,Non-Industrial,Residential,Low,Laundromat,LowT/NoI,P726601,P726601 062124 061924 Pt B Near SS,P726601 062124 061924 Pt B Near SS.D,6/21/24,6/19/24,sample,6/12/24,6/19/24,10178,2,252024,1,0.506,0.506,,0.1566,0.156,,REG,REG,0.068,0.068,,0.1078,0.108,,0.2444,0.244,,REG,REG,0.0296,0.03,,LOD,LOD,0.018,0.018,,LOD,LOD,0.0237,0.024,,0.0483,0.048,,0.0221,0.022,,0.0806,0.081,,REG,REG,0.0298,0.03,,0.1246,0.125,,REG,REG,0.1448,0.145,,0.0657,0.066,,REG,REG,0.0549,0.055,,REG,REG,0.0669,0.067,,REG,REG,0.0478,0.048,,LOD,LOD,0.0956,0.096,,REG,REG,0.0893,0.089,,REG,REG,0.0458,0.046,,REG,REG,0.1048,0.105,,0.1156,0.116,,0.2516,0.252,,REG,REG,0.2716,0.271,,REG,REG,0.7486,0.749,,REG,REG,0.0598,0.059,,REG,REG,0.3827,0.383,,REG,REG,0.0065,0.006,,ND,ND,0.0066,0.007,,LOD,LOD,0.0448,0.045,,REG,REG,0.0016,0.002,,ND,ND,0.0086,0.008,,REG,REG,0.0235,0.023,,0.1838,0.184,,REG,REG,0.0184,0.018,,REG,REG,0.0087,0.009,,0.0281,0.028,
28th & Point Breeze262024,5,28th & Point Breeze,stationary,"39.92624784, -75.1923165",39.92624784,-75.1923165,#00C19F,Non-Industrial,Residential,Low,Laundromat,LowT/NoI,P733851,P733851 062724 061924 Pt B Near SS,P733851 062724 061924 Pt B Near SS.D,6/27/24,6/19/24,sample,6/19/24,6/26/24,10085,2,262024,1,0.4823,0.482,,0.1456,0.145,,REG,REG,0.0637,0.064,,0.1036,0.104,,0.2551,0.255,,REG,REG,0.0299,0.03,,LOD,LOD,0.0212,0.021,,LOD,LOD,0.0205,0.021,,0.0278,0.028,,0.0223,0.022,,0.0649,0.065,,REG,REG,0.018,0.018,,0.1257,0.126,,REG,REG,0.1461,0.146,,0.1088,0.109,,REG,REG,0.0636,0.064,,REG,REG,0.0771,0.077,,REG,REG,0.0429,0.043,,LOD,LOD,0.0833,0.083,,LOD,LOD,0.0781,0.078,,REG,REG,0.0462,0.046,,REG,REG,0.0925,0.093,,0.1283,0.128,,0.2298,0.23,,REG,REG,0.2741,0.274,,REG,REG,0.6988,0.699,,REG,REG,0.0503,0.05,,REG,REG,0.3131,0.313,,REG,REG,0.0308,0.033,,REG,REG,0.0048,0.005,,ND,ND,0.0549,0.055,,REG,REG,0.0016,0.002,,ND,ND,0.0086,0.008,,REG,REG,0.0072,0.007,,0.1712,0.171,,REG,REG,0.0185,0.019,,REG,REG,0.0088,0.009,,0.0472,0.047,
25th & Point Breeze272023,6,25th & Point Breeze,stationary,"39.92771763, -75.1873965",39.92771763,-75.1873965,#D39200,Industrial,Institution,Low,"Auto body shop, junkyard",LowT/I,P733883,P733883 071323 070523 Point Breeze Mid 1WK SS,P733883 071323 070523 Point Breeze Mid 1WK SS.D,7/13/23,7/5/23,sample,6/28/23,7/5/23,9691,2,272023,1,0.4128,0.384,,0.3192,0.297,,REG,REG,0.0826,0.077,,0.1141,0.106,,0.3628,0.338,,REG,REG,0.0274,0.026,,LOD,LOD,0.0157,0.015,,LOD,LOD,0.0213,0.02,,0.0507,0.047,,0.0195,0.018,,0.0602,0.056,,REG,REG,0.025,0.023,,0.1257,0.117,,REG,REG,0.1548,0.144,,0.0326,0.03,,REG,REG,0.0478,0.045,,REG,REG,0.0516,0.048,,REG,REG,0.0467,0.043,,LOD,LOD,0.0817,0.076,,LOD,LOD,0.0938,0.087,,REG,REG,0.0618,0.056,,REG,REG,0.1169,0.109,,0.0835,0.078,,0.2643,0.246,,REG,REG,0.2646,0.235,,REG,REG,0.6928,0.659,,REG,REG,0.0492,0.054,,REG,REG,0.2824,0.263,,REG,REG,0.0356,0.038,,REG,REG,0.005,0.004,,ND,LOD,0.1091,0.1,,REG,REG,0.0017,0.002,,ND,ND,5.00E-04,0,,ND,ND,0.0172,0.016,,0.1782,0.166,,REG,REG,0.0193,0.018,,REG,REG,0.0092,0.009,,0.0344,0.032,
25th & Point Breeze282023,6,25th & Point Breeze,stationary,"39.92771763, -75.1873965",39.92771763,-75.1873965,#D39200,Industrial,Institution,Low,"Auto body shop, junkyard",LowT/I,P637221,P637221 071323 071223 Point Breeze Mid 1WK SS,P637221 071323 071223 Point Breeze Mid 1WK SS.D,7/13/23,7/12/23,sample,7/5/23,7/12/23,9004,2,282023,1,0.5315,0.492,,0.177,0.164,,REG,REG,0.0944,0.087,,0.1461,0.135,,0.3858,0.357,,REG,REG,0.0337,0.031,,LOD,LOD,0.0169,0.016,,LOD,LOD,0.0268,0.025,,0.0585,0.054,,0.021,0.019,,0.074,0.069,,REG,REG,0.0269,0.025,,0.1424,0.132,,REG,REG,0.174,0.161,,0.0108,0.01,,ND,ND,0.033,0.031,,REG,REG,0.0501,0.046,,REG,REG,0.0323,0.03,,LOD,LOD,0.0805,0.075,,LOD,LOD,0.0808,0.075,,REG,REG,0.0628,0.057,,REG,REG,0.1259,0.117,,0.1029,0.095,,0.298,0.276,,REG,REG,0.3303,0.294,,REG,REG,0.8726,0.823,,REG,REG,0.0674,0.072,,REG,REG,0.3741,0.346,,REG,REG,0.0255,0.029,,REG,REG,0.0054,0.005,,ND,ND,0.0992,0.09,,REG,REG,0.0282,0.028,,REG,REG,5.00E-04,0,,ND,ND,0.0185,0.017,,0.1918,0.178,,REG,REG,0.0208,0.019,,REG,REG,0.0099,0.009,,0.037,0.034,
25th & Point Breeze292023,6,25th & Point Breeze,stationary,"39.92771763, -75.1873965",39.92771763,-75.1873965,#D39200,Industrial,Institution,Low,"Auto body shop, junkyard",LowT/I,P637230,P637230 072723 071923 Point Breeze Mid 1WK DS,P637230 072723 071923 Point Breeze Mid 1WK DS.D,7/27/23,7/19/23,sample,7/12/23,7/19/23,9319,14.3,292023,1,1.3076,1.214,CHECK,0.4494,0.417,,REG,REG,0.1918,0.178,,0.3634,0.337,,0.838,0.778,CHECK,REG,REG,0.0874,0.081,,LOD,LOD,0.0468,0.043,,LOD,LOD,0.0529,0.049,,0.1346,0.125,,0.0579,0.054,,0.1918,0.178,,REG,REG,0.093,0.086,,0.3744,0.348,,REG,REG,0.4496,0.417,,0.1261,0.117,,LOD,LOD,0.1752,0.163,,REG,REG,0.1623,0.151,,LOD,LOD,0.1507,0.14,,LOD,LOD,0.2477,0.23,,LOD,LOD,0.2325,0.216,,LOD,LOD,0.1532,0.141,,LOD,LOD,0.3069,0.285,,0.3595,0.334,,0.8421,0.782,CHECK,REG,REG,1.2591,1.157,CHECK,REG,REG,3.0537,2.849,CHECK,REG,REG,0.334,0.319,,REG,REG,1.373,1.275,CHECK,REG,REG,0.0071,0.007,,ND,ND,0.0052,0.005,,ND,ND,0.2489,0.23,,REG,REG,0.0724,0.069,,REG,REG,5.00E-04,0,,ND,ND,0.0426,0.04,,0.552,0.512,,REG,REG,0.0717,0.067,,REG,REG,0.0341,0.032,,0.2192,0.203,
25th & Point Breeze302023,6,25th & Point Breeze,stationary,"39.92771763, -75.1873965",39.92771763,-75.1873965,#D39200,Industrial,Institution,Low,"Auto body shop, junkyard",LowT/I,P726615,P726615 072823 072623 Point Breeze Mid 1WK DS,P726615 072823 072623 Point Breeze Mid 1WK DS.D,7/28/23,7/26/23,sample,7/19/23,7/26/23,9940,14.3,302023,1,2.3049,2.305,,0.4213,0.421,,REG,REG,0.3597,0.36,,0.6436,0.644,,1.4591,1.459,,REG,REG,0.1365,0.136,,LOD,LOD,0.0074,0.007,,ND,ND,0.0992,0.099,,0.2272,0.227,,0.0814,0.081,,0.2398,0.24,,REG,REG,0.0872,0.087,,0.3974,0.397,,REG,REG,0.4215,0.422,,0.1525,0.152,,LOD,LOD,0.1342,0.134,,REG,REG,0.117,0.117,,LOD,LOD,0.1024,0.102,,LOD,LOD,0.0262,0.026,,ND,ND,0.2616,0.262,,LOD,LOD,0.2154,0.214,,LOD,LOD,0.3357,0.336,,0.337,0.337,,0.8772,0.877,,REG,REG,1.1066,1.095,,REG,REG,2.8629,2.877,,REG,REG,0.334,0.343,,REG,REG,0.7572,0.757,,REG,REG,0.1422,0.147,,LOD,LOD,0.0049,0.005,,ND,ND,0.1626,0.161,,REG,REG,0.0017,0.002,,ND,ND,0.0132,0.013,,REG,REG,0.04,0.04,,0.5175,0.517,,REG,REG,0.0672,0.067,,REG,REG,0.032,0.032,,0.1713,0.171,
25th & Point Breeze312023,6,25th & Point Breeze,stationary,"39.92771763, -75.1873965",39.92771763,-75.1873965,#D39200,Industrial,Institution,Low,"Auto body shop, junkyard",LowT/I,P726654,P726654 081023 080223 Point Breeze Mid 1WK SS,P726654 081023 080223 Point Breeze Mid 1WK SS.D,8/10/23,8/2/23,sample,7/26/23,8/2/23,10080,2,312023,1,0.4382,0.438,,0.2077,0.209,,REG,REG,0.0744,0.074,,0.1201,0.12,,0.3588,0.359,,REG,REG,0.0264,0.026,,LOD,LOD,0.0181,0.018,,LOD,LOD,0.0205,0.021,,0.0482,0.048,,0.0181,0.018,,0.0565,0.056,,REG,REG,0.0241,0.024,,0.1365,0.137,,REG,REG,0.1587,0.159,,0.1197,0.12,,REG,REG,0.0785,0.079,,REG,REG,0.0742,0.074,,REG,REG,0.0545,0.055,,REG,REG,0.0258,0.026,,ND,ND,0.0661,0.066,,REG,REG,0.066,0.066,,REG,REG,0.1455,0.146,,0.0895,0.089,,0.3146,0.315,,REG,REG,0.3154,0.315,,REG,REG,0.8818,0.874,,REG,REG,0.0776,0.069,,REG,REG,0.3028,0.303,,REG,REG,0.0513,0.046,,REG,REG,0.0133,0.006,,LOD,LOD,0.0732,0.072,,REG,REG,0.0016,0.002,,ND,ND,5.00E-04,0,,ND,ND,0.0165,0.017,,0.1998,0.2,,REG,REG,0.0278,0.028,,REG,REG,0.0088,0.009,,0.0661,0.066,
25th & Point Breeze322023,6,25th & Point Breeze,stationary,"39.92771763, -75.1873965",39.92771763,-75.1873965,#D39200,Industrial,Institution,Low,"Auto body shop, junkyard",LowT/I,P733848,P733848 081123 080923 Point Breeze Mid 1WK SS,P733848 081123 080923 Point Breeze Mid 1WK SS.D,8/11/23,8/9/23,sample,8/2/23,8/9/23,10050,2,322023,1,0.3897,0.39,,0.1959,0.197,,REG,REG,0.0697,0.07,,0.0995,0.1,,0.2752,0.275,,REG,REG,0.0264,0.026,,LOD,LOD,0.0182,0.018,,LOD,LOD,0.0206,0.021,,0.0448,0.045,,0.0181,0.018,,0.0567,0.057,,REG,REG,0.0241,0.024,,0.1049,0.105,,REG,REG,0.1327,0.133,,0.03,0.03,,REG,REG,0.0332,0.033,,REG,REG,0.0404,0.04,,LOD,LOD,0.0332,0.033,,LOD,LOD,0.0597,0.06,,LOD,LOD,0.0663,0.066,,REG,REG,0.0629,0.063,,REG,REG,0.1194,0.119,,0.1015,0.101,,0.2791,0.279,,REG,REG,0.2858,0.286,,REG,REG,0.7897,0.79,,REG,REG,0.0829,0.083,,REG,REG,0.2723,0.272,,REG,REG,0.0286,0.029,,REG,REG,0.0134,0.013,,LOD,LOD,0.1615,0.161,,REG,REG,0.0016,0.002,,ND,ND,5.00E-04,0,,ND,ND,0.0111,0.011,,0.2148,0.215,,REG,REG,0.0279,0.028,,REG,REG,0.0088,0.009,,0.1042,0.104,
25th & Point Breeze332023,6,25th & Point Breeze,stationary,"39.92771763, -75.1873965",39.92771763,-75.1873965,#D39200,Industrial,Institution,Low,"Auto body shop, junkyard",LowT/I,P733857,P733857 082423 081623 Point Breeze Mid SS,P733857 082423 081623 Point Breeze Mid SS.D,8/24/23,8/16/23,sample,8/9/23,8/16/23,10197,1.3,332023,1,0.5589,0.559,,0.1995,0.201,,REG,REG,0.1084,0.108,,0.1577,0.158,,0.4678,0.468,,REG,REG,0.0435,0.044,,REG,REG,0.0072,0.007,,ND,ND,0.0396,0.04,,0.1045,0.105,,0.0379,0.038,,0.1049,0.105,,REG,REG,0.0541,0.054,,0.1581,0.158,,REG,REG,0.1677,0.168,,0.204,0.204,,REG,REG,0.1005,0.101,,REG,REG,0.163,0.163,,REG,REG,0.0833,0.083,,REG,REG,0.1952,0.195,,REG,REG,0.1004,0.1,,REG,REG,0.0658,0.066,,REG,REG,0.1487,0.149,,0.1311,0.131,,0.3343,0.334,,REG,REG,0.2746,0.275,,REG,REG,0.7344,0.734,,REG,REG,0.0631,0.063,,REG,REG,0.2952,0.295,,REG,REG,0.0065,0.006,,ND,ND,0.0086,0.009,,LOD,LOD,0.0987,0.099,,REG,REG,0.0016,0.002,,ND,ND,4.00E-04,0,,ND,ND,0.0177,0.018,,0.1651,0.165,,REG,REG,0.0238,0.024,,REG,REG,0.0198,0.02,,0.0395,0.039,
25th & Point Breeze342023,6,25th & Point Breeze,stationary,"39.92771763, -75.1873965",39.92771763,-75.1873965,#D39200,Industrial,Institution,Low,"Auto body shop, junkyard",LowT/I,P733878,P733878 082523 082323 Point Breeze Mid SS,P733878 082523 082323 Point Breeze Mid SS.D,8/25/23,8/23/23,sample,8/16/23,8/23/23,10015,2,342023,1,0.4553,0.455,,0.2465,0.248,,REG,REG,0.0899,0.09,,0.1261,0.126,,0.3952,0.395,,REG,REG,0.0303,0.03,,LOD,LOD,0.0213,0.021,,LOD,LOD,0.0241,0.024,,0.0555,0.055,,0.0182,0.018,,0.0569,0.057,,REG,REG,0.0303,0.03,,0.131,0.131,,REG,REG,0.1265,0.126,,0.1205,0.12,,REG,REG,0.079,0.079,,REG,REG,0.0796,0.08,,REG,REG,0.0765,0.076,,REG,REG,0.1265,0.126,,REG,REG,0.0605,0.061,,REG,REG,0.0465,0.047,,REG,REG,0.1265,0.126,,0.0901,0.09,,0.2922,0.292,,REG,REG,0.2151,0.215,,REG,REG,0.5642,0.564,,REG,REG,0.0543,0.054,,REG,REG,0.2102,0.21,,REG,REG,0.0287,0.029,,REG,REG,0.0067,0.007,,LOD,LOD,0.0409,0.041,,REG,REG,0.0016,0.002,,ND,ND,5.00E-04,0,,ND,ND,0.0166,0.017,,0.1724,0.172,,REG,REG,0.028,0.028,,REG,REG,0.0089,0.009,,0.0333,0.033,
25th & Point Breeze352023,6,25th & Point Breeze,stationary,"39.92771763, -75.1873965",39.92771763,-75.1873965,#D39200,Industrial,Institution,Low,"Auto body shop, junkyard",LowT/I,P733867,P733867 090723 083023 Point Breeze mid SS,P733867 090723 083023 Point Breeze mid SS.D,9/7/23,8/30/23,sample,8/23/23,8/30/23,10018,2,352023,1,0.4492,0.455,,0.2059,0.21,,REG,REG,0.0844,0.085,,0.1204,0.121,,0.3398,0.344,,REG,REG,0.0303,0.03,,LOD,LOD,0.0213,0.021,,LOD,LOD,0.0189,0.024,,0.0525,0.052,,0.0264,0.026,,0.0665,0.065,,REG,REG,0.0297,0.03,,0.1299,0.137,,REG,REG,0.1603,0.16,,0.0265,0.097,CHECK,REG,REG,0.0343,0.062,,REG,REG,0.0544,0.06,,REG,REG,0.0504,0.049,,LOD,LOD,0.0871,0.093,,REG,REG,0.0786,0.079,,REG,REG,0.0653,0.065,,REG,REG,0.1664,0.166,,0.1282,0.125,,0.3895,0.39,,REG,REG,0.3054,0.305,,REG,REG,0.8366,0.837,,REG,REG,0.0658,0.066,,REG,REG,0.3362,0.336,,REG,REG,0.0621,0.062,,REG,REG,0.0106,0.011,,LOD,LOD,0.0551,0.055,,REG,REG,0.0016,0.002,,ND,ND,5.00E-04,0,,ND,ND,0.0153,0.017,,0.2011,0.201,,REG,REG,0.0187,0.019,,REG,REG,0.0089,0.009,,0.057,0.057,
25th & Point Breeze362023,6,25th & Point Breeze,stationary,"39.92771763, -75.1873965",39.92771763,-75.1873965,#D39200,Industrial,Institution,Low,"Auto body shop, junkyard",LowT/I,P726643,P726643 090823 090623 Point Breeze mid SS,P726643 090823 090623 Point Breeze mid SS.D,9/8/23,9/6/23,sample,8/30/23,9/6/23,10034,2,362023,1,0.5624,0.562,,0.1931,0.194,,REG,REG,0.0992,0.099,,0.1517,0.152,,0.4114,0.411,,REG,REG,0.034,0.034,,LOD,LOD,0.0273,0.027,,LOD,LOD,0.0223,0.022,,0.0664,0.066,,0.0263,0.026,,0.0831,0.083,,REG,REG,0.0297,0.03,,0.1425,0.143,,REG,REG,0.1799,0.18,,0.036,0.036,,REG,REG,0.0384,0.038,,REG,REG,0.064,0.064,,REG,REG,0.0149,0.015,,ND,ND,0.1002,0.1,,REG,REG,0.1027,0.103,,REG,REG,0.0719,0.072,,REG,REG,0.1528,0.153,,0.1514,0.151,,0.3403,0.34,,REG,REG,0.3561,0.356,,REG,REG,1.0061,1.006,,REG,REG,0.0189,0.019,,REG,REG,0.3882,0.388,,REG,REG,0.0391,0.039,,REG,REG,0.0048,0.005,,ND,ND,0.0419,0.042,,REG,REG,0.0016,0.002,,ND,ND,5.00E-04,0,,ND,ND,0.0208,0.021,,0.1864,0.186,,REG,REG,0.0186,0.019,,REG,REG,0.0133,0.013,,0.0427,0.043,
25th & Point Breeze392023,6,25th & Point Breeze,stationary,"39.92771763, -75.1873965",39.92771763,-75.1873965,#D39200,Industrial,Institution,Low,"Auto body shop, junkyard",LowT/I,P733891,P733891 092923 092723 Point Breeze mid SS,P733891 092923 092723 Point Breeze mid SS RENAME.D,9/29/23,9/27/23,sample,9/20/23,9/27/23,9986,2,392023,1,0.515,0.515,,0.2316,0.233,,REG,REG,0.0747,0.075,,0.105,0.105,,0.3537,0.354,,REG,REG,0.0152,0.015,,LOD,LOD,0.0092,0.009,,LOD,LOD,0.0086,0.009,,0.0387,0.039,,0.0151,0.015,,0.0417,0.042,,REG,REG,0.0177,0.018,,0.0851,0.085,,REG,REG,0.114,0.114,,0.0098,0.01,,ND,ND,0.0136,0.014,,REG,REG,0.0252,0.025,,LOD,LOD,0.0072,0.007,,LOD,LOD,0.0273,0.027,,LOD,LOD,0.0425,0.042,,LOD,LOD,0.0489,0.049,,REG,REG,0.0935,0.093,,0.0579,0.058,,0.2076,0.208,,REG,REG,0.2345,0.235,,REG,REG,0.7057,0.706,,REG,REG,0.1073,0.107,,REG,REG,0.1581,0.158,,REG,REG,0.0278,0.028,,REG,REG,0.0049,0.005,,ND,ND,0.0034,0.003,,ND,ND,0.0017,0.002,,ND,ND,5.00E-04,0,,ND,ND,0.032,0.032,,0.2738,0.274,,REG,REG,0.0281,0.028,,REG,REG,0.0223,0.022,,0.1526,0.153,
25th & Point Breeze402023,6,25th & Point Breeze,stationary,"39.92771763, -75.1873965",39.92771763,-75.1873965,#D39200,Industrial,Institution,Low,"Auto body shop, junkyard",LowT/I,P733883,P733883 101223 100423 Point Breeze mid SS,P733883 101223 100423 Point Breeze mid SS.D,10/12/23,10/4/23,sample,9/27/23,10/4/23,10185,2,402023,1,0.7771,0.777,,0.3283,0.33,,REG,REG,0.1124,0.112,,0.1654,0.165,,0.4909,0.491,,REG,REG,0.0261,0.026,,LOD,LOD,0.018,0.018,,LOD,LOD,0.0237,0.024,,0.0586,0.059,,0.0259,0.026,,0.0728,0.073,,REG,REG,0.0298,0.03,,0.1856,0.186,,REG,REG,0.3273,0.327,,0.0416,0.042,,REG,REG,0.0577,0.058,,REG,REG,0.0618,0.062,,REG,REG,0.0228,0.023,,LOD,LOD,0.0524,0.052,,LOD,LOD,0.238,0.238,,REG,REG,0.1209,0.121,,REG,REG,0.1761,0.176,,0.1386,0.139,,0.4071,0.407,,REG,REG,0.6042,0.604,,REG,REG,1.6831,1.683,,REG,REG,0.2104,0.21,,ULOD,ULOD,0.4124,0.412,,REG,REG,0.0508,0.051,,REG,REG,0.0053,0.005,,REG,REG,0.028,0.028,,REG,REG,0.0016,0.002,,ND,ND,5.00E-04,0,,ND,ND,0.0316,0.032,,0.2684,0.268,,REG,REG,0.0367,0.037,,REG,REG,0.0175,0.017,,0.0748,0.075,
25th & Point Breeze412023,6,25th & Point Breeze,stationary,"39.92771763, -75.1873965",39.92771763,-75.1873965,#D39200,Industrial,Institution,Low,"Auto body shop, junkyard",LowT/I,P733865,P733865 101323 101123 Point Breeze mid SS,P733865 101323 101123 Point Breeze mid SS.D,10/13/23,10/11/23,sample,10/4/23,10/11/23,9929,1.99,412023,1,0.836,0.836,,0.4226,0.424,,REG,REG,0.1198,0.12,,0.1741,0.174,,0.5479,0.548,,REG,REG,0.0304,0.03,,LOD,LOD,0.0183,0.018,,LOD,LOD,0.0242,0.024,,0.0633,0.063,,0.0303,0.03,,0.0743,0.074,,REG,REG,0.0304,0.03,,0.2281,0.228,,REG,REG,0.3741,0.374,,0.085,0.085,,REG,REG,0.0671,0.067,,REG,REG,0.063,0.063,,REG,REG,0.0232,0.023,,LOD,LOD,0.0533,0.053,,LOD,LOD,0.1336,0.134,,REG,REG,0.0867,0.087,,REG,REG,0.2198,0.22,,0.1297,0.13,,0.5011,0.501,,REG,REG,0.6475,0.648,,REG,REG,1.7752,1.775,,REG,REG,0.2148,0.215,,ULOD,ULOD,0.3787,0.379,,REG,REG,0.0517,0.052,,REG,REG,0.012,0.012,,REG,REG,0.0286,0.029,,REG,REG,0.0017,0.002,,ND,ND,5.00E-04,0,,ND,ND,0.0267,0.027,,0.3172,0.317,,REG,REG,0.0468,0.047,,REG,REG,0.0267,0.027,,0.1241,0.124,
25th & Point Breeze422023,6,25th & Point Breeze,stationary,"39.92771763, -75.1873965",39.92771763,-75.1873965,#D39200,Industrial,Institution,Low,"Auto body shop, junkyard",LowT/I,P733854,P733854 102623 101823 Point Breeze Mid SS RENAME,P733854 102623 101823 Point Breeze Mid SS RENAME.D,10/26/23,10/18/23,sample,10/11/23,10/18/23,10062,2,422023,1,0.893,0.893,,0.2888,0.29,,REG,REG,0.1287,0.129,,0.1883,0.188,,0.4673,0.467,,REG,REG,0.0226,0.023,,LOD,LOD,0.0151,0.015,,LOD,LOD,0.0206,0.021,,0.0593,0.059,,0.03,0.03,,0.0737,0.074,,REG,REG,0.0241,0.024,,0.1494,0.149,,REG,REG,0.1921,0.192,,0.0469,0.047,,REG,REG,0.0418,0.042,,REG,REG,0.048,0.048,,LOD,LOD,0.0231,0.023,,LOD,LOD,0.0464,0.046,,LOD,LOD,0.0783,0.078,,REG,REG,0.0661,0.066,,REG,REG,0.2114,0.211,,0.1052,0.105,,0.4727,0.473,,REG,REG,0.4077,0.408,,REG,REG,1.098,1.098,,REG,REG,0.1145,0.115,,REG,REG,0.2396,0.24,,REG,REG,0.0171,0.017,,REG,REG,0.0187,0.019,,REG,REG,0.0121,0.012,,LOD,LOD,0.0016,0.002,,ND,ND,5.00E-04,0,,ND,ND,0.0375,0.038,,0.3432,0.343,,REG,REG,0.0372,0.037,,REG,REG,0.0221,0.022,,0.123,0.123,
25th & Point Breeze432023,6,25th & Point Breeze,stationary,"39.92771763, -75.1873965",39.92771763,-75.1873965,#D39200,Industrial,Institution,Low,"Auto body shop, junkyard",LowT/I,P726649,P726649 102723 102523 Point Breeze Mid SS,P726649 102723 102523 Point Breeze Mid SS.D,10/27/23,10/25/23,sample,10/18/23,10/25/23,10068,2,432023,1,2.127,2.127,,0.4501,0.451,,REG,REG,0.2975,0.297,,0.413,0.413,,0.9954,0.995,,REG,REG,0.0452,0.045,,REG,REG,0.0333,0.033,,REG,REG,0.0411,0.041,,0.1255,0.125,,0.0637,0.064,,0.1647,0.165,,REG,REG,0.0602,0.06,,0.4761,0.476,,REG,REG,0.788,0.788,,0.1178,0.118,,REG,REG,0.1328,0.133,,REG,REG,0.0625,0.063,,REG,REG,0.0231,0.023,,LOD,LOD,0.0596,0.06,,LOD,LOD,0.1625,0.163,,REG,REG,0.1818,0.182,,REG,REG,0.5622,0.562,,0.3389,0.339,,1.2597,1.26,,REG,REG,1.8744,1.874,,REG,REG,3.7838,3.784,,ULOD,ULOD,0.141,0.141,,ULOD,ULOD,1.3372,1.337,,REG,REG,0.1199,0.12,,REG,REG,0.032,0.032,,REG,REG,0.0186,0.019,,REG,REG,0.0016,0.002,,ND,ND,5.00E-04,0,,ND,ND,0.032,0.032,,0.3144,0.314,,REG,REG,0.0371,0.037,,REG,REG,0.0353,0.035,,0.1514,0.151,
25th & Point Breeze442023,6,25th & Point Breeze,stationary,"39.92771763, -75.1873965",39.92771763,-75.1873965,#D39200,Industrial,Institution,Low,"Auto body shop, junkyard",LowT/I,P726610,P726610 110923 110123 Point Breeze Mid SS,P726610 110923 110123 Point Breeze Mid SS.D,11/9/23,11/1/23,sample,10/25/23,11/1/23,9615,2,442023,1,1.7881,1.664,CHECK,0.4648,0.428,,REG,REG,0.2486,0.232,,0.3613,0.336,,1.1148,1.036,CHECK,REG,REG,0.0592,0.055,,REG,REG,0.0444,0.041,,REG,REG,0.0502,0.047,,0.1423,0.132,,0.0667,0.062,,0.1811,0.169,,REG,REG,0.0693,0.065,,0.4442,0.408,,REG,REG,0.6788,0.632,,0.1159,0.064,CHECK,REG,REG,0.1495,0.121,,REG,REG,0.0989,0.089,,REG,REG,0.0354,0.033,,LOD,LOD,0.0978,0.084,,REG,REG,0.2143,0.199,,REG,REG,0.1281,0.119,,REG,REG,0.4091,0.38,,0.427,0.398,,0.9005,0.838,CHECK,REG,REG,1.1414,1.062,CHECK,REG,REG,3.0112,2.801,CHECK,REG,REG,0.1468,0.137,,ULOD,ULOD,0.9196,0.855,CHECK,REG,REG,0.1112,0.095,,REG,REG,0.0251,0.012,,REG,REG,0.0036,0.003,,ND,ND,0.0017,0.002,,ND,ND,0.0134,0.012,,REG,REG,0.0272,0.026,,0.2993,0.278,,REG,REG,0.0379,0.036,,REG,REG,0.0693,0.065,,0.1337,0.124,
25th & Point Breeze452023,6,25th & Point Breeze,stationary,"39.92771763, -75.1873965",39.92771763,-75.1873965,#D39200,Industrial,Institution,Low,"Auto body shop, junkyard",LowT/I,P726662,P726662 111023 110823 Point Breeze Mid SS,P726662 111023 110823 Point Breeze Mid SS.D,11/10/23,11/8/23,sample,11/1/23,11/8/23,9874,2,452023,1,1.8353,1.835,,0.6361,0.636,,REG,REG,0.2674,0.267,,0.3625,0.362,,0.9606,0.961,,REG,REG,0.0653,0.065,,REG,REG,0.0432,0.043,,REG,REG,0.0524,0.052,,0.1457,0.146,,0.0726,0.073,,0.1764,0.176,,REG,REG,0.0798,0.08,,0.4391,0.439,,REG,REG,0.7015,0.702,,0.1563,0.156,,REG,REG,0.1498,0.15,,REG,REG,0.1309,0.131,,REG,REG,0.0454,0.045,,LOD,LOD,0.1155,0.115,,REG,REG,0.2087,0.209,,REG,REG,0.1483,0.148,,REG,REG,0.4591,0.459,,0.392,0.392,,1.0004,1,,REG,REG,1.34,1.34,,REG,REG,3.4916,3.492,,REG,REG,0.1429,0.143,,ULOD,ULOD,0.9595,0.959,,REG,REG,0.1083,0.108,,REG,REG,0.0245,0.024,,REG,REG,0.0035,0.003,,ND,ND,0.0017,0.002,,ND,ND,0.0093,0.009,,REG,REG,0.0433,0.043,,0.2769,0.277,,REG,REG,0.0369,0.037,,REG,REG,0.0315,0.032,,0.1157,0.116,
25th & Point Breeze462023,6,25th & Point Breeze,stationary,"39.92771763, -75.1873965",39.92771763,-75.1873965,#D39200,Industrial,Institution,Low,"Auto body shop, junkyard",LowT/I,P733859,P733859 112423 111523 Point Breeze Mid SS,P733859 112423 111523 Point Breeze Mid SS.D,11/24/23,11/15/23,sample,11/8/23,11/15/23,10151,2,462023,1,1.3067,1.307,,0.4833,0.483,,REG,REG,0.1813,0.181,,0.2592,0.259,,0.7625,0.763,,REG,REG,0.0374,0.037,,REG,REG,0.021,0.021,,LOD,LOD,0.0306,0.031,,0.0795,0.08,,0.0335,0.033,,0.0895,0.089,,REG,REG,0.0358,0.036,,0.2301,0.23,,REG,REG,0.3737,0.374,,0.1238,0.124,,REG,REG,0.1047,0.105,,REG,REG,0.0649,0.065,,REG,REG,0.0282,0.028,,LOD,LOD,0.0598,0.06,,LOD,LOD,0.0896,0.09,,REG,REG,0.0754,0.075,,REG,REG,0.2627,0.263,,0.1843,0.184,,0.5887,0.589,,REG,REG,0.6264,0.626,,REG,REG,1.6888,1.689,,REG,REG,0.2103,0.21,,ULOD,ULOD,0.4459,0.446,,REG,REG,0.06,0.06,,REG,REG,0.0172,0.017,,REG,REG,0.0129,0.013,,LOD,LOD,0.0016,0.002,,ND,ND,5.00E-04,0,,ND,ND,0.0257,0.026,,0.2551,0.255,,REG,REG,0.0359,0.036,,REG,REG,0.0175,0.018,,0.183,0.183,
25th & Point Breeze472023,6,25th & Point Breeze,stationary,"39.92771763, -75.1873965",39.92771763,-75.1873965,#D39200,Industrial,Institution,Low,"Auto body shop, junkyard",LowT/I,P733879,P733879 112523 112223 Point Breeze Mid SS,P733879 112523 112223 Point Breeze Mid SS.D,11/25/23,11/22/23,sample,11/15/23,11/22/23,10130,2,472023,1,1.0697,1.07,,0.4967,0.497,,REG,REG,0.1619,0.162,,0.2286,0.229,,0.7221,0.722,,REG,REG,0.0412,0.041,,REG,REG,0.0271,0.027,,LOD,LOD,0.034,0.034,,0.0866,0.087,,0.0261,0.026,,0.0979,0.098,,REG,REG,0.0479,0.048,,0.2688,0.269,,REG,REG,0.3876,0.388,,0.1241,0.124,,REG,REG,0.1049,0.105,,REG,REG,0.0843,0.084,,REG,REG,0.0336,0.034,,LOD,LOD,0.0665,0.066,,LOD,LOD,0.1077,0.108,,REG,REG,0.0887,0.089,,REG,REG,0.3027,0.303,,0.1963,0.196,,0.6742,0.674,,REG,REG,0.6885,0.688,,REG,REG,1.8239,1.824,,REG,REG,0.1129,0.113,,REG,REG,0.53,0.53,,REG,REG,0.0828,0.083,,REG,REG,0.0239,0.024,,REG,REG,0.0034,0.003,,ND,ND,0.0016,0.002,,ND,ND,5.00E-04,0,,ND,ND,0.0258,0.026,,0.2415,0.241,,REG,REG,0.036,0.036,,REG,REG,0.0307,0.031,,0.1739,0.174,
25th & Point Breeze482023,6,25th & Point Breeze,stationary,"39.92771763, -75.1873965",39.92771763,-75.1873965,#D39200,Industrial,Institution,Low,"Auto body shop, junkyard",LowT/I,P733896,P733896 120823 112923 Point Breeze Mid SS,P733896 120823 112923 Point Breeze Mid SS.D,12/8/23,11/29/23,sample,11/22/23,11/29/23,9999,2,482023,1,0.6236,0.626,,0.3844,0.384,,REG,REG,0.0935,0.094,,0.13,0.132,,0.4813,0.485,,REG,REG,0.0228,0.023,,LOD,LOD,0.0122,0.012,,LOD,LOD,0.0172,0.017,,0.0456,0.046,,0.0189,0.019,,0.05,0.049,,REG,REG,0.0242,0.024,,0.1381,0.143,,REG,REG,0.2127,0.213,,0.0767,0.097,,REG,REG,0.0442,0.065,,REG,REG,0.0566,0.056,,REG,REG,0.0162,0.012,,LOD,LOD,0.0433,0.041,,LOD,LOD,0.0424,0.042,,LOD,LOD,0.0366,0.037,,LOD,LOD,0.1133,0.113,,0.0824,0.081,,0.2561,0.256,,REG,REG,0.2975,0.297,,REG,REG,0.9106,0.914,,REG,REG,0.1304,0.129,,REG,REG,0.1579,0.158,,REG,REG,0.0276,0.026,,REG,REG,0.0034,0.004,,LOD,LOD,0.0034,0.003,,ND,ND,0.0016,0.002,,ND,ND,5.00E-04,0,,ND,ND,0.0256,0.026,,0.3022,0.302,,REG,REG,0.0374,0.036,,REG,REG,0.0133,0.013,,0.1048,0.105,
25th & Point Breeze492023,6,25th & Point Breeze,stationary,"39.92771763, -75.1873965",39.92771763,-75.1873965,#D39200,Industrial,Institution,Low,"Auto body shop, junkyard",LowT/I,P726646,P726646 120923 120623 Point Breeze Mid SS,P726646 120923 120623 Point Breeze Mid SS.D,12/9/23,12/6/23,sample,11/29/23,12/6/23,9515,2,492023,1,1.2934,1.202,CHECK,0.5748,0.536,,REG,REG,0.1929,0.179,,0.2749,0.256,,0.9307,0.865,CHECK,REG,REG,0.0479,0.044,,REG,REG,0.0288,0.027,,LOD,LOD,0.0399,0.037,,0.1106,0.103,,0.0436,0.041,,0.1314,0.122,,REG,REG,0.0573,0.053,,0.3282,0.305,,REG,REG,0.5458,0.507,,0.1256,0.117,,REG,REG,0.0815,0.076,,REG,REG,0.1261,0.117,,REG,REG,0.0454,0.042,,LOD,LOD,0.1156,0.107,,REG,REG,0.0955,0.089,,REG,REG,0.0979,0.091,,REG,REG,0.3293,0.306,,0.2102,0.195,,0.7049,0.655,,REG,REG,0.8516,0.792,CHECK,REG,REG,2.4182,2.248,CHECK,REG,REG,0.2259,0.21,,ULOD,ULOD,0.4536,0.422,,REG,REG,0.0069,0.006,,ND,ND,0.0247,0.023,,REG,REG,0.0036,0.003,,ND,ND,0.0017,0.002,,ND,ND,5.00E-04,0,,ND,ND,0.021,0.02,,0.2571,0.239,,REG,REG,0.0491,0.046,,REG,REG,0.0514,0.048,,0.0851,0.079,
25th & Point Breeze502023,6,25th & Point Breeze,stationary,"39.92771763, -75.1873965",39.92771763,-75.1873965,#D39200,Industrial,Institution,Low,"Auto body shop, junkyard",LowT/I,P733845,P733845 122123 121323 Point Breeze Mid SS,P733845 122123 121323 Point Breeze Mid SS.D,12/21/23,12/13/23,sample,12/6/23,12/13/23,9419,2,502023,1,1.2915,1.2,CHECK,0.5275,0.491,,REG,REG,0.1895,0.176,,0.2721,0.253,,0.8995,0.836,CHECK,REG,REG,0.0524,0.049,,REG,REG,0.0324,0.03,,REG,REG,0.0403,0.037,,0.108,0.1,,0.0481,0.045,,0.1239,0.115,,REG,REG,0.0515,0.048,,0.3521,0.327,,REG,REG,0.5514,0.512,,0.1421,0.132,,REG,REG,0.0867,0.081,,REG,REG,0.1481,0.138,,REG,REG,0.0574,0.053,,LOD,LOD,0.1309,0.122,,REG,REG,0.1094,0.102,,REG,REG,0.1519,0.141,,REG,REG,0.5733,0.533,,0.1874,0.174,,1.1523,1.07,CHECK,REG,REG,1.0889,1.012,CHECK,REG,REG,2.9282,2.72,CHECK,REG,REG,0.1514,0.141,,ULOD,ULOD,0.6147,0.571,,REG,REG,0.0903,0.084,,REG,REG,0.0321,0.03,,REG,REG,0.0037,0.003,,ND,ND,0.0018,0.002,,ND,ND,5.00E-04,0,,ND,ND,0.0271,0.025,,0.3972,0.369,,REG,REG,0.0496,0.046,,REG,REG,0.0189,0.018,,0.2224,0.207,
25th & Point Breeze512023,6,25th & Point Breeze,stationary,"39.92771763, -75.1873965",39.92771763,-75.1873965,#D39200,Industrial,Institution,Low,"Auto body shop, junkyard",LowT/I,P726620,P726620 122123 122023 Point Breeze Mid SS,P726620 122123 122023 Point Breeze Mid SS.D,12/21/23,12/20/23,sample,12/13/23,12/20/23,9866,2,512023,1,1.3995,1.399,,0.4466,0.448,,REG,REG,0.1911,0.191,,0.2865,0.286,,0.7854,0.785,,REG,REG,0.05,0.05,,REG,REG,0.0278,0.028,,LOD,LOD,0.0384,0.038,,0.0996,0.1,,0.0421,0.042,,0.1183,0.118,,REG,REG,0.0491,0.049,,0.2642,0.264,,REG,REG,0.3912,0.391,,0.1742,0.174,,REG,REG,0.0659,0.066,,REG,REG,0.1513,0.151,,REG,REG,0.0438,0.044,,LOD,LOD,0.152,0.152,,REG,REG,0.086,0.086,,REG,REG,0.1079,0.108,,REG,REG,0.3919,0.392,,0.1312,0.131,,0.7911,0.791,,REG,REG,0.8005,0.8,,REG,REG,2.1778,2.178,,REG,REG,0.1446,0.145,,ULOD,ULOD,0.4054,0.405,,REG,REG,0.1328,0.133,,REG,REG,0.0442,0.044,,REG,REG,0.0133,0.013,,LOD,LOD,0.0017,0.002,,ND,ND,0.0112,0.011,,REG,REG,0.0203,0.02,,0.3792,0.379,,REG,REG,0.0379,0.038,,REG,REG,0.027,0.027,,0.251,0.251,
25th & Point Breeze22024,6,25th & Point Breeze,stationary,"39.92771763, -75.1873965",39.92771763,-75.1873965,#D39200,Industrial,Institution,Low,"Auto body shop, junkyard",LowT/I,P726616,P726616 011624 011024 Point Breeze Mid SS,P726616 011624 011024 Point Breeze Mid SS.D,1/16/24,1/10/24,sample,1/3/24,1/10/24,10087,2,22024,1,0.8816,0.882,,0.5855,0.586,,REG,REG,0.1537,0.154,,0.1884,0.188,,0.8374,0.837,,REG,REG,0.0339,0.034,,LOD,LOD,0.0181,0.018,,LOD,LOD,0.0273,0.027,,0.0654,0.065,,0.0296,0.03,,0.0818,0.082,,REG,REG,0.0361,0.036,,0.2367,0.237,,REG,REG,0.3642,0.364,,0.1194,0.119,,REG,REG,0.0789,0.079,,REG,REG,0.0725,0.073,,REG,REG,0.0182,0.018,,LOD,LOD,0.0641,0.064,,LOD,LOD,0.0961,0.096,,REG,REG,0.0736,0.074,,REG,REG,0.3734,0.373,,0.1341,0.134,,0.8294,0.829,,REG,REG,0.5897,0.59,,REG,REG,2.2112,2.211,,REG,REG,0.0396,0.04,,ULOD,ULOD,0.3934,0.393,,REG,REG,0.0536,0.054,,REG,REG,0.0333,0.033,,REG,REG,0.0034,0.003,,ND,ND,0.0016,0.002,,ND,ND,0.0073,0.007,,REG,REG,0.0143,0.014,,0.2996,0.3,,REG,REG,0.0324,0.032,,REG,REG,0.0295,0.03,,0.1128,0.113,
25th & Point Breeze32024,6,25th & Point Breeze,stationary,"39.92771763, -75.1873965",39.92771763,-75.1873965,#D39200,Industrial,Institution,Low,"Auto body shop, junkyard",LowT/I,P733860,P733860 012524 011724 Point Breeze Mid SS,P733860 012524 011724 Point Breeze Mid SS.D,1/25/24,1/17/24,sample,1/10/24,1/17/24,9676,2,32024,1,0.9781,0.91,CHECK,0.5393,0.502,,REG,REG,0.155,0.144,,0.2072,0.193,,0.6883,0.641,,REG,REG,0.0353,0.033,,LOD,LOD,0.0221,0.021,,LOD,LOD,0.0285,0.027,,0.0827,0.077,,0.0308,0.029,,0.0853,0.079,,REG,REG,0.0376,0.035,,0.2267,0.211,,REG,REG,0.3865,0.36,,0.1147,0.107,,REG,REG,0.0736,0.069,,REG,REG,0.121,0.113,,REG,REG,0.019,0.018,,LOD,LOD,0.1013,0.094,,REG,REG,0.094,0.087,,REG,REG,0.0629,0.059,,REG,REG,0.2997,0.279,,0.1398,0.13,,0.6503,0.605,,REG,REG,0.636,0.592,,REG,REG,1.813,1.687,CHECK,REG,REG,0.1534,0.143,,ULOD,ULOD,0.3557,0.331,,REG,REG,0.0558,0.052,,REG,REG,0.0208,0.019,,REG,REG,0.0036,0.003,,ND,ND,0.0017,0.002,,ND,ND,0.0095,0.009,,REG,REG,0.0207,0.019,,0.4461,0.415,,REG,REG,0.0435,0.04,,REG,REG,0.017,0.016,,0.344,0.32,
25th & Point Breeze42024,6,25th & Point Breeze,stationary,"39.92771763, -75.1873965",39.92771763,-75.1873965,#D39200,Industrial,Institution,Low,"Auto body shop, junkyard",LowT/I,P733885,P733885 012624 012424 Point Breeze Mid SS,P733885 012624 012424 Point Breeze Mid SS.D,1/26/24,1/24/24,sample,1/17/24,1/24/24,9636,2,42024,1,0.9229,0.923,,0.5675,0.568,,REG,REG,0.1505,0.15,,0.1917,0.192,,0.8236,0.824,,REG,REG,0.0315,0.032,,LOD,LOD,0.019,0.019,,LOD,LOD,0.0286,0.029,,0.0721,0.072,,0.027,0.027,,0.0683,0.068,,REG,REG,0.0377,0.038,,0.241,0.241,,REG,REG,0.3743,0.374,,0.1992,0.199,,REG,REG,0.1215,0.122,,REG,REG,0.0962,0.096,,REG,REG,0.0303,0.03,,LOD,LOD,0.1086,0.109,,REG,REG,0.1069,0.107,,REG,REG,0.0597,0.06,,REG,REG,0.2041,0.204,,0.1648,0.165,,0.5138,0.514,,REG,REG,0.6706,0.671,,REG,REG,2.038,2.038,,REG,REG,0.154,0.154,,ULOD,ULOD,0.4446,0.445,,REG,REG,0.0069,0.007,,ND,ND,0.0279,0.028,,REG,REG,0.0112,0.011,,REG,REG,0.0017,0.002,,ND,ND,5.00E-04,0,,ND,ND,0.015,0.015,,0.2986,0.299,,REG,REG,0.0339,0.034,,REG,REG,0.0217,0.022,,0.2911,0.291,
25th & Point Breeze52024,6,25th & Point Breeze,stationary,"39.92771763, -75.1873965",39.92771763,-75.1873965,#D39200,Industrial,Institution,Low,"Auto body shop, junkyard",LowT/I,P733896,P733896 020824 013124 Po8int Breeze Mid SS,P733896 020824 013124 Po8int Breeze Mid SS.D,2/8/24,1/31/24,sample,1/24/24,1/31/24,10097,2,52024,1,0.9174,0.917,,0.424,0.424,,REG,REG,0.1374,0.137,,0.1919,0.192,,0.7636,0.764,,REG,REG,0.0338,0.034,,LOD,LOD,0.0181,0.018,,LOD,LOD,0.0342,0.034,,0.073,0.073,,0.0262,0.026,,0.0825,0.083,,REG,REG,0.042,0.042,,0.2312,0.231,,REG,REG,0.4069,0.407,,0.0192,0.019,,REG,REG,0.0513,0.051,,REG,REG,0.0688,0.069,,REG,REG,0.0207,0.021,,LOD,LOD,0.052,0.052,,LOD,LOD,0.054,0.054,,REG,REG,0.0527,0.05,,REG,REG,0.3033,0.303,,0.1274,0.127,,0.5556,0.539,,REG,REG,0.4063,0.406,,REG,REG,1.2828,1.209,CHECK,REG,REG,0.1332,0.101,,REG,REG,0.2391,0.216,,REG,REG,0.0676,0.076,,REG,REG,0.0116,0.013,,LOD,LOD,0.0034,0.003,,ND,ND,0.0016,0.002,,ND,ND,5.00E-04,0,,ND,ND,0.0199,0.02,,0.342,0.342,,REG,REG,0.044,0.042,,REG,REG,0.0308,0.031,,0.0707,0.071,
25th & Point Breeze62024,6,25th & Point Breeze,stationary,"39.92771763, -75.1873965",39.92771763,-75.1873965,#D39200,Industrial,Institution,Low,"Auto body shop, junkyard",LowT/I,P726601,P726601 021524 020724 Point Breeze Mid SS,P726601 021524 020724 Point Breeze Mid SS.D,2/15/24,2/7/24,sample,1/31/24,2/7/24,10104,2,62024,1,0.7825,0.782,,0.5784,0.578,,REG,REG,0.1175,0.118,,0.1605,0.161,,0.6873,0.687,,REG,REG,0.0225,0.023,,LOD,LOD,0.0121,0.012,,LOD,LOD,0.0171,0.017,,0.0486,0.049,,0.0224,0.022,,0.066,0.066,,REG,REG,0.024,0.024,,0.2183,0.218,,REG,REG,0.3604,0.36,,0.0286,0.029,,REG,REG,0.0389,0.039,,REG,REG,0.0591,0.059,,REG,REG,0.0154,0.015,,LOD,LOD,0.0718,0.072,,LOD,LOD,0.054,0.054,,REG,REG,0.0659,0.066,,REG,REG,0.1843,0.184,,0.0924,0.092,,0.4104,0.41,,REG,REG,0.5684,0.568,,REG,REG,1.395,1.395,,REG,REG,0.2148,0.215,,ULOD,ULOD,0.3327,0.333,,REG,REG,0.0562,0.056,,REG,REG,0.0116,0.012,,LOD,LOD,0.0034,0.003,,ND,ND,0.0016,0.002,,ND,ND,5.00E-04,0,,ND,ND,0.0144,0.014,,0.4557,0.456,,REG,REG,0.0439,0.044,,REG,REG,0.022,0.022,,0.2592,0.259,
25th & Point Breeze72024,6,25th & Point Breeze,stationary,"39.92771763, -75.1873965",39.92771763,-75.1873965,#D39200,Industrial,Institution,Low,"Auto body shop, junkyard",LowT/I,P733869,P733869 021624 021424 Point Breeze Mid SS,P733869 021624 021424 Point Breeze Mid SS.D,2/16/24,2/14/24,sample,2/7/24,2/14/24,10005,2,72024,1,1.9182,1.918,,0.9152,0.915,,REG,REG,0.2986,0.299,,0.362,0.362,,1.2853,1.285,,REG,REG,0.0531,0.053,,REG,REG,0.0366,0.037,,REG,REG,0.0379,0.038,,0.0982,0.098,,0.0603,0.06,,0.1916,0.192,,REG,REG,0.0787,0.079,,0.4913,0.491,,REG,REG,0.8104,0.81,,0.1193,0.119,,REG,REG,0.1101,0.11,,REG,REG,0.1134,0.113,,REG,REG,0.0642,0.064,,REG,REG,0.1391,0.139,,REG,REG,0.0136,0.014,,ND,ND,0.1597,0.16,,REG,REG,0.4327,0.433,,0.2932,0.293,,0.9995,1,,REG,REG,1.5172,1.517,,REG,REG,3.2936,3.294,,REG,REG,0.2169,0.217,,ULOD,ULOD,2.1036,2.104,,ULOD,ULOD,0.0912,0.091,,REG,REG,0.0252,0.025,,REG,REG,0.0034,0.003,,ND,ND,0.0016,0.002,,ND,ND,0.022,0.022,,REG,REG,0.0201,0.02,,0.4027,0.403,,REG,REG,0.0444,0.044,,REG,REG,0.0311,0.031,,0.2523,0.252,
25th & Point Breeze82024,6,25th & Point Breeze,stationary,"39.92771763, -75.1873965",39.92771763,-75.1873965,#D39200,Industrial,Institution,Low,"Auto body shop, junkyard",LowT/I,P726654,P726654 022924 022124 Point Breeze Mid SS,P726654 022924 022124 Point Breeze Mid SS.D,2/29/24,2/21/24,sample,2/14/24,2/21/24,10097,2,82024,1,0.6911,0.691,,0.4921,0.492,,REG,REG,0.1077,0.108,,0.1398,0.14,,0.5824,0.582,,REG,REG,0.0226,0.023,,LOD,LOD,0.0121,0.012,,LOD,LOD,0.0171,0.017,,0.0452,0.045,,0.0262,0.026,,0.0495,0.05,,REG,REG,0.024,0.024,,0.1801,0.18,,REG,REG,0.2682,0.268,,0.1135,0.113,,REG,REG,0.0678,0.068,,REG,REG,0.0495,0.05,,REG,REG,0.0207,0.021,,LOD,LOD,0.0586,0.059,,LOD,LOD,0.042,0.042,,LOD,LOD,0.0494,0.049,,REG,REG,0.1382,0.138,,0.0925,0.092,,0.2899,0.29,,REG,REG,0.4063,0.406,,REG,REG,1.1507,1.151,,REG,REG,0.0709,0.071,,REG,REG,0.1974,0.197,,REG,REG,0.0562,0.056,,REG,REG,0.0048,0.005,,ND,ND,0.0034,0.003,,ND,ND,0.0016,0.002,,ND,ND,5.00E-04,0,,ND,ND,0.0144,0.014,,0.2993,0.299,,REG,REG,0.0347,0.035,,REG,REG,0.0011,0.001,,0.1085,0.108,
25th & Point Breeze92024,6,25th & Point Breeze,stationary,"39.92771763, -75.1873965",39.92771763,-75.1873965,#D39200,Industrial,Institution,Low,"Auto body shop, junkyard",LowT/I,P733860,P733860 030124 022824 Point Breeze Mid SS,P733860 030124 022824 Point Breeze Mid SS.D,3/1/24,2/28/24,sample,2/21/24,2/28/24,10101,2,92024,1,0.5989,0.599,,0.3929,0.393,,REG,REG,0.0879,0.088,,0.1293,0.129,,0.4516,0.452,,REG,REG,0.0263,0.026,,LOD,LOD,0.0121,0.012,,LOD,LOD,0.0205,0.02,,0.0486,0.049,,0.0224,0.022,,0.0578,0.058,,REG,REG,0.024,0.024,,0.1673,0.167,,REG,REG,0.2351,0.235,,0.2077,0.208,,REG,REG,0.1008,0.101,,REG,REG,0.0592,0.059,,REG,REG,0.0154,0.015,,LOD,LOD,0.0586,0.059,,LOD,LOD,0.042,0.042,,LOD,LOD,0.0494,0.049,,REG,REG,0.125,0.125,,0.0924,0.092,,0.2777,0.278,,REG,REG,0.3249,0.325,,REG,REG,0.9617,0.962,,REG,REG,0.0738,0.074,,REG,REG,0.1661,0.166,,REG,REG,0.0448,0.045,,REG,REG,0.0048,0.005,,ND,ND,0.0034,0.003,,ND,ND,0.0016,0.002,,ND,ND,5.00E-04,0,,ND,ND,0.0199,0.02,,0.2279,0.228,,REG,REG,0.0347,0.035,,REG,REG,0.0176,0.018,,0.066,0.066,
25th & Point Breeze102024,6,25th & Point Breeze,stationary,"39.92771763, -75.1873965",39.92771763,-75.1873965,#D39200,Industrial,Institution,Low,"Auto body shop, junkyard",LowT/I,P726609,P726609 031524 030624 Point Breeze Mid SS,P726609 031524 030624 Point Breeze Mid SS.D,3/15/24,3/6/24,sample,2/28/24,3/6/24,10120,2,102024,1,0.583,0.583,,0.3273,0.328,,REG,REG,0.0828,0.083,,0.1135,0.114,,0.5323,0.481,CHECK,REG,REG,0.0188,0.019,,LOD,LOD,0.009,0.009,,LOD,LOD,0.0164,0.017,,0.0449,0.045,,0.0185,0.018,,0.0489,0.049,,REG,REG,0.0239,0.024,,0.1558,0.156,,REG,REG,0.1952,0.196,,0.079,0.08,,REG,REG,0.0567,0.06,,REG,REG,0.0368,0.039,,LOD,LOD,0.0119,0.013,,LOD,LOD,0.038,0.038,,LOD,LOD,0.0419,0.042,,LOD,LOD,0.039,0.039,,LOD,LOD,0.1304,0.13,,0.0796,0.079,,0.2992,0.301,,REG,REG,0.3127,0.312,,REG,REG,0.8724,0.885,,REG,REG,0.1347,0.139,,ULOD,ULOD,0.2048,0.206,,REG,REG,0.0593,0.064,,REG,REG,0.0048,0.005,,ND,ND,0.0034,0.003,,ND,ND,0.0016,0.002,,ND,ND,0.009,0.008,,REG,REG,0.02,0.001,,0.2701,0.27,,REG,REG,0.0267,0.027,,REG,REG,0.013,0.013,,0.1117,0.113,
25th & Point Breeze112024,6,25th & Point Breeze,stationary,"39.92771763, -75.1873965",39.92771763,-75.1873965,#D39200,Industrial,Institution,Low,"Auto body shop, junkyard",LowT/I,P733887,P733887 031624 031324 Point Breeze Mid SS,P733887 031624 031324 Point Breeze Mid SS.D,3/16/24,3/13/24,sample,3/6/24,3/13/24,9993,2,112024,1,1.0622,1.062,,0.4753,0.476,,REG,REG,0.1439,0.144,,0.1992,0.2,,0.9266,0.875,CHECK,REG,REG,0.0266,0.027,,LOD,LOD,0.0153,0.015,,LOD,LOD,0.0235,0.024,,0.063,0.063,,0.0263,0.026,,0.0746,0.074,,REG,REG,0.0303,0.03,,0.2675,0.268,,REG,REG,0.6047,0.605,,0.0419,0.043,,REG,REG,0.0532,0.057,,REG,REG,0.0421,0.044,,LOD,LOD,0.0174,0.018,,LOD,LOD,0.0451,0.045,,LOD,LOD,0.1031,0.103,,REG,REG,0.0828,0.083,,REG,REG,0.2922,0.292,,0.163,0.162,,0.6691,0.671,,REG,REG,0.9838,0.983,,REG,REG,2.7706,2.783,,REG,REG,0.1364,0.141,,ULOD,ULOD,0.397,0.398,,REG,REG,0.106,0.11,,REG,REG,0.0563,0.06,,REG,REG,0.0034,0.003,,ND,ND,0.0017,0.002,,ND,ND,0.0091,0.008,,REG,REG,0.0202,0.001,,0.288,0.288,,REG,REG,0.0364,0.036,,REG,REG,0.0665,0.067,,0.1322,0.133,
25th & Point Breeze122024,6,25th & Point Breeze,stationary,"39.92771763, -75.1873965",39.92771763,-75.1873965,#D39200,Industrial,Institution,Low,"Auto body shop, junkyard",LowT/I,P726661,P726661 040224 032024 Point Breeze Mid SS,P726661 040224 032024 Point Breeze Mid SS.D,4/2/24,3/20/24,sample,3/13/24,3/20/24,9681,2,122024,1,1.3768,1.281,CHECK,0.4325,0.403,,REG,REG,0.1898,0.177,,0.2491,0.233,,0.9169,0.804,CHECK,REG,REG,0.047,0.044,,REG,REG,0.0346,0.032,,REG,REG,0.0385,0.036,,0.1049,0.097,,0.0466,0.043,,0.1286,0.119,,REG,REG,0.0625,0.058,,0.3294,0.307,,REG,REG,0.5415,0.504,,0.0924,0.087,,REG,REG,0.0851,0.083,,REG,REG,0.0938,0.089,,REG,REG,0.0347,0.033,,LOD,LOD,0.1017,0.094,,REG,REG,0.1377,0.128,,REG,REG,0.1783,0.166,,REG,REG,0.4186,0.39,,0.2777,0.258,,0.9552,0.891,CHECK,REG,REG,1.5452,1.438,CHECK,REG,REG,3.8633,3.608,CHECK,REG,REG,0.2156,0.205,,ULOD,ULOD,0.8121,0.757,CHECK,REG,REG,0.0857,0.084,,REG,REG,0.0166,0.019,,REG,REG,0.0036,0.003,,ND,ND,0.0017,0.002,,ND,ND,0.0113,0.01,,REG,REG,0.0266,0.006,,0.327,0.304,,REG,REG,0.0279,0.026,,REG,REG,0.032,0.03,,0.2201,0.206,
25th & Point Breeze152024,6,25th & Point Breeze,stationary,"39.92771763, -75.1873965",39.92771763,-75.1873965,#D39200,Industrial,Institution,Low,"Auto body shop, junkyard",LowT/I,P733865,P733865 041224 041024 Point Breeze Mid SS,P733865 041224 041024 Point Breeze Mid SS.D,4/12/24,4/10/24,sample,4/3/24,4/10/24,10061,2,152024,1,0.781,0.781,,0.2951,0.295,,REG,REG,0.1025,0.102,,0.1556,0.156,,0.9374,0.937,,REG,REG,0.0302,0.03,,LOD,LOD,0.0212,0.021,,LOD,LOD,0.024,0.024,,0.0314,0.031,,0.0263,0.026,,0.0828,0.083,,REG,REG,0.0301,0.03,,0.1651,0.165,,REG,REG,0.2344,0.234,,0.0461,0.046,,REG,REG,0.0487,0.049,,REG,REG,0.08,0.08,,REG,REG,0.0376,0.038,,LOD,LOD,0.0745,0.075,,LOD,LOD,0.0723,0.072,,REG,REG,0.0463,0.046,,REG,REG,0.1449,0.145,,0.1403,0.14,,0.3273,0.327,,REG,REG,0.3453,0.345,,REG,REG,0.9797,0.98,,REG,REG,0.1897,0.19,,REG,REG,0.3243,0.324,,REG,REG,0.0066,0.007,,ND,ND,0.0133,0.013,,LOD,LOD,0.0034,0.003,,ND,ND,0.0016,0.002,,ND,ND,5.00E-04,0,,ND,ND,0.0179,0.018,,0.1859,0.186,,REG,REG,0.0279,0.028,,REG,REG,0.0133,0.013,,0.0521,0.052,
25th & Point Breeze162024,6,25th & Point Breeze,stationary,"39.92771763, -75.1873965",39.92771763,-75.1873965,#D39200,Industrial,Institution,Low,"Auto body shop, junkyard",LowT/I,P726649,P726649 042624 041724 Point Breeze Mid SS,P726649 042624 041724 Point Breeze Mid SS.D,4/26/24,4/17/24,sample,4/10/24,4/17/24,9459,2,162024,1,0.8533,0.793,CHECK,0.2808,0.261,,REG,REG,0.1143,0.106,,0.1711,0.159,,0.6101,0.567,,REG,REG,0.0321,0.03,,LOD,LOD,0.0193,0.018,,LOD,LOD,0.0255,0.024,,0.0594,0.055,,0.0279,0.026,,0.0793,0.074,,REG,REG,0.032,0.03,,0.1961,0.182,,REG,REG,0.2141,0.199,,0.0692,0.064,,REG,REG,0.0518,0.048,,REG,REG,0.0593,0.055,,REG,REG,0.0286,0.027,,LOD,LOD,0.0722,0.067,,LOD,LOD,0.0705,0.065,,REG,REG,0.0739,0.069,,REG,REG,0.2035,0.189,,0.1119,0.104,,0.4641,0.431,,REG,REG,0.4974,0.462,,REG,REG,1.324,1.23,CHECK,REG,REG,0.1918,0.178,,REG,REG,0.3561,0.331,,REG,REG,0.041,0.038,,REG,REG,0.0142,0.013,,LOD,LOD,0.0036,0.003,,ND,ND,0.0017,0.002,,ND,ND,0.0116,0.011,,REG,REG,0.0191,0.018,,0.3651,0.339,,REG,REG,0.0198,0.018,,REG,REG,0.0141,0.013,,0.1259,0.117,
25th & Point Breeze172024,6,25th & Point Breeze,stationary,"39.92771763, -75.1873965",39.92771763,-75.1873965,#D39200,Industrial,Institution,Low,"Auto body shop, junkyard",LowT/I,P733893,P733893 042624 042424 Point Breeze Mid SS RENAME,P733893 042624 042424 Point Breeze Mid SS RENAME.D,4/26/24,4/24/24,sample,4/17/24,4/24/24,9783,2,172024,1,0.6133,0.613,,0.2715,0.272,,REG,REG,0.0799,0.08,,0.1224,0.122,,0.3855,0.385,,REG,REG,0.0272,0.027,,LOD,LOD,0.0156,0.016,,LOD,LOD,0.0211,0.021,,0.0466,0.047,,0.0231,0.023,,0.0681,0.068,,REG,REG,0.0248,0.025,,0.1302,0.13,,REG,REG,0.1865,0.187,,0.0426,0.043,,REG,REG,0.0415,0.042,,REG,REG,0.0573,0.057,,REG,REG,0.0221,0.022,,LOD,LOD,0.0562,0.056,,LOD,LOD,0.0558,0.056,,REG,REG,0.0544,0.054,,REG,REG,0.1423,0.142,,0.0962,0.096,,0.3241,0.324,,REG,REG,0.4285,0.429,,REG,REG,1.1049,1.105,,REG,REG,0.1226,0.123,,REG,REG,0.312,0.312,,REG,REG,0.0397,0.04,,REG,REG,0.0137,0.014,,LOD,LOD,0.0035,0.004,,ND,ND,0.0017,0.002,,ND,ND,0.0075,0.008,,REG,REG,0.0185,0.018,,0.353,0.353,,REG,REG,0.0287,0.029,,REG,REG,0.0136,0.014,,0.1509,0.151,
25th & Point Breeze182024,6,25th & Point Breeze,stationary,"39.92771763, -75.1873965",39.92771763,-75.1873965,#D39200,Industrial,Institution,Low,"Auto body shop, junkyard",LowT/I,P726609,P726609 051124 050124 Pt Breeze Mid SS.D,P726609 051124 050124 Pt Breeze Mid SS.D,5/11/24,5/1/24,sample,4/24/24,5/1/24,10190,2,182024,1,1.0493,1.049,,0.3128,0.312,,REG,REG,0.1354,0.135,,0.204,0.204,,0.6043,0.604,,REG,REG,0.0447,0.045,,REG,REG,0.0299,0.03,,REG,REG,0.0338,0.034,,0.0826,0.083,,0.0444,0.044,,0.1219,0.122,,REG,REG,0.0416,0.042,,0.2836,0.284,,REG,REG,0.3245,0.325,,0.129,0.129,,REG,REG,0.0969,0.097,,REG,REG,0.1087,0.109,,REG,REG,0.0147,0.015,,ND,ND,0.121,0.121,,REG,REG,0.0773,0.077,,REG,REG,0.1176,0.118,,REG,REG,0.2355,0.236,,0.1732,0.173,,0.5385,0.539,,REG,REG,0.3221,0.321,,REG,REG,2.187,2.182,,REG,REG,0.2105,0.21,,ULOD,ULOD,0.5062,0.506,,REG,REG,0.0699,0.072,,REG,REG,0.0125,0.013,,LOD,LOD,0.0034,0.003,,ND,ND,0.0016,0.002,,ND,ND,0.0144,0.014,,REG,REG,0.0196,0.02,,0.2965,0.297,,REG,REG,0.0257,0.028,,REG,REG,0.0393,0.039,,0.0416,0.042,
25th & Point Breeze192024,6,25th & Point Breeze,stationary,"39.92771763, -75.1873965",39.92771763,-75.1873965,#D39200,Industrial,Institution,Low,"Auto body shop, junkyard",LowT/I,P726645,P726645 051224 050824 Pt B Mid SS,P726645 051224 050824 Pt B Mid SS.D,5/12/24,5/8/24,sample,5/1/24,5/8/24,9554,2,192024,1,0.8949,0.832,CHECK,0.3009,0.279,,REG,REG,0.1183,0.11,,0.1845,0.172,,0.6846,0.637,,REG,REG,0.0358,0.033,,LOD,LOD,0.0191,0.018,,LOD,LOD,0.0253,0.023,,0.0624,0.058,,0.0316,0.029,,0.0864,0.08,,REG,REG,0.0317,0.029,,0.1742,0.162,,REG,REG,0.1926,0.179,,0.1176,0.109,,REG,REG,0.0728,0.068,,REG,REG,0.0802,0.075,,REG,REG,0.0339,0.032,,LOD,LOD,0.0872,0.081,,LOD,LOD,0.0634,0.059,,REG,REG,0.0801,0.074,,REG,REG,0.1605,0.149,,0.0985,0.092,,0.3702,0.344,,REG,REG,0.1932,0.18,,REG,REG,1.276,1.187,CHECK,REG,REG,0.1466,0.136,,REG,REG,0.2865,0.266,,REG,REG,0.0265,0.025,,REG,REG,0.0063,0.006,,LOD,LOD,0.0036,0.003,,ND,ND,0.0017,0.002,,ND,ND,0.0115,0.011,,REG,REG,0.05,0.047,,0.3464,0.322,,REG,REG,0.0274,0.025,,REG,REG,0.0186,0.017,,0.0394,0.037,
25th & Point Breeze202024,6,25th & Point Breeze,stationary,"39.92771763, -75.1873965",39.92771763,-75.1873965,#D39200,Industrial,Institution,Low,"Auto body shop, junkyard",LowT/I,P733856,P733856 052324 051524 Pt B Mid SS,P733856 052324 051524 Pt B Mid SS.D,5/23/24,5/15/24,sample,5/8/24,5/15/24,9400,2,202024,1,0.6208,0.577,,0.1795,0.166,,REG,REG,0.0777,0.072,,0.1204,0.112,,0.3834,0.356,,REG,REG,0.0202,0.019,,LOD,LOD,0.0097,0.009,,LOD,LOD,0.0183,0.017,,0.0411,0.038,,0.0241,0.022,,0.0523,0.049,,REG,REG,0.0193,0.018,,0.1016,0.094,,REG,REG,0.1319,0.123,,0.0334,0.031,,REG,REG,0.0297,0.028,,REG,REG,0.0348,0.032,,LOD,LOD,0.0173,0.016,,LOD,LOD,0.0461,0.043,,LOD,LOD,0.0516,0.048,,LOD,LOD,0.0389,0.036,,LOD,LOD,0.1135,0.105,,0.0626,0.058,,0.2595,0.241,,REG,REG,0.3601,0.334,,REG,REG,0.9929,0.922,CHECK,REG,REG,0.129,0.12,,REG,REG,0.2352,0.218,,REG,REG,0.0147,0.014,,REG,REG,0.0052,0.005,,ND,ND,0.0244,0.023,,REG,REG,0.0018,0.002,,ND,ND,5.00E-04,0,,ND,ND,0.0213,0.02,,0.3827,0.355,,REG,REG,0.0278,0.026,,REG,REG,0.0142,0.013,,0.1667,0.155,
25th & Point Breeze212024,6,25th & Point Breeze,stationary,"39.92771763, -75.1873965",39.92771763,-75.1873965,#D39200,Industrial,Institution,Low,"Auto body shop, junkyard",LowT/I,P733876,P733876 052424 052224 Pt B Mid SS,P733876 052424 052224 Pt B Mid SS.D,5/24/24,5/22/24,sample,5/15/24,5/22/24,9922,2,212024,1,0.7105,0.711,,0.2016,0.2,,REG,REG,0.0887,0.089,,0.1406,0.141,,0.4405,0.44,,REG,REG,0.0268,0.027,,LOD,LOD,0.0123,0.012,,LOD,LOD,0.0209,0.021,,0.0495,0.05,,0.0266,0.027,,0.0664,0.066,,REG,REG,0.0244,0.024,,0.1352,0.135,,REG,REG,0.1989,0.199,,0.0365,0.036,,REG,REG,0.0365,0.037,,REG,REG,0.0477,0.048,,LOD,LOD,0.0272,0.027,,LOD,LOD,0.0638,0.064,,LOD,LOD,0.0794,0.079,,REG,REG,0.0537,0.054,,REG,REG,0.1411,0.141,,0.0949,0.095,,0.3196,0.32,,REG,REG,0.5582,0.558,,REG,REG,1.4398,1.44,,REG,REG,0.1433,0.143,,ULOD,ULOD,0.3395,0.339,,REG,REG,0.0255,0.025,,REG,REG,0.0129,0.013,,LOD,LOD,0.0397,0.04,,REG,REG,0.0017,0.002,,ND,ND,5.00E-04,0,,ND,ND,0.0202,0.02,,0.319,0.319,,REG,REG,0.0264,0.026,,REG,REG,0.0134,0.013,,0.1003,0.1,
25th & Point Breeze222024,6,25th & Point Breeze,stationary,"39.92771763, -75.1873965",39.92771763,-75.1873965,#D39200,Industrial,Institution,Low,"Auto body shop, junkyard",LowT/I,P726612,P726612 060624 052924 Pt B Mid SS,P726612 060624 052924 Pt B Mid SS.D,6/6/24,5/29/24,sample,5/22/24,5/29/24,9582,2,222024,1,0.6642,0.618,,0.2316,0.214,,REG,REG,0.0879,0.082,,0.142,0.132,,0.4994,0.464,,REG,REG,0.0275,0.026,,LOD,LOD,0.0127,0.012,,LOD,LOD,0.0216,0.02,,0.0513,0.048,,0.0234,0.022,,0.0683,0.063,,REG,REG,0.0253,0.024,,0.1525,0.142,,REG,REG,0.1677,0.156,,0.0748,0.07,,REG,REG,0.0583,0.054,,REG,REG,0.0507,0.047,,LOD,LOD,0.0282,0.026,,LOD,LOD,0.0737,0.069,,LOD,LOD,0.0569,0.053,,REG,REG,0.0729,0.068,,REG,REG,0.1531,0.142,,0.0982,0.091,,0.3182,0.296,,REG,REG,0.4383,0.408,,REG,REG,1.1728,1.091,CHECK,REG,REG,0.1163,0.107,,REG,REG,0.3406,0.317,,REG,REG,0.0324,0.025,,REG,REG,0.007,0.006,,LOD,LOD,0.051,0.048,,REG,REG,0.0017,0.002,,ND,ND,0.011,0.011,,REG,REG,0.0307,0.029,,0.1652,0.154,,REG,REG,0.0195,0.016,,REG,REG,0.0139,0.013,,0.0497,0.046,
25th & Point Breeze232024,6,25th & Point Breeze,stationary,"39.92771763, -75.1873965",39.92771763,-75.1873965,#D39200,Industrial,Institution,Low,"Auto body shop, junkyard",LowT/I,P726618,P726618 060724 060524 Pt B Mid SS,P726618 060724 060524 Pt B Mid SS.D,6/7/24,6/5/24,sample,5/29/24,6/5/24,9366,2,232024,1,0.7634,0.709,CHECK,0.1835,0.169,,REG,REG,0.1006,0.093,,0.1453,0.135,,0.3973,0.369,,REG,REG,0.0241,0.022,,LOD,LOD,0.0098,0.009,,LOD,LOD,0.0184,0.017,,0.0412,0.038,,0.0199,0.019,,0.052,0.048,,REG,REG,0.0194,0.018,,0.1009,0.094,,REG,REG,0.1146,0.106,,0.0562,0.052,,REG,REG,0.0418,0.039,,REG,REG,0.0414,0.038,,LOD,LOD,0.0231,0.021,,LOD,LOD,0.0612,0.057,,LOD,LOD,0.0453,0.042,,LOD,LOD,0.0533,0.049,,REG,REG,0.1068,0.099,,0.0754,0.07,,0.2214,0.206,,REG,REG,0.2732,0.253,,REG,REG,0.7525,0.699,CHECK,REG,REG,0.0881,0.081,,REG,REG,0.2248,0.209,,REG,REG,0.0331,0.033,,REG,REG,0.0072,0.007,,LOD,LOD,0.0732,0.068,,REG,REG,0.0018,0.002,,ND,ND,0.0093,0.008,,REG,REG,0.0492,0.046,,0.1536,0.143,,REG,REG,0.02,0.019,,REG,REG,0.0285,0.026,,0.0407,0.038,
25th & Point Breeze242024,6,25th & Point Breeze,stationary,"39.92771763, -75.1873965",39.92771763,-75.1873965,#D39200,Industrial,Institution,Low,"Auto body shop, junkyard",LowT/I,P733853,P733853 062124 061224 Pt B Mid SS,P733853 062124 061224 Pt B Mid SS.D,6/21/24,6/12/24,sample,6/5/24,6/12/24,9808,2,242024,1,0.8164,0.816,,0.1944,0.193,,REG,REG,0.1063,0.106,,0.1655,0.166,,0.4141,0.414,,REG,REG,0.0346,0.035,,LOD,LOD,0.0187,0.019,,LOD,LOD,0.0246,0.025,,0.0644,0.064,,0.0267,0.027,,0.0837,0.084,,REG,REG,0.0309,0.031,,0.1227,0.123,,REG,REG,0.1366,0.137,,0.0731,0.073,,REG,REG,0.0484,0.048,,REG,REG,0.0793,0.079,,REG,REG,0.0496,0.05,,LOD,LOD,0.0992,0.099,,REG,REG,0.0865,0.087,,REG,REG,0.0543,0.054,,REG,REG,0.1291,0.129,,0.108,0.108,,0.3108,0.311,,REG,REG,0.2295,0.229,,REG,REG,0.6797,0.68,,REG,REG,0.0598,0.059,,REG,REG,0.2468,0.247,,REG,REG,0.0067,0.007,,ND,ND,0.005,0.005,,ND,ND,0.0298,0.03,,REG,REG,0.0017,0.002,,ND,ND,5.00E-04,0,,ND,ND,0.0244,0.024,,0.2054,0.205,,REG,REG,0.0286,0.029,,REG,REG,0.0589,0.059,,0.0486,0.049,
25th & Point Breeze252024,6,25th & Point Breeze,stationary,"39.92771763, -75.1873965",39.92771763,-75.1873965,#D39200,Industrial,Institution,Low,"Auto body shop, junkyard",LowT/I,P733869,P733869 062124 061924 Pt B Mid SS,P733869 062124 061924 Pt B Mid SS.D,6/21/24,6/19/24,sample,6/12/24,6/19/24,10181,2,252024,1,0.5409,0.541,,0.1504,0.149,,REG,REG,0.0729,0.073,,0.113,0.113,,0.3237,0.324,,REG,REG,0.0222,0.022,,LOD,LOD,0.012,0.012,,LOD,LOD,0.0169,0.017,,0.0448,0.045,,0.0183,0.018,,0.0561,0.056,,REG,REG,0.0238,0.024,,0.0992,0.099,,REG,REG,0.1316,0.132,,0.033,0.033,,REG,REG,0.0344,0.034,,REG,REG,0.0381,0.038,,LOD,LOD,0.0265,0.027,,LOD,LOD,0.0563,0.056,,LOD,LOD,0.0536,0.054,,REG,REG,0.036,0.036,,LOD,LOD,0.0982,0.098,,0.0693,0.069,,0.2276,0.228,,REG,REG,0.2111,0.211,,REG,REG,0.6174,0.617,,REG,REG,0.059,0.058,,REG,REG,0.2171,0.217,,REG,REG,0.0065,0.006,,ND,ND,0.0066,0.007,,LOD,LOD,0.106,0.106,,REG,REG,0.0016,0.002,,ND,ND,0.0068,0.007,,REG,REG,0.0071,0.007,,0.1837,0.184,,REG,REG,0.0184,0.018,,REG,REG,0.0087,0.009,,0.0281,0.028,
25th & Point Breeze262024,6,25th & Point Breeze,stationary,"39.92771763, -75.1873965",39.92771763,-75.1873965,#D39200,Industrial,Institution,Low,"Auto body shop, junkyard",LowT/I,P733850,P733850 062724 061924 Pt B Mid SS,P733850 062724 061924 Pt B Mid SS.D,6/27/24,6/19/24,sample,6/19/24,6/26/24,10083,2,262024,1,0.6949,0.695,,0.1581,0.157,,REG,REG,0.0885,0.089,,0.1454,0.145,,0.4577,0.458,,REG,REG,0.0299,0.03,,LOD,LOD,0.0181,0.018,,LOD,LOD,0.0239,0.024,,0.0348,0.035,,0.0223,0.022,,0.0566,0.057,,REG,REG,0.024,0.024,,0.1321,0.132,,REG,REG,0.1858,0.186,,0.0569,0.057,,REG,REG,0.0512,0.051,,REG,REG,0.0578,0.058,,REG,REG,0.0375,0.038,,LOD,LOD,0.0701,0.07,,LOD,LOD,0.0661,0.066,,REG,REG,0.0111,0.011,,ND,ND,0.1256,0.126,,0.0933,0.093,,0.2903,0.29,,REG,REG,0.3148,0.315,,REG,REG,0.8501,0.85,,REG,REG,3.00E-04,0,,ND,ND,0.2923,0.292,,REG,REG,0.0066,0.007,,ND,ND,0.0048,0.005,,ND,ND,0.081,0.081,,REG,REG,0.0016,0.002,,ND,ND,5.00E-04,0,,ND,ND,0.0072,0.007,,0.1998,0.2,,REG,REG,0.0012,0.001,,ND,ND,0.0088,0.009,,6.00E-04,0.001,
Morris & Point Breeze272023,7,Morris & Point Breeze,stationary,"39.93094655, -75.1829941",39.93094655,-75.1829941,#FF61C3,Non-Industrial,Residential,Low,,LowT/NoI,P733885,P733885 071323 070523 Point Breeze Far 1WK SS,P733885 071323 070523 Point Breeze Far 1WK SS.D,7/13/23,7/5/23,sample,6/28/23,7/5/23,9706,2,272023,1,0.6035,0.562,,0.3509,0.327,,REG,REG,0.1133,0.106,,0.1681,0.156,,0.3666,0.341,,REG,REG,0.0313,0.029,,LOD,LOD,0.0188,0.018,,LOD,LOD,0.0249,0.023,,0.0578,0.054,,0.0233,0.022,,0.0601,0.056,,REG,REG,0.025,0.023,,0.1188,0.111,,REG,REG,0.1958,0.182,,0.0227,0.021,,REG,REG,0.0478,0.044,,REG,REG,0.0817,0.076,,REG,REG,0.0745,0.069,,REG,REG,0.1159,0.108,,REG,REG,0.0812,0.076,,REG,REG,0.0549,0.051,,REG,REG,0.0962,0.09,,0.0833,0.078,,0.2136,0.199,,REG,REG,0.3381,0.315,,REG,REG,0.9861,0.918,CHECK,REG,REG,0.1132,0.105,,REG,REG,0.2386,0.222,,REG,REG,0.0355,0.033,,REG,REG,0.0061,0.006,,LOD,LOD,0.0448,0.042,,REG,REG,0.0017,0.002,,ND,ND,5.00E-04,0,,ND,ND,0.0343,0.032,,0.1927,0.179,,REG,REG,0.0193,0.018,,REG,REG,0.0092,0.009,,0.0343,0.032,
Morris & Point Breeze282023,7,Morris & Point Breeze,stationary,"39.93094655, -75.1829941",39.93094655,-75.1829941,#FF61C3,Non-Industrial,Residential,Low,,LowT/NoI,P637223,P637223 071323 071223 Point Breeze Far 1WK SS,P637223 071323 071223 Point Breeze Far 1WK SS.D,7/13/23,7/12/23,sample,7/5/23,7/12/23,9014,2,282023,1,0.5547,0.514,,0.2184,0.202,,REG,REG,0.0998,0.092,,0.1576,0.146,,0.3995,0.37,,REG,REG,0.0337,0.031,,LOD,LOD,0.0237,0.022,,LOD,LOD,0.0268,0.025,,0.0662,0.061,,0.0251,0.023,,0.074,0.068,,REG,REG,0.0269,0.025,,0.1279,0.118,,REG,REG,0.2256,0.209,,0.0108,0.01,,ND,ND,0.0191,0.018,,REG,REG,0.0934,0.086,,REG,REG,0.0802,0.074,,REG,REG,0.1618,0.15,,REG,REG,0.074,0.068,,REG,REG,0.0775,0.072,,REG,REG,0.1109,0.103,,0.1028,0.095,,0.2571,0.238,,REG,REG,0.4324,0.4,,REG,REG,1.252,1.159,CHECK,REG,REG,0.2053,0.19,,REG,REG,0.3036,0.281,,REG,REG,0.051,0.047,,REG,REG,0.014,0.013,,REG,REG,0.0446,0.041,,REG,REG,0.0018,0.002,,ND,ND,5.00E-04,0,,ND,ND,0.0308,0.029,,0.1915,0.177,,REG,REG,0.0311,0.029,,REG,REG,0.0099,0.009,,0.0423,0.039,
Morris & Point Breeze292023,7,Morris & Point Breeze,stationary,"39.93094655, -75.1829941",39.93094655,-75.1829941,#FF61C3,Non-Industrial,Residential,Low,,LowT/NoI,P726601,P726601 072723 071923 Point Breeze Far 1WK DS,P726601 072723 071923 Point Breeze Far 1WK DS.D,7/27/23,7/19/23,sample,7/12/23,7/19/23,9302,14.3,292023,1,1.1453,1.063,CHECK,0.4502,0.418,,REG,REG,0.1922,0.178,,0.3236,0.3,,0.7414,0.688,CHECK,REG,REG,0.0875,0.081,,LOD,LOD,0.0703,0.065,,LOD,LOD,0.053,0.049,,0.1349,0.125,,0.058,0.054,,0.1922,0.178,,REG,REG,0.0466,0.043,,0.2759,0.256,,REG,REG,0.4504,0.418,,0.0897,0.083,,LOD,LOD,0.1114,0.103,,LOD,LOD,0.2376,0.22,,LOD,LOD,0.4418,0.41,,LOD,LOD,0.5044,0.468,,LOD,LOD,0.1398,0.13,,LOD,LOD,0.1791,0.166,,LOD,LOD,0.2562,0.238,,0.2697,0.25,,0.5624,0.522,,LOD,LOD,1.1825,1.098,CHECK,REG,REG,3.3521,3.111,CHECK,REG,REG,0.4347,0.403,,REG,REG,0.8091,0.751,CHECK,REG,REG,0.0071,0.007,,ND,ND,0.0435,0.04,,LOD,LOD,0.0982,0.091,,LOD,LOD,0.0018,0.002,,ND,ND,0.0282,0.026,,REG,REG,0.0427,0.04,,0.553,0.513,,REG,REG,0.0718,0.067,,REG,REG,0.0342,0.032,,0.183,0.17,
Morris & Point Breeze302023,7,Morris & Point Breeze,stationary,"39.93094655, -75.1829941",39.93094655,-75.1829941,#FF61C3,Non-Industrial,Residential,Low,,LowT/NoI,P726616,P726616 072823 072623 Point Breeze Far 1WK DS,P726616 072823 072623 Point Breeze Far 1WK DS.D,7/28/23,7/26/23,sample,7/19/23,7/26/23,9926,14.3,302023,1,0.9704,0.97,,0.4219,0.422,,REG,REG,0.1441,0.144,,0.2654,0.265,,0.6948,0.695,,REG,REG,0.082,0.082,,LOD,LOD,0.0074,0.007,,ND,ND,0.0497,0.05,,0.1264,0.126,,0.0544,0.054,,0.1801,0.18,,REG,REG,0.0437,0.044,,0.2585,0.259,,REG,REG,0.3261,0.326,,0.0841,0.084,,LOD,LOD,0.0744,0.074,,LOD,LOD,0.1875,0.187,,LOD,LOD,0.3361,0.336,,LOD,LOD,0.4246,0.425,,LOD,LOD,0.131,0.131,,LOD,LOD,0.1199,0.119,,LOD,LOD,0.1921,0.192,,0.168,0.168,,0.4392,0.439,,LOD,LOD,0.8127,0.801,,REG,REG,2.3181,2.332,,REG,REG,0.4022,0.411,,REG,REG,0.5308,0.531,,LOD,LOD,0.0596,0.064,,LOD,LOD,0.0049,0.005,,ND,ND,0.092,0.091,,LOD,LOD,0.0017,0.002,,ND,ND,0.0264,0.026,,REG,REG,0.08,0.08,,0.5182,0.518,,REG,REG,0.0673,0.067,,REG,REG,0.032,0.032,,0.1715,0.172,
Morris & Point Breeze312023,7,Morris & Point Breeze,stationary,"39.93094655, -75.1829941",39.93094655,-75.1829941,#FF61C3,Non-Industrial,Residential,Low,,LowT/NoI,P726653,P726653 081023 080223 Point Breeze Far 1WK SS,P726653 081023 080223 Point Breeze Far 1WK SS.D,8/10/23,8/2/23,sample,7/26/23,8/2/23,10093,2,312023,1,0.5862,0.586,,0.257,0.258,,REG,REG,0.0941,0.094,,0.146,0.146,,0.3794,0.379,,REG,REG,0.0376,0.038,,REG,REG,0.0272,0.027,,LOD,LOD,0.0273,0.027,,0.0689,0.069,,0.0255,0.026,,0.0729,0.073,,REG,REG,0.036,0.036,,0.1364,0.136,,REG,REG,0.1982,0.198,,0.2988,0.299,,REG,REG,0.1197,0.12,,REG,REG,0.1466,0.147,,REG,REG,0.2419,0.242,,REG,REG,0.284,0.284,,REG,REG,0.0661,0.066,,REG,REG,0.0758,0.076,,REG,REG,0.1057,0.106,,0.0894,0.089,,0.2296,0.23,,REG,REG,0.376,0.376,,REG,REG,1.126,1.118,,REG,REG,0.1112,0.102,,REG,REG,0.2399,0.24,,REG,REG,0.0626,0.057,,REG,REG,0.0199,0.012,,REG,REG,0.0536,0.053,,REG,REG,0.0201,0.015,,REG,REG,0.0145,0.015,,REG,REG,0.044,0.044,,0.2138,0.214,,REG,REG,0.037,0.037,,REG,REG,0.0088,0.009,,0.0708,0.071,
Morris & Point Breeze322023,7,Morris & Point Breeze,stationary,"39.93094655, -75.1829941",39.93094655,-75.1829941,#FF61C3,Non-Industrial,Residential,Low,,LowT/NoI,P733849,P733849 081123 080923 Point Breeze Far 1WK SS,P733849 081123 080923 Point Breeze Far 1WK SS.D,8/11/23,8/9/23,sample,8/2/23,8/9/23,10127,2,322023,1,0.3868,0.387,,0.2129,0.214,,REG,REG,0.0741,0.074,,0.1039,0.104,,0.2815,0.282,,REG,REG,0.03,0.03,,LOD,LOD,0.0241,0.024,,LOD,LOD,0.0238,0.024,,0.0514,0.051,,0.0217,0.022,,0.0562,0.056,,REG,REG,0.0239,0.024,,0.0849,0.085,,REG,REG,0.1448,0.145,,0.0298,0.03,,REG,REG,0.0288,0.029,,REG,REG,0.0739,0.074,,REG,REG,0.145,0.145,,REG,REG,0.1646,0.165,,REG,REG,0.0419,0.042,,LOD,LOD,0.0394,0.039,,LOD,LOD,0.0724,0.072,,0.0658,0.066,,0.1686,0.169,,REG,REG,0.2431,0.243,,REG,REG,0.6332,0.633,,REG,REG,0.0794,0.079,,REG,REG,0.1767,0.177,,REG,REG,0.0284,0.028,,REG,REG,0.0133,0.013,,LOD,LOD,0.0469,0.047,,REG,REG,0.015,0.015,,REG,REG,5.00E-04,0,,ND,ND,0.0274,0.027,,0.2131,0.213,,REG,REG,0.0277,0.028,,REG,REG,0.0088,0.009,,0.0611,0.061,
Morris & Point Breeze332023,7,Morris & Point Breeze,stationary,"39.93094655, -75.1829941",39.93094655,-75.1829941,#FF61C3,Non-Industrial,Residential,Low,,LowT/NoI,P733892,P733892 082423 081623 Point Breeze Far SS,P733892 082423 081623 Point Breeze Far SS.D,8/24/23,8/16/23,sample,8/9/23,8/16/23,9429,1.3,332023,1,0.6192,0.575,,0.2459,0.229,,REG,REG,0.1241,0.115,,0.1669,0.155,,0.4912,0.456,,REG,REG,0.0471,0.044,,REG,REG,0.0078,0.007,,ND,ND,0.0333,0.031,,0.084,0.078,,0.0305,0.028,,0.079,0.073,,REG,REG,0.0418,0.039,,0.1443,0.134,,REG,REG,0.1905,0.177,,0.1221,0.113,,REG,REG,0.08,0.074,,REG,REG,0.1393,0.129,,REG,REG,0.3025,0.281,,REG,REG,0.2938,0.273,,REG,REG,0.071,0.066,,REG,REG,0.0642,0.06,,REG,REG,0.1103,0.102,,0.1094,0.102,,0.2522,0.234,,REG,REG,0.3182,0.296,,REG,REG,0.8599,0.799,CHECK,REG,REG,0.1032,0.096,,REG,REG,0.2467,0.229,,REG,REG,0.0372,0.035,,REG,REG,0.0139,0.013,,REG,REG,0.0457,0.042,,REG,REG,0.0017,0.002,,ND,ND,5.00E-04,0,,ND,ND,0.0345,0.032,,0.1885,0.175,,REG,REG,0.0258,0.024,,REG,REG,0.0153,0.014,,0.0427,0.04,
Morris & Point Breeze342023,7,Morris & Point Breeze,stationary,"39.93094655, -75.1829941",39.93094655,-75.1829941,#FF61C3,Non-Industrial,Residential,Low,,LowT/NoI,P733883,P733883 082523 082323 Point Breeze Far SS,P733883 082523 082323 Point Breeze Far SS.D,8/25/23,8/23/23,sample,8/16/23,8/23/23,9978,2,342023,1,0.4928,0.493,,0.2913,0.292,,REG,REG,0.0952,0.095,,0.1319,0.132,,0.3924,0.392,,REG,REG,0.038,0.038,,REG,REG,0.0306,0.031,,REG,REG,0.0276,0.028,,0.0662,0.066,,0.0258,0.026,,0.0571,0.057,,REG,REG,0.0304,0.03,,0.1121,0.112,,REG,REG,0.1537,0.154,,0.1209,0.121,,REG,REG,0.0668,0.067,,REG,REG,0.1043,0.104,,REG,REG,0.2338,0.234,,REG,REG,0.2405,0.241,,REG,REG,0.0486,0.049,,LOD,LOD,0.0534,0.053,,REG,REG,0.0935,0.094,,0.0904,0.09,,0.2078,0.208,,REG,REG,0.2467,0.247,,REG,REG,0.6618,0.662,,REG,REG,0.0762,0.076,,REG,REG,0.1899,0.19,,REG,REG,0.0403,0.04,,REG,REG,0.0135,0.013,,LOD,LOD,0.0411,0.041,,REG,REG,0.0017,0.002,,ND,ND,0.0147,0.015,,REG,REG,0.0334,0.033,,0.1875,0.187,,REG,REG,0.0281,0.028,,REG,REG,0.0089,0.009,,0.043,0.043,
Morris & Point Breeze352023,7,Morris & Point Breeze,stationary,"39.93094655, -75.1829941",39.93094655,-75.1829941,#FF61C3,Non-Industrial,Residential,Low,,LowT/NoI,P733866,P733866 090723 083023 Point Breeze far SS,P733866 090723 083023 Point Breeze far SS.D,9/7/23,8/30/23,sample,8/23/23,8/30/23,10029,2,352023,1,0.4202,0.426,,0.2057,0.21,,REG,REG,0.0794,0.08,,0.115,0.115,,0.3013,0.305,,REG,REG,0.0341,0.034,,LOD,LOD,0.0243,0.024,,LOD,LOD,0.0189,0.024,,0.056,0.055,,0.0226,0.022,,0.0665,0.065,,REG,REG,0.0297,0.03,,0.0911,0.099,,REG,REG,0.1335,0.133,,0.0097,0.044,,ND,REG,0.0052,0.033,,REG,REG,0.0738,0.079,,REG,REG,0.1365,0.136,,REG,REG,0.1468,0.153,,REG,REG,0.0544,0.054,,REG,REG,0.052,0.052,,REG,REG,0.0997,0.1,,0.0929,0.09,,0.2432,0.243,,REG,REG,0.2437,0.244,,REG,REG,0.6837,0.684,,REG,REG,0.0643,0.064,,REG,REG,0.2309,0.231,,REG,REG,0.0277,0.028,,REG,REG,0.0049,0.005,,ND,ND,0.0354,0.035,,REG,REG,0.0016,0.002,,ND,ND,5.00E-04,0,,ND,ND,0.0263,0.028,,0.1865,0.187,,REG,REG,0.028,0.028,,REG,REG,0.0089,0.009,,0.0522,0.052,
Morris & Point Breeze362023,7,Morris & Point Breeze,stationary,"39.93094655, -75.1829941",39.93094655,-75.1829941,#FF61C3,Non-Industrial,Residential,Low,,LowT/NoI,P726644,P726644 090823 090623 Point Breeze far SS,P726644 090823 090623 Point Breeze far SS.D,9/8/23,9/6/23,sample,8/30/23,9/6/23,10020,2,362023,1,0.6986,0.699,,0.262,0.263,,REG,REG,0.1243,0.124,,0.1939,0.194,,0.5054,0.505,,REG,REG,0.0454,0.045,,REG,REG,0.0396,0.04,,REG,REG,0.0327,0.033,,0.091,0.091,,0.0301,0.03,,0.0998,0.1,,REG,REG,0.0418,0.042,,0.1556,0.156,,REG,REG,0.2401,0.24,,0.0503,0.05,,REG,REG,0.0385,0.038,,REG,REG,0.1177,0.118,,REG,REG,0.169,0.169,,REG,REG,0.2201,0.22,,REG,REG,0.0968,0.097,,REG,REG,0.0753,0.075,,REG,REG,0.1597,0.16,,0.1399,0.14,,0.353,0.353,,REG,REG,0.4384,0.438,,REG,REG,1.2546,1.255,,REG,REG,0.1084,0.108,,REG,REG,0.3467,0.347,,REG,REG,0.0736,0.074,,REG,REG,0.0173,0.017,,REG,REG,0.0485,0.049,,REG,REG,0.0122,0.012,,REG,REG,0.014,0.014,,REG,REG,0.0374,0.037,,0.1867,0.187,,REG,REG,0.028,0.028,,REG,REG,0.0133,0.013,,0.0475,0.048,
Morris & Point Breeze392023,7,Morris & Point Breeze,stationary,"39.93094655, -75.1829941",39.93094655,-75.1829941,#FF61C3,Non-Industrial,Residential,Low,,LowT/NoI,P733881,P733881 092923 092723 Point Breeze far SS,P733881 092923 092723 Point Breeze far SS RENAME.D,9/29/23,9/27/23,sample,9/20/23,9/27/23,9987,2,392023,1,0.5221,0.522,,0.2628,0.264,,REG,REG,0.0797,0.08,,0.1102,0.11,,0.3323,0.332,,REG,REG,0.019,0.019,,LOD,LOD,0.0122,0.012,,LOD,LOD,0.0121,0.012,,0.0422,0.042,,0.0189,0.019,,0.0501,0.05,,REG,REG,0.0177,0.018,,0.0786,0.079,,REG,REG,0.1274,0.127,,0.0098,0.01,,ND,ND,0.0052,0.005,,REG,REG,0.0301,0.03,,LOD,LOD,0.018,0.018,,LOD,LOD,0.0339,0.034,,LOD,LOD,0.0425,0.042,,LOD,LOD,0.0522,0.052,,REG,REG,0.0801,0.08,,0.0579,0.058,,0.171,0.171,,REG,REG,0.2756,0.276,,REG,REG,0.801,0.801,,REG,REG,0.124,0.124,,REG,REG,0.1476,0.148,,REG,REG,0.0066,0.007,,ND,ND,0.0049,0.005,,ND,ND,0.0126,0.013,,REG,REG,0.0017,0.002,,ND,ND,5.00E-04,0,,ND,ND,0.0598,0.06,,0.2737,0.274,,REG,REG,0.0374,0.037,,REG,REG,0.0134,0.013,,0.1526,0.153,
Morris & Point Breeze402023,7,Morris & Point Breeze,stationary,"39.93094655, -75.1829941",39.93094655,-75.1829941,#FF61C3,Non-Industrial,Residential,Low,,LowT/NoI,P733882,P733882 101223 100423 Point Breeze far SS,P733882 101223 100423 Point Breeze far SS.D,10/12/23,10/4/23,sample,9/27/23,10/4/23,10191,2,402023,1,1.0149,1.015,,0.4078,0.409,,REG,REG,0.1467,0.147,,0.2117,0.212,,0.5867,0.587,,REG,REG,0.0372,0.037,,REG,REG,0.0239,0.024,,LOD,LOD,0.0305,0.03,,0.0792,0.079,,0.037,0.037,,0.0891,0.089,,REG,REG,0.0416,0.042,,0.2171,0.217,,REG,REG,0.4056,0.406,,0.0509,0.051,,REG,REG,0.0617,0.062,,REG,REG,0.0761,0.076,,REG,REG,0.0546,0.055,,REG,REG,0.085,0.085,,REG,REG,0.22,0.22,,REG,REG,0.1176,0.118,,REG,REG,0.1956,0.196,,0.1616,0.162,,0.4428,0.443,,REG,REG,0.6944,0.694,,REG,REG,1.9625,1.963,,REG,REG,0.2103,0.21,,ULOD,ULOD,0.4121,0.412,,REG,REG,0.0733,0.073,,REG,REG,0.0184,0.018,,REG,REG,0.0312,0.031,,REG,REG,0.0016,0.002,,ND,ND,5.00E-04,0,,ND,ND,0.0643,0.064,,0.2683,0.268,,REG,REG,0.0367,0.037,,REG,REG,0.0174,0.017,,0.0794,0.079,
Morris & Point Breeze412023,7,Morris & Point Breeze,stationary,"39.93094655, -75.1829941",39.93094655,-75.1829941,#FF61C3,Non-Industrial,Residential,Low,,LowT/NoI,P733864,P733864 101323 101123 Point Breeze far SS,P733864 101323 101123 Point Breeze far SS.D,10/13/23,10/11/23,sample,10/4/23,10/11/23,9928,1.99,412023,1,0.7645,0.765,,0.4101,0.411,,REG,REG,0.1097,0.11,,0.1635,0.164,,0.5181,0.518,,REG,REG,0.0304,0.03,,LOD,LOD,0.0214,0.021,,LOD,LOD,0.0242,0.024,,0.0633,0.063,,0.0265,0.026,,0.0743,0.074,,REG,REG,0.0304,0.03,,0.1829,0.183,,REG,REG,0.3541,0.354,,0.0135,0.013,,REG,REG,0.0337,0.034,,REG,REG,0.0826,0.083,,REG,REG,0.0666,0.067,,REG,REG,0.1001,0.1,,REG,REG,0.0911,0.091,,REG,REG,0.0734,0.073,,REG,REG,0.173,0.173,,0.1179,0.118,,0.3911,0.391,,REG,REG,0.5654,0.565,,REG,REG,1.6417,1.642,,REG,REG,0.2148,0.215,,ULOD,ULOD,0.3154,0.315,,REG,REG,0.0067,0.007,,ND,ND,0.012,0.012,,REG,REG,0.022,0.022,,REG,REG,0.0017,0.002,,ND,ND,5.00E-04,0,,ND,ND,0.0657,0.066,,0.2884,0.288,,REG,REG,0.0468,0.047,,REG,REG,0.0178,0.018,,0.1098,0.11,
Morris & Point Breeze422023,7,Morris & Point Breeze,stationary,"39.93094655, -75.1829941",39.93094655,-75.1829941,#FF61C3,Non-Industrial,Residential,Low,,LowT/NoI,P733851,P733851 102623 101823 Point Breeze Far SS RENAME,P733851 102623 101823 Point Breeze Far SS RENAME.D,10/26/23,10/18/23,sample,10/11/23,10/18/23,10081,2,422023,1,0.7638,0.764,,0.3317,0.333,,REG,REG,0.1136,0.114,,0.1671,0.167,,0.4496,0.45,,REG,REG,0.0264,0.026,,LOD,LOD,0.0151,0.015,,LOD,LOD,0.0205,0.021,,0.0592,0.059,,0.0337,0.034,,0.0736,0.074,,REG,REG,0.0301,0.03,,0.1235,0.124,,REG,REG,0.1984,0.198,,0.0562,0.056,,REG,REG,0.0459,0.046,,REG,REG,0.0624,0.062,,REG,REG,0.0499,0.05,,LOD,LOD,0.0794,0.079,,LOD,LOD,0.0601,0.06,,REG,REG,0.0627,0.063,,REG,REG,0.1184,0.118,,0.0817,0.082,,0.2661,0.266,,REG,REG,0.3866,0.387,,REG,REG,1.077,1.077,,REG,REG,0.077,0.077,,REG,REG,0.1973,0.197,,REG,REG,0.0513,0.051,,REG,REG,0.0053,0.005,,REG,REG,0.0185,0.019,,REG,REG,0.0016,0.002,,ND,ND,5.00E-04,0,,ND,ND,0.065,0.065,,0.3283,0.328,,REG,REG,0.0371,0.037,,REG,REG,0.0176,0.018,,0.1181,0.118,
Morris & Point Breeze432023,7,Morris & Point Breeze,stationary,"39.93094655, -75.1829941",39.93094655,-75.1829941,#FF61C3,Non-Industrial,Residential,Low,,LowT/NoI,P726663,P726663 102723 102523 Point Breeze Far SS,P726663 102723 102523 Point Breeze Far SS.D,10/27/23,10/25/23,sample,10/18/23,10/25/23,10051,2,432023,1,1.6473,1.647,,0.426,0.427,,REG,REG,0.2383,0.238,,0.3299,0.33,,0.815,0.815,,REG,REG,0.0415,0.042,,REG,REG,0.0303,0.03,,REG,REG,0.0343,0.034,,0.1047,0.105,,0.0451,0.045,,0.1318,0.132,,REG,REG,0.0482,0.048,,0.3421,0.342,,REG,REG,0.5903,0.59,,0.028,0.028,,REG,REG,0.0709,0.071,,REG,REG,0.0675,0.067,,REG,REG,0.0608,0.061,,REG,REG,0.0862,0.086,,REG,REG,0.1266,0.127,,REG,REG,0.1258,0.126,,REG,REG,0.3575,0.358,,0.2692,0.269,,0.8129,0.813,,REG,REG,1.296,1.296,,REG,REG,3.5817,3.582,,REG,REG,0.1413,0.141,,ULOD,ULOD,0.8787,0.879,,REG,REG,0.0629,0.063,,REG,REG,0.0254,0.025,,REG,REG,0.0186,0.019,,REG,REG,0.0016,0.002,,ND,ND,5.00E-04,0,,ND,ND,0.0597,0.06,,0.2863,0.286,,REG,REG,0.0465,0.046,,REG,REG,0.0177,0.018,,0.1232,0.123,
Morris & Point Breeze442023,7,Morris & Point Breeze,stationary,"39.93094655, -75.1829941",39.93094655,-75.1829941,#FF61C3,Non-Industrial,Residential,Low,,LowT/NoI,P726609,P726609 110923 110123 Point Breeze Far SS,P726609 110923 110123 Point Breeze Far SS.D,11/9/23,11/1/23,sample,10/25/23,11/1/23,9611,2,442023,1,1.5065,1.402,CHECK,0.4715,0.434,,REG,REG,0.2227,0.208,,0.3121,0.29,,0.9825,0.912,CHECK,REG,REG,0.0553,0.051,,REG,REG,0.0412,0.038,,REG,REG,0.0466,0.043,,0.1241,0.115,,0.051,0.047,,0.1379,0.128,,REG,REG,0.0631,0.059,,0.3571,0.327,,REG,REG,0.5681,0.529,,0.1308,0.078,CHECK,REG,REG,0.1322,0.105,,REG,REG,0.1142,0.103,,REG,REG,0.0917,0.085,,REG,REG,0.1464,0.129,,REG,REG,0.164,0.153,,REG,REG,0.1073,0.1,,REG,REG,0.3052,0.283,,0.317,0.296,,0.6725,0.626,,REG,REG,0.9071,0.844,CHECK,REG,REG,2.4179,2.249,CHECK,REG,REG,0.1468,0.137,,ULOD,ULOD,0.679,0.631,,REG,REG,0.1232,0.106,,REG,REG,0.0321,0.018,,REG,REG,0.0171,0.015,,REG,REG,0.0017,0.002,,ND,ND,0.0172,0.016,,REG,REG,0.0387,0.037,,0.2994,0.279,,REG,REG,0.0379,0.036,,REG,REG,0.0277,0.026,,0.1437,0.134,
Morris & Point Breeze452023,7,Morris & Point Breeze,stationary,"39.93094655, -75.1829941",39.93094655,-75.1829941,#FF61C3,Non-Industrial,Residential,Low,,LowT/NoI,P726661,P726661 111023 110823 Point Breeze Far SS,P726661 111023 110823 Point Breeze Far SS.D,11/10/23,11/8/23,sample,11/1/23,11/8/23,9887,2,452023,1,3.4222,3.422,,0.6669,0.667,,REG,REG,0.4895,0.49,,0.7186,0.719,,0.9766,0.977,,REG,REG,0.0537,0.054,,REG,REG,0.037,0.037,,REG,REG,0.0488,0.049,,0.1313,0.131,,0.0458,0.046,,0.1509,0.151,,REG,REG,0.0674,0.067,,0.3994,0.399,,REG,REG,0.5657,0.566,,0.5751,0.575,,REG,REG,0.276,0.276,,REG,REG,0.1653,0.165,,REG,REG,0.0727,0.073,,REG,REG,0.1692,0.169,,REG,REG,0.1471,0.147,,REG,REG,0.1144,0.114,,REG,REG,0.3439,0.344,,0.2844,0.284,,0.7524,0.752,,REG,REG,1.0374,1.037,,REG,REG,2.832,2.832,,REG,REG,0.1427,0.143,,ULOD,ULOD,0.6814,0.681,,REG,REG,0.1081,0.108,,REG,REG,0.0312,0.031,,REG,REG,0.0166,0.017,,REG,REG,0.0017,0.002,,ND,ND,0.013,0.013,,REG,REG,0.0714,0.071,,0.2765,0.277,,REG,REG,0.0463,0.046,,REG,REG,0.036,0.036,,0.1204,0.12,
Morris & Point Breeze462023,7,Morris & Point Breeze,stationary,"39.93094655, -75.1829941",39.93094655,-75.1829941,#FF61C3,Non-Industrial,Residential,Low,,LowT/NoI,P733860,P733860 112423 111523 Point Breeze Far SS,P733860 112423 111523 Point Breeze Far SS.D,11/24/23,11/15/23,sample,11/8/23,11/15/23,10138,2,462023,1,0.9631,0.963,,0.5148,0.515,,REG,REG,0.1519,0.152,,0.2077,0.208,,0.7005,0.701,,REG,REG,0.0374,0.037,,REG,REG,0.0241,0.024,,LOD,LOD,0.0306,0.031,,0.0796,0.08,,0.0335,0.033,,0.0814,0.081,,REG,REG,0.0418,0.042,,0.224,0.224,,REG,REG,0.3873,0.387,,0.1475,0.147,,REG,REG,0.1089,0.109,,REG,REG,0.0746,0.075,,REG,REG,0.0336,0.034,,LOD,LOD,0.0796,0.08,,LOD,LOD,0.0897,0.09,,REG,REG,0.0788,0.079,,REG,REG,0.2104,0.21,,0.1729,0.173,,0.4691,0.469,,REG,REG,0.6374,0.637,,REG,REG,1.7473,1.747,,REG,REG,0.2105,0.211,,ULOD,ULOD,0.4049,0.405,,REG,REG,0.0601,0.06,,REG,REG,0.0238,0.024,,REG,REG,0.0162,0.016,,REG,REG,0.0016,0.002,,ND,ND,5.00E-04,0,,ND,ND,0.0367,0.037,,0.2555,0.255,,REG,REG,0.0452,0.045,,REG,REG,0.0175,0.018,,0.1879,0.188,
Morris & Point Breeze472023,7,Morris & Point Breeze,stationary,"39.93094655, -75.1829941",39.93094655,-75.1829941,#FF61C3,Non-Industrial,Residential,Low,,LowT/NoI,P733877,P733877 112523 112223 Point Breeze Far SS,P733877 112523 112223 Point Breeze Far SS.D,11/25/23,11/22/23,sample,11/15/23,11/22/23,10142,2,472023,1,0.9064,0.906,,0.4776,0.478,,REG,REG,0.1371,0.137,,0.1972,0.197,,0.6205,0.621,,REG,REG,0.0374,0.037,,REG,REG,0.024,0.024,,LOD,LOD,0.0306,0.031,,0.0761,0.076,,0.0335,0.033,,0.0896,0.09,,REG,REG,0.0418,0.042,,0.2112,0.211,,REG,REG,0.3412,0.341,,0.0817,0.082,,REG,REG,0.0678,0.068,,REG,REG,0.089,0.089,,REG,REG,0.0549,0.055,,REG,REG,0.1124,0.112,,REG,REG,0.0837,0.084,,REG,REG,0.0722,0.072,,REG,REG,0.1972,0.197,,0.1728,0.173,,0.4449,0.445,,REG,REG,0.5764,0.576,,REG,REG,1.5588,1.559,,REG,REG,0.2105,0.21,,ULOD,ULOD,0.3944,0.394,,REG,REG,0.0065,0.007,,ND,ND,0.0172,0.017,,REG,REG,0.0034,0.003,,ND,ND,0.0016,0.002,,ND,ND,5.00E-04,0,,ND,ND,0.0477,0.048,,0.2412,0.241,,REG,REG,0.0452,0.045,,REG,REG,0.0263,0.026,,0.1643,0.164,
Morris & Point Breeze482023,7,Morris & Point Breeze,stationary,"39.93094655, -75.1829941",39.93094655,-75.1829941,#FF61C3,Non-Industrial,Residential,Low,,LowT/NoI,P733895,P733895 120823 112923 Point Breeze Near SS,P733895 120823 112923 Point Breeze Near SS.D,12/8/23,11/29/23,sample,11/22/23,11/29/23,9990,2,482023,1,0.5956,0.57,,0.3848,0.397,,REG,REG,0.0936,0.089,,0.1249,0.121,,0.4349,0.426,,REG,REG,0.0228,0.019,,LOD,LOD,0.0031,0.012,,LOD,LOD,0.0173,0.017,,0.0492,0.046,,0.0189,0.019,,0.0501,0.049,,REG,REG,0.0243,0.018,,0.1447,0.13,,REG,REG,0.2396,0.206,,0.1387,0.135,,REG,REG,0.0943,0.081,,REG,REG,0.0518,0.046,,LOD,LOD,0.0271,0.018,,LOD,LOD,0.0501,0.054,,LOD,LOD,0.0546,0.036,,REG,LOD,0.0466,0.033,,REG,LOD,0.1134,0.093,,0.0824,0.069,,0.2441,0.208,,REG,REG,0.3696,0.308,CHECK,REG,REG,1.1402,0.934,CHECK,REG,REG,0.1486,0.138,,REG,REG,0.1897,0.148,,REG,REG,0.0621,0.038,,REG,REG,0.0101,0.011,,LOD,LOD,0.0034,0.003,,ND,ND,0.0017,0.002,,ND,ND,0.0073,0,,REG,ND,0.02,0.043,,0.2737,0.274,,REG,REG,0.0374,0.036,,REG,REG,0.0133,0.013,,0.0953,0.1,
Morris & Point Breeze492023,7,Morris & Point Breeze,stationary,"39.93094655, -75.1829941",39.93094655,-75.1829941,#FF61C3,Non-Industrial,Residential,Low,,LowT/NoI,P726645,P726645 120923 120623 Point Breeze Far SS,P726645 120923 120623 Point Breeze Far SS.D,12/9/23,12/6/23,sample,11/29/23,12/6/23,9516,2,492023,1,1.2182,1.133,CHECK,0.6207,0.578,,REG,REG,0.1823,0.169,,0.2528,0.235,,0.8724,0.811,CHECK,REG,REG,0.0439,0.041,,REG,REG,0.0288,0.027,,LOD,LOD,0.0362,0.034,,0.1032,0.096,,0.0397,0.037,,0.1138,0.106,,REG,REG,0.051,0.047,,0.2942,0.274,,REG,REG,0.4897,0.455,,0.1606,0.149,,REG,REG,0.0858,0.08,,REG,REG,0.1312,0.122,,REG,REG,0.0511,0.048,,LOD,LOD,0.1226,0.114,,REG,REG,0.0828,0.077,,REG,REG,0.0839,0.078,,REG,REG,0.2452,0.228,,0.1854,0.172,,0.5511,0.512,,REG,REG,0.7437,0.691,CHECK,REG,REG,2.1378,1.987,CHECK,REG,REG,0.2259,0.21,,ULOD,ULOD,0.3982,0.37,,REG,REG,0.0773,0.072,,REG,REG,0.0176,0.016,,REG,REG,0.0036,0.003,,ND,ND,0.0017,0.002,,ND,ND,5.00E-04,0,,ND,ND,0.0385,0.036,,0.2722,0.253,,REG,REG,0.0491,0.046,,REG,REG,0.0234,0.022,,0.0851,0.079,
Morris & Point Breeze502023,7,Morris & Point Breeze,stationary,"39.93094655, -75.1829941",39.93094655,-75.1829941,#FF61C3,Non-Industrial,Residential,Low,,LowT/NoI,P733843,P733843 122123 121323 Point Breeze Far SS,P733843 122123 121323 Point Breeze Far SS.D,12/21/23,12/13/23,sample,12/6/23,12/13/23,9449,2,502023,1,1.1891,1.105,CHECK,0.5986,0.557,,REG,REG,0.1783,0.166,,0.2546,0.237,,0.7886,0.733,CHECK,REG,REG,0.0522,0.049,,REG,REG,0.0323,0.03,,REG,REG,0.0438,0.041,,0.1188,0.11,,0.0519,0.048,,0.1323,0.123,,REG,REG,0.0577,0.054,,0.2827,0.263,,REG,REG,0.5214,0.484,,0.1517,0.141,,REG,REG,0.082,0.076,,REG,REG,0.1476,0.137,,REG,REG,0.0629,0.058,,REG,REG,0.1517,0.141,,REG,REG,0.1026,0.095,,REG,REG,0.1233,0.115,,REG,REG,0.3104,0.288,,0.1743,0.162,,0.6324,0.588,,REG,REG,1.0203,0.948,CHECK,REG,REG,2.8181,2.619,CHECK,REG,REG,0.151,0.14,,ULOD,ULOD,0.5347,0.497,,REG,REG,0.09,0.084,,REG,REG,0.032,0.03,,REG,REG,0.0036,0.003,,ND,ND,0.0017,0.002,,ND,ND,5.00E-04,0,,ND,ND,0.1035,0.096,,0.3959,0.368,,REG,REG,0.0495,0.046,,REG,REG,0.0235,0.022,,0.2167,0.201,
Morris & Point Breeze512023,7,Morris & Point Breeze,stationary,"39.93094655, -75.1829941",39.93094655,-75.1829941,#FF61C3,Non-Industrial,Residential,Low,,LowT/NoI,P726669,P726669 122123 122023 Point Breeze Far SS,P726669 122123 122023 Point Breeze Far SS.D,12/21/23,12/20/23,sample,12/13/23,12/20/23,9868,2,512023,1,0.9214,0.921,,0.4972,0.498,,REG,REG,0.1353,0.135,,0.2011,0.201,,0.6645,0.665,,REG,REG,0.0385,0.038,,REG,REG,0.0247,0.025,,LOD,LOD,0.0349,0.035,,0.0889,0.089,,0.0421,0.042,,0.1013,0.101,,REG,REG,0.043,0.043,,0.2118,0.212,,REG,REG,0.3777,0.378,,0.1356,0.136,,REG,REG,0.0701,0.07,,REG,REG,0.1167,0.117,,REG,REG,0.0548,0.055,,LOD,LOD,0.1317,0.132,,REG,REG,0.086,0.086,,REG,REG,0.1012,0.101,,REG,REG,0.2229,0.223,,0.1431,0.143,,0.4573,0.457,,REG,REG,0.7587,0.759,,REG,REG,2.0615,2.061,,REG,REG,0.1445,0.145,,ULOD,ULOD,0.384,0.384,,REG,REG,0.0745,0.075,,REG,REG,0.0306,0.031,,REG,REG,0.0133,0.013,,LOD,LOD,0.0017,0.002,,ND,ND,0.0093,0.009,,REG,REG,0.0597,0.06,,0.3354,0.335,,REG,REG,0.0379,0.038,,REG,REG,0.0225,0.023,,0.2123,0.212,
Morris & Point Breeze22024,7,Morris & Point Breeze,stationary,"39.93094655, -75.1829941",39.93094655,-75.1829941,#FF61C3,Non-Industrial,Residential,Low,,LowT/NoI,P726647,P726647 011724 011024 Point Breeze Far SS,P726647 011724 011024 Point Breeze Far SS.D,1/17/24,1/10/24,sample,1/3/24,1/10/24,10067,2,22024,1,0.7627,0.763,,0.6115,0.612,,REG,REG,0.1341,0.134,,0.1731,0.173,,0.6784,0.678,,REG,REG,0.0339,0.034,,LOD,LOD,0.0212,0.021,,LOD,LOD,0.0274,0.027,,0.0725,0.072,,0.0334,0.033,,0.0902,0.09,,REG,REG,0.0361,0.036,,0.2115,0.211,,REG,REG,0.3516,0.352,,0.1197,0.12,,REG,REG,0.0749,0.075,,REG,REG,0.0921,0.092,,REG,REG,0.029,0.029,,LOD,LOD,0.0841,0.084,,LOD,LOD,0.0963,0.096,,REG,REG,0.077,0.077,,REG,REG,0.2616,0.262,,0.1461,0.146,,0.6009,0.601,,REG,REG,0.5502,0.55,,REG,REG,2.0264,2.026,,REG,REG,0.0397,0.04,,ULOD,ULOD,0.3628,0.363,,REG,REG,0.0537,0.054,,REG,REG,0.0333,0.033,,REG,REG,0.0034,0.003,,ND,ND,0.0016,0.002,,ND,ND,5.00E-04,0,,ND,ND,0.0254,0.025,,0.2716,0.272,,REG,REG,0.0325,0.032,,REG,REG,0.0207,0.021,,0.1178,0.118,
Morris & Point Breeze32024,7,Morris & Point Breeze,stationary,"39.93094655, -75.1829941",39.93094655,-75.1829941,#FF61C3,Non-Industrial,Residential,Low,,LowT/NoI,P733863,P733863 012524 011724 Point Breeze Far SS,P733863 012524 011724 Point Breeze Far SS.D,1/25/24,1/17/24,sample,1/10/24,1/17/24,9676,2,32024,1,0.6385,0.594,,0.5135,0.478,,REG,REG,0.1085,0.101,,0.1365,0.127,,0.5079,0.473,,REG,REG,0.0275,0.026,,LOD,LOD,0.0158,0.015,,LOD,LOD,0.0249,0.023,,0.0645,0.06,,0.023,0.021,,0.0594,0.055,,REG,REG,0.0313,0.029,,0.1734,0.161,,REG,REG,0.3521,0.328,,0.0999,0.093,,REG,REG,0.0736,0.069,,REG,REG,0.0655,0.061,,REG,REG,0.019,0.018,,LOD,LOD,0.0599,0.056,,LOD,LOD,0.0752,0.07,,REG,REG,0.0492,0.046,,REG,REG,0.1688,0.157,,0.1033,0.096,,0.3731,0.347,,REG,REG,0.5724,0.533,,REG,REG,1.6162,1.504,CHECK,REG,REG,0.1534,0.143,,ULOD,ULOD,0.2687,0.25,,REG,REG,0.044,0.041,,REG,REG,0.0208,0.019,,REG,REG,0.0112,0.01,,REG,REG,0.0017,0.002,,ND,ND,0.0057,0.005,,REG,REG,0.0379,0.035,,0.3866,0.36,,REG,REG,0.0338,0.031,,REG,REG,0.017,0.016,,0.3292,0.306,
Morris & Point Breeze52024,7,Morris & Point Breeze,stationary,"39.93094655, -75.1829941",39.93094655,-75.1829941,#FF61C3,Non-Industrial,Residential,Low,,LowT/NoI,P733899,P733899 020824 013124 Point Breeze Far SS,P733899 020824 013124 Point Breeze Far SS.D,2/8/24,1/31/24,sample,1/24/24,1/31/24,10100,2,52024,1,0.9596,0.96,,0.4796,0.48,,REG,REG,0.1374,0.137,,0.2075,0.207,,0.578,0.578,,REG,REG,0.0413,0.041,,REG,REG,0.0211,0.021,,LOD,LOD,0.041,0.041,,0.1042,0.104,,0.0374,0.037,,0.099,0.099,,REG,REG,0.048,0.048,,0.2248,0.225,,REG,REG,0.387,0.387,,0.0427,0.043,,REG,REG,0.0513,0.051,,REG,REG,0.1075,0.107,,REG,REG,0.0368,0.037,,LOD,LOD,0.0916,0.092,,REG,REG,0.048,0.048,,LOD,LOD,0.0527,0.05,,REG,REG,0.2042,0.204,,0.1274,0.127,,0.4347,0.418,,REG,REG,0.396,0.396,,REG,REG,1.207,1.133,CHECK,REG,REG,0.1461,0.114,,REG,REG,0.2078,0.184,,REG,REG,0.0903,0.099,,REG,REG,0.0116,0.013,,LOD,LOD,0.0081,0.004,,LOD,LOD,0.0016,0.002,,ND,ND,5.00E-04,0,,ND,ND,0.0309,0.031,,0.3562,0.356,,REG,REG,0.044,0.042,,REG,REG,0.022,0.022,,0.0707,0.071,
Morris & Point Breeze62024,7,Morris & Point Breeze,stationary,"39.93094655, -75.1829941",39.93094655,-75.1829941,#FF61C3,Non-Industrial,Residential,Low,,LowT/NoI,P726605,P726605 021524 020724 Point Breeze Far SS,P726605 021524 020724 Point Breeze Far SS.D,2/15/24,2/7/24,sample,1/31/24,2/7/24,10172,2,62024,1,1.0652,1.065,,0.6298,0.63,,REG,REG,0.1561,0.156,,0.2267,0.227,,0.6869,0.687,,REG,REG,0.0261,0.026,,LOD,LOD,0.015,0.015,,LOD,LOD,0.0237,0.024,,0.0621,0.062,,0.0334,0.033,,0.0901,0.09,,REG,REG,0.0298,0.03,,0.2485,0.249,,REG,REG,0.3973,0.397,,0.1688,0.169,,REG,REG,0.0878,0.088,,REG,REG,0.1019,0.102,,REG,REG,0.0312,0.031,,LOD,LOD,0.1172,0.117,,REG,REG,0.0536,0.054,,REG,REG,0.0687,0.069,,REG,REG,0.1634,0.163,,0.1034,0.103,,0.3477,0.348,,REG,REG,0.5344,0.534,,REG,REG,1.3482,1.348,,REG,REG,0.2133,0.213,,ULOD,ULOD,0.2891,0.289,,REG,REG,0.0445,0.044,,REG,REG,0.0048,0.005,,ND,ND,0.0113,0.011,,LOD,LOD,0.0016,0.002,,ND,ND,0.0108,0.011,,REG,REG,0.0253,0.025,,0.4244,0.424,,REG,REG,0.0436,0.044,,REG,REG,0.0262,0.026,,0.2668,0.267,
Morris & Point Breeze72024,7,Morris & Point Breeze,stationary,"39.93094655, -75.1829941",39.93094655,-75.1829941,#FF61C3,Non-Industrial,Residential,Low,,LowT/NoI,P726646,P726646 021624 021424 Point Breeze Far SS,P726646 021624 021424 Point Breeze Far SS.D,2/16/24,2/14/24,sample,2/7/24,2/14/24,9940,2,72024,1,1.708,1.708,,0.9966,0.997,,REG,REG,0.2653,0.265,,0.3432,0.343,,1.3878,1.388,,REG,REG,0.0496,0.05,,REG,REG,0.0337,0.034,,REG,REG,0.0416,0.042,,0.1094,0.109,,0.0683,0.068,,0.1844,0.184,,REG,REG,0.0732,0.073,,0.5983,0.598,,REG,REG,0.9767,0.977,,0.1728,0.173,,REG,REG,0.136,0.136,,REG,REG,0.1386,0.139,,REG,REG,0.0646,0.065,,REG,REG,0.1735,0.174,,REG,REG,0.1707,0.171,,REG,REG,0.1741,0.174,,REG,REG,0.4422,0.442,,0.2833,0.283,,0.9938,0.994,,REG,REG,1.5477,1.548,,REG,REG,3.6217,3.622,,REG,REG,0.2183,0.218,,ULOD,ULOD,1.7467,1.747,,REG,REG,0.1496,0.15,,REG,REG,0.0388,0.039,,REG,REG,0.0035,0.003,,ND,ND,0.0017,0.002,,ND,ND,0.0129,0.013,,REG,REG,0.0314,0.031,,0.4053,0.405,,REG,REG,0.0541,0.054,,REG,REG,0.0358,0.036,,0.2395,0.24,
Morris & Point Breeze82024,7,Morris & Point Breeze,stationary,"39.93094655, -75.1829941",39.93094655,-75.1829941,#FF61C3,Non-Industrial,Residential,Low,,LowT/NoI,P733876,P733876 022924 022124 Point Breeze Far SS,P733876 022924 022124 Point Breeze Far SS.D,2/29/24,2/21/24,sample,2/14/24,2/21/24,10088,2,82024,1,0.5713,0.571,,0.4987,0.499,,REG,REG,0.088,0.088,,0.119,0.119,,0.4353,0.435,,REG,REG,0.0226,0.023,,LOD,LOD,0.0121,0.012,,LOD,LOD,0.0171,0.017,,0.0452,0.045,,0.0224,0.022,,0.0578,0.058,,REG,REG,0.024,0.024,,0.1419,0.142,,REG,REG,0.242,0.242,,0.0664,0.066,,REG,REG,0.0555,0.056,,REG,REG,0.0496,0.05,,REG,REG,0.0208,0.021,,LOD,LOD,0.0587,0.059,,LOD,LOD,0.036,0.036,,LOD,LOD,0.0363,0.036,,LOD,LOD,0.0921,0.092,,0.0809,0.081,,0.2055,0.206,,REG,REG,0.366,0.366,,REG,REG,1.0762,1.076,,REG,REG,0.0459,0.046,,REG,REG,0.1559,0.156,,REG,REG,0.0449,0.045,,REG,REG,0.0116,0.012,,LOD,LOD,0.0034,0.003,,ND,ND,0.0016,0.002,,ND,ND,5.00E-04,0,,ND,ND,0.02,0.02,,0.2853,0.285,,REG,REG,0.0347,0.035,,REG,REG,0.0132,0.013,,0.0944,0.094,
Morris & Point Breeze92024,7,Morris & Point Breeze,stationary,"39.93094655, -75.1829941",39.93094655,-75.1829941,#FF61C3,Non-Industrial,Residential,Low,,LowT/NoI,P733865,P733865 030124 022824 Point Breeze Far SS,P733865 030124 022824 Point Breeze Far SS.D,3/1/24,2/28/24,sample,2/21/24,2/28/24,10095,2,92024,1,0.6134,0.613,,0.4179,0.418,,REG,REG,0.0929,0.093,,0.1346,0.135,,0.4392,0.439,,REG,REG,0.0263,0.026,,LOD,LOD,0.0151,0.015,,LOD,LOD,0.0239,0.024,,0.0556,0.056,,0.0262,0.026,,0.066,0.066,,REG,REG,0.03,0.03,,0.161,0.161,,REG,REG,0.2088,0.209,,0.2126,0.213,,REG,REG,0.0967,0.097,,REG,REG,0.0882,0.088,,REG,REG,0.0422,0.042,,LOD,LOD,0.1048,0.105,,REG,REG,0.036,0.036,,LOD,LOD,0.011,0.011,,ND,ND,0.092,0.092,,0.0808,0.081,,0.1933,0.193,,REG,REG,0.2946,0.295,,REG,REG,0.8868,0.887,,REG,REG,0.0537,0.054,,REG,REG,0.1349,0.135,,REG,REG,0.0065,0.007,,ND,ND,0.0048,0.005,,ND,ND,0.0034,0.003,,ND,ND,0.0016,0.002,,ND,ND,5.00E-04,0,,ND,ND,0.042,0.042,,0.228,0.228,,REG,REG,0.0347,0.035,,REG,REG,0.0132,0.013,,0.0708,0.071,
Morris & Point Breeze102024,7,Morris & Point Breeze,stationary,"39.93094655, -75.1829941",39.93094655,-75.1829941,#FF61C3,Non-Industrial,Residential,Low,,LowT/NoI,P726610,P726610 031524 030624 Point Breeze Far SS,P726610 031524 030624 Point Breeze Far SS.D,3/15/24,3/6/24,sample,2/28/24,3/6/24,10122,2,102024,1,0.5688,0.569,,0.3643,0.365,,REG,REG,0.0828,0.083,,0.1186,0.12,,0.4608,0.409,CHECK,REG,REG,0.0225,0.022,,LOD,LOD,0.012,0.012,,LOD,LOD,0.0198,0.02,,0.0518,0.052,,0.0222,0.022,,0.0571,0.057,,REG,REG,0.0239,0.024,,0.1239,0.124,,REG,REG,0.1952,0.196,,0.0178,0.019,,REG,REG,0.0278,0.031,,REG,REG,0.0464,0.048,,LOD,LOD,0.0279,0.029,,LOD,LOD,0.0577,0.057,,LOD,LOD,0.0419,0.042,,LOD,LOD,0.039,0.039,,LOD,LOD,0.104,0.104,,0.0796,0.079,,0.2389,0.241,,REG,REG,0.2924,0.292,,REG,REG,0.8723,0.884,,REG,REG,0.1347,0.139,,ULOD,ULOD,0.184,0.185,,REG,REG,0.0065,0.007,,ND,ND,0.0048,0.005,,ND,ND,0.0034,0.003,,ND,ND,0.0016,0.002,,ND,ND,0.009,0.008,,REG,REG,0.0199,0.001,,0.2701,0.27,,REG,REG,0.0267,0.027,,REG,REG,0.013,0.013,,0.1117,0.113,
Morris & Point Breeze112024,7,Morris & Point Breeze,stationary,"39.93094655, -75.1829941",39.93094655,-75.1829941,#FF61C3,Non-Industrial,Residential,Low,,LowT/NoI,P733888,P733888 031624 031324 Point Breeze Far SS,P733888 031624 031324 Point Breeze Far SS.D,3/16/24,3/13/24,sample,3/6/24,3/13/24,9998,2,112024,1,0.8545,0.854,,0.5439,0.544,,REG,REG,0.1188,0.119,,0.1675,0.168,,0.7602,0.708,CHECK,REG,REG,0.0266,0.027,,LOD,LOD,0.0152,0.015,,LOD,LOD,0.0235,0.024,,0.07,0.07,,0.0263,0.026,,0.0745,0.074,,REG,REG,0.0363,0.036,,0.2028,0.203,,REG,REG,0.5044,0.505,,0.0514,0.053,,REG,REG,0.0532,0.057,,REG,REG,0.0665,0.068,,REG,REG,0.039,0.04,,LOD,LOD,0.0785,0.078,,LOD,LOD,0.0849,0.085,,REG,REG,0.0695,0.07,,REG,REG,0.1987,0.199,,0.1394,0.139,,0.437,0.439,,REG,REG,0.7884,0.788,,REG,REG,2.2167,2.229,,REG,REG,0.1364,0.141,,ULOD,ULOD,0.3231,0.324,,REG,REG,0.1405,0.145,,REG,REG,0.0563,0.06,,REG,REG,0.0034,0.003,,ND,ND,0.0017,0.002,,ND,ND,0.0109,0.01,,REG,REG,0.0369,0.017,,0.2878,0.288,,REG,REG,0.0364,0.036,,REG,REG,0.0176,0.018,,0.1416,0.143,
Morris & Point Breeze122024,7,Morris & Point Breeze,stationary,"39.93094655, -75.1829941",39.93094655,-75.1829941,#FF61C3,Non-Industrial,Residential,Low,,LowT/NoI,P726665,P726665 040224 032024 Point Breeze Far SS,P726665 040224 032024 Point Breeze Far SS.D,4/2/24,3/20/24,sample,3/13/24,3/20/24,9661,2,122024,1,1.0913,1.016,CHECK,0.4593,0.428,,REG,REG,0.154,0.144,,0.206,0.193,,0.7647,0.662,CHECK,REG,REG,0.0432,0.04,,REG,REG,0.0316,0.029,,REG,REG,0.035,0.033,,0.0943,0.088,,0.0389,0.036,,0.1116,0.104,,REG,REG,0.0501,0.047,,0.25,0.233,,REG,REG,0.4391,0.409,,0.0926,0.088,,REG,REG,0.0766,0.075,,REG,REG,0.089,0.085,,REG,REG,0.0572,0.054,,REG,REG,0.1157,0.107,,REG,REG,0.1066,0.099,,REG,REG,0.1339,0.125,,REG,REG,0.247,0.23,,0.2295,0.213,,0.5658,0.529,,REG,REG,1.145,1.065,CHECK,REG,REG,3.0432,2.844,CHECK,REG,REG,0.216,0.205,,ULOD,ULOD,0.6068,0.566,,REG,REG,0.0502,0.051,,REG,REG,0.005,0.005,,ND,ND,0.0036,0.003,,ND,ND,0.0017,0.002,,ND,ND,0.0094,0.008,,REG,REG,0.0612,0.038,,0.3425,0.319,,REG,REG,0.028,0.026,,REG,REG,0.0228,0.021,,0.2304,0.216,
Morris & Point Breeze152024,7,Morris & Point Breeze,stationary,"39.93094655, -75.1829941",39.93094655,-75.1829941,#FF61C3,Non-Industrial,Residential,Low,,LowT/NoI,P733869,P733869 041224 041024 Point Breeze Far SS,P733869 041224 041024 Point Breeze Far SS.D,4/12/24,4/10/24,sample,4/3/24,4/10/24,10076,2,152024,1,0.6876,0.688,,0.3132,0.313,,REG,REG,0.0924,0.092,,0.145,0.145,,0.4334,0.433,,REG,REG,0.0301,0.03,,LOD,LOD,0.0212,0.021,,LOD,LOD,0.024,0.024,,0.0313,0.031,,0.03,0.03,,0.0744,0.074,,REG,REG,0.0301,0.03,,0.1329,0.133,,REG,REG,0.2076,0.208,,0.0083,0.008,,REG,REG,0.0362,0.036,,REG,REG,0.0702,0.07,,REG,REG,0.0536,0.054,,LOD,LOD,0.0877,0.088,,REG,REG,0.0601,0.06,,REG,REG,0.0396,0.04,,LOD,LOD,0.1117,0.112,,0.1051,0.105,,0.2542,0.254,,REG,REG,0.3143,0.314,,REG,REG,0.9216,0.922,,REG,REG,0.1858,0.186,,REG,REG,0.2507,0.251,,REG,REG,0.0271,0.027,,REG,REG,0.0133,0.013,,LOD,LOD,0.0034,0.003,,ND,ND,0.0016,0.002,,ND,ND,0.0073,0.007,,REG,REG,0.0289,0.029,,0.1856,0.186,,REG,REG,0.0278,0.028,,REG,REG,0.0132,0.013,,0.0614,0.061,
Morris & Point Breeze162024,7,Morris & Point Breeze,stationary,"39.93094655, -75.1829941",39.93094655,-75.1829941,#FF61C3,Non-Industrial,Residential,Low,,LowT/NoI,P726658,P726658 042624 041724 Point Breeze Far SS,P726658 042624 041724 Point Breeze Far SS.D,4/26/24,4/17/24,sample,4/10/24,4/17/24,10146,2,162024,1,0.6829,0.683,,0.2926,0.293,,REG,REG,0.0918,0.092,,0.144,0.144,,0.4388,0.439,,REG,REG,0.0299,0.03,,LOD,LOD,0.018,0.018,,LOD,LOD,0.0238,0.024,,0.0553,0.055,,0.026,0.026,,0.0739,0.074,,REG,REG,0.0299,0.03,,0.1574,0.157,,REG,REG,0.1799,0.18,,0.1021,0.102,,REG,REG,0.0647,0.065,,REG,REG,0.0793,0.079,,REG,REG,0.0533,0.053,,LOD,LOD,0.1002,0.1,,REG,REG,0.0597,0.06,,REG,REG,0.059,0.059,,REG,REG,0.1306,0.131,,0.0812,0.081,,0.3005,0.3,,REG,REG,0.4132,0.413,,REG,REG,1.0654,1.065,,REG,REG,0.1767,0.177,,REG,REG,0.2905,0.29,,REG,REG,0.0269,0.027,,REG,REG,0.0066,0.007,,LOD,LOD,0.0034,0.003,,ND,ND,0.0016,0.002,,ND,ND,5.00E-04,0,,ND,ND,0.0287,0.029,,0.3262,0.326,,REG,REG,0.0276,0.028,,REG,REG,0.0219,0.022,,0.1126,0.113,
Morris & Point Breeze172024,7,Morris & Point Breeze,stationary,"39.93094655, -75.1829941",39.93094655,-75.1829941,#FF61C3,Non-Industrial,Residential,Low,,LowT/NoI,P733885,P733885 042724 042424 Point Breeze Far SS,P733885 042724 042424 Point Breeze Far SS.D,4/27/24,4/24/24,sample,4/17/24,4/24/24,9810,2,172024,1,0.6407,0.641,,0.3026,0.303,,REG,REG,0.0847,0.085,,0.1274,0.127,,0.3801,0.38,,REG,REG,0.0309,0.031,,LOD,LOD,0.0155,0.016,,LOD,LOD,0.0211,0.021,,0.0501,0.05,,0.0231,0.023,,0.068,0.068,,REG,REG,0.0247,0.025,,0.1233,0.123,,REG,REG,0.186,0.186,,0.0376,0.038,,REG,REG,0.0414,0.041,,REG,REG,0.0622,0.062,,REG,REG,0.0386,0.039,,LOD,LOD,0.0697,0.07,,LOD,LOD,0.0556,0.056,,REG,REG,0.0509,0.051,,REG,REG,0.1079,0.108,,0.0839,0.084,,0.2486,0.249,,REG,REG,0.3855,0.386,,REG,REG,1.0048,1.005,,REG,REG,0.1127,0.113,,REG,REG,0.2683,0.268,,REG,REG,0.0395,0.04,,REG,REG,0.0068,0.007,,LOD,LOD,0.0035,0.004,,ND,ND,0.0017,0.002,,ND,ND,0.0094,0.009,,REG,REG,0.0354,0.035,,0.352,0.352,,REG,REG,0.0286,0.029,,REG,REG,0.0136,0.014,,0.1408,0.141,
Morris & Point Breeze182024,7,Morris & Point Breeze,stationary,"39.93094655, -75.1829941",39.93094655,-75.1829941,#FF61C3,Non-Industrial,Residential,Low,,LowT/NoI,P726615,P726615 051124 050124 Pt Breeze Far SS,P726615 051124 050124 Pt Breeze Far SS.D,5/11/24,5/1/24,sample,4/24/24,5/1/24,10185,2,182024,1,1.134,,,0.4111,,,REG,,0.1649,,,0.23,,,0.5168,,,REG,,0.041,,,REG,,0.0299,,,REG,,0.0305,,,0.0758,,,0.0408,,,0.1055,,,REG,,0.0417,,,0.3218,,,REG,,1.0054,,,0.1384,,,REG,,0.1256,,,REG,,0.1183,,,REG,,0.1168,,,REG,,0.18,,,REG,,0.0893,,,REG,,0.2222,,,REG,,0.2946,,,0.231,,,0.5867,,,REG,,1.0976,,,REG,,5.6105,,,ULOD,,0.2106,,,ULOD,,0.4444,,,REG,,0.1603,,,REG,,0.118,,,REG,,0.0034,,,ND,,0.0016,,,ND,,0.0126,,,REG,,0.0469,,,0.2967,,,REG,,0.0257,,,REG,,0.0175,,,0.0416,,
Morris & Point Breeze192024,7,Morris & Point Breeze,stationary,"39.93094655, -75.1829941",39.93094655,-75.1829941,#FF61C3,Non-Industrial,Residential,Low,,LowT/NoI,P726657,P726657 051224 050824 Pt B Far SS,P726657 051224 050824 Pt B Far SS.D,5/12/24,5/8/24,sample,5/1/24,5/8/24,9549,2,192024,1,0.8056,0.749,CHECK,0.3207,0.297,,REG,REG,0.1131,0.105,,0.1736,0.161,,0.5512,0.513,,REG,REG,0.0397,0.037,,REG,REG,0.0223,0.021,,LOD,LOD,0.0289,0.027,,0.0625,0.058,,0.0316,0.029,,0.0864,0.08,,REG,REG,0.0317,0.03,,0.1405,0.131,,REG,REG,0.1717,0.16,,0.0828,0.077,,REG,REG,0.0554,0.052,,REG,REG,0.1006,0.094,,REG,REG,0.0906,0.084,,REG,REG,0.1571,0.146,,REG,REG,0.0508,0.047,,LOD,LOD,0.0697,0.065,,REG,REG,0.1047,0.097,,0.0739,0.069,,0.2299,0.214,,REG,REG,0.1611,0.15,,REG,REG,1.0772,1.002,CHECK,REG,REG,0.1232,0.115,,REG,REG,0.2205,0.205,,REG,REG,0.0265,0.025,,REG,REG,0.0063,0.006,,LOD,LOD,0.0036,0.003,,ND,ND,0.0017,0.002,,ND,ND,5.00E-04,0,,ND,ND,0.0559,0.052,,0.3164,0.294,,REG,REG,0.0274,0.025,,REG,REG,0.0372,0.035,,0.0394,0.037,
Morris & Point Breeze202024,7,Morris & Point Breeze,stationary,"39.93094655, -75.1829941",39.93094655,-75.1829941,#FF61C3,Non-Industrial,Residential,Low,,LowT/NoI,P733859,P733859 052324 051524 Pt B Far SS,P733859 052324 051524 Pt B Far SS.D,5/23/24,5/15/24,sample,5/8/24,5/15/24,9405,2,202024,1,0.5445,0.506,,0.1994,0.184,,REG,REG,0.067,0.062,,0.1035,0.096,,0.3244,0.301,,REG,REG,0.0242,0.022,,LOD,LOD,0.013,0.012,,LOD,LOD,0.0183,0.017,,0.041,0.038,,0.0201,0.019,,0.0523,0.049,,REG,REG,0.0193,0.018,,0.0878,0.082,,REG,REG,0.1318,0.122,,0.0486,0.045,,REG,REG,0.0341,0.032,,REG,REG,0.0503,0.047,,LOD,LOD,0.069,0.064,,REG,REG,0.1099,0.102,,REG,REG,0.0387,0.036,,LOD,LOD,0.0318,0.03,,LOD,LOD,0.0851,0.079,,0.05,0.046,,0.1945,0.181,,REG,REG,0.3599,0.334,,REG,REG,0.9316,0.865,CHECK,REG,REG,0.1366,0.127,,REG,REG,0.1903,0.177,,REG,REG,0.0147,0.014,,REG,REG,0.0052,0.005,,ND,ND,0.0209,0.019,,REG,REG,0.0018,0.002,,ND,ND,5.00E-04,0,,ND,ND,0.0331,0.031,,0.3978,0.369,,REG,REG,0.0278,0.026,,REG,REG,0.0331,0.031,,0.1666,0.155,
Morris & Point Breeze212024,7,Morris & Point Breeze,stationary,"39.93094655, -75.1829941",39.93094655,-75.1829941,#FF61C3,Non-Industrial,Residential,Low,,LowT/NoI,P733879,P733879 052424 052224 Pt B Far SS,P733879 052424 052224 Pt B Far SS.D,5/24/24,5/22/24,sample,5/15/24,5/22/24,9856,2,212024,1,1.0632,1.063,,0.2537,0.252,,REG,REG,0.14,0.14,,0.1949,0.195,,0.4477,0.448,,REG,REG,0.0308,0.031,,LOD,LOD,0.0186,0.019,,LOD,LOD,0.0245,0.024,,0.057,0.057,,0.0306,0.031,,0.0753,0.075,,REG,REG,0.0307,0.031,,0.1492,0.149,,REG,REG,0.2002,0.2,,0.1285,0.129,,REG,REG,0.0791,0.079,,REG,REG,0.0827,0.083,,REG,REG,0.0987,0.099,,REG,REG,0.1657,0.166,,REG,REG,0.0738,0.074,,REG,REG,0.0506,0.051,,REG,REG,0.1218,0.122,,0.0836,0.084,,0.2846,0.285,,REG,REG,0.5203,0.52,,REG,REG,1.4108,1.411,,REG,REG,0.1443,0.144,,ULOD,ULOD,0.3097,0.31,,REG,REG,0.049,0.049,,REG,REG,0.0129,0.013,,LOD,LOD,0.0266,0.027,,REG,REG,0.0017,0.002,,ND,ND,5.00E-04,0,,ND,ND,0.0428,0.043,,0.3212,0.321,,REG,REG,0.0266,0.027,,REG,REG,0.018,0.018,,0.1106,0.111,
Morris & Point Breeze222024,7,Morris & Point Breeze,stationary,"39.93094655, -75.1829941",39.93094655,-75.1829941,#FF61C3,Non-Industrial,Residential,Low,,LowT/NoI,P726663,P726663 060624 052924 Pt B Far SS,P726663 060624 052924 Pt B Far SS.D,6/6/24,5/29/24,sample,5/22/24,5/29/24,9572,2,222024,1,0.6276,0.584,,0.2383,0.221,,REG,REG,0.0828,0.077,,0.1366,0.127,,0.4332,0.403,,REG,REG,0.0355,0.033,,LOD,LOD,0.0191,0.018,,LOD,LOD,0.0252,0.023,,0.0587,0.055,,0.0274,0.025,,0.077,0.072,,REG,REG,0.0253,0.024,,0.119,0.111,,REG,REG,0.14,0.13,,0.0948,0.088,,REG,REG,0.054,0.05,,REG,REG,0.0915,0.085,,REG,REG,0.1073,0.1,,REG,REG,0.1713,0.159,,REG,REG,0.0443,0.041,,LOD,LOD,0.0556,0.052,,REG,REG,0.0975,0.091,,0.0737,0.069,,0.2038,0.19,,REG,REG,0.3423,0.319,,REG,REG,0.9751,0.907,CHECK,REG,REG,0.0983,0.09,,REG,REG,0.2529,0.235,,REG,REG,0.0324,0.025,,REG,REG,0.007,0.006,,LOD,LOD,0.0271,0.025,,REG,REG,0.0017,0.002,,ND,ND,0.0129,0.012,,REG,REG,0.0424,0.039,,0.1654,0.154,,REG,REG,0.0293,0.025,,REG,REG,0.0139,0.013,,0.0497,0.046,
Morris & Point Breeze232024,7,Morris & Point Breeze,stationary,"39.93094655, -75.1829941",39.93094655,-75.1829941,#FF61C3,Non-Industrial,Residential,Low,,LowT/NoI,P726620,P726620 060724 060524 Pt B Far SS,P726620 060724 060524 Pt B Far SS.D,6/7/24,6/5/24,sample,5/29/24,6/5/24,9371,2,232024,1,0.5572,0.517,,0.2168,0.2,,REG,REG,0.0739,0.069,,0.1171,0.109,,0.3335,0.31,,REG,REG,0.0322,0.03,,LOD,LOD,0.0163,0.015,,LOD,LOD,0.0258,0.024,,0.0487,0.045,,0.024,0.022,,0.0698,0.065,,REG,REG,0.0259,0.024,,0.0871,0.081,,REG,REG,0.1074,0.1,,0.0612,0.057,,REG,REG,0.0373,0.035,,REG,REG,0.083,0.077,,REG,REG,0.0981,0.091,,REG,REG,0.1537,0.143,,REG,REG,0.0323,0.03,,LOD,LOD,0.0462,0.043,,LOD,LOD,0.0783,0.073,,0.0628,0.058,,0.1692,0.157,,REG,REG,0.2621,0.243,,REG,REG,0.7114,0.661,CHECK,REG,REG,0.0935,0.086,,REG,REG,0.1797,0.167,,REG,REG,0.0699,0.068,,REG,REG,0.0072,0.007,,LOD,LOD,0.0311,0.029,,REG,REG,0.0018,0.002,,ND,ND,0.0113,0.01,,REG,REG,0.0492,0.046,,0.1535,0.143,,REG,REG,0.0299,0.028,,REG,REG,0.0142,0.013,,0.0457,0.042,
Morris & Point Breeze252024,7,Morris & Point Breeze,stationary,"39.93094655, -75.1829941",39.93094655,-75.1829941,#FF61C3,Non-Industrial,Residential,Low,,LowT/NoI,P733866,P733866 062124 061924 Pt B Far SS,P733866 062124 061924 Pt B Far SS.D,6/21/24,6/19/24,sample,6/12/24,6/19/24,10201,2,252024,1,0.4558,0.456,,0.1685,0.168,,REG,REG,0.063,0.063,,0.0973,0.097,,0.2563,0.256,,REG,REG,0.0259,0.026,,LOD,LOD,0.0179,0.018,,LOD,LOD,0.0203,0.02,,0.0447,0.045,,0.0183,0.018,,0.056,0.056,,REG,REG,0.0178,0.018,,0.0927,0.093,,REG,REG,0.1052,0.105,,0.0563,0.056,,REG,REG,0.0425,0.042,,REG,REG,0.0667,0.067,,REG,REG,0.0954,0.095,,REG,REG,0.1281,0.128,,REG,REG,0.0416,0.042,,LOD,LOD,0.0294,0.029,,LOD,LOD,0.0654,0.065,,0.0577,0.058,,0.1554,0.155,,REG,REG,0.1604,0.16,,REG,REG,0.5042,0.504,,REG,REG,0.0469,0.046,,REG,REG,0.1857,0.186,,REG,REG,0.0304,0.033,,REG,REG,0.0048,0.005,,ND,ND,0.0479,0.048,,REG,REG,0.0016,0.002,,ND,ND,0.0085,0.008,,REG,REG,0.0398,0.04,,0.1834,0.183,,REG,REG,0.0183,0.018,,REG,REG,0.0131,0.013,,0.0327,0.033,
Morris & Point Breeze242024,7,Morris & Point Breeze,stationary,"39.93094655, -75.1829941",39.93094655,-75.1829941,#FF61C3,Non-Industrial,Residential,Low,,LowT/NoI,P733895,P733895 062124 061224 Pt B Far SS,P733895 062124 061224 Pt B Far SS.D,6/21/24,6/12/24,sample,6/5/24,6/12/24,9794,2,242024,1,0.7227,0.723,,0.2265,0.226,,REG,REG,0.0962,0.096,,0.1497,0.15,,0.3886,0.389,,REG,REG,0.0347,0.035,,LOD,LOD,0.0218,0.022,,LOD,LOD,0.0282,0.028,,0.0645,0.064,,0.0268,0.027,,0.0838,0.084,,REG,REG,0.0309,0.031,,0.1163,0.116,,REG,REG,0.13,0.13,,0.1558,0.156,,REG,REG,0.074,0.074,,REG,REG,0.0894,0.089,,REG,REG,0.0993,0.099,,REG,REG,0.147,0.147,,REG,REG,0.0557,0.056,,REG,REG,0.0374,0.037,,LOD,LOD,0.0885,0.088,,0.0721,0.072,,0.1992,0.199,,REG,REG,0.2194,0.219,,REG,REG,0.6223,0.622,,REG,REG,0.0592,0.059,,REG,REG,0.172,0.172,,REG,REG,0.0669,0.07,,REG,REG,0.0137,0.014,,LOD,LOD,0.0264,0.026,,REG,REG,0.0017,0.002,,ND,ND,0.0126,0.012,,REG,REG,0.0528,0.053,,0.2057,0.206,,REG,REG,0.0286,0.029,,REG,REG,0.0136,0.014,,0.0486,0.049,
Morris & Point Breeze262024,7,Morris & Point Breeze,stationary,"39.93094655, -75.1829941",39.93094655,-75.1829941,#FF61C3,Non-Industrial,Residential,Low,,LowT/NoI,P733856,P733856 062724 061924 Pt B Far SS,P733856 062724 061924 Pt B Far SS.D,6/27/24,6/19/24,sample,6/19/24,6/26/24,10081,2,262024,1,0.5038,0.504,,0.1457,0.145,,REG,REG,0.0687,0.069,,0.1089,0.109,,0.3185,0.318,,REG,REG,0.0262,0.026,,LOD,LOD,0.0212,0.021,,LOD,LOD,0.0205,0.021,,0.0313,0.031,,0.0185,0.019,,0.0484,0.048,,REG,REG,0.018,0.018,,0.1066,0.107,,REG,REG,0.1329,0.133,,0.0522,0.052,,REG,REG,0.0347,0.035,,REG,REG,0.082,0.082,,REG,REG,0.0965,0.097,,REG,REG,0.1362,0.136,,REG,REG,0.0481,0.048,,LOD,LOD,0.0363,0.036,,LOD,LOD,0.0794,0.079,,0.07,0.07,,0.1815,0.181,,REG,REG,0.2233,0.223,,REG,REG,0.6046,0.605,,REG,REG,0.0539,0.053,,REG,REG,0.188,0.188,,REG,REG,0.0066,0.007,,ND,ND,0.0048,0.005,,ND,ND,0.0485,0.048,,REG,REG,0.0016,0.002,,ND,ND,0.0086,0.008,,REG,REG,0.0182,0.018,,0.1713,0.171,,REG,REG,0.0185,0.019,,REG,REG,0.0176,0.018,,0.052,0.052,
24th & Ritner272023,8,24th & Ritner,stationary,"39.92296389, -75.186874",39.92296389,-75.186874,#F8766D,Non-Industrial,Residential,High,Fire station,HighT/NoI,P726641,P726641 071323 070523 Ritner 1WK SS,P726641 071323 070523 Ritner 1WK SS.D,7/13/23,7/5/23,sample,6/28/23,7/5/23,9657,2,272023,1,0.5621,0.523,,0.3721,0.346,,REG,REG,0.1036,0.096,,0.1581,0.147,,0.417,0.388,,REG,REG,0.0354,0.033,,LOD,LOD,0.0221,0.021,,LOD,LOD,0.0286,0.027,,0.069,0.064,,0.0234,0.022,,0.0777,0.072,,REG,REG,0.0314,0.029,,0.1395,0.13,,REG,REG,0.176,0.164,,0.0101,0.009,,ND,ND,0.0351,0.033,,REG,REG,0.0417,0.039,,REG,REG,0.0357,0.033,,LOD,LOD,0.0751,0.07,,LOD,LOD,0.1192,0.111,,REG,REG,0.0724,0.066,,REG,REG,0.1174,0.109,,0.1203,0.112,,0.2778,0.259,,REG,REG,0.3399,0.305,,REG,REG,0.8925,0.844,,REG,REG,0.0568,0.061,,REG,REG,0.3597,0.335,,REG,REG,0.0238,0.027,,REG,REG,0.005,0.004,,ND,LOD,0.0586,0.053,,REG,REG,0.0017,0.002,,ND,ND,5.00E-04,0,,ND,ND,0.0173,0.016,,0.1937,0.18,,REG,REG,0.0677,0.063,,REG,REG,0.0092,0.009,,0.0444,0.041,
24th & Ritner282023,8,24th & Ritner,stationary,"39.92296389, -75.186874",39.92296389,-75.186874,#F8766D,Non-Industrial,Residential,High,Fire station,HighT/NoI,P726648,P726648 071323 071223 Ritner 1WK SS,P726648 071323 071223 Ritner 1WK SS.D,7/13/23,7/12/23,sample,7/5/23,7/12/23,9079,2,282023,1,0.6766,0.627,,0.2513,0.233,,REG,REG,0.1157,0.107,,0.1797,0.167,,0.4388,0.407,,REG,REG,0.0418,0.039,,REG,REG,0.0269,0.025,,LOD,LOD,0.0304,0.028,,0.0773,0.072,,0.0291,0.027,,0.0918,0.085,,REG,REG,0.0401,0.037,,0.2052,0.19,,REG,REG,0.268,0.248,,0.019,0.018,,REG,REG,0.0511,0.047,,REG,REG,0.0712,0.066,,REG,REG,0.0439,0.041,,LOD,LOD,0.1019,0.094,,LOD,LOD,0.1068,0.099,,REG,REG,0.1026,0.095,,REG,REG,0.1689,0.156,,0.1798,0.167,,0.4164,0.386,,REG,REG,0.5535,0.513,,REG,REG,1.306,1.21,CHECK,REG,REG,0.1027,0.095,,REG,REG,0.7884,0.73,CHECK,REG,REG,0.0506,0.047,,REG,REG,0.0065,0.006,,LOD,LOD,0.0551,0.051,,REG,REG,0.0018,0.002,,ND,ND,0.0121,0.011,,REG,REG,0.0184,0.017,,0.1902,0.176,,REG,REG,0.0721,0.067,,REG,REG,0.0098,0.009,,0.042,0.039,
24th & Ritner292023,8,24th & Ritner,stationary,"39.92296389, -75.186874",39.92296389,-75.186874,#F8766D,Non-Industrial,Residential,High,Fire station,HighT/NoI,P726602,P726602 072723 071923 Ritner 1WK DS,P726602 072723 071923 Ritner 1WK DS.D,7/27/23,7/19/23,sample,7/12/23,7/19/23,9285,14.3,292023,1,1.9725,1.831,CHECK,0.6435,0.597,,REG,REG,0.308,0.286,,0.5269,0.489,,1.0705,0.993,CHECK,REG,REG,0.1461,0.136,,LOD,LOD,0.0079,0.007,,ND,ND,0.1062,0.099,,0.2432,0.226,,0.0872,0.081,,0.3209,0.298,,REG,REG,0.14,0.13,,0.6241,0.579,,REG,REG,0.708,0.657,CHECK,0.3099,0.288,,REG,REG,0.2721,0.252,,REG,REG,0.2756,0.256,,LOD,LOD,0.1928,0.179,,LOD,LOD,0.454,0.421,,LOD,LOD,0.3267,0.303,,LOD,LOD,0.2819,0.262,,LOD,LOD,0.462,0.429,,0.6326,0.587,,1.2208,1.133,CHECK,REG,REG,1.9745,1.832,CHECK,REG,REG,4.5316,4.206,CHECK,REG,REG,0.3965,0.368,,REG,REG,2.5939,2.407,CHECK,REG,REG,0.0638,0.059,,LOD,LOD,0.0052,0.005,,ND,ND,0.1236,0.115,,REG,REG,0.0018,0.002,,ND,ND,0.0283,0.026,,REG,REG,0.0428,0.04,,0.554,0.514,,REG,REG,0.072,0.067,,REG,REG,0.0342,0.032,,0.2002,0.001,CHECK
24th & Ritner302023,8,24th & Ritner,stationary,"39.92296389, -75.186874",39.92296389,-75.186874,#F8766D,Non-Industrial,Residential,High,Fire station,HighT/NoI,P726617,P726617 072823 072623 Ritner 1WK DS,P726617 072823 072623 Ritner 1WK DS.D,7/28/23,7/26/23,sample,7/19/23,7/26/23,9529,14.3,302023,1,1.118,1.118,,0.4863,0.486,,REG,REG,0.1876,0.188,,0.3159,0.316,,0.8196,0.82,,REG,REG,0.0854,0.085,,LOD,LOD,0.0077,0.008,,ND,ND,0.0095,0.009,,0.1316,0.132,,0.0566,0.057,,0.1876,0.188,,REG,REG,0.0455,0.045,,0.3177,0.318,,REG,REG,0.3397,0.34,,0.1948,0.195,,REG,REG,0.14,0.14,,REG,REG,0.1587,0.159,,LOD,LOD,0.1473,0.147,,LOD,LOD,0.2422,0.242,,LOD,LOD,0.1364,0.136,,LOD,LOD,0.1248,0.124,,LOD,LOD,0.2501,0.25,,0.2633,0.263,,0.6405,0.641,,REG,REG,0.9235,0.911,,REG,REG,2.5576,2.573,,REG,REG,0.4026,0.412,,REG,REG,0.8688,0.869,,REG,REG,0.0621,0.067,,LOD,LOD,0.0424,0.047,,LOD,LOD,0.0958,0.094,,LOD,LOD,0.0017,0.002,,ND,ND,5.00E-04,0,,ND,ND,0.0417,0.042,,0.5398,0.54,,REG,REG,0.0701,0.07,,REG,REG,0.0333,0.033,,0.1787,0.179,
24th & Ritner312023,8,24th & Ritner,stationary,"39.92296389, -75.186874",39.92296389,-75.186874,#F8766D,Non-Industrial,Residential,High,Fire station,HighT/NoI,P726655,P726655 081023 080223 Ritner 1WK SS,P726655 081023 080223 Ritner 1WK SS.D,8/10/23,8/2/23,sample,7/26/23,8/2/23,10070,2,312023,1,0.5946,0.595,,0.2452,0.246,,REG,REG,0.0993,0.099,,0.162,0.162,,0.3719,0.372,,REG,REG,0.0452,0.045,,REG,REG,0.0333,0.033,,REG,REG,0.0308,0.031,,0.0796,0.08,,0.0294,0.029,,0.0897,0.09,,REG,REG,0.0421,0.042,,0.1559,0.156,,REG,REG,0.1854,0.185,,0.1009,0.101,,REG,REG,0.0745,0.074,,REG,REG,0.0888,0.089,,REG,REG,0.0868,0.087,,REG,REG,0.139,0.139,,REG,REG,0.1023,0.102,,REG,REG,0.0859,0.086,,REG,REG,0.1456,0.146,,0.183,0.183,,0.3391,0.339,,REG,REG,0.387,0.387,,REG,REG,1.0151,1.007,,REG,REG,0.0906,0.082,,REG,REG,0.5227,0.523,,REG,REG,0.0514,0.046,,REG,REG,0.0133,0.006,,LOD,LOD,0.0602,0.059,,REG,REG,0.0016,0.002,,ND,ND,0.0091,0.009,,REG,REG,0.0166,0.017,,0.2,0.2,,REG,REG,0.0371,0.037,,REG,REG,0.0177,0.018,,0.0709,0.071,
24th & Ritner332023,8,24th & Ritner,stationary,"39.92296389, -75.186874",39.92296389,-75.186874,#F8766D,Non-Industrial,Residential,High,Fire station,HighT/NoI,P726650,P726650 082423 081623 Ritner SS,P726650 082423 081623 Ritner SS.D,8/24/23,8/16/23,sample,8/9/23,8/16/23,10189,1.3,332023,1,0.6504,0.65,,0.2475,0.249,,REG,REG,0.1212,0.121,,0.1746,0.175,,0.5007,0.501,,REG,REG,0.0436,0.044,,REG,REG,0.0072,0.007,,ND,ND,0.0308,0.031,,0.0822,0.082,,0.0331,0.033,,0.0837,0.084,,REG,REG,0.0425,0.043,,0.1911,0.191,,REG,REG,0.2146,0.215,,0.1404,0.14,,REG,REG,0.1006,0.101,,REG,REG,0.0978,0.098,,REG,REG,0.111,0.111,,REG,REG,0.1528,0.153,,REG,REG,0.1663,0.166,,REG,REG,0.087,0.087,,REG,REG,0.1531,0.153,,0.1613,0.161,,0.3501,0.35,,REG,REG,0.3991,0.399,,REG,REG,1.0509,1.051,,REG,REG,0.0955,0.095,,REG,REG,0.4298,0.43,,REG,REG,0.0857,0.086,,REG,REG,0.0214,0.021,,REG,REG,0.1051,0.105,,REG,REG,0.0016,0.002,,ND,ND,5.00E-04,0,,ND,ND,0.0142,0.014,,0.1652,0.165,,REG,REG,0.0417,0.042,,REG,REG,0.0113,0.011,,0.0668,0.067,
24th & Ritner352023,8,24th & Ritner,stationary,"39.92296389, -75.186874",39.92296389,-75.186874,#F8766D,Non-Industrial,Residential,High,Fire station,HighT/NoI,P733864,P733864 090723 083023 Ritner SS,P733864 090723 083023 Ritner SS.D,9/7/23,8/30/23,sample,8/23/23,8/30/23,10038,2,352023,1,0.5052,0.511,,0.2117,0.216,,REG,REG,0.0992,0.1,,0.1359,0.136,,0.3434,0.348,,REG,REG,0.0378,0.038,,REG,REG,0.0273,0.027,,LOD,LOD,0.0223,0.027,,0.0664,0.066,,0.0301,0.029,,0.0747,0.073,,REG,REG,0.0357,0.036,,0.1232,0.131,,REG,REG,0.1799,0.179,,0.0097,0.059,,ND,REG,0.0176,0.046,,REG,REG,0.064,0.07,,REG,REG,0.0149,0.015,,ND,ND,0.1002,0.106,,REG,REG,0.1087,0.109,,REG,REG,0.0818,0.082,,REG,REG,0.1262,0.126,,0.1397,0.137,,0.3159,0.316,,REG,REG,0.3763,0.376,,REG,REG,1.0437,1.044,,REG,REG,0.0873,0.087,,REG,REG,0.367,0.367,,REG,REG,0.0391,0.039,,REG,REG,0.0106,0.011,,LOD,LOD,0.0387,0.039,,REG,REG,0.0016,0.002,,ND,ND,5.00E-04,0,,ND,ND,0.0097,0.011,,0.2007,0.201,,REG,REG,0.0372,0.037,,REG,REG,0.0089,0.009,,0.0569,0.057,
24th & Ritner362023,8,24th & Ritner,stationary,"39.92296389, -75.186874",39.92296389,-75.186874,#F8766D,Non-Industrial,Residential,High,Fire station,HighT/NoI,P726667,P726667 090823 090623 Ritner SS,P726667 090823 090623 Ritner SS.D,9/8/23,9/6/23,sample,8/30/23,9/6/23,10068,2,362023,1,0.5321,0.532,,0.2297,0.231,,REG,REG,0.0939,0.094,,0.1459,0.146,,0.4015,0.402,,REG,REG,0.0377,0.038,,REG,REG,0.0303,0.03,,REG,REG,0.0223,0.022,,0.0662,0.066,,0.03,0.03,,0.0828,0.083,,REG,REG,0.0356,0.036,,0.1869,0.187,,REG,REG,0.2124,0.212,,0.1163,0.116,,REG,REG,0.1004,0.1,,REG,REG,0.088,0.088,,REG,REG,0.0877,0.088,,REG,REG,0.1396,0.14,,REG,REG,0.1385,0.138,,REG,REG,0.0815,0.082,,REG,REG,0.1655,0.166,,0.186,0.186,,0.4118,0.412,,REG,REG,0.3956,0.396,,REG,REG,1.1351,1.135,,REG,REG,0.0763,0.076,,REG,REG,0.575,0.575,,REG,REG,0.0066,0.007,,ND,ND,0.0048,0.005,,ND,ND,0.0483,0.048,,REG,REG,0.0016,0.002,,ND,ND,5.00E-04,0,,ND,ND,0.0207,0.021,,0.1858,0.186,,REG,REG,0.0278,0.028,,REG,REG,0.0088,0.009,,0.0426,0.043,
24th & Ritner392023,8,24th & Ritner,stationary,"39.92296389, -75.186874",39.92296389,-75.186874,#F8766D,Non-Industrial,Residential,High,Fire station,HighT/NoI,P733893,P733893 092923 092723 Ritner SS,P733893 092923 092723 Ritner SS RENAME.D,9/29/23,9/27/23,sample,9/20/23,9/27/23,9988,2,392023,1,0.565,0.565,,0.2816,0.283,,REG,REG,0.0847,0.085,,0.1208,0.121,,0.392,0.392,,REG,REG,0.019,0.019,,LOD,LOD,0.0122,0.012,,LOD,LOD,0.0121,0.012,,0.0457,0.046,,0.0189,0.019,,0.0501,0.05,,REG,REG,0.0238,0.024,,0.1109,0.111,,REG,REG,0.1541,0.154,,0.0266,0.027,,REG,REG,0.0386,0.039,,REG,REG,0.0448,0.045,,LOD,LOD,0.0126,0.013,,LOD,LOD,0.0339,0.034,,LOD,LOD,0.0546,0.055,,REG,REG,0.0622,0.062,,REG,REG,0.1001,0.1,,0.0697,0.07,,0.232,0.232,,REG,REG,0.3166,0.317,,REG,REG,0.9154,0.915,,REG,REG,0.145,0.145,,REG,REG,0.2108,0.211,,REG,REG,0.0278,0.028,,REG,REG,0.0049,0.005,,ND,ND,0.0126,0.013,,REG,REG,0.0017,0.002,,ND,ND,5.00E-04,0,,ND,ND,0.032,0.032,,0.2881,0.288,,REG,REG,0.0374,0.037,,REG,REG,0.0178,0.018,,0.1621,0.162,
24th & Ritner402023,8,24th & Ritner,stationary,"39.92296389, -75.186874",39.92296389,-75.186874,#F8766D,Non-Industrial,Residential,High,Fire station,HighT/NoI,P733886,P733886 101223 100423 Ritner SS,P733886 101223 100423 Ritner SS.D,10/12/23,10/4/23,sample,9/27/23,10/4/23,10146,2,402023,1,0.942,0.942,,0.3912,0.392,,REG,REG,0.1375,0.137,,0.2023,0.202,,0.5473,0.547,,REG,REG,0.0411,0.041,,REG,REG,0.027,0.027,,LOD,LOD,0.034,0.034,,0.083,0.083,,0.0372,0.037,,0.106,0.106,,REG,REG,0.0418,0.042,,0.2626,0.263,,REG,REG,0.3745,0.375,,0.1122,0.112,,REG,REG,0.1031,0.103,,REG,REG,0.1389,0.139,,REG,REG,0.0495,0.05,,LOD,LOD,0.1446,0.145,,REG,REG,0.3345,0.335,,REG,REG,0.1443,0.144,,REG,REG,0.203,0.203,,0.2087,0.209,,0.4688,0.469,,REG,REG,0.6874,0.687,,REG,REG,1.9337,1.934,,REG,REG,0.2112,0.211,,ULOD,ULOD,0.6733,0.673,,REG,REG,0.0736,0.074,,REG,REG,0.0053,0.005,,REG,REG,0.0034,0.003,,ND,ND,0.0016,0.002,,ND,ND,5.00E-04,0,,ND,ND,0.0263,0.026,,0.2553,0.255,,REG,REG,0.0368,0.037,,REG,REG,0.0175,0.018,,0.0657,0.066,
24th & Ritner412023,8,24th & Ritner,stationary,"39.92296389, -75.186874",39.92296389,-75.186874,#F8766D,Non-Industrial,Residential,High,Fire station,HighT/NoI,P733861,P733861 101323 101123 Ritner SS,P733861 101323 101123 Ritner SS.D,10/13/23,10/11/23,sample,10/4/23,10/11/23,9974,1.99,412023,1,0.9035,0.903,,0.4269,0.428,,REG,REG,0.1342,0.134,,0.1995,0.2,,0.5242,0.524,,REG,REG,0.0416,0.042,,REG,REG,0.0335,0.033,,REG,REG,0.0378,0.038,,0.0875,0.088,,0.0414,0.041,,0.0989,0.099,,REG,REG,0.0484,0.048,,0.2142,0.214,,REG,REG,0.4123,0.412,,0.1417,0.142,,REG,REG,0.0834,0.083,,REG,REG,0.1552,0.155,,REG,REG,0.0932,0.093,,REG,REG,0.1662,0.166,,REG,REG,0.1391,0.139,,REG,REG,0.0863,0.086,,REG,REG,0.1922,0.192,,0.1526,0.153,,0.438,0.438,,REG,REG,0.7674,0.767,,REG,REG,2.0902,2.09,,REG,REG,0.2138,0.214,,ULOD,ULOD,0.461,0.461,,REG,REG,0.0515,0.051,,REG,REG,0.012,0.012,,REG,REG,0.0186,0.019,,REG,REG,0.0017,0.002,,ND,ND,5.00E-04,0,,ND,ND,0.0211,0.021,,0.0144,0.014,,LOD,LOD,0.0839,0.084,,REG,REG,0.0177,0.018,,0.114,0.114,
24th & Ritner422023,8,24th & Ritner,stationary,"39.92296389, -75.186874",39.92296389,-75.186874,#F8766D,Non-Industrial,Residential,High,Fire station,HighT/NoI,P733887,P733887 102623 101823 Ritner SS RENAME,P733887 102623 101823 Ritner SS RENAME.D,10/26/23,10/18/23,sample,10/11/23,10/18/23,10046,2,422023,1,0.7807,0.781,,0.3017,0.303,,REG,REG,0.119,0.119,,0.1676,0.168,,0.4342,0.434,,REG,REG,0.0264,0.026,,LOD,LOD,0.0182,0.018,,LOD,LOD,0.0206,0.021,,0.0594,0.059,,0.0338,0.034,,0.0738,0.074,,REG,REG,0.0302,0.03,,0.1496,0.15,,REG,REG,0.2455,0.246,,0.0232,0.023,,REG,REG,0.0419,0.042,,REG,REG,0.0578,0.058,,REG,REG,0.0231,0.023,,LOD,LOD,0.0531,0.053,,LOD,LOD,0.1327,0.133,,REG,REG,0.0861,0.086,,REG,REG,0.152,0.152,,0.1288,0.129,,0.352,0.352,,REG,REG,0.5615,0.562,,REG,REG,1.5168,1.517,,REG,REG,0.1413,0.141,,ULOD,ULOD,0.3657,0.366,,REG,REG,0.04,0.04,,REG,REG,0.0053,0.005,,REG,REG,0.0121,0.012,,LOD,LOD,0.0016,0.002,,ND,ND,5.00E-04,0,,ND,ND,0.0321,0.032,,0.3294,0.329,,REG,REG,0.0465,0.047,,REG,REG,0.0177,0.018,,0.128,0.128,
24th & Ritner432023,8,24th & Ritner,stationary,"39.92296389, -75.186874",39.92296389,-75.186874,#F8766D,Non-Industrial,Residential,High,Fire station,HighT/NoI,P726654,P726654 102723 102523 Ritner SS,P726654 102723 102523 Ritner SS.D,10/27/23,10/25/23,sample,10/18/23,10/25/23,10052,2,432023,1,3.2673,3.267,,0.6933,0.695,,REG,REG,0.4521,0.452,,0.6231,0.623,,1.4372,1.437,,REG,REG,0.0717,0.072,,REG,REG,0.0576,0.058,,REG,REG,0.0652,0.065,,0.1955,0.195,,0.1314,0.131,,0.2727,0.273,,REG,REG,0.0965,0.096,,0.7464,0.746,,REG,REG,1.3463,1.346,,0.118,0.118,,REG,REG,0.1787,0.179,,REG,REG,0.1645,0.165,,REG,REG,0.0554,0.055,,REG,REG,0.1525,0.153,,REG,REG,0.2713,0.271,,REG,REG,0.2748,0.275,,REG,REG,0.8217,0.822,,0.6554,0.655,,1.8441,1.844,,REG,REG,2.0407,2.041,,ULOD,ULOD,3.7898,3.79,,ULOD,ULOD,0.1413,0.141,,ULOD,ULOD,2.0933,2.093,,ULOD,ULOD,0.223,0.223,,REG,REG,0.0855,0.085,,REG,REG,0.0034,0.003,,ND,ND,0.0016,0.002,,ND,ND,5.00E-04,0,,ND,ND,0.021,0.021,,0.2863,0.286,,REG,REG,0.0558,0.056,,REG,REG,0.0177,0.018,,0.1326,0.133,
24th & Ritner442023,8,24th & Ritner,stationary,"39.92296389, -75.186874",39.92296389,-75.186874,#F8766D,Non-Industrial,Residential,High,Fire station,HighT/NoI,P726608,P726608 110923 110123 Ritner SS,P726608 110923 110123 Ritner SS.D,11/9/23,11/1/23,sample,10/25/23,11/1/23,9636,2,442023,1,2.8294,2.633,CHECK,0.5935,0.547,,REG,REG,0.3829,0.357,,0.5517,0.513,,1.2758,1.185,CHECK,REG,REG,0.1142,0.106,,REG,REG,0.0949,0.088,,REG,REG,0.0895,0.083,,0.2367,0.22,,0.1253,0.117,,0.3364,0.313,,REG,REG,0.1321,0.123,,0.7244,0.668,CHECK,REG,REG,1.0786,1.004,CHECK,0.2342,0.174,CHECK,REG,REG,0.2746,0.238,,REG,REG,0.1949,0.179,,REG,REG,0.0802,0.075,,REG,REG,0.2152,0.193,,REG,REG,0.478,0.445,,REG,REG,0.2314,0.215,,REG,REG,0.6365,0.592,,0.8656,0.807,CHECK,1.4174,1.319,CHECK,REG,REG,1.9265,1.793,CHECK,REG,REG,3.9534,3.679,CHECK,ULOD,ULOD,0.1465,0.137,,ULOD,ULOD,1.8352,1.707,CHECK,REG,REG,0.1944,0.172,,REG,REG,0.039,0.025,,REG,REG,0.0136,0.012,,LOD,LOD,0.0017,0.002,,ND,ND,0.0152,0.014,,REG,REG,0.0213,0.02,,0.2837,0.264,,REG,REG,0.0475,0.045,,REG,REG,0.0231,0.021,,0.1334,0.124,
24th & Ritner452023,8,24th & Ritner,stationary,"39.92296389, -75.186874",39.92296389,-75.186874,#F8766D,Non-Industrial,Residential,High,Fire station,HighT/NoI,P726670,P726670 111023 110823 Ritner SS,P726670 111023 110823 Ritner SS.D,11/10/23,11/8/23,sample,11/1/23,11/8/23,9876,2,452023,1,2.2038,2.204,,0.7056,0.706,,REG,REG,0.3129,0.313,,0.4263,0.426,,0.982,0.982,,REG,REG,0.0845,0.085,,REG,REG,0.0587,0.059,,REG,REG,0.0663,0.066,,0.1776,0.178,,0.0879,0.088,,0.2354,0.235,,REG,REG,0.1043,0.104,,0.5892,0.589,,REG,REG,0.9106,0.911,,0.2768,0.277,,REG,REG,0.251,0.251,,REG,REG,0.1902,0.19,,REG,REG,0.0673,0.067,,REG,REG,0.1627,0.163,,REG,REG,0.2946,0.295,,REG,REG,0.2022,0.202,,REG,REG,0.54,0.54,,0.5706,0.571,,1.1978,1.198,,REG,REG,1.8486,1.849,,REG,REG,3.8574,3.857,,ULOD,ULOD,0.1429,0.143,,ULOD,ULOD,1.4176,1.418,,REG,REG,0.1432,0.143,,REG,REG,0.0381,0.038,,REG,REG,0.0133,0.013,,LOD,LOD,0.0017,0.002,,ND,ND,0.0093,0.009,,REG,REG,0.0377,0.038,,0.2768,0.277,,REG,REG,0.0464,0.046,,REG,REG,0.027,0.027,,0.1254,0.125,
24th & Ritner462023,8,24th & Ritner,stationary,"39.92296389, -75.186874",39.92296389,-75.186874,#F8766D,Non-Industrial,Residential,High,Fire station,HighT/NoI,P733861,P733861 112423 111523 Ritner SS,P733861 112423 111523 Ritner SS.D,11/24/23,11/15/23,sample,11/8/23,11/15/23,10163,2,462023,1,1.1435,1.144,,0.5258,0.526,,REG,REG,0.1564,0.156,,0.2382,0.238,,0.6318,0.632,,REG,REG,0.056,0.056,,REG,REG,0.036,0.036,,REG,REG,0.0373,0.037,,0.0967,0.097,,0.0408,0.041,,0.1468,0.147,,REG,REG,0.0537,0.054,,0.306,0.306,,REG,REG,0.4979,0.498,,0.1799,0.18,,REG,REG,0.1496,0.15,,REG,REG,0.1464,0.146,,REG,REG,0.0282,0.028,,LOD,LOD,0.0925,0.092,,REG,REG,0.1491,0.149,,REG,REG,0.1048,0.105,,REG,REG,0.3083,0.308,,0.3577,0.358,,0.72,0.72,,REG,REG,1.0395,1.039,,REG,REG,2.6801,2.68,,REG,REG,0.21,0.21,,ULOD,ULOD,0.9218,0.922,,REG,REG,0.0599,0.06,,REG,REG,0.0238,0.024,,REG,REG,0.0034,0.003,,ND,ND,0.0016,0.002,,ND,ND,0.009,0.009,,REG,REG,0.0257,0.026,,0.269,0.269,,REG,REG,0.0451,0.045,,REG,REG,0.0175,0.017,,0.1781,0.178,
24th & Ritner472023,8,24th & Ritner,stationary,"39.92296389, -75.186874",39.92296389,-75.186874,#F8766D,Non-Industrial,Residential,High,Fire station,HighT/NoI,P733882,P733882 112523 112223 Ritner SS,P733882 112523 112223 Ritner SS.D,11/25/23,11/22/23,sample,11/15/23,11/22/23,10124,2,472023,1,1.1691,1.169,,0.5525,0.553,,REG,REG,0.1719,0.172,,0.2495,0.25,,0.7267,0.727,,REG,REG,0.0525,0.052,,REG,REG,0.0361,0.036,,REG,REG,0.0409,0.041,,0.1005,0.101,,0.041,0.041,,0.1309,0.131,,REG,REG,0.0539,0.054,,0.3135,0.314,,REG,REG,0.5327,0.533,,0.1947,0.195,,REG,REG,0.142,0.142,,REG,REG,0.1229,0.123,,REG,REG,0.0336,0.034,,LOD,LOD,0.106,0.106,,REG,REG,0.1616,0.162,,REG,REG,0.1315,0.131,,REG,REG,0.3293,0.329,,0.3126,0.313,,0.7468,0.747,,REG,REG,1.084,1.084,,REG,REG,2.841,2.841,,REG,REG,0.2108,0.211,,ULOD,ULOD,0.8318,0.832,,REG,REG,0.0942,0.094,,REG,REG,0.0305,0.03,,REG,REG,0.0034,0.003,,ND,ND,0.0016,0.002,,ND,ND,5.00E-04,0,,ND,ND,0.0203,0.02,,0.2416,0.242,,REG,REG,0.0452,0.045,,REG,REG,0.0351,0.035,,0.1646,0.165,
24th & Ritner482023,8,24th & Ritner,stationary,"39.92296389, -75.186874",39.92296389,-75.186874,#F8766D,Non-Industrial,Residential,High,Fire station,HighT/NoI,P733898,P733898 120823 112923 Ritner SS,P733898 120823 112923 Ritner SS.D,12/8/23,11/29/23,sample,11/22/23,11/29/23,10003,2,482023,1,0.4949,0.498,,0.378,0.378,,REG,REG,0.0785,0.079,,0.1037,0.105,,0.345,0.348,,REG,REG,0.0228,0.023,,LOD,LOD,0.003,0.003,,LOD,LOD,0.0172,0.017,,0.0421,0.042,,0.0189,0.019,,0.05,0.049,,REG,REG,0.0182,0.018,,0.1251,0.13,,REG,REG,0.2059,0.206,,0.11,0.13,,REG,REG,0.065,0.085,,REG,REG,0.0566,0.056,,REG,REG,0.0216,0.018,,LOD,LOD,0.05,0.047,,LOD,LOD,0.0364,0.036,,LOD,LOD,0.0366,0.037,,LOD,LOD,0.0933,0.093,,0.0823,0.081,,0.2073,0.207,,REG,REG,0.3179,0.318,,REG,REG,0.9483,0.952,,REG,REG,0.1267,0.125,,REG,REG,0.1894,0.189,,REG,REG,0.0735,0.072,,REG,REG,0.0101,0.011,,LOD,LOD,0.0034,0.003,,ND,ND,0.0016,0.002,,ND,ND,5.00E-04,0,,ND,ND,0.0255,0.026,,0.2877,0.288,,REG,REG,0.0374,0.036,,REG,REG,0.0133,0.013,,0.0952,0.095,
24th & Ritner492023,8,24th & Ritner,stationary,"39.92296389, -75.186874",39.92296389,-75.186874,#F8766D,Non-Industrial,Residential,High,Fire station,HighT/NoI,P726648,P726648 120923 120623 Ritner SS,P726648 120923 120623 Ritner SS.D,12/9/23,12/6/23,sample,11/29/23,12/6/23,9512,2,492023,1,1.2713,1.182,CHECK,0.6669,0.621,,REG,REG,0.1929,0.179,,0.2639,0.245,,0.8728,0.811,CHECK,REG,REG,0.0519,0.048,,REG,REG,0.0321,0.03,,REG,REG,0.0399,0.037,,0.1107,0.103,,0.0476,0.044,,0.1402,0.13,,REG,REG,0.0573,0.053,,0.369,0.343,,REG,REG,0.595,0.553,,0.1707,0.159,,REG,REG,0.1121,0.104,,REG,REG,0.1364,0.127,,REG,REG,0.0625,0.058,,REG,REG,0.1297,0.121,,REG,REG,0.1019,0.095,,REG,REG,0.1224,0.114,,REG,REG,0.3294,0.306,,0.235,0.218,,0.7308,0.679,CHECK,REG,REG,1.0028,0.932,CHECK,REG,REG,2.7794,2.584,CHECK,REG,REG,0.226,0.21,,ULOD,ULOD,0.5533,0.514,,REG,REG,0.0069,0.006,,ND,ND,0.0247,0.023,,REG,REG,0.0138,0.013,,LOD,LOD,0.0017,0.002,,ND,ND,5.00E-04,0,,ND,ND,0.021,0.02,,0.2723,0.253,,REG,REG,0.0491,0.046,,REG,REG,0.0234,0.022,,0.0851,0.079,
24th & Ritner502023,8,24th & Ritner,stationary,"39.92296389, -75.186874",39.92296389,-75.186874,#F8766D,Non-Industrial,Residential,High,Fire station,HighT/NoI,P733869,P733869 122123 121323 Ritner SS,P733869 122123 121323 Ritner SS.D,12/21/23,12/13/23,sample,12/6/23,12/13/23,9442,2,502023,1,1.2354,1.148,CHECK,0.6057,0.564,,REG,REG,0.189,0.176,,0.2603,0.242,,0.7891,0.733,CHECK,REG,REG,0.0563,0.052,,REG,REG,0.0355,0.033,,REG,REG,0.0438,0.041,,0.1115,0.104,,0.048,0.045,,0.1324,0.123,,REG,REG,0.0514,0.048,,0.3239,0.301,,REG,REG,0.5641,0.524,,0.2325,0.216,,REG,REG,0.135,0.125,,REG,REG,0.1633,0.152,,REG,REG,0.0744,0.069,,REG,REG,0.1659,0.154,,REG,REG,0.122,0.113,,REG,REG,0.1516,0.141,,REG,REG,0.346,0.321,,0.2243,0.208,,0.7233,0.672,CHECK,REG,REG,1.2275,1.14,CHECK,REG,REG,3.264,3.033,CHECK,REG,REG,0.1511,0.14,,ULOD,ULOD,0.7358,0.684,CHECK,REG,REG,0.007,0.007,,ND,ND,0.0391,0.036,,REG,REG,0.0139,0.013,,LOD,LOD,0.0017,0.002,,ND,ND,5.00E-04,0,,ND,ND,0.0212,0.02,,0.3962,0.368,,REG,REG,0.0594,0.055,,REG,REG,0.0235,0.022,,0.2421,0.225,
24th & Ritner512023,8,24th & Ritner,stationary,"39.92296389, -75.186874",39.92296389,-75.186874,#F8766D,Non-Industrial,Residential,High,Fire station,HighT/NoI,P726670,P726670 122123 122023 Ritner SS,P726670 122123 122023 Ritner SS.D,12/21/23,12/20/23,sample,12/13/23,12/20/23,9867,2,512023,1,0.8347,0.835,,0.5099,0.511,,REG,REG,0.1252,0.125,,0.1798,0.18,,0.5697,0.57,,REG,REG,0.0423,0.042,,REG,REG,0.0278,0.028,,LOD,LOD,0.028,0.028,,0.0747,0.075,,0.0306,0.031,,0.0929,0.093,,REG,REG,0.0369,0.037,,0.2315,0.231,,REG,REG,0.4588,0.459,,0.1211,0.121,,REG,REG,0.0743,0.074,,REG,REG,0.1266,0.127,,REG,REG,0.0548,0.055,,LOD,LOD,0.125,0.125,,REG,REG,0.1106,0.111,,REG,REG,0.1349,0.135,,REG,REG,0.2567,0.257,,0.1669,0.167,,0.5315,0.531,,REG,REG,1.0499,1.05,,REG,REG,2.7953,2.795,,REG,REG,0.1446,0.145,,ULOD,ULOD,0.5654,0.565,,REG,REG,0.0746,0.075,,REG,REG,0.0306,0.031,,REG,REG,0.0035,0.003,,ND,ND,0.0017,0.002,,ND,ND,5.00E-04,0,,ND,ND,0.0259,0.026,,0.35,0.35,,REG,REG,0.0379,0.038,,REG,REG,0.0225,0.023,,0.2123,0.212,
24th & Ritner22024,8,24th & Ritner,stationary,"39.92296389, -75.186874",39.92296389,-75.186874,#F8766D,Non-Industrial,Residential,High,Fire station,HighT/NoI,P726658,P726658 011724 011024 Ritner SS,P726658 011724 011024 Ritner SS.D,1/17/24,1/10/24,sample,1/3/24,1/10/24,10067,2,22024,1,0.6634,0.663,,0.6426,0.643,,REG,REG,0.1242,0.124,,0.1521,0.152,,0.6108,0.611,,REG,REG,0.0302,0.03,,LOD,LOD,0.0182,0.018,,LOD,LOD,0.024,0.024,,0.062,0.062,,0.0296,0.03,,0.0737,0.074,,REG,REG,0.0301,0.03,,0.2307,0.231,,REG,REG,0.3781,0.378,,0.1906,0.191,,REG,REG,0.1287,0.129,,REG,REG,0.0775,0.078,,REG,REG,0.0236,0.024,,LOD,LOD,0.0642,0.064,,LOD,LOD,0.0963,0.096,,REG,REG,0.0902,0.09,,REG,REG,0.2682,0.268,,0.1461,0.146,,0.5766,0.577,,REG,REG,0.6724,0.672,,REG,REG,2.5184,2.518,,REG,REG,0.0397,0.04,,ULOD,ULOD,0.4256,0.426,,REG,REG,0.0422,0.042,,REG,REG,0.0267,0.027,,REG,REG,0.0034,0.003,,ND,ND,0.0016,0.002,,ND,ND,5.00E-04,0,,ND,ND,0.0143,0.014,,0.3001,0.3,,REG,REG,0.0325,0.032,,REG,REG,0.0163,0.016,,0.1083,0.108,
24th & Ritner32024,8,24th & Ritner,stationary,"39.92296389, -75.186874",39.92296389,-75.186874,#F8766D,Non-Industrial,Residential,High,Fire station,HighT/NoI,P733865,P733865 012524 011724 Ritner SS,P733865 012524 011724 Ritner SS.D,1/25/24,1/17/24,sample,1/10/24,1/17/24,9673,2,32024,1,0.5871,0.546,,0.5589,0.52,,REG,REG,0.1034,0.096,,0.1311,0.122,,0.4421,0.411,,REG,REG,0.0235,0.022,,LOD,LOD,0.0158,0.015,,LOD,LOD,0.0214,0.02,,0.0537,0.05,,0.0191,0.018,,0.0508,0.047,,REG,REG,0.0251,0.023,,0.1801,0.168,,REG,REG,0.3384,0.315,,0.1245,0.116,,REG,REG,0.0823,0.077,,REG,REG,0.0555,0.052,,REG,REG,0.019,0.018,,LOD,LOD,0.0531,0.049,,LOD,LOD,0.0689,0.064,,REG,REG,0.0561,0.052,,REG,REG,0.1689,0.157,,0.0912,0.085,,0.3732,0.347,,REG,REG,0.5938,0.553,,REG,REG,1.6954,1.578,CHECK,REG,REG,0.1534,0.143,,ULOD,ULOD,0.3232,0.301,,REG,REG,0.0915,0.085,,REG,REG,0.0208,0.019,,REG,REG,0.0036,0.003,,ND,ND,0.0017,0.002,,ND,ND,5.00E-04,0,,ND,ND,0.0149,0.014,,0.3867,0.36,,REG,REG,0.0338,0.031,,REG,REG,0.0124,0.012,,0.3146,0.293,
24th & Ritner42024,8,24th & Ritner,stationary,"39.92296389, -75.186874",39.92296389,-75.186874,#F8766D,Non-Industrial,Residential,High,Fire station,HighT/NoI,P733890,P733890 012624 012424 Ritner SS,P733890 012624 012424 Ritner SS.D,1/26/24,1/24/24,sample,1/17/24,1/24/24,9623,2,42024,1,0.8276,0.828,,0.7047,0.705,,REG,REG,0.1403,0.14,,0.181,0.181,,0.6744,0.674,,REG,REG,0.0355,0.035,,LOD,LOD,0.0222,0.022,,LOD,LOD,0.0287,0.029,,0.0795,0.079,,0.031,0.031,,0.0857,0.086,,REG,REG,0.0378,0.038,,0.2615,0.261,,REG,REG,0.4995,0.499,,0.1301,0.13,,REG,REG,0.0957,0.096,,REG,REG,0.0862,0.086,,REG,REG,0.0191,0.019,,LOD,LOD,0.0741,0.074,,LOD,LOD,0.1008,0.101,,REG,REG,0.0737,0.074,,REG,REG,0.2598,0.26,,0.1528,0.153,,0.6032,0.603,,REG,REG,0.874,0.874,,REG,REG,2.4366,2.437,,REG,REG,0.1542,0.154,,ULOD,ULOD,0.5437,0.544,,REG,REG,0.1159,0.116,,REG,REG,0.0418,0.042,,REG,REG,0.0112,0.011,,REG,REG,0.0017,0.002,,ND,ND,0.0057,0.006,,REG,REG,0.015,0.015,,0.3289,0.329,,REG,REG,0.0437,0.044,,REG,REG,0.0125,0.012,,0.2766,0.277,
24th & Ritner52024,8,24th & Ritner,stationary,"39.92296389, -75.186874",39.92296389,-75.186874,#F8766D,Non-Industrial,Residential,High,Fire station,HighT/NoI,P733897,P733897 020824 013124 Ritner SS,P733897 020824 013124 Ritner SS.D,2/8/24,1/31/24,sample,1/24/24,1/31/24,10099,2,52024,1,1.0021,1.002,,0.4301,0.43,,REG,REG,0.1522,0.152,,0.2127,0.213,,0.5823,0.582,,REG,REG,0.0413,0.041,,REG,REG,0.0211,0.021,,LOD,LOD,0.041,0.041,,0.1077,0.108,,0.0374,0.037,,0.099,0.099,,REG,REG,0.048,0.048,,0.2056,0.206,,REG,REG,0.354,0.354,,0.0757,0.076,,REG,REG,0.0761,0.076,,REG,REG,0.093,0.093,,REG,REG,0.0261,0.026,,LOD,LOD,0.0718,0.072,,LOD,LOD,0.06,0.06,,REG,REG,0.0593,0.057,,REG,REG,0.2042,0.204,,0.1274,0.127,,0.4106,0.394,,REG,REG,0.4773,0.477,,REG,REG,1.226,1.152,CHECK,REG,REG,0.174,0.142,,REG,REG,0.2391,0.216,,REG,REG,0.079,0.088,,REG,REG,0.0116,0.013,,LOD,LOD,0.0034,0.003,,ND,ND,0.0016,0.002,,ND,ND,0.0091,0.009,,REG,REG,0.0254,0.025,,0.3419,0.342,,REG,REG,0.044,0.042,,REG,REG,0.0264,0.026,,0.0519,0.052,
24th & Ritner62024,8,24th & Ritner,stationary,"39.92296389, -75.186874",39.92296389,-75.186874,#F8766D,Non-Industrial,Residential,High,Fire station,HighT/NoI,P726602,P726602 021524 020724 Ritner SS,P726602 021524 020724 Ritner SS.D,2/15/24,2/7/24,sample,1/31/24,2/7/24,10188,2,62024,1,0.741,0.741,,0.6779,0.678,,REG,REG,0.1215,0.121,,0.1592,0.159,,0.6273,0.627,,REG,REG,0.0224,0.022,,LOD,LOD,0.018,0.018,,LOD,LOD,0.0203,0.02,,0.0517,0.052,,0.0333,0.033,,0.0736,0.074,,REG,REG,0.0297,0.03,,0.2545,0.254,,REG,REG,0.4098,0.41,,0.0704,0.07,,REG,REG,0.0713,0.071,,REG,REG,0.0826,0.083,,REG,REG,0.0418,0.042,,LOD,LOD,0.1104,0.11,,REG,REG,0.0595,0.059,,REG,REG,0.0751,0.075,,REG,REG,0.1894,0.189,,0.1032,0.103,,0.419,0.419,,REG,REG,0.6644,0.664,,REG,REG,1.6079,1.608,,REG,REG,0.213,0.213,,ULOD,ULOD,0.4436,0.444,,REG,REG,0.0065,0.006,,ND,ND,0.0115,0.012,,LOD,LOD,0.0034,0.003,,ND,ND,0.0016,0.002,,ND,ND,0.009,0.009,,REG,REG,0.0089,0.009,,0.4237,0.424,,REG,REG,0.0436,0.044,,REG,REG,0.0262,0.026,,0.2197,0.22,
24th & Ritner72024,8,24th & Ritner,stationary,"39.92296389, -75.186874",39.92296389,-75.186874,#F8766D,Non-Industrial,Residential,High,Fire station,HighT/NoI,P726648,P726648 021624 021424 Ritner SS,P726648 021624 021424 Ritner SS.D,2/16/24,2/14/24,sample,2/7/24,2/14/24,9909,2,72024,1,1.5908,1.591,,1.1763,1.176,,REG,REG,0.2662,0.266,,0.3071,0.307,,1.0916,1.092,,REG,REG,0.0651,0.065,,REG,REG,0.0462,0.046,,REG,REG,0.0452,0.045,,0.1098,0.11,,0.0724,0.072,,0.2271,0.227,,REG,REG,0.0917,0.092,,0.5677,0.568,,REG,REG,0.8788,0.879,,0.1733,0.173,,REG,REG,0.1406,0.141,,REG,REG,0.1489,0.149,,REG,REG,0.0757,0.076,,REG,REG,0.1943,0.194,,REG,REG,0.0138,0.014,,ND,ND,0.1814,0.181,,REG,REG,0.4571,0.457,,0.3436,0.344,,1.0953,1.095,,REG,REG,1.7182,1.718,,REG,REG,3.6523,3.652,,REG,REG,0.219,0.219,,ULOD,ULOD,2.1239,2.124,,ULOD,ULOD,0.1153,0.115,,REG,REG,0.0254,0.025,,REG,REG,0.0083,0.008,,LOD,LOD,0.0017,0.002,,ND,ND,0.013,0.013,,REG,REG,0.0147,0.015,,0.3921,0.392,,REG,REG,0.0542,0.054,,REG,REG,0.0314,0.031,,0.2499,0.25,
24th & Ritner82024,8,24th & Ritner,stationary,"39.92296389, -75.186874",39.92296389,-75.186874,#F8766D,Non-Industrial,Residential,High,Fire station,HighT/NoI,P726653,P726653 022924 022124 Ritner SS,P726653 022924 022124 Ritner SS.D,2/29/24,2/21/24,sample,2/14/24,2/21/24,10115,2,82024,1,0.5627,0.563,,0.5345,0.534,,REG,REG,0.1026,0.103,,0.1239,0.124,,0.4173,0.417,,REG,REG,0.0263,0.026,,LOD,LOD,0.0151,0.015,,LOD,LOD,0.0205,0.02,,0.0451,0.045,,0.0261,0.026,,0.0577,0.058,,REG,REG,0.03,0.03,,0.1798,0.18,,REG,REG,0.2678,0.268,,0.2263,0.226,,REG,REG,0.1295,0.13,,REG,REG,0.0591,0.059,,REG,REG,0.0261,0.026,,LOD,LOD,0.0585,0.058,,LOD,LOD,0.0419,0.042,,LOD,LOD,0.0526,0.053,,REG,REG,0.105,0.105,,0.0923,0.092,,0.217,0.217,,REG,REG,0.4462,0.446,,REG,REG,1.2429,1.243,,REG,REG,0.0837,0.084,,REG,REG,0.2699,0.27,,REG,REG,0.0561,0.056,,REG,REG,0.0182,0.018,,REG,REG,0.0034,0.003,,ND,ND,0.0016,0.002,,ND,ND,0.0073,0.007,,REG,REG,0.0144,0.014,,0.2703,0.27,,REG,REG,0.0346,0.035,,REG,REG,0.0132,0.013,,0.1036,0.104,
24th & Ritner92024,8,24th & Ritner,stationary,"39.92296389, -75.186874",39.92296389,-75.186874,#F8766D,Non-Industrial,Residential,High,Fire station,HighT/NoI,P733866,P733866 030124 022824 Ritner SS,P733866 030124 022824 Ritner SS.D,3/1/24,2/28/24,sample,2/21/24,2/28/24,10098,2,92024,1,0.7405,0.741,,0.4797,0.48,,REG,REG,0.1077,0.108,,0.1606,0.161,,0.498,0.498,,REG,REG,0.0263,0.026,,LOD,LOD,0.0151,0.015,,LOD,LOD,0.0239,0.024,,0.0591,0.059,,0.0262,0.026,,0.0743,0.074,,REG,REG,0.03,0.03,,0.1801,0.18,,REG,REG,0.2748,0.275,,0.1512,0.151,,REG,REG,0.1008,0.101,,REG,REG,0.0543,0.054,,REG,REG,0.0207,0.021,,LOD,LOD,0.052,0.052,,LOD,LOD,0.048,0.048,,LOD,LOD,0.056,0.056,,REG,REG,0.125,0.125,,0.1041,0.104,,0.2657,0.266,,REG,REG,0.4367,0.437,,REG,REG,1.2638,1.264,,REG,REG,0.0731,0.073,,REG,REG,0.1766,0.177,,REG,REG,0.0065,0.007,,ND,ND,0.0183,0.018,,REG,REG,0.0034,0.003,,ND,ND,0.0016,0.002,,ND,ND,5.00E-04,0,,ND,ND,0.0089,0.009,,0.228,0.228,,REG,REG,0.0347,0.035,,REG,REG,0.022,0.022,,0.066,0.066,
24th & Ritner102024,8,24th & Ritner,stationary,"39.92296389, -75.186874",39.92296389,-75.186874,#F8766D,Non-Industrial,Residential,High,Fire station,HighT/NoI,P726615,P726615 031524 030624 Ritner SS,P726615 031524 030624 Ritner SS.D,3/15/24,3/6/24,sample,2/28/24,3/6/24,10122,2,102024,1,0.5688,0.569,,0.4137,0.414,,REG,REG,0.0877,0.088,,0.1186,0.12,,0.4355,0.384,CHECK,REG,REG,0.0225,0.022,,LOD,LOD,0.012,0.012,,LOD,LOD,0.0198,0.02,,0.0518,0.052,,0.0222,0.022,,0.0571,0.057,,REG,REG,0.0239,0.024,,0.1557,0.156,,REG,REG,0.2479,0.248,,0.0696,0.071,,REG,REG,0.0567,0.06,,REG,REG,0.0416,0.043,,LOD,LOD,0.0225,0.023,,LOD,LOD,0.0446,0.044,,LOD,LOD,0.0599,0.06,,REG,REG,0.0522,0.053,,REG,REG,0.1304,0.13,,0.1145,0.114,,0.2991,0.301,,REG,REG,0.3734,0.373,,REG,REG,1.0981,1.11,,REG,REG,0.1347,0.139,,ULOD,ULOD,0.2672,0.268,,REG,REG,0.0593,0.064,,REG,REG,0.0158,0.02,,REG,REG,0.0034,0.003,,ND,ND,0.0016,0.002,,ND,ND,0.009,0.008,,REG,REG,0.0145,0.006,,0.2559,0.256,,REG,REG,0.0267,0.027,,REG,REG,0.013,0.013,,0.107,0.108,
24th & Ritner112024,8,24th & Ritner,stationary,"39.92296389, -75.186874",39.92296389,-75.186874,#F8766D,Non-Industrial,Residential,High,Fire station,HighT/NoI,P733889,P733889 031624 031324 Ritner SS,P733889 031624 031324 Ritner SS.D,3/16/24,3/13/24,sample,3/6/24,3/13/24,9975,2,112024,1,0.9567,0.957,,0.5326,0.533,,REG,REG,0.1341,0.134,,0.1837,0.185,,0.7875,0.735,CHECK,REG,REG,0.0304,0.03,,LOD,LOD,0.0183,0.018,,LOD,LOD,0.027,0.028,,0.0737,0.074,,0.0301,0.03,,0.0831,0.083,,REG,REG,0.0364,0.036,,0.255,0.255,,REG,REG,0.6726,0.673,,0.0324,0.034,,REG,REG,0.0617,0.065,,REG,REG,0.052,0.054,,REG,REG,0.0283,0.029,,LOD,LOD,0.0519,0.051,,LOD,LOD,0.1276,0.128,,REG,REG,0.093,0.093,,REG,REG,0.2726,0.273,,0.1987,0.198,,0.6091,0.611,,REG,REG,1.1295,1.129,,REG,REG,3.1193,3.132,,REG,REG,0.1367,0.141,,ULOD,ULOD,0.5455,0.547,,REG,REG,0.1754,0.18,,REG,REG,0.0632,0.067,,REG,REG,0.0035,0.003,,ND,ND,0.0017,0.002,,ND,ND,0.0091,0.008,,REG,REG,0.0147,0.006,,0.2741,0.274,,REG,REG,0.0459,0.046,,REG,REG,0.0132,0.013,,0.1276,0.129,
24th & Ritner122024,8,24th & Ritner,stationary,"39.92296389, -75.186874",39.92296389,-75.186874,#F8766D,Non-Industrial,Residential,High,Fire station,HighT/NoI,P726657,P726657 040224 032024 Ritner SS,P726657 040224 032024 Ritner SS.D,4/2/24,3/20/24,sample,3/13/24,3/20/24,9698,2,122024,1,1.7279,1.608,CHECK,0.5413,0.505,,REG,REG,0.2411,0.225,,0.3029,0.283,,0.8451,0.737,CHECK,REG,REG,0.0665,0.062,,REG,REG,0.0503,0.047,,REG,REG,0.0527,0.05,,0.1446,0.134,,0.0699,0.065,,0.1971,0.183,,REG,REG,0.0874,0.081,,0.422,0.393,,REG,REG,0.7881,0.734,CHECK,0.1266,0.119,,REG,REG,0.1279,0.122,,REG,REG,0.1239,0.117,,REG,REG,0.0514,0.049,,LOD,LOD,0.1428,0.132,,REG,REG,0.2,0.186,,REG,REG,0.2432,0.227,,REG,REG,0.4591,0.427,,0.3985,0.37,,1.0667,0.995,CHECK,REG,REG,2.3146,2.154,CHECK,REG,REG,5.742,5.357,CHECK,REG,REG,0.2152,0.204,,ULOD,ULOD,1.2557,1.17,CHECK,REG,REG,0.0974,0.095,,REG,REG,0.0235,0.026,,REG,REG,0.0035,0.003,,ND,ND,0.0017,0.002,,ND,ND,0.0094,0.008,,REG,REG,0.0208,0.001,,0.3412,0.318,,REG,REG,0.0375,0.035,,REG,REG,0.0136,0.013,,0.2491,0.233,
24th & Ritner152024,8,24th & Ritner,stationary,"39.92296389, -75.186874",39.92296389,-75.186874,#F8766D,Non-Industrial,Residential,High,Fire station,HighT/NoI,P733864,P733864 041224 041024 Ritner SS,P733864 041224 041024 Ritner SS.D,4/12/24,4/10/24,sample,4/3/24,4/10/24,10054,2,152024,1,0.7886,0.789,,0.3326,0.333,,REG,REG,0.1075,0.108,,0.1557,0.156,,0.409,0.409,,REG,REG,0.0415,0.042,,REG,REG,0.0303,0.03,,REG,REG,0.0309,0.031,,0.0384,0.038,,0.0375,0.038,,0.1078,0.108,,REG,REG,0.0422,0.042,,0.1781,0.178,,REG,REG,0.2611,0.261,,0.0414,0.041,,REG,REG,0.0528,0.053,,REG,REG,0.0801,0.08,,REG,REG,0.043,0.043,,LOD,LOD,0.0746,0.075,,LOD,LOD,0.0964,0.096,,REG,REG,0.0563,0.056,,REG,REG,0.1649,0.165,,0.1755,0.176,,0.3881,0.388,,REG,REG,0.4374,0.437,,REG,REG,1.2078,1.208,,REG,REG,0.2042,0.204,,REG,REG,0.3979,0.398,,REG,REG,0.0066,0.007,,ND,ND,0.0067,0.007,,LOD,LOD,0.0034,0.003,,ND,ND,0.0016,0.002,,ND,ND,0.0073,0.007,,REG,REG,0.018,0.018,,0.186,0.186,,REG,REG,0.0279,0.028,,REG,REG,0.0133,0.013,,0.0521,0.052,
24th & Ritner162024,8,24th & Ritner,stationary,"39.92296389, -75.186874",39.92296389,-75.186874,#F8766D,Non-Industrial,Residential,High,Fire station,HighT/NoI,P726648,P726648 042624 041724 Ritner SS,P726648 042624 041724 Ritner SS.D,4/26/24,4/17/24,sample,4/10/24,4/17/24,10168,2,162024,1,0.7587,0.759,,0.3104,0.31,,REG,REG,0.1014,0.101,,0.1488,0.149,,0.4295,0.429,,REG,REG,0.0373,0.037,,REG,REG,0.021,0.021,,LOD,LOD,0.0305,0.031,,0.0656,0.066,,0.0371,0.037,,0.0983,0.098,,REG,REG,0.0358,0.036,,0.1761,0.176,,REG,REG,0.245,0.245,,0.13,0.13,,REG,REG,0.0768,0.077,,REG,REG,0.0744,0.074,,REG,REG,0.0266,0.027,,LOD,LOD,0.0738,0.074,,LOD,LOD,0.0775,0.077,,REG,REG,0.0753,0.075,,REG,REG,0.1565,0.157,,0.1388,0.139,,0.3718,0.372,,REG,REG,0.5939,0.594,,REG,REG,1.5127,1.513,,REG,REG,0.2091,0.209,,REG,REG,0.4555,0.456,,REG,REG,0.0495,0.049,,REG,REG,0.0132,0.013,,LOD,LOD,0.0034,0.003,,ND,ND,0.0016,0.002,,ND,ND,0.0108,0.011,,REG,REG,0.0178,0.018,,0.3255,0.325,,REG,REG,0.0276,0.028,,REG,REG,0.0131,0.013,,0.1264,0.126,
24th & Ritner172024,8,24th & Ritner,stationary,"39.92296389, -75.186874",39.92296389,-75.186874,#F8766D,Non-Industrial,Residential,High,Fire station,HighT/NoI,P733868,P733868 042724 042424 Ritner SS,P733868 042724 042424 Ritner SS.D,4/27/24,4/24/24,sample,4/17/24,4/24/24,9798,2,172024,1,0.5613,0.561,,0.3221,0.322,,REG,REG,0.0746,0.075,,0.1168,0.117,,0.3241,0.324,,REG,REG,0.0271,0.027,,LOD,LOD,0.0124,0.012,,LOD,LOD,0.0211,0.021,,0.0466,0.047,,0.0193,0.019,,0.068,0.068,,REG,REG,0.0247,0.025,,0.1366,0.137,,REG,REG,0.1863,0.186,,0.198,0.198,,REG,REG,0.0882,0.088,,REG,REG,0.0622,0.062,,REG,REG,0.0221,0.022,,LOD,LOD,0.0629,0.063,,LOD,LOD,0.0619,0.062,,REG,REG,0.0543,0.054,,REG,REG,0.108,0.108,,0.0961,0.096,,0.2489,0.249,,REG,REG,0.4174,0.417,,REG,REG,1.0644,1.064,,REG,REG,0.152,0.152,,REG,REG,0.3008,0.301,,REG,REG,0.0396,0.04,,REG,REG,0.0068,0.007,,LOD,LOD,0.0035,0.004,,ND,ND,0.0017,0.002,,ND,ND,0.0094,0.009,,REG,REG,0.0184,0.018,,0.3378,0.338,,REG,REG,0.0286,0.029,,REG,REG,0.0091,0.009,,0.1507,0.151,
24th & Ritner182024,8,24th & Ritner,stationary,"39.92296389, -75.186874",39.92296389,-75.186874,#F8766D,Non-Industrial,Residential,High,Fire station,HighT/NoI,P726608,P726608 051124 050124 Ritner SS.D,P726608 051124 050124 Ritner SS.D,5/11/24,5/1/24,sample,4/24/24,5/1/24,10188,2,182024,1,1.1828,1.183,,0.3803,0.379,,REG,REG,0.1551,0.155,,0.2351,0.235,,0.6086,0.609,,REG,REG,0.0522,0.052,,REG,REG,0.0359,0.036,,REG,REG,0.0372,0.037,,0.093,0.093,,0.0482,0.048,,0.1464,0.146,,REG,REG,0.0476,0.048,,0.309,0.309,,REG,REG,0.4227,0.423,,0.3066,0.307,,REG,REG,0.1746,0.175,,REG,REG,0.1422,0.142,,REG,REG,0.069,0.069,,REG,REG,0.1538,0.154,,REG,REG,0.0952,0.095,,REG,REG,0.1372,0.137,,REG,REG,0.2421,0.242,,0.231,0.231,,0.5387,0.539,,REG,REG,0.4329,0.432,,REG,REG,2.8605,2.856,,REG,REG,0.2106,0.21,,ULOD,ULOD,0.5889,0.589,,REG,REG,0.0699,0.072,,REG,REG,0.0125,0.013,,LOD,LOD,0.0034,0.003,,ND,ND,0.0016,0.002,,ND,ND,0.0126,0.013,,REG,REG,0.0251,0.025,,0.2966,0.297,,REG,REG,0.0257,0.028,,REG,REG,0.0393,0.039,,0.0369,0.037,
24th & Ritner192024,8,24th & Ritner,stationary,"39.92296389, -75.186874",39.92296389,-75.186874,#F8766D,Non-Industrial,Residential,High,Fire station,HighT/NoI,P726643,P726643 051224 050824 Ritner SS,P726643 051224 050824 Ritner SS.D,5/12/24,5/8/24,sample,5/1/24,5/8/24,9546,2,192024,1,0.9331,0.868,CHECK,0.3863,0.358,,REG,REG,0.1288,0.12,,0.1957,0.182,,0.6629,0.616,,REG,REG,0.0477,0.044,,REG,REG,0.0256,0.024,,LOD,LOD,0.0361,0.034,,0.0882,0.082,,0.0474,0.044,,0.1301,0.121,,REG,REG,0.0444,0.041,,0.2014,0.187,,REG,REG,0.2696,0.251,,0.1676,0.156,,REG,REG,0.0991,0.092,,REG,REG,0.116,0.108,,REG,REG,0.051,0.047,,LOD,LOD,0.1292,0.12,,REG,REG,0.0698,0.065,,REG,REG,0.1046,0.097,,REG,REG,0.1676,0.156,,0.1232,0.115,,0.3577,0.333,,REG,REG,0.2901,0.27,,REG,REG,1.8956,1.763,CHECK,REG,REG,0.2247,0.209,,ULOD,ULOD,0.3639,0.338,,REG,REG,0.0506,0.047,,REG,REG,0.0134,0.012,,LOD,LOD,0.0036,0.003,,ND,ND,0.0017,0.002,,ND,ND,5.00E-04,0,,ND,ND,0.0326,0.03,,0.3467,0.322,,REG,REG,0.0274,0.025,,REG,REG,0.014,0.013,,0.0394,0.037,
24th & Ritner202024,8,24th & Ritner,stationary,"39.92296389, -75.186874",39.92296389,-75.186874,#F8766D,Non-Industrial,Residential,High,Fire station,HighT/NoI,P733851,P733851 052324 051524 Ritner SS,P733851 052324 051524 Ritner SS.D,5/23/24,5/15/24,sample,5/8/24,5/15/24,9410,2,202024,1,0.7188,0.668,CHECK,0.279,0.258,,REG,REG,0.0882,0.082,,0.1426,0.132,,0.4147,0.385,,REG,REG,0.0282,0.026,,LOD,LOD,0.0078,0.007,,ND,ND,0.022,0.02,,0.0522,0.048,,0.0281,0.026,,0.07,0.065,,REG,REG,0.0258,0.024,,0.1289,0.12,,REG,REG,0.1814,0.168,,0.1194,0.111,,REG,REG,0.0651,0.06,,REG,REG,0.0555,0.052,,REG,REG,0.0345,0.032,,LOD,LOD,0.0815,0.076,,LOD,LOD,0.058,0.054,,REG,REG,0.046,0.043,,LOD,LOD,0.1204,0.112,,0.0875,0.081,,0.2851,0.265,,REG,REG,0.5232,0.486,,REG,REG,1.3764,1.279,CHECK,REG,REG,0.1496,0.139,,REG,REG,0.2908,0.27,,REG,REG,0.0391,0.036,,REG,REG,0.0136,0.013,,LOD,LOD,0.0209,0.019,,REG,REG,0.0018,0.002,,ND,ND,5.00E-04,0,,ND,ND,0.0154,0.014,,0.3976,0.369,,REG,REG,0.0278,0.026,,REG,REG,0.0094,0.009,,0.1665,0.155,
24th & Ritner212024,8,24th & Ritner,stationary,"39.92296389, -75.186874",39.92296389,-75.186874,#F8766D,Non-Industrial,Residential,High,Fire station,HighT/NoI,P733873,P733873 052424 052224 Ritner SS,P733873 052424 052224 Ritner SS.D,5/24/24,5/22/24,sample,5/15/24,5/22/24,9853,2,212024,1,0.788,0.788,,0.2664,0.265,,REG,REG,0.0995,0.099,,0.1576,0.158,,0.4522,0.452,,REG,REG,0.027,0.027,,LOD,LOD,0.0155,0.015,,LOD,LOD,0.0245,0.024,,0.057,0.057,,0.0306,0.031,,0.0753,0.075,,REG,REG,0.0246,0.025,,0.1558,0.156,,REG,REG,0.2341,0.234,,0.0706,0.071,,REG,REG,0.0537,0.054,,REG,REG,0.0629,0.063,,REG,REG,0.0329,0.033,,LOD,LOD,0.0913,0.091,,REG,REG,0.08,0.08,,REG,REG,0.054,0.054,,REG,REG,0.1421,0.142,,0.0955,0.096,,0.3342,0.334,,REG,REG,0.6142,0.614,,REG,REG,1.7012,1.701,,REG,REG,0.1443,0.144,,ULOD,ULOD,0.3632,0.363,,REG,REG,0.0373,0.037,,REG,REG,0.0129,0.013,,LOD,LOD,0.0299,0.03,,REG,REG,0.0017,0.002,,ND,ND,0.0168,0.017,,REG,REG,0.0203,0.02,,0.3213,0.321,,REG,REG,0.0266,0.027,,REG,REG,0.0135,0.014,,0.1058,0.106,
24th & Ritner222024,8,24th & Ritner,stationary,"39.92296389, -75.186874",39.92296389,-75.186874,#F8766D,Non-Industrial,Residential,High,Fire station,HighT/NoI,P733892,P733892 060624 052924 Ritner SS,P733892 060624 052924 Ritner SS.D,6/6/24,5/29/24,sample,5/22/24,5/29/24,9605,2,222024,1,0.8262,0.769,CHECK,0.2896,0.268,,REG,REG,0.1085,0.101,,0.1745,0.162,,0.5425,0.505,,REG,REG,0.0314,0.029,,LOD,LOD,0.0159,0.015,,LOD,LOD,0.0251,0.023,,0.0621,0.058,,0.0273,0.025,,0.0768,0.071,,REG,REG,0.0315,0.029,,0.1857,0.173,,REG,REG,0.2089,0.194,,0.0647,0.06,,REG,REG,0.0668,0.062,,REG,REG,0.0556,0.052,,LOD,LOD,0.0281,0.026,,LOD,LOD,0.0805,0.075,,LOD,LOD,0.082,0.076,,REG,REG,0.097,0.09,,REG,REG,0.1666,0.155,,0.147,0.137,,0.3682,0.343,,REG,REG,0.5547,0.517,,REG,REG,1.4675,1.365,CHECK,REG,REG,0.113,0.104,,REG,REG,0.4274,0.398,,REG,REG,0.0443,0.036,,REG,REG,0.007,0.006,,LOD,LOD,0.0372,0.035,,REG,REG,0.0017,0.002,,ND,ND,0.011,0.011,,REG,REG,0.0364,0.034,,0.1798,0.167,,REG,REG,0.0292,0.025,,REG,REG,0.0093,0.009,,0.0496,0.046,
24th & Ritner232024,8,24th & Ritner,stationary,"39.92296389, -75.186874",39.92296389,-75.186874,#F8766D,Non-Industrial,Residential,High,Fire station,HighT/NoI,P726642,P726642 060724 060524 Ritner SS,P726642 060724 060524 Ritner SS.D,6/7/24,6/5/24,sample,5/29/24,6/5/24,9340,2,232024,1,0.5896,0.547,,0.2376,0.22,,REG,REG,0.0741,0.069,,0.1231,0.114,,0.3392,0.315,,REG,REG,0.0282,0.026,,LOD,LOD,0.0131,0.012,,LOD,LOD,0.0222,0.021,,0.0488,0.045,,0.02,0.019,,0.0611,0.057,,REG,REG,0.0195,0.018,,0.115,0.107,,REG,REG,0.1363,0.127,,0.0665,0.062,,REG,REG,0.0509,0.047,,REG,REG,0.0467,0.043,,LOD,LOD,0.0231,0.021,,LOD,LOD,0.0685,0.064,,LOD,LOD,0.0519,0.048,,LOD,LOD,0.0606,0.056,,REG,REG,0.0999,0.093,,0.0882,0.082,,0.222,0.206,,REG,REG,0.3618,0.336,,REG,REG,0.9789,0.909,CHECK,REG,REG,0.1046,0.097,,REG,REG,0.2479,0.23,,REG,REG,0.0332,0.033,,REG,REG,0.0072,0.007,,LOD,LOD,0.0383,0.035,,REG,REG,0.0018,0.002,,ND,ND,0.0093,0.008,,REG,REG,0.0315,0.029,,0.1541,0.143,,REG,REG,0.03,0.028,,REG,REG,0.0095,0.009,,0.0459,0.043,
24th & Ritner242024,8,24th & Ritner,stationary,"39.92296389, -75.186874",39.92296389,-75.186874,#F8766D,Non-Industrial,Residential,High,Fire station,HighT/NoI,P726661,P726661 062124 061224 Ritner SS,P726661 062124 061224 Ritner SS.D,6/21/24,6/12/24,sample,6/5/24,6/12/24,9829,2,242024,1,0.8364,0.836,,0.2321,0.231,,REG,REG,0.1112,0.111,,0.1705,0.171,,0.4306,0.431,,REG,REG,0.0384,0.038,,REG,REG,0.0186,0.019,,LOD,LOD,0.0281,0.028,,0.0678,0.068,,0.0305,0.031,,0.1005,0.1,,REG,REG,0.037,0.037,,0.1815,0.181,,REG,REG,0.1974,0.197,,0.1892,0.189,,REG,REG,0.1034,0.103,,REG,REG,0.0742,0.074,,REG,REG,0.044,0.044,,LOD,LOD,0.099,0.099,,REG,REG,0.1788,0.179,,REG,REG,0.0813,0.081,,REG,REG,0.1492,0.149,,0.1556,0.156,,0.335,0.335,,REG,REG,0.3543,0.354,,REG,REG,0.9883,0.988,,REG,REG,0.07,0.069,,REG,REG,0.3534,0.353,,REG,REG,0.0667,0.069,,REG,REG,0.0137,0.014,,LOD,LOD,0.0364,0.036,,REG,REG,0.0017,0.002,,ND,ND,5.00E-04,0,,ND,ND,0.03,0.03,,0.2049,0.205,,REG,REG,0.0285,0.029,,REG,REG,0.009,0.009,,0.0484,0.048,
24th & Ritner252024,8,24th & Ritner,stationary,"39.92296389, -75.186874",39.92296389,-75.186874,#F8766D,Non-Industrial,Residential,High,Fire station,HighT/NoI,P726651,P726651 062124 061924 Ritner SS,P726651 062124 061924 Ritner SS.D,6/21/24,6/19/24,sample,6/12/24,6/19/24,10163,2,252024,1,0.6403,0.64,,0.2122,0.211,,REG,REG,0.0878,0.088,,0.139,0.139,,0.3327,0.333,,REG,REG,0.0297,0.03,,LOD,LOD,0.0072,0.007,,ND,ND,0.0238,0.024,,0.0552,0.055,,0.0258,0.026,,0.0726,0.073,,REG,REG,0.0239,0.024,,0.1184,0.118,,REG,REG,0.1319,0.132,,0.1455,0.145,,REG,REG,0.0795,0.08,,REG,REG,0.043,0.043,,LOD,LOD,0.0213,0.021,,LOD,LOD,0.063,0.063,,LOD,LOD,0.0596,0.06,,REG,REG,0.0327,0.033,,LOD,LOD,0.0853,0.085,,0.081,0.081,,0.204,0.204,,REG,REG,0.2215,0.221,,REG,REG,0.6185,0.618,,REG,REG,0.0478,0.047,,REG,REG,0.2486,0.249,,REG,REG,0.0305,0.033,,REG,REG,0.0066,0.007,,LOD,LOD,0.0577,0.058,,REG,REG,0.0016,0.002,,ND,ND,0.0104,0.01,,REG,REG,0.0126,0.013,,0.1841,0.184,,REG,REG,0.0184,0.018,,REG,REG,0.0131,0.013,,0.0328,0.033,
24th & Ritner262024,8,24th & Ritner,stationary,"39.92296389, -75.186874",39.92296389,-75.186874,#F8766D,Non-Industrial,Residential,High,Fire station,HighT/NoI,P733849,P733849 062724 061924 Ritner SS,P733849 062724 061924 Ritner SS.D,6/27/24,6/19/24,sample,6/19/24,6/26/24,10081,2,262024,1,0.6242,0.624,,0.1767,0.176,,REG,REG,0.0836,0.084,,0.1297,0.13,,0.3776,0.378,,REG,REG,0.0299,0.03,,LOD,LOD,0.0181,0.018,,LOD,LOD,0.0239,0.024,,0.0348,0.035,,0.0223,0.022,,0.0649,0.065,,REG,REG,0.018,0.018,,0.1258,0.126,,REG,REG,0.1461,0.146,,0.0569,0.057,,REG,REG,0.0471,0.047,,REG,REG,0.0675,0.068,,REG,REG,0.0322,0.032,,LOD,LOD,0.0767,0.077,,LOD,LOD,0.0782,0.078,,REG,REG,0.0429,0.043,,LOD,LOD,0.0926,0.093,,0.105,0.105,,0.2177,0.218,,REG,REG,0.264,0.264,,REG,REG,0.6613,0.661,,REG,REG,0.0532,0.053,,REG,REG,0.3028,0.303,,REG,REG,0.0194,0.022,,REG,REG,0.0048,0.005,,ND,ND,0.068,0.068,,REG,REG,0.0016,0.002,,ND,ND,0.0086,0.008,,REG,REG,0.0072,0.007,,0.1713,0.171,,REG,REG,0.0185,0.019,,REG,REG,0.0044,0.004,,0.052,0.052,
26th & Hartranft272023,9,26th & Hartranft,stationary,"39.91327125, -75.1922011",39.91327125,-75.1922011,#93AA00,Industrial,Vacant,High,"Diesel corridor, portable toilet supplier",HighT/I,P726642,P726642 071323 070523 26th St. 1WK SS,P726642 071323 070523 26th St 1WK SS.D,7/13/23,7/5/23,sample,6/28/23,7/5/23,9323,2,272023,1,0.521,0.484,,0.3788,0.352,,REG,REG,0.1019,0.095,,0.1581,0.147,,0.3497,0.325,,REG,REG,0.0651,0.06,,REG,REG,0.0719,0.067,,REG,REG,0.0555,0.052,,0.1204,0.112,,0.0405,0.038,,0.1162,0.108,,REG,REG,0.0715,0.066,,0.1237,0.115,,REG,REG,0.1609,0.149,,0.0849,0.079,,REG,REG,0.0542,0.05,,REG,REG,0.3728,0.346,,REG,REG,0.495,0.46,,REG,REG,0.6355,0.59,,REG,REG,0.3055,0.284,,REG,REG,0.0928,0.085,,REG,REG,0.1073,0.1,,0.1499,0.139,,0.2355,0.219,,REG,REG,0.341,0.305,,REG,REG,0.8223,0.778,,REG,REG,0.0503,0.056,,REG,REG,0.4742,0.44,,REG,REG,0.0493,0.051,,REG,REG,0.0207,0.024,,REG,REG,0.0571,0.052,,REG,REG,0.0018,0.002,,ND,ND,5.00E-04,0,,ND,ND,0.0064,0.006,,0.2006,0.186,,REG,REG,0.02,0.019,,REG,REG,0.0095,0.009,,0.046,0.043,
26th & Hartranft282023,9,26th & Hartranft,stationary,"39.91327125, -75.1922011",39.91327125,-75.1922011,#93AA00,Industrial,Vacant,High,"Diesel corridor, portable toilet supplier",HighT/I,P726647,P726647 071323 071223 26th St. 1WK SS,P726647 071323 071223 26th St 1WK SS.D,7/13/23,7/12/23,sample,7/5/23,7/12/23,9418,2,282023,1,1.2135,1.127,CHECK,0.3949,0.367,,REG,REG,0.223,0.207,,0.2962,0.275,,0.545,0.506,,REG,REG,0.1048,0.097,,REG,REG,0.1068,0.099,,REG,REG,0.0842,0.078,,0.1863,0.173,,0.0681,0.063,,0.2124,0.197,,REG,REG,0.1416,0.132,,0.5266,0.489,,REG,REG,0.6406,0.595,,0.17,0.158,,REG,REG,0.1598,0.148,,REG,REG,0.4985,0.463,,REG,REG,0.6564,0.61,,REG,REG,0.8698,0.808,CHECK,REG,REG,0.2896,0.269,,REG,REG,0.2297,0.212,,REG,REG,0.4247,0.395,,0.5606,0.521,,1.1136,1.035,CHECK,REG,REG,1.7098,1.577,CHECK,REG,REG,3.4028,3.175,CHECK,REG,REG,0.1627,0.16,,REG,REG,3.353,3.115,CHECK,ULOD,ULOD,0.0854,0.084,,REG,REG,0.0052,0.005,,ND,ND,0.0392,0.035,,REG,REG,0.0018,0.002,,ND,ND,5.00E-04,0,,ND,ND,0.0063,0.006,,0.1986,0.185,,REG,REG,0.0298,0.028,,REG,REG,0.0142,0.013,,0.0404,0.038,
26th & Hartranft292023,9,26th & Hartranft,stationary,"39.91327125, -75.1922011",39.91327125,-75.1922011,#93AA00,Industrial,Vacant,High,"Diesel corridor, portable toilet supplier",HighT/I,P726603,P726603 072723 071923 26th St 1WK DS,P726603 072723 071923 26th St 1WK DS.D,7/27/23,7/19/23,sample,7/12/23,7/19/23,9278,14.3,292023,1,0.9281,0.861,CHECK,0.4995,0.464,,REG,REG,0.1541,0.143,,0.2839,0.263,,0.645,0.599,,REG,REG,0.1462,0.136,,LOD,LOD,0.1645,0.153,,LOD,LOD,0.1063,0.099,,0.2434,0.226,,0.0872,0.081,,0.2569,0.238,,REG,REG,0.1401,0.13,,0.2766,0.257,,REG,REG,0.4002,0.371,,0.4569,0.424,,REG,REG,0.2402,0.223,,REG,REG,0.8021,0.744,CHECK,REG,REG,1.1927,1.107,CHECK,REG,REG,1.4304,1.327,CHECK,REG,REG,0.2335,0.217,,LOD,LOD,0.2052,0.189,,LOD,LOD,0.2055,0.191,,0.2704,0.251,,0.4699,0.436,,LOD,LOD,1.1856,1.088,CHECK,REG,REG,2.9204,2.724,CHECK,REG,REG,0.3745,0.356,,REG,REG,0.8923,0.828,CHECK,REG,REG,0.0638,0.064,,LOD,LOD,0.0052,0.005,,ND,ND,0.1237,0.113,,REG,REG,0.0018,0.002,,ND,ND,0.0283,0.026,,REG,REG,0.0064,0.006,,0.5544,0.514,,REG,REG,0.072,0.067,,REG,REG,0.0343,0.032,,0.1835,0.17,
26th & Hartranft302023,9,26th & Hartranft,stationary,"39.91327125, -75.1922011",39.91327125,-75.1922011,#93AA00,Industrial,Vacant,High,"Diesel corridor, portable toilet supplier",HighT/I,P726618,P726618 072823 072623 26th St 1WK DS,P726618 072823 072623 26th St 1WK DS.D,7/28/23,7/26/23,sample,7/19/23,7/26/23,9969,14.3,302023,1,1.2224,1.222,,0.4649,0.465,,REG,REG,0.1793,0.179,,0.3397,0.34,,0.6918,0.692,,REG,REG,0.1633,0.163,,LOD,LOD,0.1531,0.153,,LOD,LOD,0.1237,0.124,,0.2517,0.252,,0.0812,0.081,,0.2988,0.299,,REG,REG,0.1304,0.13,,0.3962,0.396,,REG,REG,0.4203,0.42,,0.2203,0.22,,REG,REG,0.1637,0.164,,REG,REG,0.6765,0.676,,REG,REG,1.0713,1.071,,REG,REG,1.2835,1.283,,REG,REG,0.3477,0.348,,LOD,LOD,0.3103,0.309,,LOD,LOD,0.2869,0.287,,0.336,0.336,,0.7872,0.787,,REG,REG,1.6919,1.68,,REG,REG,3.9475,3.962,,REG,REG,0.5353,0.544,,REG,REG,1.6609,1.661,,REG,REG,0.0594,0.064,,LOD,LOD,0.0049,0.005,,ND,ND,0.0916,0.09,,LOD,LOD,0.0017,0.002,,ND,ND,0.0132,0.013,,REG,REG,0.0398,0.04,,0.516,0.516,,REG,REG,0.067,0.067,,REG,REG,0.0319,0.032,,0.1708,0.171,
26th & Hartranft312023,9,26th & Hartranft,stationary,"39.91327125, -75.1922011",39.91327125,-75.1922011,#93AA00,Industrial,Vacant,High,"Diesel corridor, portable toilet supplier",HighT/I,P726656,P726656 081023 080223 26th St 1WK SS,P726656 081023 080223 26th St 1WK SS.D,8/10/23,8/2/23,sample,7/26/23,8/2/23,10050,2,312023,1,0.7593,0.759,,0.4073,0.408,,REG,REG,0.1542,0.154,,0.1938,0.194,,0.4022,0.402,,REG,REG,0.0088,0.009,,ND,ND,0.1122,0.112,,REG,REG,0.0686,0.069,,0.1356,0.136,,0.067,0.067,,0.1893,0.189,,REG,REG,0.1508,0.151,,0.4515,0.452,,REG,REG,0.4909,0.491,,0.5323,0.532,,REG,REG,0.2819,0.282,,REG,REG,0.419,0.419,,REG,REG,0.6625,0.662,,REG,REG,0.8756,0.876,,REG,REG,0.6091,0.609,,REG,REG,0.3808,0.381,,REG,REG,0.6103,0.61,,0.7453,0.745,,1.6017,1.602,,REG,REG,2.0105,2.01,,REG,REG,4.0685,4.061,,REG,REG,0.2103,0.201,,ULOD,ULOD,3.1422,3.142,,ULOD,ULOD,0.143,0.137,,REG,REG,0.02,0.013,,REG,REG,0.0538,0.053,,REG,REG,0.0016,0.002,,ND,ND,5.00E-04,0,,ND,ND,0.0059,0.006,,0.2004,0.2,,REG,REG,0.0372,0.037,,REG,REG,0.0088,0.009,,0.0711,0.071,
26th & Hartranft322023,9,26th & Hartranft,stationary,"39.91327125, -75.1922011",39.91327125,-75.1922011,#93AA00,Industrial,Vacant,High,"Diesel corridor, portable toilet supplier",HighT/I,P733851,P733851 081123 080923 26th St 1WK SS,P733851 081123 080923 26th St 1WK SS.D,8/11/23,8/9/23,sample,8/2/23,8/9/23,10129,2,322023,1,0.6264,0.626,,0.2931,0.294,,REG,REG,0.1283,0.128,,0.1507,0.151,,0.2731,0.273,,REG,REG,0.0787,0.079,,REG,REG,0.1023,0.102,,REG,REG,0.0647,0.065,,0.1207,0.121,,0.0627,0.063,,0.1714,0.171,,REG,REG,0.1257,0.126,,0.4352,0.435,,REG,REG,0.2699,0.27,,1.3743,1.374,,ULOD,ULOD,1.1107,1.111,,REG,REG,0.4399,0.44,,REG,REG,0.668,0.668,,REG,REG,0.7898,0.79,,REG,REG,0.2274,0.227,,REG,REG,0.1906,0.191,,REG,REG,0.3225,0.323,,0.4723,0.472,,0.8067,0.807,,REG,REG,0.8708,0.871,,REG,REG,1.9307,1.931,,REG,REG,0.1137,0.114,,REG,REG,1.5381,1.538,,REG,REG,0.0965,0.096,,REG,REG,0.0133,0.013,,LOD,LOD,0.0502,0.05,,REG,REG,0.0016,0.002,,ND,ND,5.00E-04,0,,ND,ND,0.0059,0.006,,0.2131,0.213,,REG,REG,0.0277,0.028,,REG,REG,0.0088,0.009,,0.0611,0.061,
26th & Hartranft332023,9,26th & Hartranft,stationary,"39.91327125, -75.1922011",39.91327125,-75.1922011,#93AA00,Industrial,Vacant,High,"Diesel corridor, portable toilet supplier",HighT/I,P733893,P733893 082423 081623 26th St SS,P733893 082423 081623 26th St SS.D,8/24/23,8/16/23,sample,8/9/23,8/16/23,9431,1.3,332023,1,0.7421,0.689,CHECK,0.2286,0.213,,REG,REG,0.1482,0.138,,0.1995,0.185,,0.4237,0.394,,REG,REG,0.0837,0.078,,REG,REG,0.1093,0.102,,REG,REG,0.0713,0.066,,0.159,0.148,,0.0592,0.055,,0.1479,0.137,,REG,REG,0.1128,0.105,,0.3043,0.283,,REG,REG,0.2365,0.22,,0.2993,0.278,,REG,REG,0.1948,0.181,,REG,REG,0.5259,0.489,,REG,REG,0.9432,0.876,CHECK,REG,REG,1.0932,1.016,CHECK,REG,REG,0.1337,0.124,,REG,REG,0.1239,0.115,,REG,REG,0.2022,0.188,,0.3202,0.297,,0.4959,0.461,,REG,REG,0.509,0.473,,REG,REG,1.1485,1.067,CHECK,REG,REG,0.0847,0.079,,REG,REG,0.9576,0.89,CHECK,REG,REG,0.0609,0.057,,REG,REG,0.0093,0.009,,LOD,LOD,0.0254,0.024,,REG,REG,0.0017,0.002,,ND,ND,5.00E-04,0,,ND,ND,0.0063,0.006,,0.1686,0.157,,REG,REG,0.0258,0.024,,REG,REG,0.0153,0.014,,0.0295,0.027,
26th & Hartranft342023,9,26th & Hartranft,stationary,"39.91327125, -75.1922011",39.91327125,-75.1922011,#93AA00,Industrial,Vacant,High,"Diesel corridor, portable toilet supplier",HighT/I,P733886,P733886 082523 082323 26th St SS,P733886 082523 082323 26th St SS.D,8/25/23,8/23/23,sample,8/16/23,8/23/23,9946,2,342023,1,0.6595,0.66,,0.3299,0.331,,REG,REG,0.1257,0.126,,0.1799,0.18,,0.3893,0.389,,REG,REG,0.0801,0.08,,REG,REG,0.1012,0.101,,REG,REG,0.0659,0.066,,0.137,0.137,,0.0525,0.052,,0.1494,0.149,,REG,REG,0.0914,0.091,,0.2551,0.255,,REG,REG,0.248,0.248,,0.2841,0.284,,REG,REG,0.1634,0.163,,REG,REG,0.4676,0.468,,REG,REG,0.865,0.865,,REG,REG,1.0188,1.019,,REG,REG,0.2133,0.213,,REG,REG,0.1004,0.1,,REG,REG,0.1944,0.194,,0.3509,0.351,,0.4905,0.49,,REG,REG,0.5259,0.526,,REG,REG,1.2001,1.2,,REG,REG,0.0823,0.082,,REG,REG,1.0054,1.005,,REG,REG,0.0751,0.075,,REG,REG,0.0135,0.013,,LOD,LOD,0.0379,0.038,,REG,REG,0.0017,0.002,,ND,ND,5.00E-04,0,,ND,ND,0.006,0.006,,0.1881,0.188,,REG,REG,0.0282,0.028,,REG,REG,0.0089,0.009,,0.0431,0.043,
26th & Hartranft352023,9,26th & Hartranft,stationary,"39.91327125, -75.1922011",39.91327125,-75.1922011,#93AA00,Industrial,Vacant,High,"Diesel corridor, portable toilet supplier",HighT/I,P733865,P733865 090723 083023 26th ST SS,P733865 090723 083023 26th ST SS.D,9/7/23,8/30/23,sample,8/23/23,8/30/23,10021,2,352023,1,0.6771,0.683,,0.2495,0.254,,REG,REG,0.1293,0.13,,0.1781,0.179,,0.3227,0.327,,REG,REG,0.0871,0.087,,REG,REG,0.1126,0.113,,REG,REG,0.0671,0.072,,0.1401,0.139,,0.064,0.063,,0.1829,0.182,,REG,REG,0.0963,0.097,,0.2522,0.26,,REG,REG,0.2733,0.273,,0.2024,0.272,CHECK,REG,REG,0.1133,0.141,,REG,REG,0.4243,0.43,,REG,REG,0.6815,0.681,,REG,REG,0.8255,0.832,,REG,REG,0.1875,0.187,,REG,REG,0.135,0.135,,REG,REG,0.2927,0.293,,0.3864,0.384,,0.7302,0.73,,REG,REG,0.7761,0.776,,REG,REG,1.7487,1.749,,REG,REG,0.125,0.125,,REG,REG,1.0714,1.071,,REG,REG,0.0736,0.074,,REG,REG,0.0106,0.011,,LOD,LOD,0.0354,0.035,,REG,REG,0.0016,0.002,,ND,ND,5.00E-04,0,,ND,ND,0.006,0.006,,0.201,0.201,,REG,REG,0.028,0.028,,REG,REG,0.0089,0.009,,0.057,0.057,
26th & Hartranft362023,9,26th & Hartranft,stationary,"39.91327125, -75.1922011",39.91327125,-75.1922011,#93AA00,Industrial,Vacant,High,"Diesel corridor, portable toilet supplier",HighT/I,P726668,P726668 090723 090623 26th St SS,P726668 090723 090623 26th St SS.D,9/7/23,9/6/23,sample,8/30/23,9/6/23,10070,2,362023,1,1.5038,1.504,,0.3476,0.349,,REG,REG,0.2528,0.253,,0.4072,0.407,,0.6085,0.609,,REG,REG,0.1621,0.162,,REG,REG,0.2028,0.203,,REG,REG,0.1181,0.118,,0.2335,0.233,,0.1349,0.135,,0.4055,0.405,,REG,REG,0.168,0.168,,0.9941,0.994,,REG,REG,1.0863,1.086,,0.3007,0.301,,REG,REG,0.2989,0.299,,REG,REG,0.461,0.461,,REG,REG,0.6567,0.657,,REG,REG,0.7751,0.775,,REG,REG,0.638,0.638,,REG,REG,0.3327,0.333,,REG,REG,1.0262,1.026,,1.3426,1.343,,2.6037,2.604,,REG,REG,2.4325,2.433,,REG,REG,5.6746,5.675,,ULOD,ULOD,0.2099,0.21,,ULOD,ULOD,3.1359,3.136,,ULOD,ULOD,0.1988,0.199,,REG,REG,0.0772,0.077,,REG,REG,0.032,0.032,,REG,REG,0.0016,0.002,,ND,ND,5.00E-04,0,,ND,ND,0.0059,0.006,,0.1715,0.171,,REG,REG,0.0371,0.037,,REG,REG,0.0088,0.009,,0.0426,0.043,
26th & Hartranft392023,9,26th & Hartranft,stationary,"39.91327125, -75.1922011",39.91327125,-75.1922011,#93AA00,Industrial,Vacant,High,"Diesel corridor, portable toilet supplier",HighT/I,P733895,P733895 092923 092723 26th St SS,P733895 092923 092723 26th St SS RENAME.D,9/29/23,9/27/23,sample,9/20/23,9/27/23,9986,2,392023,1,0.7654,0.765,,0.2754,0.276,,REG,REG,0.1097,0.11,,0.1629,0.163,,0.3707,0.371,,REG,REG,0.0342,0.034,,LOD,LOD,0.0305,0.031,,REG,REG,0.0259,0.026,,0.0773,0.077,,0.034,0.034,,0.0918,0.092,,REG,REG,0.042,0.042,,0.2143,0.214,,REG,REG,0.2142,0.214,,0.0743,0.074,,REG,REG,0.097,0.097,,REG,REG,0.1181,0.118,,REG,REG,0.1047,0.105,,REG,REG,0.1541,0.154,,REG,REG,0.1942,0.194,,REG,REG,0.2022,0.202,,REG,REG,0.1803,0.18,,0.1875,0.188,,0.4396,0.44,,REG,REG,0.9329,0.933,,REG,REG,2.2317,2.232,,REG,REG,0.2116,0.212,,ULOD,ULOD,0.8644,0.864,,REG,REG,0.0623,0.062,,REG,REG,0.0106,0.011,,LOD,LOD,0.0034,0.003,,ND,ND,0.0017,0.002,,ND,ND,5.00E-04,0,,ND,ND,0.0153,0.015,,0.2738,0.274,,REG,REG,0.0374,0.037,,REG,REG,0.0134,0.013,,0.1669,0.167,
26th & Hartranft402023,9,26th & Hartranft,stationary,"39.91327125, -75.1922011",39.91327125,-75.1922011,#93AA00,Industrial,Vacant,High,"Diesel corridor, portable toilet supplier",HighT/I,P726602,P726602 101223 100423 26th SS,P726602 101223 100423 26th SS.D,10/12/23,10/4/23,sample,9/27/23,10/4/23,10171,2,402023,1,1.0029,1.003,,0.3595,0.361,,REG,REG,0.1421,0.142,,0.2225,0.223,,0.4916,0.492,,REG,REG,0.0522,0.052,,REG,REG,0.051,0.051,,REG,REG,0.0509,0.051,,0.1138,0.114,,0.0557,0.056,,0.1385,0.138,,REG,REG,0.0596,0.06,,0.2239,0.224,,REG,REG,0.3474,0.347,,0.1259,0.126,,REG,REG,0.0987,0.099,,REG,REG,0.1962,0.196,,REG,REG,0.1929,0.193,,REG,REG,0.2753,0.275,,REG,REG,0.1907,0.191,,REG,REG,0.1243,0.124,,REG,REG,0.196,0.196,,0.1966,0.197,,0.4796,0.48,,REG,REG,0.8067,0.807,,REG,REG,2.0038,2.004,,REG,REG,0.2107,0.211,,ULOD,ULOD,0.6199,0.62,,REG,REG,0.0509,0.051,,REG,REG,0.0119,0.012,,REG,REG,0.0248,0.025,,REG,REG,0.0016,0.002,,ND,ND,5.00E-04,0,,ND,ND,0.0153,0.015,,0.2688,0.269,,REG,REG,0.0368,0.037,,REG,REG,0.0218,0.022,,0.0843,0.084,
26th & Hartranft412023,9,26th & Hartranft,stationary,"39.91327125, -75.1922011",39.91327125,-75.1922011,#93AA00,Industrial,Vacant,High,"Diesel corridor, portable toilet supplier",HighT/I,P733866,P733866 101323 101123 26th SS,P733866 101323 101123 26th SS.D,10/13/23,10/11/23,sample,10/4/23,10/11/23,9951,1.99,412023,1,0.6985,0.698,,0.3842,0.385,,REG,REG,0.1045,0.104,,0.1579,0.158,,0.4361,0.436,,REG,REG,0.0417,0.042,,REG,REG,0.0427,0.043,,REG,REG,0.0379,0.038,,0.0807,0.081,,0.034,0.034,,0.0992,0.099,,REG,REG,0.0485,0.048,,0.2147,0.215,,REG,REG,0.4266,0.427,,0.061,0.061,,REG,REG,0.0586,0.059,,REG,REG,0.1946,0.195,,REG,REG,0.234,0.234,,REG,REG,0.3065,0.307,,REG,REG,0.1576,0.158,,REG,REG,0.193,0.193,,REG,REG,0.1993,0.199,,0.1647,0.165,,0.4999,0.5,,REG,REG,1.2512,1.251,,REG,REG,2.8949,2.895,,REG,REG,0.2143,0.214,,ULOD,ULOD,0.5884,0.588,,REG,REG,0.0631,0.063,,REG,REG,0.0187,0.019,,REG,REG,0.0187,0.019,,REG,REG,0.0017,0.002,,ND,ND,5.00E-04,0,,ND,ND,0.0155,0.016,,0.3021,0.302,,REG,REG,0.0467,0.047,,REG,REG,0.0178,0.018,,0.1143,0.114,
26th & Hartranft422023,9,26th & Hartranft,stationary,"39.91327125, -75.1922011",39.91327125,-75.1922011,#93AA00,Industrial,Vacant,High,"Diesel corridor, portable toilet supplier",HighT/I,P733888,P733888 102623 101823 26th St SS RENAME,P733888 102623 101823 26th St SS RENAME.D,10/26/23,10/18/23,sample,10/11/23,10/18/23,10001,2,422023,1,0.9413,0.941,,0.3468,0.348,,REG,REG,0.1395,0.139,,0.2158,0.216,,0.4702,0.47,,REG,REG,0.0455,0.046,,REG,REG,0.0488,0.049,,REG,REG,0.0414,0.041,,0.0947,0.095,,0.0453,0.045,,0.1408,0.141,,REG,REG,0.0485,0.048,,0.3051,0.305,,REG,REG,0.4066,0.407,,0.1138,0.114,,REG,REG,0.1087,0.109,,REG,REG,0.1556,0.156,,REG,REG,0.1584,0.158,,REG,REG,0.2333,0.233,,REG,REG,0.3333,0.333,,REG,REG,0.366,0.366,,REG,REG,0.3393,0.339,,0.3294,0.329,,0.8658,0.866,,REG,REG,2.0511,2.051,,REG,REG,3.8091,3.809,,ULOD,ULOD,0.142,0.142,,ULOD,ULOD,1.3251,1.325,,REG,REG,0.0862,0.086,,REG,REG,0.0188,0.019,,REG,REG,0.0121,0.012,,LOD,LOD,0.0016,0.002,,ND,ND,5.00E-04,0,,ND,ND,0.0211,0.021,,0.3165,0.317,,REG,REG,0.0467,0.047,,REG,REG,0.0222,0.022,,0.1333,0.133,
26th & Hartranft432023,9,26th & Hartranft,stationary,"39.91327125, -75.1922011",39.91327125,-75.1922011,#93AA00,Industrial,Vacant,High,"Diesel corridor, portable toilet supplier",HighT/I,P726619,P726619 102823 102523 26th St SS RR.D,P726619 102823 102523 26th St SS RR.D,10/28/23,10/25/23,sample,10/18/23,10/25/23,10147,2,432023,1,2.209,2.209,,0.5944,0.596,,REG,REG,0.3297,0.33,,0.4305,0.431,,1.1721,1.172,,REG,REG,0.0636,0.064,,REG,REG,0.0571,0.057,,REG,REG,0.0578,0.058,,0.1521,0.152,,0.0707,0.071,,0.2045,0.204,,REG,REG,0.0836,0.084,,0.6822,0.682,,REG,REG,1.2417,1.242,,0.1075,0.107,,REG,REG,0.1647,0.165,,REG,REG,0.1726,0.173,,REG,REG,0.1827,0.183,,REG,REG,0.2431,0.243,,REG,REG,0.4778,0.478,,REG,REG,0.4099,0.41,,REG,REG,0.7089,0.709,,0.5797,0.58,,1.6225,1.622,,REG,REG,2.0216,2.022,,ULOD,ULOD,3.7543,3.754,,ULOD,ULOD,0.1399,0.14,,ULOD,ULOD,2.0737,2.074,,ULOD,ULOD,0.1982,0.198,,REG,REG,0.0582,0.058,,REG,REG,0.0055,0.005,,LOD,LOD,0.0016,0.002,,ND,ND,5.00E-04,0,,ND,ND,0.0153,0.015,,0.2694,0.269,,REG,REG,0.0461,0.046,,REG,REG,0.0175,0.018,,0.1408,0.141,
26th & Hartranft442023,9,26th & Hartranft,stationary,"39.91327125, -75.1922011",39.91327125,-75.1922011,#93AA00,Industrial,Vacant,High,"Diesel corridor, portable toilet supplier",HighT/I,P726641,P726641 111023 110123 26th St SS RR,P726641 111023 110123 26th St SS RR.D,11/10/23,11/1/23,sample,10/25/23,11/1/23,9583,2,442023,1,4.4327,4.124,CHECK,0.9424,0.872,CHECK,REG,REG,0.6303,0.587,,0.8183,0.761,CHECK,1.6781,1.559,CHECK,REG,REG,0.198,0.184,,REG,REG,0.1623,0.151,,REG,REG,0.1475,0.137,,0.3771,0.351,,0.1851,0.172,,0.5383,0.501,,REG,REG,0.2466,0.229,,1.3007,1.204,CHECK,REG,REG,2.0933,1.948,CHECK,0.4045,0.332,CHECK,REG,REG,0.4413,0.393,,REG,REG,0.3996,0.369,,REG,REG,0.295,0.274,,REG,REG,0.4946,0.453,,REG,REG,1.0878,1.012,CHECK,REG,REG,0.4584,0.426,,REG,REG,1.1896,1.106,CHECK,1.3492,1.256,CHECK,2.5452,2.367,CHECK,ULOD,ULOD,2.1405,1.991,CHECK,ULOD,ULOD,3.9753,3.697,CHECK,ULOD,ULOD,0.1473,0.138,,ULOD,ULOD,2.1969,2.042,CHECK,ULOD,ULOD,0.3514,0.318,,REG,REG,0.0672,0.051,,REG,REG,0.0103,0.009,,LOD,LOD,0.0017,0.002,,ND,ND,0.0134,0.012,,REG,REG,0.0062,0.006,,0.2853,0.265,,REG,REG,0.0575,0.054,,REG,REG,0.0232,0.022,,0.1342,0.125,
26th & Hartranft452023,9,26th & Hartranft,stationary,"39.91327125, -75.1922011",39.91327125,-75.1922011,#93AA00,Industrial,Vacant,High,"Diesel corridor, portable toilet supplier",HighT/I,P733847,P733847 111023 110823 26th SS,P733847 111023 110823 26th SS.D,11/10/23,11/8/23,sample,11/1/23,11/8/23,9873,2,452023,1,3.2752,3.275,,0.7565,0.756,,REG,REG,0.47,0.47,,0.5864,0.586,,1.0038,1.004,,REG,REG,0.173,0.173,,REG,REG,0.1482,0.148,,REG,REG,0.1292,0.129,,0.3127,0.313,,0.1567,0.157,,0.4718,0.472,,REG,REG,0.2333,0.233,,1.0534,1.053,,REG,REG,1.4781,1.478,,0.3588,0.359,,REG,REG,0.403,0.403,,REG,REG,0.3384,0.338,,REG,REG,0.1987,0.199,,REG,REG,0.3653,0.365,,REG,REG,0.7489,0.749,,REG,REG,0.4078,0.408,,REG,REG,1.0736,1.074,,1.4168,1.417,,2.4704,2.47,,ULOD,ULOD,2.0777,2.078,,ULOD,ULOD,3.8585,3.859,,ULOD,ULOD,0.1429,0.143,,ULOD,ULOD,2.1323,2.132,,ULOD,ULOD,0.2247,0.225,,REG,REG,0.0449,0.045,,REG,REG,0.0066,0.007,,LOD,LOD,0.0017,0.002,,ND,ND,0.0093,0.009,,REG,REG,0.0208,0.021,,0.2623,0.262,,REG,REG,0.0464,0.046,,REG,REG,0.0225,0.023,,0.1206,0.121,
26th & Hartranft462023,9,26th & Hartranft,stationary,"39.91327125, -75.1922011",39.91327125,-75.1922011,#93AA00,Industrial,Vacant,High,"Diesel corridor, portable toilet supplier",HighT/I,P733863,P733863 112423 111523 26th St.. SS,P733863 112423 111523 26th St SS.D,11/24/23,11/15/23,sample,11/8/23,11/15/23,10176,2,462023,1,1.3667,1.367,,0.5558,0.556,,REG,REG,0.1906,0.191,,0.269,0.269,,0.6185,0.618,,REG,REG,0.0858,0.086,,REG,REG,0.0719,0.072,,REG,REG,0.061,0.061,,0.131,0.131,,0.063,0.063,,0.2203,0.22,,REG,REG,0.0953,0.095,,0.5972,0.597,,REG,REG,0.8576,0.858,,0.278,0.278,,REG,REG,0.26,0.26,,REG,REG,0.2277,0.228,,REG,REG,0.1238,0.124,,REG,REG,0.2496,0.25,,REG,REG,0.3454,0.345,,REG,REG,0.2158,0.216,,REG,REG,0.5896,0.59,,0.785,0.785,,1.4141,1.414,,REG,REG,1.9956,1.996,,REG,REG,4.717,4.717,,REG,REG,0.2098,0.21,,ULOD,ULOD,2.2964,2.296,,REG,REG,0.0938,0.094,,REG,REG,0.0303,0.03,,REG,REG,0.0034,0.003,,ND,ND,0.0016,0.002,,ND,ND,0.009,0.009,,REG,REG,0.0147,0.015,,0.2828,0.283,,REG,REG,0.045,0.045,,REG,REG,0.0175,0.017,,0.1872,0.187,
26th & Hartranft472023,9,26th & Hartranft,stationary,"39.91327125, -75.1922011",39.91327125,-75.1922011,#93AA00,Industrial,Vacant,High,"Diesel corridor, portable toilet supplier",HighT/I,P733883,P733883 112523 112223 26th St. SS,P733883 112523 112223 26th St SS.D,11/25/23,11/22/23,sample,11/15/23,11/22/23,10108,2,472023,1,1.2275,1.227,,0.4792,0.479,,REG,REG,0.1672,0.167,,0.2447,0.245,,0.5427,0.543,,REG,REG,0.0826,0.083,,REG,REG,0.0633,0.063,,REG,REG,0.0546,0.055,,0.125,0.125,,0.0635,0.063,,0.197,0.197,,REG,REG,0.0839,0.084,,0.4736,0.474,,REG,REG,0.5995,0.6,,0.3599,0.36,,REG,REG,0.27,0.27,,REG,REG,0.2678,0.268,,REG,REG,0.146,0.146,,REG,REG,0.2777,0.278,,REG,REG,0.4377,0.438,,REG,REG,0.3819,0.382,,REG,REG,0.4683,0.468,,0.6041,0.604,,1.1703,1.17,,REG,REG,2.3439,2.344,,REG,REG,5.2198,5.22,,REG,REG,0.2112,0.211,,ULOD,ULOD,2.0619,2.062,,REG,REG,0.1285,0.128,,REG,REG,0.0305,0.031,,REG,REG,0.0034,0.003,,ND,ND,0.0016,0.002,,ND,ND,5.00E-04,0,,ND,ND,0.0093,0.009,,0.242,0.242,,REG,REG,0.0453,0.045,,REG,REG,0.0572,0.057,,0.1696,0.17,
26th & Hartranft482023,9,26th & Hartranft,stationary,"39.91327125, -75.1922011",39.91327125,-75.1922011,#93AA00,Industrial,Vacant,High,"Diesel corridor, portable toilet supplier",HighT/I,P726601,P726601 120823 112923 26th St SS,P726601 120823 112923 26th St SS.D,12/8/23,11/29/23,sample,11/22/23,11/29/23,10003,2,482023,1,0.7519,0.755,,0.378,0.378,,REG,REG,0.0935,0.094,,0.1563,0.158,,0.3875,0.391,,REG,REG,0.0531,0.053,,REG,REG,0.0335,0.034,,REG,REG,0.031,0.031,,0.0807,0.081,,0.0377,0.038,,0.125,0.124,,REG,REG,0.0364,0.036,,0.209,0.214,,REG,REG,0.3192,0.319,,0.2623,0.283,,REG,REG,0.1608,0.181,,REG,REG,0.2029,0.202,,REG,REG,0.0973,0.093,,REG,REG,0.2099,0.207,,REG,REG,0.1272,0.127,,REG,REG,0.1896,0.19,,REG,REG,0.1799,0.18,,0.2235,0.222,,0.4267,0.427,,REG,REG,1.415,1.415,,REG,REG,3.3095,3.313,,REG,REG,0.2149,0.213,,ULOD,ULOD,0.6419,0.642,,REG,REG,0.0735,0.072,,REG,REG,0.0101,0.011,,LOD,LOD,0.0034,0.003,,ND,ND,0.0016,0.002,,ND,ND,5.00E-04,0,,ND,ND,0.0089,0.009,,0.2733,0.273,,REG,REG,0.0374,0.036,,REG,REG,0.0133,0.013,,0.1,0.1,
26th & Hartranft492023,9,26th & Hartranft,stationary,"39.91327125, -75.1922011",39.91327125,-75.1922011,#93AA00,Industrial,Vacant,High,"Diesel corridor, portable toilet supplier",HighT/I,P726649,P726649 120923 120623 26th St SS,P726649 120923 120623 26th St SS.D,12/9/23,12/6/23,sample,11/29/23,12/6/23,9510,2,492023,1,1.0913,1.015,CHECK,0.529,0.493,,REG,REG,0.1614,0.15,,0.2197,0.204,,0.6358,0.591,,REG,REG,0.0599,0.056,,REG,REG,0.0417,0.039,,REG,REG,0.0435,0.04,,0.1033,0.096,,0.0516,0.048,,0.149,0.138,,REG,REG,0.0701,0.065,,0.3487,0.324,,REG,REG,0.5461,0.508,,0.1908,0.177,,REG,REG,0.1165,0.108,,REG,REG,0.1877,0.175,,REG,REG,0.125,0.116,,REG,REG,0.2138,0.199,,REG,REG,0.2677,0.249,,REG,REG,0.2869,0.267,,REG,REG,0.3365,0.313,,0.3588,0.334,,0.8079,0.751,CHECK,REG,REG,1.9413,1.805,CHECK,REG,REG,4.0018,3.72,CHECK,ULOD,ULOD,0.226,0.21,,ULOD,ULOD,0.9408,0.875,CHECK,REG,REG,0.1136,0.106,,REG,REG,0.0247,0.023,,REG,REG,0.0103,0.01,,LOD,LOD,0.0017,0.002,,ND,ND,5.00E-04,0,,ND,ND,0.0093,0.009,,0.2875,0.267,,REG,REG,0.0491,0.046,,REG,REG,0.0187,0.017,,0.1001,0.093,
26th & Hartranft502023,9,26th & Hartranft,stationary,"39.91327125, -75.1922011",39.91327125,-75.1922011,#93AA00,Industrial,Vacant,High,"Diesel corridor, portable toilet supplier",HighT/I,P733873,P733873 122123 121323 26th St SS,P733873 122123 121323 26th St SS.D,12/21/23,12/13/23,sample,12/6/23,12/13/23,9439,2,502023,1,1.039,0.965,CHECK,0.4801,0.447,,REG,REG,0.1573,0.146,,0.2102,0.195,,0.6091,0.566,,REG,REG,0.0603,0.056,,REG,REG,0.0452,0.042,,REG,REG,0.0438,0.041,,0.1004,0.093,,0.044,0.041,,0.1413,0.131,,REG,REG,0.0642,0.06,,0.3103,0.288,,REG,REG,0.5078,0.472,,0.1872,0.174,,REG,REG,0.1086,0.101,,REG,REG,0.215,0.2,,REG,REG,0.1603,0.149,,REG,REG,0.2578,0.24,,REG,REG,0.1605,0.149,,REG,REG,0.208,0.193,,REG,REG,0.3249,0.302,,0.2742,0.255,,0.7364,0.684,CHECK,REG,REG,1.4234,1.323,CHECK,REG,REG,3.3054,3.071,CHECK,REG,REG,0.1511,0.14,,ULOD,ULOD,1.1375,1.057,CHECK,REG,REG,0.0901,0.084,,REG,REG,0.032,0.03,,REG,REG,0.0104,0.01,,LOD,LOD,0.0017,0.002,,ND,ND,5.00E-04,0,,ND,ND,0.0094,0.009,,0.3811,0.354,,REG,REG,0.0396,0.037,,REG,REG,0.0188,0.017,,0.2169,0.202,
26th & Hartranft512023,9,26th & Hartranft,stationary,"39.91327125, -75.1922011",39.91327125,-75.1922011,#93AA00,Industrial,Vacant,High,"Diesel corridor, portable toilet supplier",HighT/I,P726602,P726602 122123 121323 26th St SS,P726602 122123 121323 26th St SS.D,12/21/23,12/13/23,sample,12/13/23,12/20/23,9863,1,512023,1,0.3607,0.361,,0.2059,0.207,,REG,REG,0.0542,0.054,,0.0758,0.076,,0.2313,0.231,,REG,REG,0.0212,0.021,,REG,REG,0.017,0.017,,REG,REG,0.014,0.014,,0.0338,0.034,,0.0153,0.015,,0.0465,0.046,,REG,REG,0.0215,0.022,,0.1171,0.117,,REG,REG,0.2393,0.239,,0.0488,0.049,,REG,REG,0.0279,0.028,,REG,REG,0.0772,0.077,,REG,REG,0.0685,0.069,,REG,REG,0.1048,0.105,,REG,REG,0.2427,0.243,,REG,REG,0.3374,0.337,,ULOD,ULOD,0.2501,0.25,,0.1551,0.155,,0.6553,0.655,,REG,REG,1.0399,1.04,,ULOD,ULOD,1.9274,1.927,,ULOD,ULOD,0.0713,0.071,,ULOD,ULOD,0.9232,0.923,,REG,REG,0.127,0.127,,REG,REG,0.0885,0.088,,REG,REG,0.0035,0.003,,ND,ND,0.0017,0.002,,ND,ND,0.0047,0.005,,REG,REG,0.0034,0.003,,0.1751,0.175,,REG,REG,0.0332,0.033,,REG,REG,0.0113,0.011,,0.111,0.111,
26th & Hartranft22024,9,26th & Hartranft,stationary,"39.91327125, -75.1922011",39.91327125,-75.1922011,#93AA00,Industrial,Vacant,High,"Diesel corridor, portable toilet supplier",HighT/I,P733848,P733848 011724 011024 26th St SS,P733848 011724 011024 26th St SS.D,1/17/24,1/10/24,sample,1/3/24,1/10/24,10066,2,22024,1,0.5783,0.578,,0.5681,0.568,,REG,REG,0.1093,0.109,,0.1312,0.131,,0.5348,0.535,,REG,REG,0.0415,0.041,,REG,REG,0.0273,0.027,,LOD,LOD,0.0274,0.027,,0.0586,0.059,,0.0259,0.026,,0.082,0.082,,REG,REG,0.0421,0.042,,0.2371,0.237,,REG,REG,0.451,0.451,,0.0818,0.082,,REG,REG,0.0625,0.063,,REG,REG,0.1115,0.111,,REG,REG,0.0988,0.099,,REG,REG,0.157,0.157,,REG,REG,0.3974,0.397,,REG,REG,0.7911,0.791,,REG,REG,0.5067,0.507,,0.2279,0.228,,1.3884,1.388,,REG,REG,3.0567,3.057,,ULOD,ULOD,5.603,5.603,,ULOD,ULOD,0.0397,0.04,,ULOD,ULOD,1.5132,1.513,,REG,REG,0.0879,0.088,,REG,REG,0.14,0.14,,REG,REG,0.0107,0.011,,REG,REG,0.0016,0.002,,ND,ND,0.0091,0.009,,REG,REG,0.0088,0.009,,0.2716,0.272,,REG,REG,0.0511,0.051,,REG,REG,0.0163,0.016,,0.0989,0.099,
26th & Hartranft32024,9,26th & Hartranft,stationary,"39.91327125, -75.1922011",39.91327125,-75.1922011,#93AA00,Industrial,Vacant,High,"Diesel corridor, portable toilet supplier",HighT/I,P733867,P733867 012524 011724 26th St SS,P733867 012524 011724 26th St SS.D,1/25/24,1/17/24,sample,1/10/24,1/17/24,9713,2,32024,1,0.467,0.435,,0.4536,0.422,,REG,REG,0.0772,0.072,,0.1089,0.101,,0.3658,0.341,,REG,REG,0.0313,0.029,,LOD,LOD,0.022,0.02,,LOD,LOD,0.0213,0.02,,0.0499,0.046,,0.019,0.018,,0.0506,0.047,,REG,REG,0.0312,0.029,,0.186,0.173,,REG,REG,0.3507,0.327,,0.1338,0.125,,REG,REG,0.0862,0.08,,REG,REG,0.0904,0.084,,REG,REG,0.0634,0.059,,REG,REG,0.1284,0.119,,REG,REG,0.1248,0.116,,REG,REG,0.186,0.173,,REG,REG,0.2162,0.201,,0.1151,0.107,,0.5223,0.486,,REG,REG,2.038,1.897,CHECK,REG,REG,4.2574,3.964,CHECK,REG,REG,0.1528,0.142,,ULOD,ULOD,0.6578,0.612,,REG,REG,0.1266,0.118,,REG,REG,0.0276,0.026,,REG,REG,0.0035,0.003,,ND,ND,0.0017,0.002,,ND,ND,5.00E-04,0,,ND,ND,0.0092,0.009,,0.3703,0.345,,REG,REG,0.0337,0.031,,REG,REG,0.0124,0.012,,0.3476,0.324,
26th & Hartranft52024,9,26th & Hartranft,stationary,"39.91327125, -75.1922011",39.91327125,-75.1922011,#93AA00,Industrial,Vacant,High,"Diesel corridor, portable toilet supplier",HighT/I,P726663,P726663 020824 013124 26th St SS,P726663 020824 013124 26th St SS.D,2/8/24,1/31/24,sample,1/24/24,1/31/24,10103,2,52024,1,0.9452,0.945,,0.5537,0.554,,REG,REG,0.1472,0.147,,0.2022,0.202,,0.7632,0.763,,REG,REG,0.0526,0.053,,REG,REG,0.0332,0.033,,REG,REG,0.0478,0.048,,0.1042,0.104,,0.0374,0.037,,0.1155,0.115,,REG,REG,0.066,0.066,,0.4482,0.448,,REG,REG,0.7366,0.737,,0.1323,0.132,,REG,REG,0.1255,0.126,,REG,REG,0.1799,0.18,,REG,REG,0.117,0.117,,REG,REG,0.1905,0.191,,REG,REG,0.126,0.126,,REG,REG,0.2405,0.238,,REG,REG,0.3691,0.369,,0.2438,0.244,,0.8329,0.816,,REG,REG,1.5532,1.553,,REG,REG,4.1855,4.112,CHECK,REG,REG,0.2148,0.183,,ULOD,ULOD,0.8537,0.83,,REG,REG,0.1244,0.133,,REG,REG,0.0183,0.02,,REG,REG,0.0034,0.003,,ND,ND,0.0016,0.002,,ND,ND,5.00E-04,0,,ND,ND,0.0089,0.009,,0.3703,0.37,,REG,REG,0.0624,0.06,,REG,REG,0.0264,0.026,,0.0896,0.09,
26th & Hartranft62024,9,26th & Hartranft,stationary,"39.91327125, -75.1922011",39.91327125,-75.1922011,#93AA00,Industrial,Vacant,High,"Diesel corridor, portable toilet supplier",HighT/I,P726613,P726613 021524 020724 26th St SS,P726613 021524 020724 26th St SS.D,2/15/24,2/7/24,sample,1/31/24,2/7/24,10092,2,62024,1,0.9957,0.996,,0.8206,0.821,,REG,REG,0.1623,0.162,,0.192,0.192,,0.7218,0.722,,REG,REG,0.0376,0.038,,REG,REG,0.0272,0.027,,LOD,LOD,0.0273,0.027,,0.0661,0.066,,0.0411,0.041,,0.1156,0.116,,REG,REG,0.048,0.048,,0.5318,0.532,,REG,REG,0.6911,0.691,,0.1324,0.132,,REG,REG,0.1257,0.126,,REG,REG,0.1075,0.108,,REG,REG,0.0904,0.09,,REG,REG,0.1709,0.171,,REG,REG,0.1561,0.156,,REG,REG,0.1715,0.171,,REG,REG,0.3827,0.383,,0.3257,0.326,,0.8942,0.894,,REG,REG,1.5143,1.514,,REG,REG,3.0576,3.058,,REG,REG,0.215,0.215,,ULOD,ULOD,1.5848,1.585,,REG,REG,0.0904,0.09,,REG,REG,0.0048,0.005,,ND,ND,0.0034,0.003,,ND,ND,0.0016,0.002,,ND,ND,5.00E-04,0,,ND,ND,0.0089,0.009,,0.4277,0.428,,REG,REG,0.0532,0.053,,REG,REG,0.0308,0.031,,0.2878,0.288,
26th & Hartranft72024,9,26th & Hartranft,stationary,"39.91327125, -75.1922011",39.91327125,-75.1922011,#93AA00,Industrial,Vacant,High,"Diesel corridor, portable toilet supplier",HighT/I,P733871,P733871 021624 021424 26th St SS,P733871 021624 021424 26th St SS.D,2/16/24,2/14/24,sample,2/7/24,2/14/24,10001,2,72024,1,1.6619,1.662,,1.3842,1.384,,REG,REG,0.2887,0.289,,0.299,0.299,,0.9837,0.984,,REG,REG,0.0949,0.095,,REG,REG,0.0793,0.079,,REG,REG,0.0655,0.066,,0.1368,0.137,,0.1019,0.102,,0.3083,0.308,,REG,REG,0.1394,0.139,,0.814,0.814,,REG,REG,1.1174,1.117,,0.205,0.205,,REG,REG,0.1768,0.177,,REG,REG,0.2792,0.279,,REG,REG,0.2858,0.286,,REG,REG,0.4725,0.472,,REG,REG,0.4424,0.442,,REG,REG,0.4193,0.419,,REG,REG,0.7462,0.746,,0.658,0.658,,1.9022,1.902,,REG,REG,2.0511,2.051,,ULOD,ULOD,3.8091,3.809,,ULOD,ULOD,0.217,0.217,,ULOD,ULOD,2.1044,2.104,,ULOD,ULOD,0.1372,0.137,,REG,REG,0.0252,0.025,,REG,REG,0.0034,0.003,,ND,ND,0.0016,0.002,,ND,ND,0.0128,0.013,,REG,REG,0.009,0.009,,0.4172,0.417,,REG,REG,0.0631,0.063,,REG,REG,0.04,0.04,,0.2428,0.243,
26th & Hartranft82024,9,26th & Hartranft,stationary,"39.91327125, -75.1922011",39.91327125,-75.1922011,#93AA00,Industrial,Vacant,High,"Diesel corridor, portable toilet supplier",HighT/I,P733878,P733878 022924 022124 26th St SS,P733878 022924 022124 26th St SS.D,2/29/24,2/21/24,sample,2/14/24,2/21/24,10085,2,82024,1,0.614,0.614,,0.5299,0.53,,REG,REG,0.1128,0.113,,0.1191,0.119,,0.3932,0.393,,REG,REG,0.0087,0.009,,ND,ND,0.0363,0.036,,REG,REG,0.0274,0.027,,0.0557,0.056,,0.0337,0.034,,0.0992,0.099,,REG,REG,0.0601,0.06,,0.2379,0.238,,REG,REG,0.3413,0.341,,0.1042,0.104,,REG,REG,0.0927,0.093,,REG,REG,0.127,0.127,,REG,REG,0.128,0.128,,REG,REG,0.2239,0.224,,REG,REG,0.3005,0.3,,REG,REG,0.1419,0.142,,REG,REG,0.1913,0.191,,0.2909,0.291,,0.4958,0.496,,REG,REG,0.9865,0.986,,REG,REG,2.2853,2.285,,REG,REG,0.1313,0.131,,REG,REG,0.8448,0.845,,REG,REG,0.0563,0.056,,REG,REG,0.0116,0.012,,LOD,LOD,0.0034,0.003,,ND,ND,0.0016,0.002,,ND,ND,5.00E-04,0,,ND,ND,0.0059,0.006,,0.2853,0.285,,REG,REG,0.0348,0.035,,REG,REG,0.0132,0.013,,0.0897,0.09,
26th & Hartranft92024,9,26th & Hartranft,stationary,"39.91327125, -75.1922011",39.91327125,-75.1922011,#93AA00,Industrial,Vacant,High,"Diesel corridor, portable toilet supplier",HighT/I,P733867,P733867 030124 022824 26th SS,P733867 030124 022824 26th SS.D,3/1/24,2/28/24,sample,2/21/24,2/28/24,10096,2,92024,1,0.7124,0.712,,0.4426,0.443,,REG,REG,0.1077,0.108,,0.145,0.145,,0.4181,0.418,,REG,REG,0.0376,0.038,,REG,REG,0.0332,0.033,,REG,REG,0.0307,0.031,,0.0695,0.07,,0.0374,0.037,,0.0908,0.091,,REG,REG,0.048,0.048,,0.1865,0.187,,REG,REG,0.2617,0.262,,0.1135,0.113,,REG,REG,0.0761,0.076,,REG,REG,0.151,0.151,,REG,REG,0.1707,0.171,,REG,REG,0.2501,0.25,,REG,REG,0.1201,0.12,,REG,REG,0.1318,0.132,,REG,REG,0.1317,0.132,,0.209,0.209,,0.3382,0.338,,REG,REG,0.9041,0.904,,REG,REG,1.8301,1.83,,REG,REG,0.1275,0.128,,REG,REG,0.5102,0.51,,REG,REG,0.0065,0.007,,ND,ND,0.0116,0.012,,LOD,LOD,0.0034,0.003,,ND,ND,0.0016,0.002,,ND,ND,5.00E-04,0,,ND,ND,0.0034,0.003,,0.2423,0.242,,REG,REG,0.0347,0.035,,REG,REG,0.0132,0.013,,0.0707,0.071,
26th & Hartranft102024,9,26th & Hartranft,stationary,"39.91327125, -75.1922011",39.91327125,-75.1922011,#93AA00,Industrial,Vacant,High,"Diesel corridor, portable toilet supplier",HighT/I,P726617,P726617 031524 030624 26th St SS,P726617 031524 030624 26th St SS.D,3/15/24,3/6/24,sample,2/28/24,3/6/24,10120,2,102024,1,0.4913,0.491,,0.3458,0.346,,REG,REG,0.0729,0.073,,0.1083,0.109,,0.3852,0.334,CHECK,REG,REG,0.0263,0.026,,LOD,LOD,0.0211,0.021,,LOD,LOD,0.0232,0.024,,0.0553,0.055,,0.026,0.026,,0.0654,0.065,,REG,REG,0.0299,0.03,,0.143,0.143,,REG,REG,0.2282,0.229,,0.0696,0.071,,REG,REG,0.0608,0.064,,REG,REG,0.0801,0.082,,REG,REG,0.1027,0.104,,REG,REG,0.1236,0.123,,REG,REG,0.0898,0.09,,REG,REG,0.0884,0.089,,REG,REG,0.1238,0.124,,0.1145,0.114,,0.2871,0.289,,REG,REG,0.6066,0.606,,REG,REG,1.55,1.562,,REG,REG,0.1347,0.139,,ULOD,ULOD,0.3296,0.331,,REG,REG,0.0479,0.052,,REG,REG,0.0048,0.005,,ND,ND,0.0034,0.003,,ND,ND,0.0016,0.002,,ND,ND,0.0072,0.006,,REG,REG,0.009,0.006,,0.2844,0.284,,REG,REG,0.0267,0.027,,REG,REG,0.013,0.013,,0.1164,0.118,
26th & Hartranft112024,9,26th & Hartranft,stationary,"39.91327125, -75.1922011",39.91327125,-75.1922011,#93AA00,Industrial,Vacant,High,"Diesel corridor, portable toilet supplier",HighT/I,P733891,P733891 031624 031324 26th St SS,P733891 031624 031324 26th St SS.D,3/16/24,3/13/24,sample,3/6/24,3/13/24,9993,2,112024,1,0.8906,0.891,,0.4878,0.488,,REG,REG,0.1289,0.129,,0.1728,0.174,,0.7052,0.653,CHECK,REG,REG,0.038,0.038,,REG,REG,0.0305,0.031,,REG,REG,0.0304,0.031,,0.0806,0.08,,0.0376,0.037,,0.0996,0.099,,REG,REG,0.0545,0.055,,0.274,0.274,,REG,REG,0.7048,0.705,,0.0466,0.048,,REG,REG,0.0699,0.073,,REG,REG,0.1007,0.103,,REG,REG,0.1148,0.116,,REG,REG,0.1452,0.145,,REG,REG,0.2911,0.291,,REG,REG,0.2693,0.27,,REG,REG,0.3188,0.319,,0.2808,0.28,,0.7789,0.781,,REG,REG,2.0204,2.02,,REG,REG,3.7998,3.812,,ULOD,ULOD,0.1364,0.141,,ULOD,ULOD,0.9553,0.956,,REG,REG,0.1521,0.156,,REG,REG,0.0563,0.06,,REG,REG,0.0034,0.003,,ND,ND,0.0017,0.002,,ND,ND,0.0073,0.006,,REG,REG,0.0091,0.006,,0.2736,0.274,,REG,REG,0.0364,0.036,,REG,REG,0.0132,0.013,,0.1179,0.119,
26th & Hartranft122024,9,26th & Hartranft,stationary,"39.91327125, -75.1922011",39.91327125,-75.1922011,#93AA00,Industrial,Vacant,High,"Diesel corridor, portable toilet supplier",HighT/I,P726604,P726604 040224 032024 26th St SS,P726604 040224 032024 26th St SS.D,4/2/24,3/20/24,sample,3/13/24,3/20/24,9690,2,122024,1,1.1175,1.04,CHECK,0.3934,0.367,,REG,REG,0.1639,0.153,,0.2108,0.197,,0.6526,0.558,CHECK,REG,REG,0.0548,0.051,,REG,REG,0.0503,0.047,,REG,REG,0.0456,0.043,,0.1085,0.101,,0.0505,0.047,,0.1457,0.135,,REG,REG,0.0812,0.076,,0.3491,0.325,,REG,REG,0.5204,0.485,,0.1071,0.101,,REG,REG,0.1108,0.106,,REG,REG,0.1642,0.155,,REG,REG,0.1686,0.158,,REG,REG,0.2461,0.229,,REG,REG,0.5692,0.53,,REG,REG,0.2777,0.259,,REG,REG,0.3357,0.313,,0.4595,0.427,,0.841,0.785,CHECK,REG,REG,1.5332,1.427,CHECK,REG,REG,3.5845,3.348,CHECK,REG,REG,0.2154,0.204,,ULOD,ULOD,1.4632,1.363,CHECK,REG,REG,0.0619,0.062,,REG,REG,0.005,0.005,,ND,ND,0.0036,0.003,,ND,ND,0.0017,0.002,,ND,ND,0.0094,0.008,,REG,REG,0.0151,0.006,,0.3415,0.318,,REG,REG,0.0279,0.026,,REG,REG,0.0136,0.013,,0.2444,0.229,
26th & Hartranft152024,9,26th & Hartranft,stationary,"39.91327125, -75.1922011",39.91327125,-75.1922011,#93AA00,Industrial,Vacant,High,"Diesel corridor, portable toilet supplier",HighT/I,P733879,P733879 041224 041024 26th St SS,P733879 041224 041024 26th St SS.D,4/12/24,4/10/24,sample,4/3/24,4/10/24,10084,2,152024,1,0.7933,0.793,,0.3564,0.356,,REG,REG,0.1072,0.107,,0.1605,0.16,,0.4162,0.416,,REG,REG,0.0527,0.053,,REG,REG,0.0423,0.042,,REG,REG,0.0376,0.038,,0.0418,0.042,,0.0412,0.041,,0.1157,0.116,,REG,REG,0.0541,0.054,,0.2031,0.203,,REG,REG,0.2868,0.287,,0.1452,0.145,,REG,REG,0.1023,0.102,,REG,REG,0.1524,0.152,,REG,REG,0.1876,0.188,,REG,REG,0.2463,0.246,,REG,REG,0.3666,0.367,,REG,REG,0.2871,0.287,,REG,REG,0.2372,0.237,,0.245,0.245,,0.6168,0.617,,REG,REG,1.5549,1.555,,REG,REG,3.6031,3.603,,REG,REG,0.2122,0.212,,ULOD,ULOD,0.7203,0.72,,REG,REG,0.1069,0.107,,REG,REG,0.0133,0.013,,LOD,LOD,0.0034,0.003,,ND,ND,0.0016,0.002,,ND,ND,0.0091,0.009,,REG,REG,0.0124,0.012,,0.1998,0.2,,REG,REG,0.0278,0.028,,REG,REG,0.0132,0.013,,0.0614,0.061,
26th & Hartranft162024,9,26th & Hartranft,stationary,"39.91327125, -75.1922011",39.91327125,-75.1922011,#93AA00,Industrial,Vacant,High,"Diesel corridor, portable toilet supplier",HighT/I,P726660,P726660 042624 041724 26th SS,P726660 042624 041724 26th SS.D,4/26/24,4/17/24,sample,4/10/24,4/17/24,9454,2,162024,1,1.4204,1.32,CHECK,0.3867,0.359,,REG,REG,0.199,0.185,,0.2547,0.237,,0.5384,0.5,,REG,REG,0.0723,0.067,,REG,REG,0.0709,0.066,,REG,REG,0.0584,0.054,,0.1299,0.121,,0.0718,0.067,,0.2116,0.197,,REG,REG,0.0962,0.089,,0.3532,0.328,,REG,REG,0.4398,0.409,,0.1398,0.13,,REG,REG,0.1355,0.126,,REG,REG,0.2245,0.209,,REG,REG,0.223,0.207,,REG,REG,0.3332,0.31,,REG,REG,0.4487,0.417,,REG,REG,0.271,0.252,,REG,REG,0.3517,0.327,,0.4107,0.382,,0.8901,0.827,CHECK,REG,REG,1.5066,1.4,CHECK,REG,REG,3.2992,3.066,CHECK,REG,REG,0.2264,0.21,,ULOD,ULOD,1.4475,1.345,CHECK,REG,REG,0.0775,0.072,,REG,REG,0.0213,0.02,,REG,REG,0.0036,0.003,,ND,ND,0.0017,0.002,,ND,ND,0.0116,0.011,,REG,REG,0.0073,0.007,,0.35,0.325,,REG,REG,0.0297,0.028,,REG,REG,0.0141,0.013,,0.136,0.126,
26th & Hartranft172024,9,26th & Hartranft,stationary,"39.91327125, -75.1922011",39.91327125,-75.1922011,#93AA00,Industrial,Vacant,High,"Diesel corridor, portable toilet supplier",HighT/I,P733899,P733899 042724 042424 26th  SS,P733899 042724 042424 26th SS.D,4/27/24,4/24/24,sample,4/17/24,4/24/24,9782,2,172024,1,0.8178,0.818,,0.3035,0.303,,REG,REG,0.1054,0.105,,0.1547,0.155,,0.3333,0.333,,REG,REG,0.0504,0.05,,REG,REG,0.0405,0.041,,REG,REG,0.0353,0.035,,0.0789,0.079,,0.0386,0.039,,0.1278,0.128,,REG,REG,0.0496,0.05,,0.216,0.216,,REG,REG,0.2684,0.268,,0.2178,0.218,,REG,REG,0.1139,0.114,,REG,REG,0.177,0.177,,REG,REG,0.1271,0.127,,REG,REG,0.2334,0.233,,REG,REG,0.1797,0.18,,REG,REG,0.1055,0.105,,REG,REG,0.1968,0.197,,0.2165,0.216,,0.4737,0.474,,REG,REG,0.7012,0.701,,REG,REG,1.6503,1.65,,REG,REG,0.1663,0.166,,REG,REG,0.6995,0.699,,REG,REG,0.0867,0.087,,REG,REG,0.0137,0.014,,LOD,LOD,0.0035,0.004,,ND,ND,0.0017,0.002,,ND,ND,0.0075,0.008,,REG,REG,0.0071,0.007,,0.3383,0.338,,REG,REG,0.0287,0.029,,REG,REG,0.0091,0.009,,0.1704,0.17,
26th & Hartranft182024,9,26th & Hartranft,stationary,"39.91327125, -75.1922011",39.91327125,-75.1922011,#93AA00,Industrial,Vacant,High,"Diesel corridor, portable toilet supplier",HighT/I,P726616,P726616 051124 050124 26th SS,P726616 051124 050124 26th SS.D,5/11/24,5/1/24,sample,4/24/24,5/1/24,10184,2,182024,1,0.9097,,,0.313,,,REG,,0.1159,,,0.1886,,,0.4793,,,REG,,0.0634,,,REG,,0.0629,,,REG,,0.0508,,,0.0965,,,0.0556,,,0.1465,,,REG,,0.0536,,,0.2395,,,REG,,0.2789,,,0.3441,,,REG,,0.1788,,,REG,,0.2907,,,REG,,0.3768,,,REG,,0.4811,,,REG,,0.1369,,,REG,,0.1144,,,REG,,0.1702,,,0.1733,,,0.4071,,,REG,,0.3223,,,REG,,2.0013,,,REG,,0.2107,,,ULOD,,0.5271,,,REG,,0.0474,,,REG,,0.0125,,,LOD,,0.0034,,,ND,,0.0016,,,ND,,0.0144,,,REG,,0.0087,,,0.3108,,,REG,,0.0257,,,REG,,0.0131,,,0.0416,,
26th & Hartranft192024,9,26th & Hartranft,stationary,"39.91327125, -75.1922011",39.91327125,-75.1922011,#93AA00,Industrial,Vacant,High,"Diesel corridor, portable toilet supplier",HighT/I,P726659,P726659 051224 050824 26th SS,P726659 051224 050824 26th SS.D,5/12/24,5/8/24,sample,5/1/24,5/8/24,9549,2,192024,1,1.0749,1,CHECK,0.4189,0.388,,REG,REG,0.1445,0.134,,0.2122,0.197,,0.529,0.492,,REG,REG,0.0636,0.059,,REG,REG,0.0575,0.053,,REG,REG,0.0469,0.044,,0.0955,0.089,,0.0474,0.044,,0.1388,0.129,,REG,REG,0.0571,0.053,,0.1946,0.181,,REG,REG,0.2625,0.244,,0.2075,0.193,,REG,REG,0.1165,0.108,,REG,REG,0.2948,0.274,,REG,REG,0.351,0.326,,REG,REG,0.4782,0.445,,REG,REG,0.2031,0.189,,REG,REG,0.1464,0.136,,REG,REG,0.1466,0.136,,0.1478,0.137,,0.3576,0.333,,REG,REG,0.3759,0.35,,REG,REG,2.2141,2.059,CHECK,REG,REG,0.2247,0.209,,ULOD,ULOD,0.5181,0.482,,REG,REG,0.0385,0.036,,REG,REG,0.0063,0.006,,LOD,LOD,0.0036,0.003,,ND,ND,0.0017,0.002,,ND,ND,0.0135,0.013,,REG,REG,0.0151,0.014,,0.3315,0.308,,REG,REG,0.0274,0.025,,REG,REG,0.014,0.013,,0.0394,0.037,
26th & Hartranft202024,9,26th & Hartranft,stationary,"39.91327125, -75.1922011",39.91327125,-75.1922011,#93AA00,Industrial,Vacant,High,"Diesel corridor, portable toilet supplier",HighT/I,P733861,P733861 052324 051524 26th SS,P733861 052324 051524 26th SS.D,5/23/24,5/15/24,sample,5/8/24,5/15/24,9405,2,202024,1,0.6585,0.612,,0.8506,0.789,CHECK,REG,REG,0.0776,0.072,,0.1259,0.117,,0.4556,0.423,,REG,REG,0.0363,0.034,,LOD,LOD,0.0324,0.03,,REG,REG,0.0293,0.027,,0.0634,0.059,,0.0321,0.03,,0.0877,0.081,,REG,REG,0.0322,0.03,,0.1358,0.126,,REG,REG,0.1744,0.162,,0.0739,0.069,,REG,REG,0.0518,0.048,,REG,REG,0.1489,0.138,,REG,REG,0.2241,0.208,,REG,REG,0.2942,0.273,,REG,REG,0.1289,0.12,,REG,REG,0.0672,0.062,,REG,REG,0.1559,0.145,,0.1126,0.105,,0.3631,0.337,,REG,REG,0.6979,0.648,,REG,REG,1.6607,1.543,CHECK,REG,REG,0.1512,0.14,,ULOD,ULOD,0.5037,0.468,,REG,REG,0.007,0.007,,ND,ND,0.0064,0.006,,LOD,LOD,0.0037,0.003,,ND,ND,0.0018,0.002,,ND,ND,5.00E-04,0,,ND,ND,0.0095,0.009,,0.3978,0.369,,REG,REG,0.0278,0.026,,REG,REG,0.0095,0.009,,0.1615,0.15,
26th & Hartranft212024,9,26th & Hartranft,stationary,"39.91327125, -75.1922011",39.91327125,-75.1922011,#93AA00,Industrial,Vacant,High,"Diesel corridor, portable toilet supplier",HighT/I,P733886,P733886 052424 052224 26th SS,P733886 052424 052224 26th SS.D,5/24/24,5/22/24,sample,5/15/24,5/22/24,9854,2,212024,1,0.7299,0.73,,0.3742,0.373,,REG,REG,0.0944,0.094,,0.1415,0.142,,0.4089,0.409,,REG,REG,0.0385,0.039,,REG,REG,0.034,0.034,,REG,REG,0.0315,0.031,,0.0677,0.068,,0.0345,0.034,,0.0922,0.092,,REG,REG,0.0369,0.037,,0.1493,0.149,,REG,REG,0.2206,0.221,,0.0706,0.071,,REG,REG,0.0537,0.054,,REG,REG,0.1619,0.162,,REG,REG,0.2523,0.252,,REG,REG,0.3214,0.321,,REG,REG,0.0984,0.098,,REG,REG,0.0608,0.061,,REG,REG,0.1421,0.142,,0.1194,0.119,,0.3465,0.347,,REG,REG,0.6557,0.656,,REG,REG,1.701,1.701,,REG,REG,0.1443,0.144,,ULOD,ULOD,0.5234,0.523,,REG,REG,0.049,0.049,,REG,REG,0.0129,0.013,,LOD,LOD,0.0233,0.023,,REG,REG,0.0017,0.002,,ND,ND,0.0093,0.009,,REG,REG,0.009,0.009,,0.3212,0.321,,REG,REG,0.0266,0.027,,REG,REG,0.0135,0.014,,0.1107,0.111,
26th & Hartranft222024,9,26th & Hartranft,stationary,"39.91327125, -75.1922011",39.91327125,-75.1922011,#93AA00,Industrial,Vacant,High,"Diesel corridor, portable toilet supplier",HighT/I,P733845,P733845 060624 052924 26th SS,P733845 060624 052924 26TH SS.D,6/6/24,5/29/24,sample,5/22/24,5/29/24,9588,2,222024,1,0.6265,0.582,,0.2575,0.238,,REG,REG,0.0879,0.082,,0.1364,0.127,,0.3792,0.352,,REG,REG,0.0473,0.044,,REG,REG,0.0477,0.044,,REG,REG,0.0432,0.04,,0.0805,0.075,,0.0392,0.036,,0.103,0.096,,REG,REG,0.0506,0.047,,0.1524,0.142,,REG,REG,0.1537,0.143,,0.1393,0.129,,REG,REG,0.08,0.074,,REG,REG,0.2338,0.217,,REG,REG,0.3552,0.33,,REG,REG,0.5326,0.495,,REG,REG,0.3603,0.335,,REG,REG,0.1978,0.184,,REG,REG,0.1391,0.129,,0.1595,0.148,,0.3053,0.283,,REG,REG,0.5129,0.477,,REG,REG,1.2516,1.162,CHECK,REG,REG,0.1102,0.101,,REG,REG,0.6148,0.571,,REG,REG,0.0444,0.036,,REG,REG,0.0051,0.005,,ND,ND,0.027,0.025,,REG,REG,0.0017,0.002,,ND,ND,5.00E-04,0,,ND,ND,0.106,0.098,,0.1651,0.153,,REG,REG,0.0195,0.016,,REG,REG,0.0139,0.013,,0.0497,0.046,
26th & Hartranft242024,9,26th & Hartranft,stationary,"39.91327125, -75.1922011",39.91327125,-75.1922011,#93AA00,Industrial,Vacant,High,"Diesel corridor, portable toilet supplier",HighT/I,P733897,P733897 062124 061224 26th SS,P733897 062124 061224 26th SS.D,6/21/24,6/12/24,sample,6/5/24,6/12/24,9828,2,242024,1,0.9092,0.909,,0.2321,0.231,,REG,REG,0.1213,0.121,,0.1706,0.171,,0.331,0.331,,REG,REG,0.0461,0.046,,REG,REG,0.0434,0.043,,REG,REG,0.0351,0.035,,0.075,0.075,,0.0344,0.034,,0.109,0.109,,REG,REG,0.0493,0.049,,0.1618,0.162,,REG,REG,0.1838,0.184,,0.1504,0.15,,REG,REG,0.0865,0.086,,REG,REG,0.1884,0.188,,REG,REG,0.264,0.264,,REG,REG,0.3432,0.343,,REG,REG,0.3577,0.358,,REG,REG,0.1084,0.108,,REG,REG,0.1289,0.129,,0.1796,0.18,,0.3226,0.323,,REG,REG,0.4378,0.438,,REG,REG,1.1241,1.124,,REG,REG,0.0958,0.095,,REG,REG,0.5141,0.514,,REG,REG,0.0433,0.046,,REG,REG,0.005,0.005,,ND,ND,0.023,0.023,,REG,REG,0.0017,0.002,,ND,ND,0.0107,0.011,,REG,REG,0.0187,0.019,,0.205,0.205,,REG,REG,0.0285,0.029,,REG,REG,0.009,0.009,,0.0485,0.048,
26th & Hartranft252024,9,26th & Hartranft,stationary,"39.91327125, -75.1922011",39.91327125,-75.1922011,#93AA00,Industrial,Vacant,High,"Diesel corridor, portable toilet supplier",HighT/I,P726658,P726658 062124 061924 26th SS,P726658 062124 061924 26th SS.D,6/21/24,6/19/24,sample,6/12/24,6/19/24,10148,2,252024,1,0.5145,0.515,,0.1878,0.187,,REG,REG,0.0732,0.073,,0.1133,0.113,,0.2493,0.249,,REG,REG,0.0335,0.033,,LOD,LOD,0.03,0.03,,REG,REG,0.0272,0.027,,0.0622,0.062,,0.0258,0.026,,0.0809,0.081,,REG,REG,0.0358,0.036,,0.1122,0.112,,REG,REG,0.1189,0.119,,0.1222,0.122,,REG,REG,0.0714,0.071,,REG,REG,0.1392,0.139,,REG,REG,0.1971,0.197,,REG,REG,0.2733,0.273,,REG,REG,0.0717,0.072,,REG,REG,0.0361,0.036,,LOD,LOD,0.0788,0.079,,0.0927,0.093,,0.1923,0.192,,REG,REG,0.2016,0.201,,REG,REG,0.5443,0.544,,REG,REG,0.0371,0.037,,REG,REG,0.3112,0.311,,REG,REG,0.0193,0.022,,REG,REG,0.0048,0.005,,ND,ND,0.0546,0.054,,REG,REG,0.0016,0.002,,ND,ND,5.00E-04,0,,ND,ND,0.0016,0.002,,0.1985,0.199,,REG,REG,0.0184,0.018,,REG,REG,0.0088,0.009,,0.0375,0.038,
26th & Hartranft262024,9,26th & Hartranft,stationary,"39.91327125, -75.1922011",39.91327125,-75.1922011,#93AA00,Industrial,Vacant,High,"Diesel corridor, portable toilet supplier",HighT/I,P733857,P733857 062724 061924 26th SS,P733857 062724 061924 26th SS.D,6/27/24,6/19/24,sample,6/19/24,6/26/24,10089,2,262024,1,0.6379,0.638,,0.1766,0.176,,REG,REG,0.0835,0.084,,0.1296,0.13,,0.6599,0.66,,REG,REG,0.0374,0.037,,REG,REG,0.0332,0.033,,REG,REG,0.0273,0.027,,0.0417,0.042,,0.026,0.026,,0.0731,0.073,,REG,REG,0.03,0.03,,0.1384,0.138,,REG,REG,0.146,0.146,,0.1277,0.128,,REG,REG,0.0801,0.08,,REG,REG,0.1496,0.15,,REG,REG,0.1661,0.166,,REG,REG,0.2485,0.248,,REG,REG,0.1081,0.108,,REG,REG,0.0528,0.053,,REG,REG,0.0859,0.086,,0.1166,0.117,,0.2055,0.205,,REG,REG,0.2536,0.253,,REG,REG,0.623,0.623,,REG,REG,3.00E-04,0,,ND,ND,0.3443,0.344,,REG,REG,0.0422,0.045,,REG,REG,0.0048,0.005,,ND,ND,0.0452,0.045,,REG,REG,0.0016,0.002,,ND,ND,5.00E-04,0,,ND,ND,0.0017,0.002,,0.1854,0.185,,REG,REG,0.0185,0.019,,REG,REG,0.0044,0.004,,0.0519,0.052,
Hartranft & Pietro Wy332023,10,Hartranft & Pietro Wy,rotating,"39.91118246, -75.1885003",39.91118246,-75.1885003,,Non-Industrial,Residential,Low,,LowT/NoI,P733894,P733894 082423 081623 Siena Place SS,P733894 082423 081623 Siena Place SS.D,8/24/23,8/16/23,sample,8/9/23,8/16/23,9398,2,332023,1,0.4016,0.373,,0.1762,0.165,,REG,REG,0.0798,0.074,,0.1064,0.099,,0.3034,0.282,,REG,REG,0.0094,0.009,,ND,ND,0.0162,0.015,,LOD,LOD,0.0257,0.024,,0.0554,0.051,,0.0194,0.018,,0.0517,0.048,,REG,REG,0.0387,0.036,,0.1327,0.123,,REG,REG,0.1348,0.125,,0.0929,0.086,,REG,REG,0.0709,0.066,,REG,REG,0.0848,0.079,,REG,REG,0.0757,0.07,,REG,REG,0.1419,0.132,,REG,REG,0.0451,0.042,,LOD,LOD,0.0496,0.046,,REG,REG,0.0851,0.079,,0.121,0.112,,0.2076,0.193,,REG,REG,0.2183,0.203,,REG,REG,0.5607,0.521,,REG,REG,0.0502,0.047,,REG,REG,0.2912,0.27,,REG,REG,0.0306,0.028,,REG,REG,0.0052,0.005,,ND,ND,0.0506,0.047,,REG,REG,0.0018,0.002,,ND,ND,5.00E-04,0,,ND,ND,0.0064,0.006,,0.1837,0.171,,REG,REG,0.0199,0.018,,REG,REG,0.0142,0.013,,0.0405,0.038,
Hartranft & Pietro Wy342023,10,Hartranft & Pietro Wy,rotating,"39.91118246, -75.1885003",39.91118246,-75.1885003,,Non-Industrial,Residential,Low,,LowT/NoI,P733885,P733885 082523 082323 Siena Place SS,P733885 082523 082323 Siena Place SS.D,8/25/23,8/23/23,sample,8/16/23,8/23/23,9944,2,342023,1,0.3651,0.365,,0.2294,0.23,,REG,REG,0.0704,0.07,,0.1006,0.101,,0.2782,0.278,,REG,REG,0.0305,0.031,,LOD,LOD,0.0215,0.021,,LOD,LOD,0.0243,0.024,,0.0488,0.049,,0.0183,0.018,,0.0573,0.057,,REG,REG,0.0366,0.037,,0.1125,0.112,,REG,REG,0.1207,0.121,,0.083,0.083,,REG,REG,0.067,0.067,,REG,REG,0.0654,0.065,,REG,REG,0.0661,0.066,,REG,REG,0.114,0.114,,REG,REG,0.0731,0.073,,REG,REG,0.0402,0.04,,LOD,LOD,0.0872,0.087,,0.1144,0.114,,0.2085,0.208,,REG,REG,0.2166,0.217,,REG,REG,0.53,0.53,,REG,REG,0.0423,0.042,,REG,REG,0.3176,0.318,,REG,REG,0.0289,0.029,,REG,REG,0.0202,0.02,,REG,REG,0.028,0.028,,REG,REG,0.0017,0.002,,ND,ND,5.00E-04,0,,ND,ND,0.0112,0.011,,0.1736,0.174,,REG,REG,0.0188,0.019,,REG,REG,0.0089,0.009,,0.0287,0.029,
Hartranft & Pietro Wy72024,10,Hartranft & Pietro Wy,rotating,"39.91118246, -75.1885003",39.91118246,-75.1885003,,Non-Industrial,Residential,Low,,LowT/NoI,P733870,P733870 021624 021424 Siena Place SS,P733870 021624 021424 Siena Place SS.D,2/16/24,2/14/24,sample,2/7/24,2/14/24,9982,2,72024,1,1.1427,1.143,,1.0926,1.093,,REG,REG,0.1991,0.199,,0.2363,0.236,,0.9685,0.968,,REG,REG,0.0418,0.042,,REG,REG,0.0305,0.031,,REG,REG,0.0345,0.035,,0.0808,0.081,,0.0529,0.053,,0.1503,0.15,,REG,REG,0.0607,0.061,,0.5312,0.531,,REG,REG,0.7322,0.732,,0.172,0.172,,REG,REG,0.1437,0.144,,REG,REG,0.1087,0.109,,REG,REG,0.0697,0.07,,REG,REG,0.1728,0.173,,REG,REG,0.2125,0.213,,REG,REG,0.1567,0.157,,REG,REG,0.3736,0.374,,0.2703,0.27,,0.8918,0.892,,REG,REG,1.233,1.233,,REG,REG,2.7669,2.767,,REG,REG,0.2174,0.217,,ULOD,ULOD,1.3386,1.339,,REG,REG,0.0684,0.068,,REG,REG,0.0185,0.018,,REG,REG,0.0034,0.003,,ND,ND,0.0017,0.002,,ND,ND,5.00E-04,0,,ND,ND,0.0424,0.042,,0.3892,0.389,,REG,REG,0.0445,0.044,,REG,REG,0.0356,0.036,,0.2338,0.234,
Hartranft & Pietro Wy82024,10,Hartranft & Pietro Wy,rotating,"39.91118246, -75.1885003",39.91118246,-75.1885003,,Non-Industrial,Residential,Low,,LowT/NoI,P733877,P733877 022924 022124 Siena Place SS,P733877 022924 022124 Siena Place SS.D,2/29/24,2/21/24,sample,2/14/24,2/21/24,10086,2,82024,1,0.4652,0.465,,0.474,0.474,,REG,REG,0.083,0.083,,0.0982,0.098,,0.3974,0.397,,REG,REG,0.0263,0.026,,LOD,LOD,0.0151,0.015,,LOD,LOD,0.0171,0.017,,0.0383,0.038,,0.0187,0.019,,0.0578,0.058,,REG,REG,0.03,0.03,,0.1355,0.136,,REG,REG,0.2223,0.222,,0.0475,0.048,,REG,REG,0.0472,0.047,,REG,REG,0.0447,0.045,,LOD,LOD,0.0315,0.031,,LOD,LOD,0.0719,0.072,,LOD,LOD,0.0721,0.072,,REG,REG,0.0561,0.056,,REG,REG,0.0987,0.099,,0.1159,0.116,,0.2297,0.23,,REG,REG,0.4373,0.437,,REG,REG,1.0765,1.076,,REG,REG,0.0559,0.056,,REG,REG,0.3959,0.396,,REG,REG,0.0335,0.033,,REG,REG,0.0116,0.012,,LOD,LOD,0.0034,0.003,,ND,ND,0.0016,0.002,,ND,ND,0.0073,0.007,,REG,REG,0.0034,0.003,,0.2711,0.271,,REG,REG,0.0347,0.035,,REG,REG,0.0132,0.013,,0.085,0.085,
Snyder & Vare332023,11,Snyder & Vare,rotating,"39.92759256, -75.1950607",39.92759256,-75.1950607,,Non-Industrial,Mixed Use,High,Auto body shop,HighT/NoI,P733875,P733875 082423 081623 Bus Depot on Snyder RENAME,P733875 082423 081623 Bus Depot on Snyder RENAME.D,8/24/23,8/16/23,sample,8/9/23,8/16/23,10184,1,332023,1,0.5915,0.591,,0.2087,0.21,,REG,REG,0.1129,0.113,,0.1628,0.163,,0.4513,0.451,,REG,REG,0.0373,0.037,,REG,REG,0.0299,0.03,,REG,REG,0.0305,0.03,,0.0804,0.08,,0.0309,0.031,,0.0805,0.08,,REG,REG,0.0417,0.042,,0.1953,0.195,,REG,REG,0.1833,0.183,,0.3429,0.343,,REG,REG,0.1698,0.17,,REG,REG,0.1285,0.129,,REG,REG,0.1097,0.11,,REG,REG,0.18,0.18,,REG,REG,0.0893,0.089,,REG,REG,0.0621,0.062,,REG,REG,0.1211,0.121,,0.1579,0.158,,0.2754,0.275,,REG,REG,0.277,0.277,,REG,REG,0.7232,0.723,,REG,REG,0.0548,0.055,,REG,REG,0.3669,0.367,,REG,REG,0.0677,0.068,,REG,REG,0.0099,0.01,,REG,REG,0.0386,0.039,,REG,REG,0.0016,0.002,,ND,ND,5.00E-04,0,,ND,ND,0.0191,0.019,,0.1695,0.17,,REG,REG,0.0229,0.023,,REG,REG,0.0131,0.013,,0.0421,0.042,
Snyder & Vare342023,11,Snyder & Vare,rotating,"39.92759256, -75.1950607",39.92759256,-75.1950607,,Non-Industrial,Mixed Use,High,Auto body shop,HighT/NoI,P733881,P733881 082523 082323 Bus Depot on Snyder SS,P733881 082523 082323 Bus Depot on Snyder SS.D,8/25/23,8/23/23,sample,8/16/23,8/23/23,10012,2,342023,1,0.4625,0.463,,0.2653,0.266,,REG,REG,0.0899,0.09,,0.1262,0.126,,0.3613,0.361,,REG,REG,0.0341,0.034,,LOD,LOD,0.0213,0.021,,LOD,LOD,0.0241,0.024,,0.0625,0.062,,0.022,0.022,,0.0652,0.065,,REG,REG,0.0303,0.03,,0.1117,0.112,,REG,REG,0.1265,0.127,,0.092,0.092,,REG,REG,0.0583,0.058,,REG,REG,0.0747,0.075,,REG,REG,0.0549,0.055,,REG,REG,0.1065,0.107,,REG,REG,0.0545,0.054,,REG,REG,0.0432,0.043,,LOD,LOD,0.0932,0.093,,0.0901,0.09,,0.2192,0.219,,REG,REG,0.2049,0.205,,REG,REG,0.5454,0.545,,REG,REG,0.0557,0.056,,REG,REG,0.1998,0.2,,REG,REG,0.0287,0.029,,REG,REG,0.0049,0.005,,ND,ND,0.0246,0.025,,REG,REG,0.0152,0.015,,REG,REG,0.011,0.011,,REG,REG,0.0166,0.017,,0.1868,0.187,,REG,REG,0.028,0.028,,REG,REG,0.0133,0.013,,0.0333,0.033,
Snyder & Vare72024,11,Snyder & Vare,rotating,"39.92759256, -75.1950607",39.92759256,-75.1950607,,Non-Industrial,Mixed Use,High,Auto body shop,HighT/NoI,P726645,P726645 021624 021424 Snyder SS,P726645 021624 021424 Snyder SS.D,2/16/24,2/14/24,sample,2/7/24,2/14/24,9961,2,72024,1,1.5753,1.575,,1.0133,1.013,,REG,REG,0.2598,0.26,,0.3108,0.311,,1.1457,1.146,,REG,REG,0.0686,0.069,,REG,REG,0.049,0.049,,REG,REG,0.045,0.045,,0.1127,0.113,,0.0758,0.076,,0.2426,0.243,,REG,REG,0.1034,0.103,,0.5777,0.578,,REG,REG,0.8274,0.827,,0.2154,0.215,,REG,REG,0.1482,0.148,,REG,REG,0.153,0.153,,REG,REG,0.2435,0.244,,REG,REG,0.4543,0.454,,REG,REG,0.0137,0.014,,ND,ND,0.1737,0.174,,REG,REG,0.4212,0.421,,0.3536,0.354,,1.0284,1.028,,REG,REG,1.5548,1.555,,REG,REG,3.1934,3.193,,REG,REG,0.2178,0.218,,ULOD,ULOD,2.1128,2.113,,ULOD,ULOD,0.1031,0.103,,REG,REG,0.0253,0.025,,REG,REG,0.0035,0.003,,ND,ND,0.0017,0.002,,ND,ND,0.0129,0.013,,REG,REG,0.0146,0.015,,0.4045,0.404,,REG,REG,0.0446,0.045,,REG,REG,0.0402,0.04,,0.2581,0.258,
Snyder & Vare82024,11,Snyder & Vare,rotating,"39.92759256, -75.1950607",39.92759256,-75.1950607,,Non-Industrial,Mixed Use,High,Auto body shop,HighT/NoI,P733875,P733875 022924 022124 Snyder SS,P733875 022924 022124 Snyder SS.D,2/29/24,2/21/24,sample,2/14/24,2/21/24,10090,2,82024,1,0.5287,0.529,,0.4367,0.437,,REG,REG,0.083,0.083,,0.1138,0.114,,0.4014,0.401,,REG,REG,0.0087,0.009,,ND,ND,0.0121,0.012,,LOD,LOD,0.0171,0.017,,0.0417,0.042,,0.0187,0.019,,0.0578,0.058,,REG,REG,0.024,0.024,,0.1419,0.142,,REG,REG,0.2222,0.222,,0.1088,0.109,,REG,REG,0.0679,0.068,,REG,REG,0.0496,0.05,,REG,REG,0.0208,0.021,,LOD,LOD,0.0586,0.059,,LOD,LOD,0.042,0.042,,LOD,LOD,0.0429,0.043,,LOD,LOD,0.0921,0.092,,0.0809,0.081,,0.2055,0.205,,REG,REG,0.3558,0.356,,REG,REG,1.0005,1.001,,REG,REG,0.053,0.053,,REG,REG,0.208,0.208,,REG,REG,0.0562,0.056,,REG,REG,0.0116,0.012,,LOD,LOD,0.0034,0.003,,ND,ND,0.0016,0.002,,ND,ND,5.00E-04,0,,ND,ND,0.0145,0.014,,0.2852,0.285,,REG,REG,0.0347,0.035,,REG,REG,0.0132,0.013,,0.0897,0.09,
29th & Moore332023,12,29th & Moore,rotating,"39.931447, -75.193386",39.931447,-75.193386,,Non-Industrial,Residential,High,,HighT/NoI,P733891,P733891 082423 081623 Tasker (near Morris) SS,P733891 082423 081623 Tasker (near Morris) SS.D,8/24/23,8/16/23,sample,8/9/23,8/16/23,9434,1.3,332023,1,0.5007,0.465,,0.207,0.193,,REG,REG,0.0965,0.09,,0.1378,0.128,,0.3913,0.364,,REG,REG,0.0366,0.034,,REG,REG,0.0078,0.007,,ND,ND,0.0285,0.026,,0.0671,0.062,,0.0227,0.021,,0.0674,0.063,,REG,REG,0.0334,0.031,,0.1353,0.126,,REG,REG,0.1491,0.139,,0.1253,0.116,,REG,REG,0.0886,0.082,,REG,REG,0.0956,0.089,,REG,REG,0.1645,0.153,,REG,REG,0.1742,0.162,,REG,REG,0.0668,0.062,,REG,REG,0.0527,0.049,,REG,REG,0.1011,0.094,,0.1174,0.109,,0.2269,0.211,,REG,REG,0.2403,0.223,,REG,REG,0.597,0.555,,REG,REG,0.0513,0.048,,REG,REG,0.2538,0.236,,REG,REG,0.053,0.049,,REG,REG,0.0092,0.009,,LOD,LOD,0.0367,0.034,,REG,REG,0.0175,0.016,,REG,REG,5.00E-04,0,,ND,ND,0.0651,0.06,,0.1784,0.166,,REG,REG,0.0258,0.024,,REG,REG,0.0153,0.014,,0.0427,0.04,
29th & Moore342023,12,29th & Moore,rotating,"39.931447, -75.193386",39.931447,-75.193386,,Non-Industrial,Residential,High,,HighT/NoI,P733882,P733882 082523 082323 Tasker (near Morris) SS,P733882 082523 082323 Tasker (near Morris) SS.D,8/25/23,8/23/23,sample,8/16/23,8/23/23,10018,2,342023,1,0.4337,0.434,,0.2776,0.279,,REG,REG,0.0848,0.085,,0.1156,0.116,,0.3611,0.361,,REG,REG,0.0303,0.03,,LOD,LOD,0.0213,0.021,,LOD,LOD,0.0241,0.024,,0.0555,0.055,,0.0257,0.026,,0.0568,0.057,,REG,REG,0.0302,0.03,,0.1116,0.112,,REG,REG,0.1198,0.12,,0.2012,0.201,,REG,REG,0.1081,0.108,,REG,REG,0.0893,0.089,,REG,REG,0.152,0.152,,REG,REG,0.1797,0.18,,REG,REG,0.0423,0.042,,LOD,LOD,0.0111,0.011,,ND,ND,0.0732,0.073,,0.0783,0.078,,0.1704,0.17,,REG,REG,0.1843,0.184,,REG,REG,0.469,0.469,,REG,REG,0.0456,0.046,,REG,REG,0.1471,0.147,,REG,REG,0.0516,0.052,,REG,REG,0.0067,0.007,,LOD,LOD,0.0245,0.025,,REG,REG,0.0016,0.002,,ND,ND,5.00E-04,0,,ND,ND,0.0333,0.033,,0.1867,0.187,,REG,REG,0.028,0.028,,REG,REG,0.0089,0.009,,0.038,0.038,
29th & Moore52024,12,29th & Moore,rotating,"39.931447, -75.193386",39.931447,-75.193386,,Non-Industrial,Residential,High,,HighT/NoI,P733900,P733900 020824 013124 Tasker St SS,P733900 020824 013124 Tasker St SS.D,2/8/24,1/31/24,sample,1/24/24,1/31/24,10103,2,52024,1,0.825,0.825,,0.4485,0.449,,REG,REG,0.1225,0.122,,0.1709,0.171,,0.6705,0.67,,REG,REG,0.0301,0.03,,LOD,LOD,0.0151,0.015,,LOD,LOD,0.0307,0.031,,0.0799,0.08,,0.0299,0.03,,0.0742,0.074,,REG,REG,0.036,0.036,,0.2439,0.244,,REG,REG,0.3934,0.393,,0.038,0.038,,REG,REG,0.0472,0.047,,REG,REG,0.0688,0.069,,REG,REG,0.0207,0.021,,LOD,LOD,0.052,0.052,,LOD,LOD,0.048,0.048,,LOD,LOD,0.0494,0.047,,REG,REG,0.1975,0.198,,0.1157,0.116,,0.3983,0.381,,REG,REG,0.3858,0.386,,REG,REG,1.1878,1.114,CHECK,REG,REG,0.1518,0.12,,REG,REG,0.2077,0.184,,REG,REG,0.0065,0.007,,ND,ND,0.0116,0.013,,LOD,LOD,0.0114,0.007,,LOD,LOD,0.0016,0.002,,ND,ND,5.00E-04,0,,ND,ND,0.0309,0.031,,0.356,0.356,,REG,REG,0.0532,0.051,,REG,REG,0.022,0.022,,0.066,0.066,
29th & Moore62024,12,29th & Moore,rotating,"39.931447, -75.193386",39.931447,-75.193386,,Non-Industrial,Residential,High,,HighT/NoI,P726608,P726608 021524 020724 Tasker St SS,P726608 021524 020724 Tasker St SS.D,2/15/24,2/7/24,sample,1/31/24,2/7/24,10138,2,62024,1,0.794,0.794,,0.6257,0.626,,REG,REG,0.1221,0.122,,0.1703,0.17,,0.7185,0.719,,REG,REG,0.0225,0.022,,LOD,LOD,0.012,0.012,,LOD,LOD,0.017,0.017,,0.0519,0.052,,0.0261,0.026,,0.074,0.074,,REG,REG,0.0239,0.024,,0.2494,0.249,,REG,REG,0.4052,0.405,,0.1318,0.132,,REG,REG,0.0758,0.076,,REG,REG,0.0493,0.049,,REG,REG,0.0207,0.021,,LOD,LOD,0.0649,0.065,,LOD,LOD,0.0598,0.06,,REG,REG,0.0722,0.072,,REG,REG,0.1837,0.184,,0.1037,0.104,,0.397,0.397,,REG,REG,0.5564,0.556,,REG,REG,1.4279,1.428,,REG,REG,0.214,0.214,,ULOD,ULOD,0.3212,0.321,,REG,REG,0.0787,0.079,,REG,REG,0.0182,0.018,,REG,REG,0.0034,0.003,,ND,ND,0.0016,0.002,,ND,ND,0.0109,0.011,,REG,REG,0.0199,0.02,,0.44,0.44,,REG,REG,0.0438,0.044,,REG,REG,0.0219,0.022,,0.2489,0.249,
Wharton Park352023,13,Wharton Park,rotating,"39.935920, -75.183090",39.93592,-75.18309,,Non-Industrial,Recreation,Low,,LowT/NoI,P733870,P733870 090723 083023 Wharton Playground SS,P733870 090723 083023 Wharton Playground SS.D,9/7/23,8/30/23,sample,8/23/23,8/30/23,9967,2,352023,1,0.3082,0.314,,0.1693,0.173,,REG,REG,0.0598,0.06,,0.084,0.084,,0.2348,0.239,,REG,REG,0.0228,0.023,,LOD,LOD,0.0122,0.012,,LOD,LOD,0.0121,0.017,,0.0387,0.038,,0.0227,0.022,,0.0418,0.04,,REG,REG,0.0177,0.018,,0.0723,0.08,,REG,REG,0.1009,0.1,,0.0219,0.092,CHECK,REG,REG,0.0178,0.046,,REG,REG,0.0449,0.051,,LOD,LOD,0.0289,0.028,,LOD,LOD,0.0541,0.06,,LOD,LOD,0.0426,0.043,,LOD,LOD,0.0456,0.046,,REG,REG,0.0736,0.074,,0.0698,0.067,,0.1713,0.171,,REG,REG,0.1732,0.173,,REG,REG,0.516,0.516,,REG,REG,0.0458,0.046,,REG,REG,0.1795,0.18,,REG,REG,0.0163,0.016,,REG,REG,0.0049,0.005,,ND,ND,0.0422,0.042,,REG,REG,0.0017,0.002,,ND,ND,5.00E-04,0,,ND,ND,0.0153,0.017,,0.2021,0.202,,REG,REG,0.0281,0.028,,REG,REG,0.0089,0.009,,0.0573,0.057,
Wharton Park362023,13,Wharton Park,rotating,"39.935920, -75.183090",39.93592,-75.18309,,Non-Industrial,Recreation,Low,,LowT/NoI,P726645,P726645 090823 090623 Wharton Playground SS,P726645 090823 090623 Wharton Playground SS.D,9/8/23,9/6/23,sample,8/30/23,9/6/23,10004,2,362023,1,0.4355,0.436,,0.1874,0.188,,REG,REG,0.0845,0.085,,0.1206,0.121,,0.3275,0.328,,REG,REG,0.0303,0.03,,LOD,LOD,0.0183,0.018,,LOD,LOD,0.019,0.019,,0.0631,0.063,,0.0604,0.06,,0.0666,0.067,,REG,REG,0.0298,0.03,,0.0849,0.085,,REG,REG,0.1138,0.114,,0.0647,0.065,,REG,REG,0.0344,0.034,,REG,REG,0.0886,0.089,,REG,REG,0.0342,0.034,,LOD,LOD,0.1205,0.121,,REG,REG,0.0545,0.055,,REG,REG,0.0455,0.045,,REG,REG,0.08,0.08,,0.0696,0.07,,0.1829,0.183,,REG,REG,0.1828,0.183,,REG,REG,0.5522,0.552,,REG,REG,0.011,0.011,,REG,REG,0.1578,0.158,,REG,REG,0.0066,0.007,,ND,ND,0.0039,0.004,,LOD,LOD,0.0552,0.055,,REG,REG,0.0016,0.002,,ND,ND,5.00E-04,0,,ND,ND,0.0208,0.021,,0.1726,0.173,,REG,REG,0.028,0.028,,REG,REG,0.0133,0.013,,0.0476,0.048,
Wharton Park412023,13,Wharton Park,rotating,"39.935920, -75.183090",39.93592,-75.18309,,Non-Industrial,Recreation,Low,,LowT/NoI,P733863,P733863 101323 101123 Wharton Playground SS,P733863 101323 101123 Wharton Playground SS.D,10/13/23,10/11/23,sample,10/4/23,10/11/23,9924,1.99,412023,1,0.6073,0.607,,0.3225,0.324,,REG,REG,0.0897,0.09,,0.1319,0.132,,0.4074,0.407,,REG,REG,0.0228,0.023,,LOD,LOD,0.0122,0.012,,LOD,LOD,0.0242,0.024,,0.0563,0.056,,0.0227,0.023,,0.066,0.066,,REG,REG,0.0304,0.03,,0.1506,0.151,,REG,REG,0.2941,0.294,,0.023,0.023,,REG,REG,0.0295,0.029,,REG,REG,0.0679,0.068,,REG,REG,0.0178,0.018,,LOD,LOD,0.0534,0.053,,LOD,LOD,0.079,0.079,,REG,REG,0.0567,0.057,,REG,REG,0.133,0.133,,0.0944,0.094,,0.3057,0.306,,REG,REG,0.4833,0.483,,REG,REG,1.375,1.375,,REG,REG,0.2149,0.215,,ULOD,ULOD,0.2522,0.252,,REG,REG,0.0287,0.029,,REG,REG,0.0053,0.005,,REG,REG,0.0286,0.029,,REG,REG,0.0017,0.002,,ND,ND,5.00E-04,0,,ND,ND,0.0434,0.043,,0.2885,0.289,,REG,REG,0.0469,0.047,,REG,REG,0.0178,0.018,,0.1241,0.124,
Wharton Park422023,13,Wharton Park,rotating,"39.935920, -75.183090",39.93592,-75.18309,,Non-Industrial,Recreation,Low,,LowT/NoI,P733843,P733843 102623 101823 Wharton Playground SS RENAME,P733843 102623 101823 Wharton Playground SS RENAME.D,10/26/23,10/18/23,sample,10/11/23,10/18/23,10098,2,422023,1,0.5928,0.593,,0.2383,0.24,,REG,REG,0.0886,0.089,,0.1303,0.13,,0.3434,0.343,,REG,REG,0.0188,0.019,,LOD,LOD,0.0121,0.012,,LOD,LOD,0.0171,0.017,,0.0486,0.049,,0.0187,0.019,,0.0569,0.057,,REG,REG,0.024,0.024,,0.085,0.085,,REG,REG,0.1518,0.152,,0.0097,0.01,,ND,ND,0.0087,0.009,,REG,REG,0.0527,0.053,,REG,REG,0.0177,0.018,,LOD,LOD,0.0462,0.046,,LOD,LOD,0.048,0.048,,LOD,LOD,0.0461,0.046,,REG,REG,0.0918,0.092,,0.0583,0.058,,0.1812,0.181,,REG,REG,0.2945,0.295,,REG,REG,0.8111,0.811,,REG,REG,0.0769,0.077,,REG,REG,0.1553,0.155,,REG,REG,0.0171,0.017,,REG,REG,0.0048,0.005,,ND,ND,0.0153,0.015,,REG,REG,0.0016,0.002,,ND,ND,5.00E-04,0,,ND,ND,0.0374,0.037,,0.3277,0.328,,REG,REG,0.037,0.037,,REG,REG,0.0176,0.018,,0.1085,0.108,
Wharton Park22024,13,Wharton Park,rotating,"39.935920, -75.183090",39.93592,-75.18309,,Non-Industrial,Recreation,Low,,LowT/NoI,P726641,P726641 011624 011024 Wharton Playground SS,P726641 011624 011024 Wharton Playground SS.D,1/16/24,1/10/24,sample,1/3/24,1/10/24,10080,2,22024,1,0.6059,0.606,,0.4991,0.499,,REG,REG,0.1091,0.109,,0.1415,0.141,,0.5467,0.547,,REG,REG,0.0301,0.03,,LOD,LOD,0.0151,0.015,,LOD,LOD,0.0274,0.027,,0.062,0.062,,0.0296,0.03,,0.0818,0.082,,REG,REG,0.0301,0.03,,0.1856,0.186,,REG,REG,0.2851,0.285,,0.2471,0.247,,REG,REG,0.1658,0.166,,REG,REG,0.0774,0.077,,REG,REG,0.0182,0.018,,LOD,LOD,0.0575,0.058,,LOD,LOD,0.0722,0.072,,REG,REG,0.0571,0.057,,REG,REG,0.2216,0.222,,0.0992,0.099,,0.4791,0.479,,REG,REG,0.4477,0.448,,REG,REG,1.627,1.627,,REG,REG,0.0396,0.04,,ULOD,ULOD,0.2788,0.279,,REG,REG,0.0308,0.031,,REG,REG,0.0266,0.027,,REG,REG,0.0034,0.003,,ND,ND,0.0016,0.002,,ND,ND,0.0091,0.009,,REG,REG,0.0198,0.02,,0.2855,0.285,,REG,REG,0.0325,0.032,,REG,REG,0.0251,0.025,,0.1318,0.132,
Wharton Park32024,13,Wharton Park,rotating,"39.935920, -75.183090",39.93592,-75.18309,,Non-Industrial,Recreation,Low,,LowT/NoI,P733861,P733861 012524 011724 Wharton Playground SS,P733861 012524 011724 Wharton Playground SS.D,1/25/24,1/17/24,sample,1/10/24,1/17/24,9706,2,32024,1,0.4452,0.414,,0.4025,0.375,,REG,REG,0.0721,0.067,,0.0981,0.091,,0.3398,0.316,,REG,REG,0.0196,0.018,,LOD,LOD,0.0126,0.012,,LOD,LOD,0.0178,0.017,,0.0463,0.043,,0.0191,0.018,,0.0507,0.047,,REG,REG,0.025,0.023,,0.1263,0.118,,REG,REG,0.2411,0.224,,0.08,0.074,,REG,REG,0.0477,0.044,,REG,REG,0.0603,0.056,,REG,REG,0.0078,0.007,,LOD,LOD,0.046,0.043,,LOD,LOD,0.0562,0.052,,REG,REG,0.0387,0.036,,LOD,LOD,0.1271,0.118,,0.0788,0.073,,0.2588,0.241,,REG,REG,0.4227,0.393,,REG,REG,1.1794,1.098,CHECK,REG,REG,0.147,0.137,,REG,REG,0.192,0.179,,REG,REG,0.0068,0.006,,ND,ND,0.005,0.005,,ND,ND,0.0035,0.003,,ND,ND,0.0017,0.002,,ND,ND,5.00E-04,0,,ND,ND,0.0263,0.025,,0.3854,0.359,,REG,REG,0.0337,0.031,,REG,REG,0.0169,0.016,,0.3086,0.287,
Finnegan Playground352023,14,Finnegan Playground,rotating,"39.938448, -75.192335",39.938448,-75.192335,,Industrial,Mixed Use,Low,Commissary kitchen,LowT/I,P733871,P733871 090723 083023 Finnegan  SS,P733871 090723 083023 Finnegan SS.D,9/7/23,8/30/23,sample,8/23/23,8/30/23,9954,2,352023,1,0.4018,0.408,,0.1758,0.18,,REG,REG,0.0749,0.075,,0.1106,0.111,,0.295,0.299,,REG,REG,0.0419,0.042,,REG,REG,0.0306,0.031,,REG,REG,0.0225,0.028,,0.0705,0.07,,0.0265,0.026,,0.0837,0.082,,REG,REG,0.036,0.037,,0.1177,0.125,,REG,REG,0.1278,0.127,,0.0098,0.035,,ND,REG,0.001,0.029,,REG,REG,0.089,0.095,,REG,REG,0.1702,0.169,,REG,REG,0.2015,0.208,,REG,REG,0.0487,0.049,,LOD,LOD,0.0557,0.056,,REG,REG,0.1206,0.121,,0.1054,0.102,,0.2818,0.282,,REG,REG,0.2353,0.235,,REG,REG,0.6506,0.651,,REG,REG,0.0495,0.05,,REG,REG,0.2326,0.233,,REG,REG,0.0066,0.007,,ND,ND,0.0049,0.005,,ND,ND,0.0291,0.029,,REG,REG,0.0017,0.002,,ND,ND,5.00E-04,0,,ND,ND,0.0153,0.017,,0.2024,0.202,,REG,REG,0.0282,0.028,,REG,REG,0.0313,0.031,,0.0574,0.057,
Finnegan Playground362023,14,Finnegan Playground,rotating,"39.938448, -75.192335",39.938448,-75.192335,,Industrial,Mixed Use,Low,Commissary kitchen,LowT/I,P726646,P726646 090823 090623 Finnegan  SS,P726646 090823 090623 Finnegan SS.D,9/8/23,9/6/23,sample,8/30/23,9/6/23,9987,2,362023,1,0.4434,0.443,,0.2003,0.201,,REG,REG,0.0797,0.08,,0.1208,0.121,,0.3068,0.307,,REG,REG,0.0342,0.034,,LOD,LOD,0.0275,0.027,,LOD,LOD,0.0155,0.016,,0.0527,0.053,,0.0227,0.023,,0.0584,0.058,,REG,REG,0.0238,0.024,,0.1109,0.111,,REG,REG,0.1274,0.127,,0.3699,0.37,,REG,REG,0.122,0.122,,REG,REG,0.1522,0.152,,REG,REG,0.1912,0.191,,REG,REG,0.2809,0.281,,REG,REG,0.0425,0.042,,LOD,LOD,0.0289,0.029,,LOD,LOD,0.0734,0.073,,0.0697,0.07,,0.171,0.171,,REG,REG,0.214,0.214,,REG,REG,0.5912,0.591,,REG,REG,0.0226,0.023,,REG,REG,0.1476,0.148,,REG,REG,0.0508,0.051,,REG,REG,0.0375,0.038,,REG,REG,0.0388,0.039,,REG,REG,0.0017,0.002,,ND,ND,5.00E-04,0,,ND,ND,0.0153,0.015,,0.1873,0.187,,REG,REG,0.0281,0.028,,REG,REG,0.0089,0.009,,0.0286,0.029,
Finnegan Playground52024,14,Finnegan Playground,rotating,"39.938448, -75.192335",39.938448,-75.192335,,Industrial,Mixed Use,Low,Commissary kitchen,LowT/I,P726660,P726660 020824 013124 Finnegan Playground SS,P726660 020824 013124 Finnegan Playground SS.D,2/8/24,1/31/24,sample,1/24/24,1/31/24,10101,2,52024,1,0.8393,0.839,,0.4548,0.455,,REG,REG,0.1275,0.127,,0.1762,0.176,,0.6748,0.675,,REG,REG,0.0338,0.034,,LOD,LOD,0.006,0.006,,LOD,LOD,0.0307,0.031,,0.0764,0.076,,0.0299,0.03,,0.0743,0.074,,REG,REG,0.042,0.042,,0.2375,0.238,,REG,REG,0.3935,0.394,,0.038,0.038,,REG,REG,0.0513,0.051,,REG,REG,0.0736,0.074,,REG,REG,0.0261,0.026,,LOD,LOD,0.0586,0.059,,LOD,LOD,0.042,0.042,,LOD,LOD,0.0428,0.041,,LOD,LOD,0.1844,0.184,,0.1041,0.104,,0.3863,0.369,,REG,REG,0.3655,0.366,,REG,REG,1.1314,1.058,CHECK,REG,REG,0.1633,0.131,,REG,REG,0.1973,0.174,,REG,REG,0.0676,0.076,,REG,REG,0.0183,0.02,,REG,REG,0.0034,0.003,,ND,ND,0.0016,0.002,,ND,ND,5.00E-04,0,,ND,ND,0.0144,0.014,,0.3704,0.37,,REG,REG,0.0439,0.042,,REG,REG,0.0484,0.048,,0.0943,0.094,
Finnegan Playground62024,14,Finnegan Playground,rotating,"39.938448, -75.192335",39.938448,-75.192335,,Industrial,Mixed Use,Low,Commissary kitchen,LowT/I,P726611,P726611 021524 020724 Finnegan Playground SS,P726611 021524 020724 Finnegan Playground SS.D,2/15/24,2/7/24,sample,1/31/24,2/7/24,10140,2,62024,1,0.6529,0.653,,0.5948,0.595,,REG,REG,0.1023,0.102,,0.1392,0.139,,0.6051,0.605,,REG,REG,0.0087,0.009,,ND,ND,0.012,0.012,,LOD,LOD,0.017,0.017,,0.0415,0.042,,0.0223,0.022,,0.0575,0.058,,REG,REG,0.0239,0.024,,0.1984,0.198,,REG,REG,0.3394,0.339,,0.0848,0.085,,REG,REG,0.0593,0.059,,REG,REG,0.0493,0.049,,REG,REG,0.0207,0.021,,LOD,LOD,0.0649,0.065,,LOD,LOD,0.0478,0.048,,LOD,LOD,0.0558,0.056,,REG,REG,0.1377,0.138,,0.0921,0.092,,0.3007,0.301,,REG,REG,0.4451,0.445,,REG,REG,1.1459,1.146,,REG,REG,0.204,0.204,,REG,REG,0.2277,0.228,,REG,REG,0.0786,0.079,,REG,REG,0.0182,0.018,,REG,REG,0.0034,0.003,,ND,ND,0.0016,0.002,,ND,ND,5.00E-04,0,,ND,ND,0.0144,0.014,,0.4115,0.412,,REG,REG,0.0438,0.044,,REG,REG,0.0307,0.031,,0.2254,0.225,
31st & Grays Ferry352023,15,31st & Grays Ferry,rotating,"39.93924766, -75.1944459",39.93924766,-75.1944459,,Industrial,Commercial,High,Fire station,HighT/I,P726604,P726604 090723 083023 Grays Ferry Ave SS,P726604 090723 083023 Grays Ferry Ave SS.D,9/7/23,8/30/23,sample,8/23/23,8/30/23,9945,2,352023,1,0.6177,0.624,,0.2262,0.23,,REG,REG,0.1152,0.116,,0.1636,0.164,,0.4963,0.501,,REG,REG,0.042,0.042,,REG,REG,0.0245,0.025,,LOD,LOD,0.0295,0.035,,0.0882,0.088,,0.0379,0.037,,0.0922,0.091,,REG,REG,0.0422,0.043,,0.1243,0.132,,REG,REG,0.1547,0.154,,0.0098,0.049,,ND,REG,0.0136,0.042,,REG,REG,0.0499,0.056,,REG,REG,0.0562,0.055,,REG,REG,0.0676,0.074,,LOD,LOD,0.067,0.067,,REG,REG,0.0591,0.059,,REG,REG,0.1274,0.127,,0.1291,0.126,,0.282,0.282,,REG,REG,0.287,0.287,,REG,REG,0.7661,0.766,,REG,REG,0.0474,0.047,,REG,REG,0.2752,0.275,,REG,REG,0.0395,0.039,,REG,REG,0.0107,0.011,,LOD,LOD,0.0035,0.003,,ND,ND,0.0017,0.002,,ND,ND,5.00E-04,0,,ND,ND,0.0098,0.011,,0.1881,0.188,,REG,REG,0.0282,0.028,,REG,REG,0.0089,0.009,,0.0575,0.057,
31st & Grays Ferry362023,15,31st & Grays Ferry,rotating,"39.93924766, -75.1944459",39.93924766,-75.1944459,,Industrial,Commercial,High,Fire station,HighT/I,P726647,P726647 090823 090623 Grays Ferry Ave SS,P726647 090823 090623 Grays Ferry Ave SS.D,9/8/23,9/6/23,sample,8/30/23,9/6/23,9975,2,362023,1,0.666,0.666,,0.2444,0.245,,REG,REG,0.1199,0.12,,0.179,0.179,,0.4991,0.499,,REG,REG,0.0304,0.03,,LOD,LOD,0.0214,0.021,,LOD,LOD,0.019,0.019,,0.0704,0.07,,0.0681,0.068,,0.0668,0.067,,REG,REG,0.0299,0.03,,0.1046,0.105,,REG,REG,0.1409,0.141,,0.0792,0.079,,REG,REG,0.0428,0.043,,REG,REG,0.0595,0.059,,REG,REG,0.0506,0.051,,LOD,LOD,0.1008,0.101,,REG,REG,0.0547,0.055,,REG,REG,0.0389,0.039,,LOD,LOD,0.0936,0.094,,0.0816,0.082,,0.2078,0.208,,REG,REG,0.2245,0.224,,REG,REG,0.6683,0.668,,REG,REG,3.00E-04,0,,ND,ND,0.1688,0.169,,REG,REG,0.0624,0.062,,REG,REG,0.0376,0.038,,REG,REG,0.0455,0.045,,REG,REG,0.0017,0.002,,ND,ND,5.00E-04,0,,ND,ND,0.0153,0.015,,0.1875,0.188,,REG,REG,0.0281,0.028,,REG,REG,0.0089,0.009,,0.0239,0.024,
31st & Grays Ferry52024,15,31st & Grays Ferry,rotating,"39.93924766, -75.1944459",39.93924766,-75.1944459,,Industrial,Commercial,High,Fire station,HighT/I,P726662,P726662 020824 013124 Grays Ferry SS,P726662 020824 013124 Grays Ferry SS.D,2/8/24,1/31/24,sample,1/24/24,1/31/24,10108,2,52024,1,1.1638,1.164,,0.4916,0.492,,REG,REG,0.1669,0.167,,0.2333,0.233,,0.8512,0.851,,REG,REG,0.0413,0.041,,REG,REG,0.0211,0.021,,LOD,LOD,0.0409,0.041,,0.1007,0.101,,0.0373,0.037,,0.0989,0.099,,REG,REG,0.048,0.048,,0.2437,0.244,,REG,REG,0.4196,0.42,,0.0898,0.09,,REG,REG,0.0719,0.072,,REG,REG,0.1363,0.136,,REG,REG,0.0314,0.031,,LOD,LOD,0.0981,0.098,,REG,REG,0.06,0.06,,REG,REG,0.0527,0.05,,REG,REG,0.1975,0.197,,0.1389,0.139,,0.374,0.357,,REG,REG,0.4059,0.406,,REG,REG,1.2249,1.151,CHECK,REG,REG,0.1682,0.136,,REG,REG,0.218,0.195,,REG,REG,0.0675,0.076,,REG,REG,0.0116,0.013,,LOD,LOD,0.0034,0.003,,ND,ND,0.0016,0.002,,ND,ND,5.00E-04,0,,ND,ND,0.0144,0.014,,0.3559,0.356,,REG,REG,0.0439,0.042,,REG,REG,0.0264,0.026,,0.0848,0.085,
31st & Grays Ferry62024,15,31st & Grays Ferry,rotating,"39.93924766, -75.1944459",39.93924766,-75.1944459,,Industrial,Commercial,High,Fire station,HighT/I,P726612,P726612 021724 020724 Grays Ferry SS,P726612 021724 020724 Grays Ferry SS.D,2/17/24,2/7/24,sample,1/31/24,2/7/24,10140,2,62024,1,0.8995,0.899,,0.6256,0.626,,REG,REG,0.1319,0.132,,0.1859,0.186,,1.0457,1.046,,REG,REG,0.0225,0.022,,LOD,LOD,0.012,0.012,,LOD,LOD,0.017,0.017,,0.0519,0.052,,0.0261,0.026,,0.074,0.074,,REG,REG,0.0239,0.024,,0.2557,0.256,,REG,REG,0.392,0.392,,0.2022,0.202,,REG,REG,0.1045,0.105,,REG,REG,0.0637,0.064,,REG,REG,0.026,0.026,,LOD,LOD,0.0912,0.091,,REG,REG,0.0598,0.06,,REG,REG,0.0722,0.072,,REG,REG,0.164,0.164,,0.1037,0.104,,0.3608,0.361,,REG,REG,0.5361,0.536,,REG,REG,1.484,1.484,,REG,REG,0.214,0.214,,ULOD,ULOD,0.2796,0.28,,REG,REG,0.0446,0.045,,REG,REG,0.0116,0.012,,LOD,LOD,0.0034,0.003,,ND,ND,0.0185,0.018,,REG,REG,5.00E-04,0,,ND,ND,0.0144,0.014,,0.4115,0.412,,REG,REG,0.0438,0.044,,REG,REG,0.0263,0.026,,0.2066,0.207,
Crescent Park432023,16,Crescent Park,rotating,"39.93965, -75.204199",39.93965,-75.204199,,Industrial,Open Space,Low,"FedEx warehouse, municipal waste transfer station",LowT/I,P726668,P726668 102723 102523 Crescent Park SS,P726668 102723 102523 Crescent Park SS.D,10/27/23,10/25/23,sample,10/18/23,10/25/23,10009,2,432023,1,0.5838,0.584,,0.2342,0.235,,REG,REG,0.0944,0.094,,0.1209,0.121,,0.355,0.355,,REG,REG,0.019,0.019,,LOD,LOD,0.0122,0.012,,LOD,LOD,0.0138,0.014,,0.0421,0.042,,0.0302,0.03,,0.0491,0.049,,REG,REG,0.0182,0.018,,0.1244,0.124,,REG,REG,0.2198,0.22,,0.0233,0.023,,REG,REG,0.0254,0.025,,REG,REG,0.0434,0.043,,LOD,LOD,0.0124,0.012,,LOD,LOD,0.0333,0.033,,LOD,LOD,0.0484,0.048,,LOD,LOD,0.0532,0.053,,REG,REG,0.1259,0.126,,0.0823,0.082,,0.3046,0.305,,REG,REG,0.4509,0.451,,REG,REG,1.218,1.218,,REG,REG,0.1419,0.142,,ULOD,ULOD,0.2724,0.272,,REG,REG,0.0402,0.04,,REG,REG,0.0049,0.005,,ND,ND,0.0034,0.003,,ND,ND,0.0016,0.002,,ND,ND,5.00E-04,0,,ND,ND,0.0322,0.032,,0.3019,0.302,,REG,REG,0.0373,0.037,,REG,REG,0.0222,0.022,,0.138,0.138,
Crescent Park442023,16,Crescent Park,rotating,"39.93965, -75.204199",39.93965,-75.204199,,Industrial,Open Space,Low,"FedEx warehouse, municipal waste transfer station",LowT/I,P726617,P726617 111023 110123 Crescent Park SS RR,P726617 111023 110123 Crescent Park SS RR.D,11/10/23,11/1/23,sample,10/25/23,11/1/23,9558,2,442023,1,0.7376,0.687,CHECK,0.3171,0.29,,REG,REG,0.1193,0.111,,0.1597,0.149,,0.7431,0.689,CHECK,REG,REG,0.0278,0.026,,LOD,LOD,0.0159,0.015,,LOD,LOD,0.0253,0.023,,0.0624,0.058,,0.0237,0.022,,0.0602,0.056,,REG,REG,0.0317,0.029,,0.1768,0.159,,REG,REG,0.2713,0.253,,0.1315,0.078,CHECK,REG,REG,0.0806,0.057,,REG,REG,0.074,0.066,,REG,REG,0.03,0.028,,LOD,LOD,0.0704,0.058,,LOD,LOD,0.0571,0.053,,REG,REG,0.0487,0.045,,REG,REG,0.1325,0.123,,0.0972,0.092,,0.2935,0.273,,REG,REG,0.4078,0.379,,REG,REG,1.1359,1.056,CHECK,REG,REG,0.1423,0.133,,REG,REG,0.2203,0.204,,REG,REG,0.0517,0.039,,REG,REG,0.0112,0.005,,LOD,ND,0.0103,0.009,,LOD,LOD,0.0017,0.002,,ND,ND,0.0154,0.014,,REG,REG,0.0273,0.026,,0.3011,0.28,,REG,REG,0.0381,0.036,,REG,REG,0.0279,0.026,,0.1345,0.125,
Crescent Park502023,16,Crescent Park,rotating,"39.93965, -75.204199",39.93965,-75.204199,,Industrial,Open Space,Low,"FedEx warehouse, municipal waste transfer station",LowT/I,P726668,P726668 122123 121323 Crescent Park SS,P726668 122123 121323 Crescent Park SS.D,12/21/23,12/13/23,sample,12/6/23,12/13/23,9454,2,502023,1,1.0525,0.978,CHECK,0.4264,0.397,,REG,REG,0.1571,0.146,,0.221,0.205,,0.6306,0.586,,REG,REG,0.0361,0.034,,LOD,LOD,0.0226,0.021,,LOD,LOD,0.0292,0.027,,0.0742,0.069,,0.0359,0.033,,0.0881,0.082,,REG,REG,0.0385,0.036,,0.2143,0.199,,REG,REG,0.3942,0.366,,0.0609,0.057,,REG,REG,0.0423,0.039,,REG,REG,0.0805,0.075,,REG,REG,0.04,0.037,,LOD,LOD,0.0811,0.075,,LOD,LOD,0.0897,0.083,,REG,REG,0.1021,0.095,,REG,REG,0.2327,0.216,,0.1369,0.127,,0.4902,0.455,,REG,REG,0.8028,0.746,CHECK,REG,REG,2.2122,2.056,CHECK,REG,REG,0.1509,0.14,,ULOD,ULOD,0.4008,0.372,,REG,REG,0.09,0.084,,REG,REG,0.0319,0.03,,REG,REG,0.0036,0.003,,ND,ND,0.0017,0.002,,ND,ND,0.0097,0.009,,REG,REG,0.027,0.025,,0.3957,0.368,,REG,REG,0.0494,0.046,,REG,REG,0.0282,0.026,,0.2418,0.225,
Crescent Park512023,16,Crescent Park,rotating,"39.93965, -75.204199",39.93965,-75.204199,,Industrial,Open Space,Low,"FedEx warehouse, municipal waste transfer station",LowT/I,P726659,P726659 122123 122023 Crescent Park SS,P726659 122123 122023 Crescent Park SS.D,12/21/23,12/20/23,sample,12/13/23,12/20/23,9866,2,512023,1,0.6755,0.675,,0.3959,0.397,,REG,REG,0.1049,0.105,,0.1478,0.148,,0.4921,0.492,,REG,REG,0.0269,0.027,,LOD,LOD,0.0155,0.015,,LOD,LOD,0.028,0.028,,0.0676,0.068,,0.0306,0.031,,0.076,0.076,,REG,REG,0.0369,0.037,,0.2642,0.264,,REG,REG,0.2966,0.297,,0.459,0.459,,REG,REG,0.4333,0.433,,REG,REG,0.0771,0.077,,REG,REG,0.0329,0.033,,LOD,LOD,0.0845,0.084,,LOD,LOD,0.0553,0.055,,REG,REG,0.0877,0.088,,REG,REG,0.1622,0.162,,0.1073,0.107,,0.3337,0.334,,REG,REG,0.5822,0.582,,REG,REG,1.5793,1.579,,REG,REG,0.1446,0.145,,ULOD,ULOD,0.2454,0.245,,REG,REG,0.0067,0.007,,ND,ND,0.0238,0.024,,REG,REG,0.0035,0.003,,ND,ND,0.0334,0.033,,REG,REG,0.0112,0.011,,REG,REG,0.0315,0.032,,0.3646,0.365,,REG,REG,0.0379,0.038,,REG,REG,0.027,0.027,,0.2413,0.241,
Audenreid School432023,18,Audenreid School,rotating,"39.93416729, -75.19723264",39.93416729,-75.19723264,,Non-Industrial,Residential,Low,,LowT/NoI,P726664,P726664 102723 102523 Audenreid SS,P726664 102723 102523 Audenreid SS.D,10/27/23,10/25/23,sample,10/18/23,10/25/23,10061,2,432023,1,1.7877,1.788,,0.4504,0.452,,REG,REG,0.2927,0.293,,0.3714,0.371,,0.9199,0.92,,REG,REG,0.0528,0.053,,REG,REG,0.0333,0.033,,REG,REG,0.0446,0.045,,0.1325,0.133,,0.045,0.045,,0.1565,0.157,,REG,REG,0.0602,0.06,,0.3546,0.355,,REG,REG,0.7156,0.716,,0.0753,0.075,,REG,REG,0.1039,0.104,,REG,REG,0.0625,0.063,,REG,REG,0.0285,0.028,,LOD,LOD,0.0596,0.06,,LOD,LOD,0.1446,0.145,,REG,REG,0.1389,0.139,,REG,REG,0.3638,0.364,,0.2689,0.269,,0.8,0.8,,REG,REG,1.3558,1.356,,REG,REG,3.4078,3.408,,REG,REG,0.1411,0.141,,ULOD,ULOD,0.7209,0.721,,REG,REG,0.0743,0.074,,REG,REG,0.0253,0.025,,REG,REG,0.0153,0.015,,REG,REG,0.0016,0.002,,ND,ND,0.0109,0.011,,REG,REG,0.0431,0.043,,0.3146,0.315,,REG,REG,0.0464,0.046,,REG,REG,0.0177,0.018,,0.1373,0.137,
Audenreid School442023,18,Audenreid School,rotating,"39.93416729, -75.19723264",39.93416729,-75.19723264,,Non-Industrial,Residential,Low,,LowT/NoI,P726616,P726616 111023 110123 Audenreid SS RR,P726616 111023 110123 Audenreid SS RR.D,11/10/23,11/1/23,sample,10/25/23,11/1/23,9564,2,442023,1,1.7678,1.645,CHECK,0.513,0.472,,REG,REG,0.276,0.257,,0.3742,0.348,,1.4278,1.326,CHECK,REG,REG,0.0595,0.055,,REG,REG,0.0383,0.036,,REG,REG,0.0505,0.047,,0.1504,0.14,,0.0552,0.051,,0.1473,0.137,,REG,REG,0.0697,0.065,,0.487,0.447,,REG,REG,0.7452,0.694,CHECK,0.2111,0.152,CHECK,REG,REG,0.1895,0.158,,REG,REG,0.0944,0.085,,REG,REG,0.0413,0.038,,LOD,LOD,0.0913,0.078,,LOD,LOD,0.1648,0.153,,REG,REG,0.1322,0.123,,REG,REG,0.4043,0.375,,0.3186,0.297,,0.8543,0.795,CHECK,REG,REG,1.1153,1.037,CHECK,REG,REG,3.1268,2.908,CHECK,REG,REG,0.1476,0.138,,ULOD,ULOD,0.6494,0.603,,REG,REG,0.1358,0.117,,REG,REG,0.0393,0.025,,REG,REG,0.0137,0.012,,LOD,LOD,0.0017,0.002,,ND,ND,0.0153,0.014,,REG,REG,0.0331,0.031,,0.3009,0.28,,REG,REG,0.0381,0.036,,REG,REG,0.0279,0.026,,0.1295,0.12,
Audenreid School502023,18,Audenreid School,rotating,"39.93416729, -75.19723264",39.93416729,-75.19723264,,Non-Industrial,Residential,Low,,LowT/NoI,P733876,P733876 122123 121323 Audenreid SS,P733876 122123 121323 Audenreid SS.D,12/21/23,12/13/23,sample,12/6/23,12/13/23,9403,2,502023,1,1.6051,1.491,CHECK,0.6414,0.597,,REG,REG,0.2377,0.221,,0.3398,0.316,,1.0458,0.971,CHECK,REG,REG,0.0565,0.052,,REG,REG,0.0357,0.033,,REG,REG,0.0477,0.044,,0.1306,0.121,,0.0522,0.048,,0.1418,0.132,,REG,REG,0.058,0.054,,0.3664,0.34,,REG,REG,0.687,0.638,,0.1119,0.104,,REG,REG,0.0913,0.085,,REG,REG,0.1017,0.094,,REG,REG,0.046,0.043,,LOD,LOD,0.1028,0.095,,REG,REG,0.1547,0.144,,REG,REG,0.1805,0.168,,REG,REG,0.4183,0.389,,0.2502,0.232,,0.8689,0.807,CHECK,REG,REG,1.3962,1.297,CHECK,REG,REG,3.784,3.515,CHECK,REG,REG,0.1517,0.141,,ULOD,ULOD,0.6381,0.593,,REG,REG,0.1027,0.095,,REG,REG,0.0535,0.05,,REG,REG,0.0174,0.016,,REG,REG,0.0018,0.002,,ND,ND,5.00E-04,0,,ND,ND,0.0331,0.031,,0.3826,0.355,,REG,REG,0.0497,0.046,,REG,REG,0.0236,0.022,,0.2431,0.226,
Audenreid School512023,18,Audenreid School,rotating,"39.93416729, -75.19723264",39.93416729,-75.19723264,,Non-Industrial,Residential,Low,,LowT/NoI,P726662,P726662 122123 122023 Audenreid SS,P726662 122123 122023 Audenreid SS.D,12/21/23,12/20/23,sample,12/13/23,12/20/23,9867,2,512023,1,1.1604,1.16,,0.5036,0.505,,REG,REG,0.1708,0.171,,0.2491,0.249,,0.7853,0.785,,REG,REG,0.0423,0.042,,REG,REG,0.0062,0.006,,LOD,LOD,0.0349,0.035,,0.096,0.096,,0.0382,0.038,,0.1013,0.101,,REG,REG,0.043,0.043,,0.2576,0.258,,REG,REG,0.4858,0.486,,0.0874,0.087,,REG,REG,0.0659,0.066,,REG,REG,0.0623,0.062,,REG,REG,0.0274,0.027,,LOD,LOD,0.0642,0.064,,LOD,LOD,0.1106,0.111,,REG,REG,0.1315,0.132,,REG,REG,0.2905,0.291,,0.1908,0.191,,0.5809,0.581,,REG,REG,0.9563,0.956,,REG,REG,2.7181,2.718,,REG,REG,0.1446,0.145,,ULOD,ULOD,0.4267,0.427,,REG,REG,0.0746,0.075,,REG,REG,0.0306,0.031,,REG,REG,0.0035,0.003,,ND,ND,0.0017,0.002,,ND,ND,0.0093,0.009,,REG,REG,0.0203,0.02,,0.35,0.35,,REG,REG,0.0379,0.038,,REG,REG,0.0225,0.023,,0.2172,0.217,
Carl Moore Health Center432023,19,Carl Moore Health Center,rotating,"39.93592967, -75.19557444",39.93592967,-75.19557444,,Non-Industrial,Mixed Use,Low,Medical clinic,LowT/NoI,P726667,P726667 102723 102523 Carl Moore Health Center SS,P726667 102723 102523 Carl Moore Health Center SS.D,10/27/23,10/25/23,sample,10/18/23,10/25/23,10008,2,432023,1,1.1833,1.183,,0.3841,0.385,,REG,REG,0.1794,0.179,,0.2367,0.237,,0.6994,0.699,,REG,REG,0.0303,0.03,,LOD,LOD,0.0183,0.018,,LOD,LOD,0.0276,0.028,,0.0806,0.081,,0.0339,0.034,,0.0991,0.099,,REG,REG,0.0363,0.036,,0.2533,0.253,,REG,REG,0.4197,0.42,,0.0994,0.099,,REG,REG,0.0795,0.08,,REG,REG,0.0678,0.068,,REG,REG,0.0232,0.023,,LOD,LOD,0.06,0.06,,LOD,LOD,0.0969,0.097,,REG,REG,0.1031,0.103,,REG,REG,0.2458,0.246,,0.1881,0.188,,0.5483,0.548,,REG,REG,0.9121,0.912,,REG,REG,2.3981,2.398,,REG,REG,0.1419,0.142,,ULOD,ULOD,0.5669,0.567,,REG,REG,0.0747,0.075,,REG,REG,0.0121,0.012,,REG,REG,0.0121,0.012,,LOD,LOD,0.0016,0.002,,ND,ND,5.00E-04,0,,ND,ND,0.0377,0.038,,0.3019,0.302,,REG,REG,0.0374,0.037,,REG,REG,0.0178,0.018,,0.1332,0.133,
Carl Moore Health Center442023,19,Carl Moore Health Center,rotating,"39.93592967, -75.19557444",39.93592967,-75.19557444,,Non-Industrial,Mixed Use,Low,Medical clinic,LowT/NoI,P726615,P726615 111023 110123 CM Health Center SS RR,P726615 111023 110123 CM Health Center SS RR.D,11/10/23,11/1/23,sample,10/25/23,11/1/23,9588,2,442023,1,1.1376,1.059,CHECK,0.44,0.404,,REG,REG,0.1763,0.164,,0.2415,0.225,,0.976,0.906,CHECK,REG,REG,0.0396,0.037,,REG,REG,0.0254,0.024,,LOD,LOD,0.036,0.033,,0.0951,0.089,,0.0394,0.037,,0.0947,0.088,,REG,REG,0.0442,0.041,,0.284,0.258,,REG,REG,0.4443,0.414,,0.1261,0.073,CHECK,REG,REG,0.1065,0.081,,REG,REG,0.089,0.08,,REG,REG,0.0242,0.023,,LOD,LOD,0.0772,0.065,,LOD,LOD,0.1011,0.094,,REG,REG,0.0764,0.071,,REG,REG,0.2155,0.2,,0.1828,0.171,,0.4706,0.438,,REG,REG,0.6204,0.577,,REG,REG,1.7681,1.645,CHECK,REG,REG,0.1472,0.138,,ULOD,ULOD,0.4282,0.397,,REG,REG,0.1115,0.095,,REG,REG,0.0252,0.012,,REG,REG,0.0137,0.012,,LOD,LOD,0.0017,0.002,,ND,ND,5.00E-04,0,,ND,ND,0.0272,0.026,,0.2851,0.265,,REG,REG,0.038,0.036,,REG,REG,0.0278,0.026,,0.1341,0.125,
Carl Moore Health Center502023,19,Carl Moore Health Center,rotating,"39.93592967, -75.19557444",39.93592967,-75.19557444,,Non-Industrial,Mixed Use,Low,Medical clinic,LowT/NoI,P733841,P733841 122123 121323 Carl Moore Health Center SS,P733841 122123 121323 Carl Moore Health Center SS.D,12/21/23,12/13/23,sample,12/6/23,12/13/23,9451,2,502023,1,1.2946,1.203,CHECK,0.6051,0.563,,REG,REG,0.1942,0.18,,0.2712,0.252,,0.8424,0.783,CHECK,REG,REG,0.0442,0.041,,REG,REG,0.029,0.027,,LOD,LOD,0.0401,0.037,,0.104,0.097,,0.0439,0.041,,0.1146,0.107,,REG,REG,0.0513,0.048,,0.269,0.25,,REG,REG,0.5072,0.471,,0.066,0.061,,REG,REG,0.0555,0.052,,REG,REG,0.1063,0.099,,REG,REG,0.04,0.037,,LOD,LOD,0.0882,0.082,,LOD,LOD,0.109,0.101,,REG,REG,0.1303,0.121,,REG,REG,0.3033,0.282,,0.1743,0.162,,0.6323,0.588,,REG,REG,1.0201,0.948,CHECK,REG,REG,2.7571,2.562,CHECK,REG,REG,0.1509,0.14,,ULOD,ULOD,0.5235,0.486,,REG,REG,0.09,0.084,,REG,REG,0.0391,0.036,,REG,REG,0.0139,0.013,,LOD,LOD,0.0017,0.002,,ND,ND,0.0097,0.009,,REG,REG,0.0329,0.031,,0.3958,0.368,,REG,REG,0.0494,0.046,,REG,REG,0.0235,0.022,,0.2267,0.211,
Carl Moore Health Center512023,19,Carl Moore Health Center,rotating,"39.93592967, -75.19557444",39.93592967,-75.19557444,,Non-Industrial,Mixed Use,Low,Medical clinic,LowT/NoI,P726660,P726660 122123 122023 Carl Moore Health Center SS,P726660 122123 122023 Carl Moore Health Center SS.D,12/21/23,12/20/23,sample,12/13/23,12/20/23,9867,2,512023,1,0.9143,0.914,,0.4972,0.499,,REG,REG,0.1353,0.135,,0.2011,0.201,,0.643,0.643,,REG,REG,0.0462,0.046,,REG,REG,0.0278,0.028,,LOD,LOD,0.0384,0.038,,0.0925,0.092,,0.0421,0.042,,0.1098,0.11,,REG,REG,0.0491,0.049,,0.1922,0.192,,REG,REG,0.3642,0.364,,0.1115,0.111,,REG,REG,0.0448,0.045,,REG,REG,0.1661,0.166,,REG,REG,0.0383,0.038,,LOD,LOD,0.1385,0.139,,REG,REG,0.086,0.086,,REG,REG,0.1012,0.101,,REG,REG,0.2162,0.216,,0.1312,0.131,,0.4326,0.433,,REG,REG,0.7588,0.759,,REG,REG,2.081,2.081,,REG,REG,0.1446,0.145,,ULOD,ULOD,0.32,0.32,,REG,REG,0.0746,0.075,,REG,REG,0.0306,0.031,,REG,REG,0.0035,0.003,,ND,ND,0.0017,0.002,,ND,ND,5.00E-04,0,,ND,ND,0.0259,0.026,,0.3646,0.365,,REG,REG,0.0474,0.047,,REG,REG,0.0225,0.023,,0.2413,0.241,
Vare & New Hope412023,20,Vare & New Hope,rotating,"39.92957166, -75.1962242",39.92957166,-75.1962242,,Non-Industrial,Mixed Use,High,"Car dealer, auto body shop",HighT/NoI,P726609,P726609 101323 101123 Vare st. SS,P726609 101323 101123 Vare st SS.D,10/13/23,10/11/23,sample,10/4/23,10/11/23,10002,1.99,412023,1,0.8583,0.858,,0.4133,0.415,,REG,REG,0.1239,0.124,,0.1833,0.183,,0.5566,0.557,,REG,REG,0.0088,0.009,,ND,ND,0.0073,0.007,,ND,ND,0.024,0.024,,0.0663,0.066,,0.0338,0.034,,0.0738,0.074,,REG,REG,0.0301,0.03,,0.188,0.188,,REG,REG,0.378,0.378,,0.0181,0.018,,REG,REG,0.0417,0.042,,REG,REG,0.048,0.048,,LOD,LOD,0.0177,0.018,,LOD,LOD,0.053,0.053,,LOD,LOD,0.1266,0.127,,REG,REG,0.0828,0.083,,REG,REG,0.185,0.185,,0.1521,0.152,,0.4125,0.412,,REG,REG,0.6938,0.694,,REG,REG,1.8949,1.895,,REG,REG,0.2132,0.213,,ULOD,ULOD,0.3655,0.365,,REG,REG,0.0742,0.074,,REG,REG,0.0186,0.019,,REG,REG,0.0186,0.019,,REG,REG,0.0016,0.002,,ND,ND,5.00E-04,0,,ND,ND,0.032,0.032,,0.3006,0.301,,REG,REG,0.0372,0.037,,REG,REG,0.0221,0.022,,0.1326,0.133,
Vare & New Hope422023,20,Vare & New Hope,rotating,"39.92957166, -75.1962242",39.92957166,-75.1962242,,Non-Industrial,Mixed Use,High,"Car dealer, auto body shop",HighT/NoI,P733876,P733876 102623 101823 Vare St. SS RENAME,P733876 102623 101823 Vare St SS RENAME.D,10/26/23,10/18/23,sample,10/11/23,10/18/23,10038,2,422023,1,0.6888,0.689,,0.2522,0.253,,REG,REG,0.1041,0.104,,0.1521,0.152,,0.3921,0.392,,REG,REG,0.0227,0.023,,LOD,LOD,0.0121,0.012,,LOD,LOD,0.0172,0.017,,0.0524,0.052,,0.0226,0.023,,0.0573,0.057,,REG,REG,0.0242,0.024,,0.1048,0.105,,REG,REG,0.1594,0.159,,0.0043,0.004,,REG,REG,0.0212,0.021,,REG,REG,0.0335,0.034,,LOD,LOD,0.0124,0.012,,LOD,LOD,0.0266,0.027,,LOD,LOD,0.0543,0.054,,REG,REG,0.0564,0.056,,REG,REG,0.1056,0.106,,0.0703,0.07,,0.243,0.243,,REG,REG,0.327,0.327,,REG,REG,0.8918,0.892,,REG,REG,0.0975,0.097,,REG,REG,0.1667,0.167,,REG,REG,0.0172,0.017,,REG,REG,0.0048,0.005,,ND,ND,0.0121,0.012,,LOD,LOD,0.0016,0.002,,ND,ND,5.00E-04,0,,ND,ND,0.0321,0.032,,0.3153,0.315,,REG,REG,0.0372,0.037,,REG,REG,0.0177,0.018,,0.0996,0.1,
Vare & New Hope22024,20,Vare & New Hope,rotating,"39.92957166, -75.1962242",39.92957166,-75.1962242,,Non-Industrial,Mixed Use,High,"Car dealer, auto body shop",HighT/NoI,P726617,P726617 011624 011024 Vare St SS,P726617 011624 011024 Vare St SS.D,1/16/24,1/10/24,sample,1/3/24,1/10/24,10114,2,22024,1,0.6603,0.66,,0.5654,0.565,,REG,REG,0.1186,0.119,,0.1462,0.146,,0.5953,0.595,,REG,REG,0.03,0.03,,LOD,LOD,0.0181,0.018,,LOD,LOD,0.0239,0.024,,0.0548,0.055,,0.0295,0.029,,0.0816,0.082,,REG,REG,0.03,0.03,,0.1977,0.198,,REG,REG,0.3236,0.324,,0.1427,0.143,,REG,REG,0.0952,0.095,,REG,REG,0.0675,0.068,,REG,REG,0.0182,0.018,,LOD,LOD,0.0573,0.057,,LOD,LOD,0.0899,0.09,,REG,REG,0.0701,0.07,,REG,REG,0.2274,0.227,,0.1338,0.134,,0.5016,0.502,,REG,REG,0.5476,0.548,,REG,REG,1.9793,1.979,,REG,REG,0.0395,0.039,,ULOD,ULOD,0.3716,0.372,,REG,REG,0.042,0.042,,REG,REG,0.0265,0.027,,REG,REG,0.0034,0.003,,ND,ND,0.0016,0.002,,ND,ND,0.0091,0.009,,REG,REG,0.0198,0.02,,0.2845,0.285,,REG,REG,0.0323,0.032,,REG,REG,0.0207,0.021,,0.1078,0.108,
Vare & New Hope32024,20,Vare & New Hope,rotating,"39.92957166, -75.1962242",39.92957166,-75.1962242,,Non-Industrial,Mixed Use,High,"Car dealer, auto body shop",HighT/NoI,P733868,P733868 012524 011724 Vare St SS,P733868 012524 011724 Vare St SS.D,1/25/24,1/17/24,sample,1/10/24,1/17/24,9693,2,32024,1,0.5416,0.504,,0.4997,0.465,,REG,REG,0.0722,0.067,,0.1309,0.122,,0.4588,0.427,,REG,REG,0.0235,0.022,,LOD,LOD,0.0126,0.012,,LOD,LOD,0.0213,0.02,,0.0536,0.05,,0.023,0.021,,0.0507,0.047,,REG,REG,0.025,0.023,,0.1797,0.167,,REG,REG,0.3102,0.289,,0.1292,0.12,,REG,REG,0.1079,0.1,,REG,REG,0.0503,0.047,,LOD,LOD,0.0134,0.012,,LOD,LOD,0.053,0.049,,LOD,LOD,0.075,0.07,,REG,REG,0.0491,0.046,,REG,REG,0.1616,0.15,,0.1153,0.107,,0.3472,0.323,,REG,REG,0.5185,0.483,,REG,REG,1.4758,1.374,CHECK,REG,REG,0.1531,0.143,,ULOD,ULOD,0.2682,0.25,,REG,REG,0.0795,0.074,,REG,REG,0.0208,0.019,,REG,REG,0.0036,0.003,,ND,ND,0.0017,0.002,,ND,ND,5.00E-04,0,,ND,ND,0.0264,0.025,,0.4305,0.401,,REG,REG,0.0337,0.031,,REG,REG,0.0124,0.012,,0.3434,0.32,
Universal Charter School at Vare412023,21,Universal Charter School at Vare,rotating,"39.92640295, -75.18538637",39.92640295,-75.18538637,,Non-Industrial,Mixed Use,High,Splash pad,HighT/NoI,P726610,P726610 101323 101123 Universal Charter at Vare SS,P726610 101323 101123 Universal Charter at Vare SS.D,10/13/23,10/11/23,sample,10/4/23,10/11/23,9985,1.99,412023,1,0.9808,0.981,,0.4514,0.453,,REG,REG,0.139,0.139,,0.2098,0.21,,0.6,0.6,,REG,REG,0.034,0.034,,LOD,LOD,0.0213,0.021,,LOD,LOD,0.0309,0.031,,0.0769,0.077,,0.0376,0.038,,0.0905,0.091,,REG,REG,0.0423,0.042,,0.2204,0.22,,REG,REG,0.4318,0.432,,0.0561,0.056,,REG,REG,0.0584,0.058,,REG,REG,0.0627,0.063,,REG,REG,0.0177,0.018,,LOD,LOD,0.0597,0.06,,LOD,LOD,0.1329,0.133,,REG,REG,0.0929,0.093,,REG,REG,0.2053,0.205,,0.1641,0.164,,0.4618,0.462,,REG,REG,0.787,0.787,,REG,REG,2.1069,2.107,,REG,REG,0.2136,0.214,,ULOD,ULOD,0.408,0.408,,REG,REG,0.0629,0.063,,REG,REG,0.0253,0.025,,REG,REG,0.0034,0.003,,ND,ND,0.0017,0.002,,ND,ND,5.00E-04,0,,ND,ND,0.0376,0.038,,0.2868,0.287,,REG,REG,0.1118,0.112,,REG,REG,0.0221,0.022,,0.1186,0.119,
Universal Charter School at Vare422023,21,Universal Charter School at Vare,rotating,"39.92640295, -75.18538637",39.92640295,-75.18538637,,Non-Industrial,Mixed Use,High,Splash pad,HighT/NoI,P733878,P733878 102623 101823 Universal Charter at Vare SS RENAME,P733878 102623 101823 Universal Charter at Vare SS RENAME.D,10/26/23,10/18/23,sample,10/11/23,10/18/23,10042,2,422023,1,0.9802,0.98,,0.3205,0.322,,REG,REG,0.1489,0.149,,0.2149,0.215,,0.5403,0.54,,REG,REG,0.0302,0.03,,LOD,LOD,0.0213,0.021,,LOD,LOD,0.0275,0.027,,0.0769,0.077,,0.0413,0.041,,0.0905,0.09,,REG,REG,0.0362,0.036,,0.1433,0.143,,REG,REG,0.2324,0.232,,0.028,0.028,,REG,REG,0.0336,0.034,,REG,REG,0.0724,0.072,,REG,REG,0.0231,0.023,,LOD,LOD,0.0531,0.053,,LOD,LOD,0.1026,0.103,,REG,REG,0.0828,0.083,,REG,REG,0.1587,0.159,,0.1289,0.129,,0.3522,0.352,,REG,REG,0.5005,0.5,,REG,REG,1.4036,1.404,,REG,REG,0.1414,0.141,,ULOD,ULOD,0.3029,0.303,,REG,REG,0.0286,0.029,,REG,REG,0.0048,0.005,,ND,ND,0.0153,0.015,,REG,REG,0.0016,0.002,,ND,ND,5.00E-04,0,,ND,ND,0.0432,0.043,,0.3296,0.33,,REG,REG,0.0558,0.056,,REG,REG,0.0177,0.018,,0.1233,0.123,
Universal Charter School at Vare22024,21,Universal Charter School at Vare,rotating,"39.92640295, -75.18538637",39.92640295,-75.18538637,,Non-Industrial,Mixed Use,High,Splash pad,HighT/NoI,P726657,P726657 011724 011024 Universal Charter at Vare SS,P726657 011724 011024 Universal Charter at Vare SS.D,1/17/24,1/10/24,sample,1/3/24,1/10/24,10068,2,22024,1,0.7627,0.763,,0.6425,0.643,,REG,REG,0.1391,0.139,,0.173,0.173,,0.7122,0.712,,REG,REG,0.0339,0.034,,LOD,LOD,0.0182,0.018,,LOD,LOD,0.0274,0.027,,0.0655,0.066,,0.0334,0.033,,0.0737,0.074,,REG,REG,0.0421,0.042,,0.2435,0.244,,REG,REG,0.4112,0.411,,0.1055,0.105,,REG,REG,0.0873,0.087,,REG,REG,0.0678,0.068,,REG,REG,0.0236,0.024,,LOD,LOD,0.0576,0.058,,LOD,LOD,0.1084,0.108,,REG,REG,0.0836,0.084,,REG,REG,0.3013,0.301,,0.1694,0.169,,0.6371,0.637,,REG,REG,0.6825,0.683,,REG,REG,2.537,2.537,,REG,REG,0.0397,0.04,,ULOD,ULOD,0.4255,0.426,,REG,REG,0.0651,0.065,,REG,REG,0.04,0.04,,REG,REG,0.0034,0.003,,ND,ND,0.0016,0.002,,ND,ND,5.00E-04,0,,ND,ND,0.0199,0.02,,0.2715,0.272,,REG,REG,0.0418,0.042,,REG,REG,0.0207,0.021,,0.1083,0.108,
Universal Charter School at Vare32024,21,Universal Charter School at Vare,rotating,"39.92640295, -75.18538637",39.92640295,-75.18538637,,Non-Industrial,Mixed Use,High,Splash pad,HighT/NoI,P733864,P733864 012524 011724 Universal Charter at Vare SS,P733864 012524 011724 Universal Charter at Vare SS.D,1/25/24,1/17/24,sample,1/10/24,1/17/24,9676,2,32024,1,0.7419,0.691,CHECK,0.5652,0.526,,REG,REG,0.124,0.115,,0.1637,0.152,,0.5431,0.506,,REG,REG,0.0353,0.033,,LOD,LOD,0.0189,0.018,,LOD,LOD,0.0285,0.027,,0.0754,0.07,,0.0269,0.025,,0.0767,0.071,,REG,REG,0.0376,0.035,,0.1934,0.18,,REG,REG,0.3727,0.347,,0.1097,0.102,,REG,REG,0.0779,0.073,,REG,REG,0.0756,0.07,,REG,REG,0.019,0.018,,LOD,LOD,0.0668,0.062,,LOD,LOD,0.1002,0.093,,REG,REG,0.0595,0.055,,REG,REG,0.2033,0.189,,0.1277,0.119,,0.4487,0.418,,REG,REG,0.6466,0.602,,REG,REG,1.8918,1.761,CHECK,REG,REG,0.1534,0.143,,ULOD,ULOD,0.3449,0.321,,REG,REG,0.0558,0.052,,REG,REG,0.0139,0.013,,LOD,LOD,0.0036,0.003,,ND,ND,0.0017,0.002,,ND,ND,5.00E-04,0,,ND,ND,0.0207,0.019,,0.4164,0.388,,REG,REG,0.0435,0.04,,REG,REG,0.0124,0.012,,0.3194,0.297,