"siteweek","site_id","site","site_type","coordinates","lat","long","site_color","industrial_20","land_use","site_traffic","nearby_sources","ind_traf","tube_number","file_name_sampling","file_name","analysis_batch_date","sample_end_date","sample_type","start_date","end_date","time_difference","multiplier","week","sample_length","m_p_xylene_2_old","m_p_xylene_2_new","m_p_xylene_2_flag_old","m_p_xylene_2_flag_new","m_p_xylene_2_ratio","m_p_xylene_2_dis","benzene_old","benzene_new","benzene_flag_old","benzene_flag_new","benzene_ratio","benzene_dis","ethylbenzene_old","ethylbenzene_new","ethylbenzene_flag_old","ethylbenzene_flag_new","ethylbenzene_ratio","ethylbenzene_dis","o_xylene_old","o_xylene_new","o_xylene_flag_old","o_xylene_flag_new","o_xylene_ratio","o_xylene_dis","toluene_old","toluene_new","toluene_flag_old","toluene_flag_new","toluene_ratio","toluene_dis","benzene_1_2_3_trimethyl_old","benzene_1_2_3_trimethyl_new","benzene_1_2_3_trimethyl_flag_old","benzene_1_2_3_trimethyl_flag_new","benzene_1_2_3_trimethyl_ratio","benzene_1_2_3_trimethyl_dis","benzene_1_4_diethyl_old","benzene_1_4_diethyl_new","benzene_1_4_diethyl_flag_old","benzene_1_4_diethyl_flag_new","benzene_1_4_diethyl_ratio","benzene_1_4_diethyl_dis","benzene_1_ethyl_2_methyl_old","benzene_1_ethyl_2_methyl_new","benzene_1_ethyl_2_methyl_flag_old","benzene_1_ethyl_2_methyl_flag_new","benzene_1_ethyl_2_methyl_ratio","benzene_1_ethyl_2_methyl_dis","benzene_1_ethyl_3_methyl_old","benzene_1_ethyl_3_methyl_new","benzene_1_ethyl_3_methyl_flag_old","benzene_1_ethyl_3_methyl_flag_new","benzene_1_ethyl_3_methyl_ratio","benzene_1_ethyl_3_methyl_dis","benzene_1_ethyl_4_methyl_old","benzene_1_ethyl_4_methyl_new","benzene_1_ethyl_4_methyl_flag_old","benzene_1_ethyl_4_methyl_flag_new","benzene_1_ethyl_4_methyl_ratio","benzene_1_ethyl_4_methyl_dis","mesitylene_old","mesitylene_new","mesitylene_flag_old","mesitylene_flag_new","mesitylene_ratio","mesitylene_dis","benzene_propyl_old","benzene_propyl_new","benzene_propyl_flag_old","benzene_propyl_flag_new","benzene_propyl_ratio","benzene_propyl_dis","heptane_old","heptane_new","heptane_flag_old","heptane_flag_new","heptane_ratio","heptane_dis","n_hexane_old","n_hexane_new","n_hexane_flag_old","n_hexane_flag_new","n_hexane_ratio","n_hexane_dis","nonane_old","nonane_new","nonane_flag_old","nonane_flag_new","nonane_ratio","nonane_dis","octane_old","octane_new","octane_flag_old","octane_flag_new","octane_ratio","octane_dis","decane_old","decane_new","decane_flag_old","decane_flag_new","decane_ratio","decane_dis","dodecane_old","dodecane_new","dodecane_flag_old","dodecane_flag_new","dodecane_ratio","dodecane_dis","undecane_old","undecane_new","undecane_flag_old","undecane_flag_new","undecane_ratio","undecane_dis","pentane_2_3_4_trimethyl_old","pentane_2_3_4_trimethyl_new","pentane_2_3_4_trimethyl_flag_old","pentane_2_3_4_trimethyl_flag_new","pentane_2_3_4_trimethyl_ratio","pentane_2_3_4_trimethyl_dis","pentane_2_4_dimethyl_old","pentane_2_4_dimethyl_new","pentane_2_4_dimethyl_flag_old","pentane_2_4_dimethyl_flag_new","pentane_2_4_dimethyl_ratio","pentane_2_4_dimethyl_dis","hexane_2_methyl_old","hexane_2_methyl_new","hexane_2_methyl_flag_old","hexane_2_methyl_flag_new","hexane_2_methyl_ratio","hexane_2_methyl_dis","heptane_3_methyl_old","heptane_3_methyl_new","heptane_3_methyl_flag_old","heptane_3_methyl_flag_new","heptane_3_methyl_ratio","heptane_3_methyl_dis","hexane_3_methyl_old","hexane_3_methyl_new","hexane_3_methyl_flag_old","hexane_3_methyl_flag_new","hexane_3_methyl_ratio","hexane_3_methyl_dis","pentane_3_methyl_old","pentane_3_methyl_new","pentane_3_methyl_flag_old","pentane_3_methyl_flag_new","pentane_3_methyl_ratio","pentane_3_methyl_dis","pentane_2_methyl_old","pentane_2_methyl_new","pentane_2_methyl_flag_old","pentane_2_methyl_flag_new","pentane_2_methyl_ratio","pentane_2_methyl_dis","butane_2_methyl_old","butane_2_methyl_new","butane_2_methyl_flag_old","butane_2_methyl_flag_new","butane_2_methyl_ratio","butane_2_methyl_dis","cyclohexane_methyl_old","cyclohexane_methyl_new","cyclohexane_methyl_flag_old","cyclohexane_methyl_flag_new","cyclohexane_methyl_ratio","cyclohexane_methyl_dis","x1_hexene_old","x1_hexene_new","x1_hexene_flag_old","x1_hexene_flag_new","x1_hexene_ratio","x1_hexene_dis","x2_pentene_z_cis_old","x2_pentene_z_cis_new","x2_pentene_z_cis_flag_old","x2_pentene_z_cis_flag_new","x2_pentene_z_cis_ratio","x2_pentene_z_cis_dis","x1_3_butadiene_2_methyl_old","x1_3_butadiene_2_methyl_new","x1_3_butadiene_2_methyl_flag_old","x1_3_butadiene_2_methyl_flag_new","x1_3_butadiene_2_methyl_ratio","x1_3_butadiene_2_methyl_dis","x2_hexanone_old","x2_hexanone_new","x2_hexanone_flag_old","x2_hexanone_flag_new","x2_hexanone_ratio","x2_hexanone_dis","methyl_isobutyl_ketone_old","methyl_isobutyl_ketone_new","methyl_isobutyl_ketone_flag_old","methyl_isobutyl_ketone_flag_new","methyl_isobutyl_ketone_ratio","methyl_isobutyl_ketone_dis","benzene_1_2_dichloro_old","benzene_1_2_dichloro_new","benzene_1_2_dichloro_flag_old","benzene_1_2_dichloro_flag_new","benzene_1_2_dichloro_ratio","benzene_1_2_dichloro_dis","carbon_tetrachloride_old","carbon_tetrachloride_new","carbon_tetrachloride_flag_old","carbon_tetrachloride_flag_new","carbon_tetrachloride_ratio","carbon_tetrachloride_dis","trichloromethane_old","trichloromethane_new","trichloromethane_flag_old","trichloromethane_flag_new","trichloromethane_ratio","trichloromethane_dis","tetrachloroethylene_old","tetrachloroethylene_new","tetrachloroethylene_flag_old","tetrachloroethylene_flag_new","tetrachloroethylene_ratio","tetrachloroethylene_dis","trichloromonofluoromethane_old","trichloromonofluoromethane_new","trichloromonofluoromethane_flag_old","trichloromonofluoromethane_flag_new","trichloromonofluoromethane_ratio","trichloromonofluoromethane_dis"
"Bartram’s Garden502023",1,"Bartram’s Garden","stationary","39.92896, -75.212541",39.92896,-75.212541,"#619CFF","Non-Industrial","Open Space","Low",NA,"LowT/NoI","P726654","P726654 122123 121323 Bartrams SS","P726654 122123 121323 Bartrams SS.D","2023-12-21","2023-12-13","sample","2023-12-06","2023-12-13",9458,2,502023,1,1.118,1.2031,"REG","REG",0.93,NA,0.422,0.4527,"REG","REG",0.93,NA,0.166,0.1782,"REG","REG",0.93,NA,0.236,0.2543,"REG","REG",0.93,NA,0.686,0.7383,"REG","REG",0.93,NA,0.037,0.0401,"REG","REG",0.92,NA,0.024,0.0258,"LOD","LOD",0.93,NA,0.03,0.0328,"LOD","LOD",0.91,NA,0.083,0.089,"REG","REG",0.93,NA,0.033,0.0359,"REG","REG",0.92,NA,0.09,0.0969,"REG","REG",0.93,NA,0.042,0.0449,"LOD","LOD",0.94,NA,0.237,0.2551,"REG","REG",0.93,NA,0.451,0.4857,"REG","REG",0.93,NA,0.071,0.076,"REG","REG",0.93,NA,0.052,0.0555,"REG","REG",0.94,NA,0.07,0.0753,"REG","REG",0.93,NA,0.032,0.0343,"LOD","LOD",0.93,NA,0.062,0.067,"LOD","LOD",0.93,NA,0.101,0.1089,"REG","REG",0.93,NA,0.118,0.1267,"REG","REG",0.93,NA,0.255,0.2749,"REG","REG",0.93,NA,0.162,0.1741,"REG","REG",0.93,NA,0.527,0.5673,"REG","REG",0.93,NA,0.917,0.9868,"REG","REG",0.93,NA,2.523,2.7148,"REG","REG",0.93,"CHECK",0.14,0.1508,"ULOD","ULOD",0.93,NA,0.445,0.4786,"REG","REG",0.93,NA,0.095,0.1021,"REG","REG",0.93,NA,0.036,0.039,"REG","REG",0.92,NA,0.003,0.0036,"ND","ND",0.83,NA,0.002,0.0017,"ND","ND",1.18,NA,0,5e-4,"ND","ND",0,NA,0.041,0.0446,"REG","REG",0.92,NA,0.368,0.3955,"REG","REG",0.93,NA,0.046,0.0494,"REG","REG",0.93,NA,0.022,0.0235,"REG","REG",0.94,NA,0.243,0.2618,"REG","REG",0.93,NA
"Bartram’s Garden32024",1,"Bartram’s Garden","stationary","39.92896, -75.212541",39.92896,-75.212541,"#619CFF","Non-Industrial","Open Space","Low",NA,"LowT/NoI","P733850","P733850 012524 011724 Bartrams SS","P733850 012524 011724 Bartrams SS.D","2024-01-25","2024-01-17","sample","2024-01-10","2024-01-17",9484,2,32024,1,0.389,0.418,"REG","REG",0.93,NA,0.481,0.5173,"REG","REG",0.93,NA,0.074,0.0791,"REG","REG",0.94,NA,0.088,0.0949,"REG","REG",0.93,NA,0.365,0.3926,"REG","REG",0.93,NA,0.009,0.0093,"ND","ND",0.97,NA,0.007,0.0077,"ND","ND",0.91,NA,0.014,0.0145,"LOD","LOD",0.97,NA,0.034,0.0363,"LOD","LOD",0.94,NA,0.018,0.0195,"LOD","LOD",0.92,NA,0.04,0.0431,"REG","REG",0.93,NA,0.018,0.0192,"LOD","LOD",0.94,NA,0.133,0.1429,"REG","REG",0.93,NA,0.249,0.2678,"REG","REG",0.93,NA,0.155,0.1672,"REG","REG",0.93,NA,0.082,0.0883,"REG","REG",0.93,NA,0.053,0.0566,"REG","REG",0.94,NA,0.023,0.0251,"LOD","LOD",0.92,NA,0.044,0.0471,"LOD","LOD",0.93,NA,0.053,0.0575,"REG","REG",0.92,NA,0.053,0.0572,"REG","REG",0.93,NA,0.14,0.1511,"REG","REG",0.93,NA,0.086,0.093,"REG","REG",0.92,NA,0.318,0.342,"REG","REG",0.93,NA,0.362,0.3893,"REG","REG",0.93,NA,1.383,1.4882,"REG","REG",0.93,"CHECK",0.072,0.0779,"REG","REG",0.92,NA,0.224,0.2408,"REG","REG",0.93,NA,0.042,0.0448,"REG","REG",0.94,NA,0.02,0.0212,"REG","REG",0.94,NA,0.003,0.0036,"ND","ND",0.83,NA,0.002,0.0017,"ND","ND",1.18,NA,0,5e-4,"ND","ND",0,NA,0.02,0.0211,"LOD","LOD",0.95,NA,0.324,0.3489,"REG","REG",0.93,NA,0.041,0.0443,"REG","REG",0.93,NA,0.012,0.0127,"REG","REG",0.94,NA,0.14,0.1501,"REG","REG",0.93,NA
"Bartram’s Garden122024",1,"Bartram’s Garden","stationary","39.92896, -75.212541",39.92896,-75.212541,"#619CFF","Non-Industrial","Open Space","Low",NA,"LowT/NoI","P726642","P726642 040224 032024 Bartrams SS RR","P726642 040224 032024 Bartrams SS.D","2024-04-02","2024-03-20","sample","2024-03-13","2024-03-20",9656,2,122024,1,0.72,0.7738,"REG","REG",0.93,NA,0.296,0.3172,"REG","REG",0.93,NA,0.11,0.1178,"REG","REG",0.93,NA,0.152,0.1625,"REG","REG",0.94,NA,0.563,0.6593,"REG","REG",0.85,NA,0.033,0.0354,"LOD","LOD",0.93,NA,0.018,0.0189,"LOD","LOD",0.95,NA,0.03,0.0315,"LOD","LOD",0.95,NA,0.074,0.0798,"REG","REG",0.93,NA,0.036,0.0389,"REG","REG",0.93,NA,0.08,0.0858,"REG","REG",0.93,NA,0.041,0.0439,"LOD","LOD",0.93,NA,0.152,0.1632,"REG","REG",0.93,NA,0.242,0.2599,"REG","REG",0.93,NA,0.101,0.1074,"REG","REG",0.94,NA,0.067,0.068,"REG","REG",0.99,NA,0.071,0.0739,"REG","REG",0.96,NA,0.023,0.0236,"LOD","LOD",0.97,NA,0.069,0.0743,"LOD","LOD",0.93,NA,0.064,0.069,"REG","REG",0.93,NA,0.09,0.0961,"REG","REG",0.94,NA,0.14,0.1505,"REG","REG",0.93,NA,0.111,0.12,"REG","REG",0.92,NA,0.317,0.3388,"REG","REG",0.94,NA,0.591,0.6358,"REG","REG",0.93,NA,1.579,1.6837,"REG","REG",0.94,"CHECK",0.152,0.1592,"REG","REG",0.95,NA,0.343,0.3673,"REG","REG",0.93,NA,0.006,0.0068,"ND","ND",0.88,NA,0.013,0.0097,"LOD","LOD",1.34,NA,0.003,0.0036,"ND","ND",0.83,NA,0.002,0.0017,"ND","ND",1.18,NA,0.01,0.0113,"REG","REG",0.88,NA,0.011,0.0324,"REG","REG",0.34,NA,0.333,0.3576,"REG","REG",0.93,NA,0.026,0.028,"REG","REG",0.93,NA,0.017,0.0182,"REG","REG",0.93,NA,0.216,0.2305,"REG","REG",0.94,NA
"Essington & Mingo502023",2,"Essington & Mingo","stationary","39.90131732, -75.2250262",39.90131732,-75.2250262,"#DB72FB","Industrial","Industrial","High","Auto body shop, junkyard","HighT/I","P726663","P726663 122123 121323 Essington SS","P726663 122123 121323 Essington SS.D","2023-12-21","2023-12-13","sample","2023-12-06","2023-12-13",9465,2,502023,1,1.264,1.3607,"REG","REG",0.93,NA,0.501,0.5382,"REG","REG",0.93,NA,0.185,0.1992,"REG","REG",0.93,NA,0.267,0.2875,"REG","REG",0.93,NA,0.945,1.0165,"REG","REG",0.93,NA,0.041,0.0441,"REG","REG",0.93,NA,0.024,0.0258,"LOD","LOD",0.93,NA,0.034,0.0364,"LOD","LOD",0.93,NA,0.09,0.0964,"REG","REG",0.93,NA,0.037,0.0399,"REG","REG",0.93,NA,0.098,0.1057,"REG","REG",0.93,NA,0.042,0.0448,"LOD","LOD",0.94,NA,0.3,0.3231,"REG","REG",0.93,NA,0.582,0.6262,"REG","REG",0.93,NA,0.061,0.0659,"REG","REG",0.93,NA,0.064,0.0687,"REG","REG",0.93,NA,0.07,0.0752,"REG","REG",0.93,NA,0.042,0.0457,"LOD","LOD",0.92,NA,0.069,0.074,"LOD","LOD",0.93,NA,0.113,0.1217,"REG","REG",0.93,NA,0.17,0.1828,"REG","REG",0.93,NA,0.36,0.3874,"REG","REG",0.93,NA,0.173,0.1864,"REG","REG",0.93,NA,0.73,0.786,"REG","REG",0.93,NA,1.45,1.5604,"REG","REG",0.93,"CHECK",3.737,4.0208,"ULOD","ULOD",0.93,"CHECK",0.14,0.1507,"ULOD","ULOD",0.93,NA,0.527,0.5672,"REG","REG",0.93,NA,0.095,0.102,"REG","REG",0.93,NA,0.069,0.0745,"REG","REG",0.93,NA,0.003,0.0036,"ND","ND",0.83,NA,0.002,0.0017,"ND","ND",1.18,NA,0.013,0.0136,"REG","REG",0.96,NA,0.014,0.0153,"LOD","LOD",0.92,NA,0.396,0.4256,"REG","REG",0.93,NA,0.046,0.0494,"REG","REG",0.93,NA,0.039,0.0423,"REG","REG",0.92,NA,0.248,0.2666,"REG","REG",0.93,NA
"Essington & Mingo32024",2,"Essington & Mingo","stationary","39.90131732, -75.2250262",39.90131732,-75.2250262,"#DB72FB","Industrial","Industrial","High","Auto body shop, junkyard","HighT/I","P733851","P733851 012524 011724 Essington SS","P733851 012524 011724 Essington SS.D","2024-01-25","2024-01-17","sample","2024-01-10","2024-01-17",9496,2,32024,1,0.528,0.5679,"REG","REG",0.93,NA,0.413,0.4443,"REG","REG",0.93,NA,0.088,0.0948,"REG","REG",0.93,NA,0.114,0.1225,"REG","REG",0.93,NA,0.427,0.4593,"REG","REG",0.93,NA,0.009,0.0093,"ND","ND",0.97,NA,0.007,0.0077,"ND","ND",0.91,NA,0.014,0.0145,"LOD","LOD",0.97,NA,0.037,0.0399,"LOD","LOD",0.93,NA,0.014,0.0155,"LOD","LOD",0.9,NA,0.032,0.0342,"REG","REG",0.94,NA,0.018,0.0191,"LOD","LOD",0.94,NA,0.133,0.1427,"REG","REG",0.93,NA,0.249,0.2675,"REG","REG",0.93,NA,0.062,0.0667,"REG","REG",0.93,NA,0.045,0.0487,"REG","REG",0.92,NA,0.029,0.0308,"LOD","LOD",0.94,NA,0.013,0.0137,"LOD","LOD",0.95,NA,0.031,0.033,"LOD","LOD",0.94,NA,0.053,0.0574,"REG","REG",0.92,NA,0.05,0.0536,"REG","REG",0.93,NA,0.153,0.165,"REG","REG",0.93,NA,0.075,0.0805,"REG","REG",0.93,NA,0.341,0.3673,"REG","REG",0.93,NA,0.532,0.5724,"REG","REG",0.93,NA,1.493,1.6067,"REG","REG",0.93,"CHECK",0.145,0.1563,"ULOD","ULOD",0.93,NA,0.193,0.2073,"REG","REG",0.93,NA,0.075,0.0811,"REG","REG",0.92,NA,0.005,0.0051,"ND","ND",0.98,NA,0.003,0.0036,"ND","ND",0.83,NA,0.002,0.0017,"ND","ND",1.18,NA,0.011,0.0116,"REG","REG",0.95,NA,0.009,0.0094,"LOD","LOD",0.96,NA,0.38,0.4091,"REG","REG",0.93,NA,0.032,0.0344,"REG","REG",0.93,NA,0.016,0.0173,"REG","REG",0.92,NA,0.303,0.3255,"REG","REG",0.93,NA
"Essington & Mingo122024",2,"Essington & Mingo","stationary","39.90131732, -75.2250262",39.90131732,-75.2250262,"#DB72FB","Industrial","Industrial","High","Auto body shop, junkyard","HighT/I","P726643","P726643 040324 032024 Essington SS RR","P726643 040324 032024 Essington SS RR.D","2024-04-03","2024-03-20","sample","2024-03-13","2024-03-20",9659,2,122024,1,0.734,0.7883,"REG","REG",0.93,NA,0.338,0.3624,"REG","REG",0.93,NA,0.1,0.1075,"REG","REG",0.93,NA,0.142,0.1516,"REG","REG",0.94,NA,0.617,0.7163,"REG","REG",0.86,NA,0.009,0.0236,"ND","LOD",0.38,NA,0.007,0.0076,"ND","ND",0.92,NA,0.017,0.0172,"LOD","LOD",0.99,NA,0.047,0.0507,"REG","REG",0.93,NA,0.018,0.0194,"REG","LOD",0.93,NA,0.047,0.0513,"REG","REG",0.92,NA,0.023,0.025,"LOD","LOD",0.92,NA,0.152,0.1632,"REG","REG",0.93,NA,0.21,0.2253,"REG","REG",0.93,NA,0.147,0.1567,"REG","REG",0.94,NA,0.083,0.0853,"REG","REG",0.97,NA,0.047,0.0486,"REG","LOD",0.97,NA,0.023,0.0236,"LOD","LOD",0.97,NA,0.056,0.0605,"REG","LOD",0.93,NA,0.013,0.0502,"ND","LOD",0.26,NA,0.011,0.0788,"ND","REG",0.14,NA,0.108,0.1159,"REG","REG",0.93,NA,0.077,0.0834,"REG","REG",0.92,NA,0.02,0.2756,"ND","REG",0.07,"CHECK",0.017,0.5294,"ND","REG",0.03,"CHECK",0.037,1.4662,"ND","REG",0.03,"CHECK",0,0.216,"ND","ULOD",0,"CHECK",0.02,0.2582,"ND","REG",0.08,"CHECK",0.006,0.0383,"ND","REG",0.16,NA,0.005,0.0096,"ND","LOD",0.52,NA,0.003,0.0036,"ND","ND",0.83,NA,0.002,0.0017,"ND","ND",1.18,NA,0,0.0132,"ND","REG",0,NA,0.001,0.0209,"LOD","LOD",0.05,NA,0.007,0.3873,"ND","REG",0.02,"CHECK",0.001,0.028,"ND","REG",0.04,NA,0.017,0.0182,"REG","REG",0.93,NA,0.266,0.2846,"REG","REG",0.93,NA
"61st & Passyunk292023",3,"61st & Passyunk","stationary","39.91820446, -75.2085474",39.91820446,-75.2085474,"#00B9E3","Industrial","Industrial","High","Auto body shop, junkyard, gas station","HighT/I","P637226","P637226 072723 071923 61st & Passyunk 1WK DS","P637226 072723 071923 61st _ Passyunk 1WK DS.D","2023-07-27","2023-07-19","sample","2023-07-12","2023-07-19",9375,14.3,292023,1,0.853,0.9185,"REG","REG",0.93,NA,0.371,0.399,"REG","REG",0.93,NA,0.142,0.1525,"REG","REG",0.93,NA,0.261,0.281,"LOD","LOD",0.93,NA,0.683,0.7357,"REG","REG",0.93,NA,0.054,0.0579,"LOD","LOD",0.93,NA,0.007,0.0078,"ND","ND",0.9,NA,0.049,0.0526,"LOD","LOD",0.93,NA,0.124,0.1338,"LOD","LOD",0.93,NA,0.027,0.0288,"LOD","LOD",0.94,NA,0.118,0.1271,"LOD","LOD",0.93,NA,0.043,0.0462,"LOD","LOD",0.93,NA,0.3,0.3229,"REG","REG",0.93,NA,0.415,0.4469,"REG","REG",0.93,NA,0.083,0.089,"LOD","LOD",0.93,NA,0.103,0.1106,"LOD","LOD",0.93,NA,0.115,0.1241,"LOD","LOD",0.93,NA,0.101,0.1085,"LOD","LOD",0.93,NA,0.026,0.0277,"ND","ND",0.94,NA,0.129,0.1387,"LOD","LOD",0.93,NA,0.164,0.1777,"LOD","LOD",0.92,NA,0.236,0.2542,"LOD","LOD",0.93,NA,0.249,0.2676,"LOD","LOD",0.93,NA,0.518,0.558,"LOD","LOD",0.93,NA,1.005,1.0951,"REG","REG",0.92,NA,2.698,2.8902,"REG","REG",0.93,"CHECK",0.358,0.3761,"REG","REG",0.95,NA,0.596,0.6422,"REG","REG",0.93,NA,0.063,0.0631,"LOD","LOD",1,NA,0.005,0.0052,"ND","ND",0.96,NA,0.112,0.1224,"REG","REG",0.92,NA,0.002,0.0018,"ND","ND",1.11,NA,0,5e-4,"ND","ND",0,NA,0.006,0.0064,"ND","ND",0.94,NA,0.51,0.5487,"REG","REG",0.93,NA,0.066,0.0713,"REG","REG",0.93,NA,0.031,0.0339,"REG","REG",0.91,NA,0.169,0.1816,"REG","REG",0.93,NA
"61st & Passyunk502023",3,"61st & Passyunk","stationary","39.91820446, -75.2085474",39.91820446,-75.2085474,"#00B9E3","Industrial","Industrial","High","Auto body shop, junkyard, gas station","HighT/I","P726664","P726664 122123 121323 61st & Passyunk SS","P726664 122123 121323 61st & Passyunk SS.D","2023-12-21","2023-12-13","sample","2023-12-06","2023-12-13",9461,2,502023,1,2.535,2.7277,"REG","REG",0.93,"CHECK",0.606,0.6507,"REG","REG",0.93,NA,0.362,0.3895,"REG","REG",0.93,NA,0.536,0.5769,"REG","REG",0.93,NA,1.484,1.5972,"REG","REG",0.93,"CHECK",0.093,0.1003,"REG","REG",0.93,NA,0.06,0.0644,"REG","REG",0.93,NA,0.075,0.0802,"REG","REG",0.94,NA,0.196,0.2114,"REG","REG",0.93,NA,0.089,0.0957,"REG","REG",0.93,NA,0.221,0.2378,"REG","REG",0.93,NA,0.095,0.1025,"REG","REG",0.93,NA,0.548,0.5892,"REG","REG",0.93,NA,0.982,1.0563,"REG","REG",0.93,NA,0.192,0.2069,"REG","REG",0.93,NA,0.162,0.1744,"REG","REG",0.93,NA,0.166,0.1784,"REG","REG",0.93,NA,0.074,0.08,"REG","REG",0.92,NA,0.154,0.1656,"REG","REG",0.93,NA,0.256,0.2755,"REG","REG",0.93,NA,0.275,0.2955,"REG","REG",0.93,NA,0.622,0.6694,"REG","REG",0.93,NA,0.416,0.4477,"REG","REG",0.93,NA,1.294,1.3921,"REG","REG",0.93,NA,2.015,2.1681,"ULOD","ULOD",0.93,"CHECK",3.738,4.0225,"ULOD","ULOD",0.93,"CHECK",0.14,0.1508,"ULOD","ULOD",0.93,NA,1.199,1.2906,"REG","REG",0.93,NA,0.14,0.1506,"REG","REG",0.93,NA,0.089,0.0958,"REG","REG",0.93,NA,0.013,0.0139,"LOD","LOD",0.94,NA,0.002,0.0017,"ND","ND",1.18,NA,0.013,0.0136,"REG","REG",0.96,NA,0.02,0.0211,"LOD","LOD",0.95,NA,0.367,0.3954,"REG","REG",0.93,NA,0.046,0.0494,"REG","REG",0.93,NA,0.026,0.0282,"REG","REG",0.92,NA,0.248,0.2668,"REG","REG",0.93,NA
"61st & Passyunk32024",3,"61st & Passyunk","stationary","39.91820446, -75.2085474",39.91820446,-75.2085474,"#00B9E3","Industrial","Industrial","High","Auto body shop, junkyard, gas station","HighT/I","P733853","P733853 012524 011724 61st & Passyunk SS","P733853 012524 011724 61st & Passyunk SS.D","2024-01-25","2024-01-17","sample","2024-01-10","2024-01-17",9503,2,32024,1,1.079,1.1613,"REG","REG",0.93,NA,0.48,0.5163,"REG","REG",0.93,NA,0.171,0.1842,"REG","REG",0.93,NA,0.237,0.2553,"REG","REG",0.93,NA,0.776,0.8351,"REG","REG",0.93,NA,0.037,0.0399,"REG","REG",0.93,NA,0.021,0.0225,"LOD","LOD",0.93,NA,0.034,0.0363,"LOD","LOD",0.94,NA,0.095,0.1026,"REG","REG",0.93,NA,0.037,0.0393,"REG","REG",0.94,NA,0.089,0.0956,"REG","REG",0.93,NA,0.047,0.051,"LOD","LOD",0.92,NA,0.284,0.3055,"REG","REG",0.93,NA,0.607,0.6531,"REG","REG",0.93,NA,0.104,0.1117,"REG","REG",0.93,NA,0.094,0.1013,"REG","REG",0.93,NA,0.048,0.0513,"LOD","LOD",0.94,NA,0.013,0.0137,"LOD","LOD",0.95,NA,0.037,0.04,"LOD","LOD",0.92,NA,0.166,0.1786,"REG","REG",0.93,NA,0.099,0.1061,"REG","REG",0.93,NA,0.323,0.3473,"REG","REG",0.93,NA,0.213,0.229,"REG","REG",0.93,NA,0.687,0.7392,"REG","REG",0.93,NA,1.043,1.1225,"REG","REG",0.93,NA,3.132,3.3694,"REG","REG",0.93,"CHECK",0.145,0.1562,"ULOD","ULOD",0.93,NA,0.522,0.5616,"REG","REG",0.93,NA,0.087,0.0931,"REG","REG",0.93,NA,0.033,0.0353,"REG","REG",0.93,NA,0.003,0.0036,"ND","ND",0.83,NA,0.002,0.0017,"ND","ND",1.18,NA,0,5e-4,"ND","ND",0,NA,0.009,0.0094,"LOD","LOD",0.96,NA,0.366,0.3937,"REG","REG",0.93,NA,0.032,0.0344,"REG","REG",0.93,NA,0.012,0.0126,"REG","REG",0.95,NA,0.288,0.3102,"REG","REG",0.93,NA
"61st & Passyunk82024",3,"61st & Passyunk","stationary","39.91820446, -75.2085474",39.91820446,-75.2085474,"#00B9E3","Industrial","Industrial","High","Auto body shop, junkyard, gas station","HighT/I","P726651","P726651 022924 022124 61st and Passyunk SS","P726651 022924 022124 61st and Passyunk SS.D","2024-02-29","2024-02-21","sample","2024-02-14","2024-02-21",10091,2,82024,1,1.859,1.7108,"REG","REG",1.09,"CHECK",0.759,0.641,"REG","REG",1.18,"CHECK",0.276,0.2515,"REG","REG",1.1,NA,0.401,0.3641,"REG","REG",1.1,NA,1.367,1.1689,"REG","REG",1.17,"CHECK",0.045,0.0489,"REG","REG",0.92,NA,0.027,0.0332,"LOD","REG",0.81,NA,0.038,0.0444,"REG","REG",0.86,NA,0.115,0.1321,"REG","REG",0.87,NA,0.056,0.0561,"REG","REG",1,NA,0.14,0.1404,"REG","REG",1,NA,0.054,0.0661,"LOD","REG",0.82,NA,0.557,0.4551,"REG","REG",1.22,"CHECK",0.936,0.7308,"REG","REG",1.28,"CHECK",0.383,0.4344,"REG","REG",0.88,NA,0.241,0.2661,"REG","REG",0.91,NA,0.069,0.0882,"REG","REG",0.78,NA,0.031,0.0261,"LOD","LOD",1.19,NA,0.092,0.0785,"REG","LOD",1.17,NA,0.168,0.1321,"REG","REG",1.27,NA,0.148,0.1286,"REG","REG",1.15,NA,0.383,0.2969,"REG","REG",1.29,NA,0.256,0.2791,"REG","REG",0.92,NA,0.81,0.6284,"REG","REG",1.29,"CHECK",1.281,1.1282,"REG","REG",1.14,"CHECK",3.303,3.2655,"REG","REG",1.01,NA,0.215,0.162,"ULOD","REG",1.33,NA,0.615,0.427,"REG","REG",1.44,"CHECK",0.102,0.0065,"REG","ND",15.69,NA,0.038,0.0382,"REG","REG",0.99,NA,0.003,0.0034,"ND","ND",0.88,NA,0.002,0.0016,"ND","ND",1.25,NA,0.013,5e-4,"REG","ND",26,NA,0.02,0.02,"REG","REG",1,NA,0.456,0.2709,"REG","REG",1.68,"CHECK",0.044,0.0347,"REG","REG",1.27,NA,0.018,0.0132,"REG","REG",1.36,NA,0.349,0.0991,"REG","REG",3.52,"CHECK"
"61st & Passyunk122024",3,"61st & Passyunk","stationary","39.91820446, -75.2085474",39.91820446,-75.2085474,"#00B9E3","Industrial","Industrial","High","Auto body shop, junkyard, gas station","HighT/I","P726644","P726644 040224 032024 61st & Passyunk SS","P726644 040224 032024 61st & Passyunk SS.D","2024-04-02","2024-03-20","sample","2024-03-13","2024-03-20",9661,2,122024,1,2.02,2.1707,"REG","REG",0.93,"CHECK",0.488,0.524,"REG","REG",0.93,NA,0.283,0.3041,"REG","REG",0.93,NA,0.416,0.4457,"REG","REG",0.93,NA,1.252,1.3989,"REG","REG",0.89,"CHECK",0.066,0.0707,"REG","REG",0.93,NA,0.044,0.0473,"REG","REG",0.93,NA,0.063,0.0671,"REG","REG",0.94,NA,0.179,0.1923,"REG","REG",0.93,NA,0.08,0.0858,"REG","REG",0.93,NA,0.184,0.1979,"REG","REG",0.93,NA,0.088,0.094,"REG","REG",0.94,NA,0.407,0.437,"REG","REG",0.93,NA,0.679,0.729,"REG","REG",0.93,NA,0.101,0.1074,"REG","REG",0.94,NA,0.127,0.1327,"REG","REG",0.96,NA,0.094,0.0991,"REG","REG",0.95,NA,0.033,0.0348,"LOD","LOD",0.95,NA,0.088,0.095,"REG","REG",0.93,NA,0.193,0.207,"REG","REG",0.93,NA,0.221,0.2372,"REG","REG",0.93,NA,0.39,0.4195,"REG","REG",0.93,NA,0.315,0.3391,"REG","REG",0.93,NA,0.869,0.9319,"REG","REG",0.93,NA,1.707,1.8351,"REG","REG",0.93,"CHECK",4.495,4.8176,"REG","REG",0.93,"CHECK",0.205,0.216,"ULOD","ULOD",0.95,NA,0.9,0.9664,"REG","REG",0.93,NA,0.106,0.1097,"REG","REG",0.97,NA,0.026,0.0235,"REG","REG",1.11,NA,0.003,0.0036,"ND","ND",0.83,NA,0.002,0.0017,"ND","ND",1.18,NA,0.01,0.0113,"REG","REG",0.88,NA,0.006,0.0151,"ND","LOD",0.4,NA,0.333,0.3574,"REG","REG",0.93,NA,0.026,0.028,"REG","REG",0.93,NA,0.021,0.0228,"REG","REG",0.92,NA,0.211,0.2254,"REG","REG",0.94,NA
"61st & Passyunk202024",3,"61st & Passyunk","stationary","39.91820446, -75.2085474",39.91820446,-75.2085474,"#00B9E3","Industrial","Industrial","High","Auto body shop, junkyard, gas station","HighT/I","P733847","P733847 052324 051524 61st SS","P733847 052324 051524 61st SS.D","2024-05-23","2024-05-15","sample","2024-05-08","2024-05-15",9425,2,202024,1,0.681,0.7329,"REG","REG",0.93,NA,0.282,0.305,"REG","REG",0.92,NA,0.087,0.0934,"REG","REG",0.93,NA,0.137,0.148,"REG","REG",0.93,NA,0.406,0.4366,"REG","REG",0.93,NA,0.026,0.0282,"LOD","LOD",0.92,NA,0.015,0.0162,"LOD","LOD",0.93,NA,0.02,0.022,"LOD","LOD",0.91,NA,0.059,0.0633,"REG","REG",0.93,NA,0.03,0.032,"REG","REG",0.94,NA,0.073,0.0787,"REG","REG",0.93,NA,0.03,0.0322,"LOD","LOD",0.93,NA,0.139,0.1492,"REG","REG",0.93,NA,0.208,0.2235,"REG","REG",0.93,NA,0.101,0.1091,"REG","REG",0.93,NA,0.06,0.065,"REG","REG",0.92,NA,0.051,0.0554,"REG","REG",0.92,NA,0.032,0.0344,"LOD","LOD",0.93,NA,0.069,0.0743,"LOD","LOD",0.93,NA,0.078,0.0836,"REG","REG",0.93,NA,0.052,0.0565,"REG","REG",0.92,NA,0.138,0.1485,"REG","REG",0.93,NA,0.093,0.0999,"REG","REG",0.93,NA,0.313,0.3364,"REG","REG",0.93,NA,0.586,0.6312,"REG","REG",0.93,NA,1.502,1.6168,"REG","REG",0.93,"CHECK",0.14,0.1509,"ULOD","ULOD",0.93,NA,0.342,0.3686,"REG","REG",0.93,NA,0.025,0.0268,"REG","REG",0.93,NA,0.013,0.0135,"LOD","LOD",0.96,NA,0.003,0.0037,"ND","ND",0.81,NA,0.014,0.0145,"REG","REG",0.97,NA,0.009,0.0097,"REG","REG",0.93,NA,0.009,0.0094,"LOD","LOD",0.96,NA,0.369,0.3969,"REG","REG",0.93,NA,0.026,0.0278,"REG","REG",0.94,NA,0.009,0.0094,"REG","REG",0.96,NA,0.173,0.1864,"REG","REG",0.93,NA
"61st & Passyunk232024",3,"61st & Passyunk","stationary","39.91820446, -75.2085474",39.91820446,-75.2085474,"#00B9E3","Industrial","Industrial","High","Auto body shop, junkyard, gas station","HighT/I","P726614","P726614 060724 060524 61st SS","P726614 060724 060524 61st SS.D","2024-06-07","2024-06-05","sample","2024-05-29","2024-06-05",9349,2,232024,1,0.895,0.9634,"REG","REG",0.93,NA,0.219,0.2373,"REG","REG",0.92,NA,0.113,0.1222,"REG","REG",0.92,NA,0.187,0.2018,"REG","REG",0.93,NA,0.488,0.5255,"REG","REG",0.93,NA,0.034,0.0363,"LOD","LOD",0.94,NA,0.018,0.0196,"LOD","LOD",0.92,NA,0.027,0.0295,"LOD","LOD",0.92,NA,0.07,0.0751,"REG","REG",0.93,NA,0.03,0.0321,"REG","REG",0.93,NA,0.09,0.0967,"REG","REG",0.93,NA,0.03,0.0324,"LOD","LOD",0.93,NA,0.177,0.1908,"REG","REG",0.93,NA,0.226,0.2432,"REG","REG",0.93,NA,0.038,0.041,"REG","REG",0.93,NA,0.051,0.0553,"REG","REG",0.92,NA,0.048,0.0519,"LOD","LOD",0.92,NA,0.021,0.0231,"LOD","LOD",0.91,NA,0.057,0.0613,"LOD","LOD",0.93,NA,0.072,0.0778,"REG","REG",0.93,NA,0.083,0.089,"REG","REG",0.93,NA,0.159,0.1711,"REG","REG",0.93,NA,0.129,0.1384,"REG","REG",0.93,NA,0.339,0.3652,"REG","REG",0.93,NA,0.519,0.559,"REG","REG",0.93,NA,1.4,1.5077,"REG","REG",0.93,"CHECK",0.096,0.1045,"REG","REG",0.92,NA,0.46,0.4954,"REG","REG",0.93,NA,0.045,0.0455,"REG","REG",0.99,NA,0.007,0.0072,"LOD","LOD",0.97,NA,0.035,0.0382,"REG","REG",0.92,NA,0.002,0.0018,"ND","ND",1.11,NA,0.01,0.0113,"REG","REG",0.88,NA,0.018,0.0196,"REG","REG",0.92,NA,0.143,0.1539,"REG","REG",0.93,NA,0.019,0.02,"REG","REG",0.95,NA,0.009,0.0095,"REG","REG",0.95,NA,0.043,0.0458,"REG","REG",0.94,NA
"28th & Passyunk272023",4,"28th & Passyunk","stationary","39.92061091, -75.1955879",39.92061091,-75.1955879,"#00BA38","Industrial","Vacant","High","Oil terminal, gas station, former refinery site, natural gas terminal","HighT/I","P733881","P733881 071323 070523 28th & Passyunk 1WK SS","P733881 071323 070523 28th _ Passyunk 1WK SS.D","2023-07-13","2023-07-05","sample","2023-06-28","2023-07-05",9287,2,272023,1,0.892,0.9614,"REG","REG",0.93,NA,0.372,0.4004,"REG","REG",0.93,NA,0.15,0.1615,"REG","REG",0.93,NA,0.226,0.2437,"REG","REG",0.93,NA,0.385,0.4152,"REG","REG",0.93,NA,0.061,0.0654,"REG","REG",0.93,NA,0.021,0.023,"LOD","LOD",0.91,NA,0.045,0.0483,"REG","REG",0.93,NA,0.102,0.1096,"REG","REG",0.93,NA,0.041,0.0447,"REG","REG",0.92,NA,0.158,0.1705,"REG","REG",0.93,NA,0.067,0.0718,"REG","REG",0.93,NA,0.463,0.4993,"REG","REG",0.93,NA,0.47,0.5061,"REG","REG",0.93,NA,0.032,0.034,"REG","REG",0.94,NA,0.146,0.1576,"REG","REG",0.93,NA,0.084,0.0906,"REG","REG",0.93,NA,0.045,0.0487,"LOD","LOD",0.92,NA,0.106,0.114,"REG","REG",0.93,NA,0.375,0.4046,"REG","REG",0.93,NA,0.188,0.2042,"REG","REG",0.92,NA,0.333,0.3589,"REG","REG",0.93,NA,0.481,0.5178,"REG","REG",0.93,NA,0.853,0.9192,"REG","REG",0.93,NA,0.962,1.0492,"REG","REG",0.92,NA,2.132,2.2817,"REG","REG",0.93,"CHECK",0.095,0.0926,"REG","REG",1.03,NA,2.114,2.2782,"REG","REG",0.93,"CHECK",0.062,0.0619,"REG","REG",1,NA,0.005,0.0052,"ND","ND",0.96,NA,0.035,0.0397,"REG","REG",0.88,NA,0.002,0.0018,"ND","ND",1.11,NA,0,5e-4,"ND","ND",0,NA,0.006,0.006,"LOD","LOD",1,NA,0.173,0.1859,"REG","REG",0.93,NA,0.019,0.0201,"REG","REG",0.95,NA,0.009,0.0096,"REG","REG",0.94,NA,0.033,0.0359,"REG","REG",0.92,NA
"28th & Passyunk282023",4,"28th & Passyunk","stationary","39.92061091, -75.1955879",39.92061091,-75.1955879,"#00BA38","Industrial","Vacant","High","Oil terminal, gas station, former refinery site, natural gas terminal","HighT/I","P726646","P726646 071323 071223 28th & Passyunk 1WK SS","P726646 071323 071223 28th & Passyunk 1WK SS.D","2023-07-13","2023-07-12","sample","2023-07-05","2023-07-12",9356,2,282023,1,2.836,3.0538,"REG","REG",0.93,"CHECK",0.444,0.4776,"REG","REG",0.93,NA,0.417,0.4489,"REG","REG",0.93,NA,0.684,0.7369,"REG","REG",0.93,NA,0.864,0.9307,"REG","REG",0.93,NA,0.188,0.2028,"REG","REG",0.93,NA,0.182,0.1955,"REG","REG",0.93,NA,0.14,0.1511,"REG","REG",0.93,NA,0.32,0.345,"REG","REG",0.93,NA,0.165,0.1775,"REG","REG",0.93,NA,0.571,0.6146,"REG","REG",0.93,NA,0.217,0.2332,"REG","REG",0.93,NA,1.101,1.1852,"REG","REG",0.93,NA,1.241,1.336,"REG","REG",0.93,NA,0.183,0.1966,"REG","REG",0.93,NA,0.344,0.3702,"REG","REG",0.93,NA,0.015,0.0159,"ND","ND",0.94,NA,0.136,0.1466,"REG","REG",0.93,NA,0.297,0.3198,"REG","REG",0.93,NA,0.614,0.6607,"REG","REG",0.93,NA,0.479,0.5157,"REG","REG",0.93,NA,1.317,1.418,"REG","REG",0.93,"CHECK",1.703,1.8343,"REG","REG",0.93,"CHECK",3.328,3.5845,"REG","REG",0.93,"CHECK",3.054,3.2887,"ULOD","ULOD",0.93,"CHECK",5.657,6.0923,"ULOD","ULOD",0.93,"CHECK",0.201,0.2164,"ULOD","ULOD",0.93,NA,3.134,3.3753,"ULOD","ULOD",0.93,"CHECK",0.285,0.3071,"REG","REG",0.93,NA,0.012,0.0135,"REG","REG",0.89,NA,0.033,0.0359,"REG","REG",0.92,NA,0.002,0.0018,"ND","ND",1.11,NA,0,5e-4,"ND","ND",0,NA,0.006,0.0064,"ND","ND",0.94,NA,0.171,0.1845,"REG","REG",0.93,NA,0.001,0.0012,"ND","ND",0.83,NA,0.013,0.0143,"REG","REG",0.91,NA,0.043,0.0458,"REG","REG",0.94,NA
"28th & Passyunk292023",4,"28th & Passyunk","stationary","39.92061091, -75.1955879",39.92061091,-75.1955879,"#00BA38","Industrial","Vacant","High","Oil terminal, gas station, former refinery site, natural gas terminal","HighT/I","P637227","P637227 072723 071923 28th & Passyunk 1WK DS","P637227 072723 071923 28th & Passyunk 1WK DS.D","2023-07-27","2023-07-19","sample","2023-07-12","2023-07-19",9370,14.3,292023,1,7.737,8.3317,"REG","REG",0.93,"CHECK",1.168,1.2577,"REG","REG",0.93,NA,1.169,1.2591,"REG","REG",0.93,NA,1.977,2.1286,"REG","REG",0.93,"CHECK",2.764,2.9766,"REG","REG",0.93,"CHECK",0.009,0.0094,"ND","ND",0.96,NA,0.007,0.0078,"ND","ND",0.9,NA,0.415,0.4473,"REG","REG",0.93,NA,0.97,1.0442,"REG","REG",0.93,NA,0.455,0.4895,"REG","REG",0.93,NA,1.594,1.7169,"REG","REG",0.93,"CHECK",0.816,0.8787,"REG","REG",0.93,NA,2.952,3.1785,"REG","REG",0.93,"CHECK",2.825,3.0416,"REG","REG",0.93,"CHECK",0.893,0.9611,"REG","REG",0.93,NA,0.006,0.0066,"ND","ND",0.91,NA,1.187,1.2781,"REG","REG",0.93,NA,0.905,0.9748,"REG","REG",0.93,NA,2.166,2.3321,"REG","REG",0.93,"CHECK",0.014,0.0146,"ND","ND",0.96,NA,2.052,2.2092,"REG","REG",0.93,"CHECK",3.118,3.3575,"REG","REG",0.93,"CHECK",5.167,5.5644,"REG","REG",0.93,"CHECK",9.247,9.9572,"REG","REG",0.93,"CHECK",12.719,13.6962,"REG","REG",0.93,"CHECK",27.386,29.4903,"REG","REG",0.93,"CHECK",1.257,1.3533,"REG","REG",0.93,NA,22.378,24.0971,"ULOD","ULOD",0.93,"CHECK",0.303,0.3263,"REG","REG",0.93,NA,0.04,0.0432,"LOD","LOD",0.93,NA,0.09,0.0975,"LOD","LOD",0.92,NA,0.002,0.0018,"ND","ND",1.11,NA,0,5e-4,"ND","ND",0,NA,0.006,0.0064,"ND","ND",0.94,NA,0.007,0.0077,"ND","ND",0.91,NA,0.001,0.0012,"ND","ND",0.83,NA,0.063,0.0678,"REG","REG",0.93,NA,0.169,0.1817,"REG","REG",0.93,NA
"28th & Passyunk302023",4,"28th & Passyunk","stationary","39.92061091, -75.1955879",39.92061091,-75.1955879,"#00BA38","Industrial","Vacant","High","Oil terminal, gas station, former refinery site, natural gas terminal","HighT/I","P726612","P726612 072823 072623 28th & Passyunk 1WK DS","P726612 072823 072623 28th _ Passyunk 1WK DS.D","2023-07-28","2023-07-26","sample","2023-07-19","2023-07-26",9924,14.3,302023,1,3.75,3.7496,"REG","REG",1,NA,0.557,0.557,"REG","REG",1,NA,0.396,0.3963,"REG","REG",1,NA,0.986,0.9859,"REG","REG",1,NA,1.063,1.0629,"REG","REG",1,NA,0.009,0.3555,"ND","REG",0.03,"CHECK",0.308,0.3075,"REG","REG",1,NA,0.224,0.2236,"LOD","LOD",1,NA,0.556,0.5562,"REG","REG",1,NA,0.19,0.1903,"LOD","LOD",1,NA,0.901,0.9006,"REG","REG",1,NA,0.218,0.2183,"LOD","LOD",1,NA,0.956,0.9558,"REG","REG",1,NA,1.047,1.0466,"REG","REG",1,NA,0.359,0.3586,"REG","REG",1,NA,0.375,0.3746,"REG","REG",1,NA,0.434,0.4335,"REG","REG",1,NA,0.453,0.453,"REG","REG",1,NA,0.905,0.905,"REG","REG",1,NA,0.786,0.786,"REG","REG",1,NA,0.526,0.5275,"REG","REG",1,NA,1.009,1.0087,"REG","REG",1,NA,1.439,1.4395,"REG","REG",1,NA,2.548,2.548,"REG","REG",1,NA,3.904,3.9164,"REG","REG",1,NA,9.057,9.043,"REG","REG",1,NA,0.578,0.569,"REG","REG",1.02,NA,4.854,4.8537,"REG","REG",1,NA,0.147,0.1425,"LOD","LOD",1.03,NA,0.005,0.0049,"ND","ND",1.02,NA,0.091,0.092,"LOD","LOD",0.99,NA,0.002,0.0017,"ND","ND",1.18,NA,0,5e-4,"ND","ND",0,NA,0.04,0.04,"LOD","LOD",1,NA,0.518,0.5183,"REG","REG",1,NA,0.067,0.0673,"REG","REG",1,NA,0.032,0.032,"REG","REG",1,NA,0.206,0.2059,"REG","REG",1,NA
"28th & Passyunk342023",4,"28th & Passyunk","stationary","39.92061091, -75.1955879",39.92061091,-75.1955879,"#00BA38","Industrial","Vacant","High","Oil terminal, gas station, former refinery site, natural gas terminal","HighT/I","P733898","P733898 082523 082323 28th & Passyunk SS","P733898 082523 082323 28th _ Passyunk SS.D","2023-08-25","2023-08-23","sample","2023-08-16","2023-08-23",9984,2,342023,1,1.115,1.1149,"REG","REG",1,NA,0.624,0.6229,"REG","REG",1,NA,0.21,0.2103,"REG","REG",1,NA,0.3,0.3005,"REG","REG",1,NA,0.78,0.78,"REG","REG",1,NA,0.009,0.0088,"ND","ND",1.02,NA,0.007,0.0824,"ND","REG",0.08,NA,0.066,0.0656,"REG","REG",1.01,NA,0.154,0.154,"REG","REG",1,NA,0.06,0.0598,"REG","REG",1,NA,0.216,0.21560000000000001,"REG","REG",1,NA,0.073,0.0728,"REG","REG",1,NA,0.467,0.4674,"REG","REG",1,NA,0.421,0.4207,"REG","REG",1,NA,0.335,0.3355,"REG","REG",1,NA,0.288,0.288,"REG","REG",1,NA,0.246,0.2459,"REG","REG",1,NA,0.228,0.2283,"REG","REG",1,NA,0.381,0.3806,"REG","REG",1,NA,0.014,0.3157,"ND","REG",0.04,"CHECK",0.011,0.1667,"ND","REG",0.07,"CHECK",0.367,0.3673,"REG","REG",1,NA,0.562,0.5617,"REG","REG",1,NA,0.021,0.9283,"ND","REG",0.02,"CHECK",0.018,0.904,"ND","REG",0.02,"CHECK",0.039,2.1304,"ND","REG",0.02,"CHECK",0,0.1494,"ND","REG",0,"CHECK",0.021,1.7291,"ND","REG",0.01,"CHECK",0.029,0.19,"REG","REG",0.15,"CHECK",0.027,0.0269,"REG","REG",1,NA,0.003,0.0608,"ND","REG",0.05,NA,0.002,0.0017,"ND","ND",1.18,NA,0,5e-4,"ND","ND",0,NA,0.022,0.0223,"LOD","LOD",0.99,NA,0.007,0.3315,"ND","REG",0.02,"CHECK",0.001,0.0562,"ND","REG",0.02,NA,0.022,0.0223,"REG","REG",0.99,NA,0.086,0.0859,"REG","REG",1,NA
"28th & Passyunk432023",4,"28th & Passyunk","stationary","39.92061091, -75.1955879",39.92061091,-75.1955879,"#00BA38","Industrial","Vacant","High","Oil terminal, gas station, former refinery site, natural gas terminal","HighT/I","P726618","P726618 102723 102523 28th and Passyunk SS","P726618 102723 102523 28th and Passyunk SS.D","2023-10-27","2023-10-25","sample","2023-10-18","2023-10-25",10089,2,432023,1,8.487,6.0448,"ULOD","REG",1.4,"CHECK",2.445,2.4439,"ULOD","ULOD",1,NA,2.314,2.3139,"REG","REG",1,NA,3.13,3.13,"ULOD","ULOD",1,NA,1.677,0.0011,"ULOD","ND",1524.55,"CHECK",0.331,0.331,"REG","REG",1,NA,0.269,0.2689,"REG","REG",1,NA,0.308,0.3076,"REG","REG",1,NA,0.696,0.6956,"ULOD","ULOD",1,NA,0.527,0.4114,"REG","REG",1.28,"CHECK",1.461,1.4612,"REG","REG",1,NA,0.469,0.4686,"REG","REG",1,NA,2.541,2.5406,"ULOD","ULOD",1,NA,2.637,2.6365,"ULOD","ULOD",1,NA,0.32,0.0097,"REG","ND",32.99,"CHECK",0.793,0.7934,"ULOD","ULOD",1,NA,0.015,0.0147,"ND","ND",1.02,NA,0.077,0.0659,"REG","REG",1.17,NA,0.185,0.1454,"REG","REG",1.27,NA,1.201,1.2014,"ULOD","ULOD",1,NA,0.66,0.6597,"ULOD","ULOD",1,NA,1.321,1.3209,"ULOD","ULOD",1,NA,2.332,2.3322,"ULOD","ULOD",1,NA,2.418,2.4175,"ULOD","ULOD",1,NA,2.033,2.0332,"ULOD","ULOD",1,NA,3.776,3.7759,"ULOD","ULOD",1,NA,0.141,0.1407,"ULOD","ULOD",1,NA,2.086,2.0856,"ULOD","ULOD",1,NA,1.339,1.3387,"REG","REG",1,NA,0.717,0.7171,"REG","REG",1,NA,0.003,0.0034,"ND","ND",0.88,NA,0.002,0.0016,"ND","ND",1.25,NA,0,5e-4,"ND","ND",0,NA,0.015,0.0154,"LOD","LOD",0.97,NA,0.007,0.0071,"ND","ND",0.99,NA,0.001,0.0012,"ND","ND",0.83,NA,0.022,0.022,"REG","REG",1,NA,0.127,6e-4,"REG","ND",211.67,"CHECK"
"28th & Passyunk502023",4,"28th & Passyunk","stationary","39.92061091, -75.1955879",39.92061091,-75.1955879,"#00BA38","Industrial","Vacant","High","Oil terminal, gas station, former refinery site, natural gas terminal","HighT/I","P726666","P726666 122123 121323 28th & Passyunk SS","P726666 122123 121323 28th & Passyunk SS.D","2023-12-21","2023-12-13","sample","2023-12-06","2023-12-13",9460,2,502023,1,2.675,2.879,"REG","REG",0.93,"CHECK",0.655,0.7036,"REG","REG",0.93,NA,0.352,0.379,"REG","REG",0.93,NA,0.5,0.538,"REG","REG",0.93,NA,0.999,1.0755,"REG","REG",0.93,NA,0.179,0.1926,"REG","REG",0.93,NA,0.129,0.1386,"REG","REG",0.93,NA,0.105,0.113,"REG","REG",0.93,NA,0.265,0.2856,"REG","REG",0.93,NA,0.126,0.1356,"REG","REG",0.93,NA,0.434,0.4669,"REG","REG",0.93,NA,0.149,0.1602,"REG","REG",0.93,NA,0.63,0.6779,"REG","REG",0.93,NA,1.106,1.1903,"REG","REG",0.93,NA,0.421,0.4535,"REG","REG",0.93,NA,0.24,0.2581,"REG","REG",0.93,NA,0.544,0.5858,"REG","REG",0.93,NA,0.212,0.2286,"REG","REG",0.93,NA,0.481,0.518,"REG","REG",0.93,NA,0.274,0.2947,"REG","REG",0.93,NA,0.369,0.3975,"REG","REG",0.93,NA,0.786,0.8457,"REG","REG",0.93,NA,0.659,0.7089,"REG","REG",0.93,NA,1.689,1.8177,"REG","REG",0.93,"CHECK",2.015,2.1684,"ULOD","ULOD",0.93,"CHECK",3.738,4.023,"ULOD","ULOD",0.93,"CHECK",0.14,0.1508,"ULOD","ULOD",0.93,NA,2.068,2.2254,"ULOD","ULOD",0.93,"CHECK",0.185,0.1993,"REG","REG",0.93,NA,0.076,0.0816,"REG","REG",0.93,NA,0.003,0.0036,"ND","ND",0.83,NA,0.002,0.0017,"ND","ND",1.18,NA,0.009,0.0097,"REG","REG",0.93,NA,0.014,0.0153,"LOD","LOD",0.92,NA,0.367,0.3955,"REG","REG",0.93,NA,0.046,0.0494,"REG","REG",0.93,NA,0.022,0.0235,"REG","REG",0.94,NA,0.248,0.2668,"REG","REG",0.93,NA
"28th & Passyunk32024",4,"28th & Passyunk","stationary","39.92061091, -75.1955879",39.92061091,-75.1955879,"#00BA38","Industrial","Vacant","High","Oil terminal, gas station, former refinery site, natural gas terminal","HighT/I","P733857","P733857 012524 011724 28th & Passyunk SS","P733857 012524 011724 28th & Passyunk SS.D","2024-01-25","2024-01-17","sample","2024-01-10","2024-01-17",9631,2,32024,1,0.549,0.5896,"REG","REG",0.93,NA,0.45,0.4835,"REG","REG",0.93,NA,0.092,0.0986,"REG","REG",0.93,NA,0.117,0.1262,"REG","REG",0.93,NA,0.384,0.4131,"REG","REG",0.93,NA,0.029,0.0315,"LOD","LOD",0.92,NA,0.021,0.0222,"LOD","LOD",0.95,NA,0.02,0.0215,"LOD","LOD",0.93,NA,0.05,0.053900000000000003,"REG","REG",0.93,NA,0.022,0.0231,"LOD","LOD",0.95,NA,0.064,0.0684,"REG","REG",0.94,NA,0.029,0.0315,"LOD","LOD",0.92,NA,0.181,0.1943,"REG","REG",0.93,NA,0.329,0.3537,"REG","REG",0.93,NA,0.089,0.0954,"REG","REG",0.93,NA,0.069,0.074,"REG","REG",0.93,NA,0.08,0.0861,"REG","REG",0.93,NA,0.028,0.0303,"LOD","LOD",0.92,NA,0.088,0.0948,"REG","REG",0.93,NA,0.088,0.0944,"REG","REG",0.93,NA,0.072,0.0771,"REG","REG",0.93,NA,0.177,0.1904,"REG","REG",0.93,NA,0.153,0.1649,"REG","REG",0.93,NA,0.408,0.4381,"REG","REG",0.93,NA,0.713,0.7668,"REG","REG",0.93,NA,1.971,2.1182,"REG","REG",0.93,"CHECK",0.143,0.1541,"ULOD","ULOD",0.93,NA,0.617,0.6634,"REG","REG",0.93,NA,0.006,0.0069,"ND","ND",0.87,NA,0.019,0.0209,"REG","REG",0.91,NA,0.003,0.0036,"ND","ND",0.83,NA,0.002,0.0017,"ND","ND",1.18,NA,0,5e-4,"ND","ND",0,NA,0.009,0.0092,"LOD","LOD",0.98,NA,0.431,0.4631,"REG","REG",0.93,NA,0.032,0.034,"REG","REG",0.94,NA,0.016,0.0171,"REG","REG",0.94,NA,0.345,0.3703,"REG","REG",0.93,NA
"28th & Passyunk122024",4,"28th & Passyunk","stationary","39.92061091, -75.1955879",39.92061091,-75.1955879,"#00BA38","Industrial","Vacant","High","Oil terminal, gas station, former refinery site, natural gas terminal","HighT/I","P726647","P726647 040224 032024 28th & Passyunk SS","P726647 040224 032024 28th & Passyunk SS.D","2024-04-02","2024-03-20","sample","2024-03-13","2024-03-20",9665,2,122024,1,3.931,4.2244,"REG","REG",0.93,"CHECK",0.753,0.8083,"REG","REG",0.93,NA,0.524,0.5626,"REG","REG",0.93,NA,0.674,0.7233,"REG","REG",0.93,NA,1.276,1.4248,"REG","REG",0.9,"CHECK",0.15,0.161,"REG","REG",0.93,NA,0.132,0.142,"REG","REG",0.93,NA,0.12,0.1278,"REG","REG",0.94,NA,0.338,0.3629,"REG","REG",0.93,NA,0.163,0.1756,"REG","REG",0.93,NA,0.481,0.5168,"REG","REG",0.93,NA,0.198,0.2131,"REG","REG",0.93,NA,1.028,1.1043,"REG","REG",0.93,NA,2.117,2.2738,"REG","REG",0.93,"CHECK",0.326,0.3488,"REG","REG",0.93,NA,0.343,0.3654,"REG","REG",0.94,NA,0.225,0.2404,"REG","REG",0.94,NA,0.122,0.1299,"REG","REG",0.94,NA,0.261,0.2812,"REG","REG",0.93,NA,0.479,0.5142,"REG","REG",0.93,NA,0.561,0.6021,"REG","REG",0.93,NA,1.154,1.2402,"REG","REG",0.93,NA,1.097,1.1789,"REG","REG",0.93,NA,2.642,2.8368,"REG","REG",0.93,"CHECK",2.961,3.182,"ULOD","ULOD",0.93,"CHECK",5.502,5.8996,"ULOD","ULOD",0.93,"CHECK",0.205,0.2159,"ULOD","ULOD",0.95,NA,3.039,3.264,"ULOD","ULOD",0.93,"CHECK",0.239,0.2524,"REG","REG",0.95,NA,0.045,0.0444,"REG","REG",1.01,NA,0.003,0.0036,"ND","ND",0.83,NA,0.002,0.0017,"ND","ND",1.18,NA,0.01,0.0113,"REG","REG",0.88,NA,0.001,0.0209,"LOD","LOD",0.05,NA,0.36,0.3871,"REG","REG",0.93,NA,0.044,0.0473,"REG","REG",0.93,NA,0.013,0.0136,"REG","REG",0.96,NA,0.275,0.2943,"REG","REG",0.93,NA
"28th & Passyunk202024",4,"28th & Passyunk","stationary","39.92061091, -75.1955879",39.92061091,-75.1955879,"#00BA38","Industrial","Vacant","High","Oil terminal, gas station, former refinery site, natural gas terminal","HighT/I","P733849","P733849 052324 051524 28th SS","P733849 052324 051524 28th SS.D","2024-05-23","2024-05-15","sample","2024-05-08","2024-05-15",9425,2,202024,1,0.878,0.9451,"REG","REG",0.93,NA,0.282,0.305,"REG","REG",0.92,NA,0.092,0.0987,"REG","REG",0.93,NA,0.163,0.1759,"REG","REG",0.93,NA,0.297,0.3192,"REG","REG",0.93,NA,0.075,0.0805,"REG","REG",0.93,NA,0.051,0.055,"REG","REG",0.93,NA,0.041,0.0439,"REG","REG",0.93,NA,0.083,0.0893,"REG","REG",0.93,NA,0.056,0.0601,"REG","REG",0.93,NA,0.18,0.1936,"REG","REG",0.93,NA,0.066,0.0707,"REG","REG",0.93,NA,0.406,0.4367,"REG","REG",0.93,NA,0.576,0.6196,"REG","REG",0.93,NA,0.176,0.19,"REG","REG",0.93,NA,0.118,0.1269,"REG","REG",0.93,NA,0.277,0.2986,"REG","REG",0.93,NA,0.208,0.2237,"REG","REG",0.93,NA,0.365,0.3926,"REG","REG",0.93,NA,0.155,0.1672,"REG","REG",0.93,NA,0.167,0.1801,"REG","REG",0.93,NA,0.499,0.5376,"REG","REG",0.93,NA,0.51,0.5492,"REG","REG",0.93,NA,1.334,1.4362,"REG","REG",0.93,"CHECK",2.022,2.1764,"ULOD","ULOD",0.93,"CHECK",3.755,4.0419,"ULOD","ULOD",0.93,"CHECK",0.14,0.1509,"ULOD","ULOD",0.93,NA,2.075,2.2337,"ULOD","ULOD",0.93,"CHECK",0.082,0.0878,"REG","REG",0.93,NA,0.019,0.0207,"REG","REG",0.92,NA,0.003,0.0037,"ND","ND",0.81,NA,0.002,0.0018,"ND","ND",1.11,NA,0,5e-4,"ND","ND",0,NA,0.009,0.0094,"LOD","LOD",0.96,NA,0.355,0.3817,"REG","REG",0.93,NA,0.026,0.0278,"REG","REG",0.94,NA,0.013,0.0141,"REG","REG",0.92,NA,0.154,0.1662,"REG","REG",0.93,NA
"28th & Passyunk222024",4,"28th & Passyunk","stationary","39.92061091, -75.1955879",39.92061091,-75.1955879,"#00BA38","Industrial","Vacant","High","Oil terminal, gas station, former refinery site, natural gas terminal","HighT/I","P733891","P733891 060624 052924 28th SS","P733891 060624 052924 28th SS.D","2024-06-06","2024-05-29","sample","2024-05-22","2024-05-29",9577,2,222024,1,0.653,0.7018,"REG","REG",0.93,NA,0.227,0.2447,"REG","REG",0.93,NA,0.067,0.0723,"REG","REG",0.93,NA,0.142,0.15310000000000001,"REG","REG",0.93,NA,0.312,0.3352,"REG","REG",0.93,NA,0.055,0.0592,"REG","REG",0.93,NA,0.041,0.0446,"REG","REG",0.92,NA,0.033,0.036,"LOD","LOD",0.92,NA,0.068,0.0733,"REG","REG",0.93,NA,0.04,0.0431,"REG","REG",0.93,NA,0.161,0.1727,"REG","REG",0.93,NA,0.035,0.038,"LOD","LOD",0.92,NA,0.248,0.2671,"REG","REG",0.93,NA,0.344,0.3696,"REG","REG",0.93,NA,0.134,0.1444,"REG","REG",0.93,NA,0.091,0.0975,"REG","REG",0.93,NA,0.185,0.1984,"REG","REG",0.93,NA,0.142,0.1524,"REG","REG",0.93,NA,0.256,0.2757,"REG","REG",0.93,NA,0.147,0.1582,"REG","REG",0.93,NA,0.21,0.2259,"REG","REG",0.93,NA,0.337,0.362,"REG","REG",0.93,NA,0.343,0.3685,"REG","REG",0.93,NA,0.782,0.8404,"REG","REG",0.93,NA,1.394,1.4988,"REG","REG",0.93,"CHECK",3.422,3.6795,"REG","REG",0.93,"CHECK",0.208,0.2251,"ULOD","ULOD",0.92,NA,1.298,1.3959,"REG","REG",0.93,NA,0.08,0.0924,"REG","REG",0.87,NA,0.006,0.007,"LOD","LOD",0.86,NA,0.022,0.0236,"REG","REG",0.93,NA,0.002,0.0017,"ND","ND",1.18,NA,0,5e-4,"ND","ND",0,NA,0.012,0.0133,"LOD","LOD",0.9,NA,0.154,0.1653,"REG","REG",0.93,NA,0.025,0.0293,"REG","REG",0.85,NA,0.013,0.0139,"REG","REG",0.94,NA,0.051,0.0547,"REG","REG",0.93,NA
"28th & Passyunk232024",4,"28th & Passyunk","stationary","39.92061091, -75.1955879",39.92061091,-75.1955879,"#00BA38","Industrial","Vacant","High","Oil terminal, gas station, former refinery site, natural gas terminal","HighT/I","P726615","P726615 060724 060524 28th SS","P726615 060724 060524 28th SS.D","2024-06-07","2024-06-05","sample","2024-05-29","2024-06-05",9349,2,232024,1,0.554,0.5967,"REG","REG",0.93,NA,0.195,0.2106,"REG","REG",0.93,NA,0.059,0.0634,"REG","REG",0.93,NA,0.119,0.1286,"REG","REG",0.93,NA,0.234,0.2524,"REG","REG",0.93,NA,0.009,0.0094,"ND","ND",0.96,NA,0.027,0.0293,"LOD","LOD",0.92,NA,0.027,0.0295,"LOD","LOD",0.92,NA,0.052,0.0563,"REG","REG",0.92,NA,0.03,0.0321,"REG","REG",0.93,NA,0.106,0.1145,"REG","REG",0.93,NA,0.024,0.0259,"LOD","LOD",0.93,NA,0.19,0.2046,"REG","REG",0.93,NA,0.292,0.3145,"REG","REG",0.93,NA,0.057,0.0614,"REG","REG",0.93,NA,0.051,0.0553,"REG","REG",0.92,NA,0.092,0.0989,"REG","REG",0.93,NA,0.07,0.0752,"REG","REG",0.93,NA,0.136,0.1469,"REG","REG",0.93,NA,0.114,0.1232,"REG","REG",0.93,NA,0.155,0.1673,"REG","REG",0.93,NA,0.252,0.271,"REG","REG",0.93,NA,0.245,0.2643,"REG","REG",0.93,NA,0.593,0.6392,"REG","REG",0.93,NA,1.13,1.2172,"REG","REG",0.93,NA,2.8,3.0153,"REG","REG",0.93,"CHECK",0.214,0.2306,"ULOD","ULOD",0.93,NA,0.993,1.0696,"REG","REG",0.93,NA,0.079,0.0824,"REG","REG",0.96,NA,0.013,0.0144,"LOD","LOD",0.9,NA,0.022,0.0242,"REG","REG",0.91,NA,0.002,0.0018,"ND","ND",1.11,NA,0.008,0.0093,"REG","REG",0.86,NA,0.018,0.0196,"REG","REG",0.92,NA,0.143,0.1539,"REG","REG",0.93,NA,0.028,0.03,"REG","REG",0.93,NA,0.031,0.0333,"REG","REG",0.93,NA,0.043,0.0458,"REG","REG",0.94,NA
"28th & Point Breeze292023",5,"28th & Point Breeze","stationary","39.92624784, -75.1923165",39.92624784,-75.1923165,"#00C19F","Non-Industrial","Residential","Low","Laundromat","LowT/NoI","P637229","P637229 072723 071923 Point Breeze Near 1WK DS","P637229 072723 071923 Point Breeze Near 1WK DS.D","2023-07-27","2023-07-19","sample","2023-07-12","2023-07-19",9333,14.3,292023,1,1.822,1.9623,"REG","REG",0.93,"CHECK",0.461,0.4966,"REG","REG",0.93,NA,0.284,0.3064,"REG","REG",0.93,NA,0.487,0.5242,"REG","REG",0.93,NA,0.837,0.902,"REG","REG",0.93,NA,0.135,0.1454,"LOD","LOD",0.93,NA,0.108,0.1168,"LOD","LOD",0.92,NA,0.098,0.1057,"LOD","LOD",0.93,NA,0.225,0.2419,"LOD","LOD",0.93,NA,0.107,0.1156,"LOD","LOD",0.93,NA,0.356,0.383,"REG","REG",0.93,NA,0.129,0.1393,"LOD","LOD",0.93,NA,0.531,0.5715,"REG","REG",0.93,NA,0.559,0.6022,"REG","REG",0.93,NA,0.151,0.1624,"LOD","LOD",0.93,NA,0.192,0.2068,"REG","REG",0.93,NA,0.22,0.2368,"LOD","LOD",0.93,NA,0.178,0.1919,"LOD","LOD",0.93,NA,0.372,0.4006,"LOD","LOD",0.93,NA,0.302,0.325,"LOD","LOD",0.93,NA,0.237,0.2549,"LOD","LOD",0.93,NA,0.427,0.4597,"REG","REG",0.93,NA,0.584,0.6293,"REG","REG",0.93,NA,1.041,1.1211,"REG","REG",0.93,NA,1.605,1.7286,"REG","REG",0.93,"CHECK",3.914,4.2165,"REG","REG",0.93,"CHECK",0.294,0.3169,"REG","REG",0.93,NA,2.321,2.4999,"REG","REG",0.93,"CHECK",0.059,0.0634,"LOD","LOD",0.93,NA,0.005,0.0052,"ND","ND",0.96,NA,0.114,0.123,"REG","REG",0.93,NA,0.002,0.0018,"ND","ND",1.11,NA,0.026,0.0281,"REG","REG",0.93,NA,0.04,0.0426,"LOD","LOD",0.94,NA,0.512,0.5512,"REG","REG",0.93,NA,0.066,0.0716,"REG","REG",0.92,NA,0.032,0.034,"REG","REG",0.94,NA,0.169,0.1824,"REG","REG",0.93,NA
"28th & Point Breeze442023",5,"28th & Point Breeze","stationary","39.92624784, -75.1923165",39.92624784,-75.1923165,"#00C19F","Non-Industrial","Residential","Low","Laundromat","LowT/NoI","P726611","P726611 111023 110123 Point Breeze Near SS RR","P726611 111023 110123 Point Breeze Near SS RR.D","2023-11-10","2023-11-01","sample","2023-10-25","2023-11-01",9614,2,442023,1,1.996,2.1449,"REG","REG",0.93,"CHECK",0.488,0.5298,"REG","REG",0.92,NA,0.27,0.2902,"REG","REG",0.93,NA,0.392,0.4215,"REG","REG",0.93,NA,1.11,1.1946,"REG","REG",0.93,NA,0.066,0.0711,"REG","REG",0.93,NA,0.053,0.0571,"REG","REG",0.93,NA,0.057,0.061,"REG","REG",0.93,NA,0.16,0.1715,"REG","REG",0.93,NA,0.077,0.0824,"REG","REG",0.93,NA,0.201,0.2158,"REG","REG",0.93,NA,0.076,0.082,"REG","REG",0.93,NA,0.52,0.565,"REG","REG",0.92,NA,0.819,0.88,"REG","REG",0.93,NA,0.202,0.2645,"REG","REG",0.76,NA,0.218,0.2535,"REG","REG",0.86,NA,0.108,0.1192,"REG","REG",0.91,NA,0.038,0.041,"LOD","LOD",0.93,NA,0.097,0.1116,"REG","REG",0.87,NA,0.246,0.2648,"REG","REG",0.93,NA,0.138,0.1488,"REG","REG",0.93,NA,0.438,0.4715,"REG","REG",0.93,NA,0.455,0.4883,"REG","REG",0.93,NA,0.956,1.0275,"REG","REG",0.93,NA,1.241,1.3335,"REG","REG",0.93,NA,3.299,3.5464,"REG","REG",0.93,"CHECK",0.137,0.1468,"ULOD","ULOD",0.93,NA,1.119,1.2044,"REG","REG",0.93,NA,0.161,0.1829,"REG","REG",0.88,NA,0.031,0.0461,"REG","REG",0.67,NA,0.003,0.0036,"ND","ND",0.83,NA,0.002,0.0017,"ND","ND",1.18,NA,0,5e-4,"ND","ND",0,NA,0.026,0.0272,"REG","REG",0.96,NA,0.251,0.2694,"REG","REG",0.93,NA,0.045,0.0476,"REG","REG",0.95,NA,0.03,0.0324,"REG","REG",0.93,NA,0.129,0.1387,"REG","REG",0.93,NA
"28th & Point Breeze482023",5,"28th & Point Breeze","stationary","39.92624784, -75.1923165",39.92624784,-75.1923165,"#00C19F","Non-Industrial","Residential","Low","Laundromat","LowT/NoI","P733897","P733897 120823 112923 Point Breeze Far SS","P733897 120823 112923 Point Breeze Far SS.D","2023-12-08","2023-11-29","sample","2023-11-22","2023-11-29",9989,2,482023,1,0.598,0.5671,"REG","REG",1.05,NA,0.385,0.3973,"REG","REG",0.97,NA,0.094,0.0886,"REG","REG",1.06,NA,0.126,0.1196,"REG","REG",1.05,NA,0.438,0.4222,"REG","REG",1.04,NA,0.023,0.019,"LOD","LOD",1.21,NA,0.003,0.0122,"LOD","LOD",0.25,NA,0.017,0.0173,"LOD","LOD",0.98,NA,0.049,0.0457,"REG","REG",1.07,NA,0.019,0.0189,"LOD","LOD",1.01,NA,0.049,0.0501,"REG","REG",0.98,NA,0.024,0.0182,"LOD","LOD",1.32,NA,0.15,0.1253,"REG","REG",1.2,NA,0.24,0.2062,"REG","REG",1.16,NA,0.159,0.1149,"REG","REG",1.38,NA,0.115,0.0609,"REG","REG",1.89,NA,0.051,0.0469,"LOD","LOD",1.09,NA,0.023,0.0216,"LOD","LOD",1.06,NA,0.047,0.0567,"LOD","LOD",0.83,NA,0.055,0.0364,"REG","LOD",1.51,NA,0.047,0.0333,"REG","LOD",1.41,NA,0.113,0.0934,"REG","REG",1.21,NA,0.081,0.0707,"REG","LOD",1.15,NA,0.244,0.2075,"REG","REG",1.18,NA,0.37,0.308,"REG","REG",1.2,NA,1.144,0.9305,"REG","REG",1.23,"CHECK",0.147,0.1399,"REG","REG",1.05,NA,0.19,0.1475,"REG","REG",1.29,NA,0.061,0.0391,"REG","REG",1.56,NA,0.011,0.0101,"LOD","LOD",1.09,NA,0.003,0.0034,"ND","ND",0.88,NA,0.002,0.0017,"ND","ND",1.18,NA,0.007,5e-4,"REG","ND",14,NA,0.021,0.0423,"LOD","REG",0.5,NA,0.274,0.2737,"REG","REG",1,NA,0.036,0.0374,"REG","REG",0.96,NA,0.013,0.0133,"REG","REG",0.98,NA,0.095,0.1001,"REG","REG",0.95,NA
"28th & Point Breeze502023",5,"28th & Point Breeze","stationary","39.92624784, -75.1923165",39.92624784,-75.1923165,"#00C19F","Non-Industrial","Residential","Low","Laundromat","LowT/NoI","P726667","P726667 122123 121323 Point Breeze Near SS","P726667 122123 121323 Point Breeze Near SS.D","2023-12-21","2023-12-13","sample","2023-12-06","2023-12-13",9457,2,502023,1,1.195,1.2863,"REG","REG",0.93,NA,0.502,0.5386,"REG","REG",0.93,NA,0.17,0.1835,"REG","REG",0.93,NA,0.242,0.2599,"REG","REG",0.93,NA,0.707,0.7609,"REG","REG",0.93,NA,0.048,0.0522,"REG","REG",0.92,NA,0.033,0.0355,"REG","REG",0.93,NA,0.037,0.0401,"REG","REG",0.92,NA,0.1,0.1076,"REG","REG",0.93,NA,0.041,0.0439,"REG","REG",0.93,NA,0.123,0.1322,"REG","REG",0.93,NA,0.054,0.0577,"LOD","LOD",0.94,NA,0.281,0.3029,"REG","REG",0.93,NA,0.504,0.5421,"REG","REG",0.93,NA,0.136,0.1465,"REG","REG",0.93,NA,0.08,0.0864,"REG","REG",0.93,NA,0.137,0.1475,"REG","REG",0.93,NA,0.064,0.0686,"REG","REG",0.93,NA,0.134,0.1445,"REG","REG",0.93,NA,0.119,0.1282,"REG","REG",0.93,NA,0.141,0.1513,"REG","REG",0.93,NA,0.314,0.3384,"REG","REG",0.93,NA,0.208,0.2239,"REG","REG",0.93,NA,0.647,0.6963,"REG","REG",0.93,NA,1.149,1.2364,"REG","REG",0.93,NA,3.028,3.2589,"REG","REG",0.93,"CHECK",0.14,0.1508,"ULOD","ULOD",0.93,NA,0.662,0.7124,"REG","REG",0.93,NA,0.106,0.1142,"REG","REG",0.93,NA,0.043,0.0461,"REG","REG",0.93,NA,0.003,0.0036,"ND","ND",0.83,NA,0.002,0.0017,"ND","ND",1.18,NA,0,5e-4,"ND","ND",0,NA,0.02,0.0211,"LOD","LOD",0.95,NA,0.353,0.3804,"REG","REG",0.93,NA,0.046,0.0494,"REG","REG",0.93,NA,0.017,0.0188,"REG","REG",0.9,NA,0.225,0.2417,"REG","REG",0.93,NA
"28th & Point Breeze32024",5,"28th & Point Breeze","stationary","39.92624784, -75.1923165",39.92624784,-75.1923165,"#00C19F","Non-Industrial","Residential","Low","Laundromat","LowT/NoI","P733859","P733859 012524 011724 Point Breeze Near SS","P733859 012524 011724 Point Breeze Near SS.D","2024-01-25","2024-01-17","sample","2024-01-10","2024-01-17",9670,2,32024,1,0.471,0.506,"REG","REG",0.93,NA,0.406,0.4363,"REG","REG",0.93,NA,0.077,0.0827,"REG","REG",0.93,NA,0.102,0.1094,"REG","REG",0.93,NA,0.367,0.3938,"REG","REG",0.93,NA,0.022,0.0235,"LOD","LOD",0.94,NA,0.012,0.0126,"LOD","LOD",0.95,NA,0.017,0.0178,"LOD","LOD",0.96,NA,0.043,0.0464,"REG","REG",0.93,NA,0.018,0.0191,"LOD","LOD",0.94,NA,0.047,0.0508,"REG","REG",0.93,NA,0.023,0.0251,"LOD","LOD",0.92,NA,0.13,0.1401,"REG","REG",0.93,NA,0.283,0.304,"REG","REG",0.93,NA,0.033,0.0359,"REG","REG",0.92,NA,0.036,0.0392,"REG","REG",0.92,NA,0.038,0.0404,"LOD","LOD",0.94,NA,0.012,0.0134,"LOD","LOD",0.9,NA,0.037,0.0393,"LOD","LOD",0.94,NA,0.087,0.094,"REG","REG",0.93,NA,0.052,0.0561,"REG","REG",0.93,NA,0.144,0.1551,"REG","REG",0.93,NA,0.096,0.1034,"REG","REG",0.93,NA,0.324,0.3481,"REG","REG",0.93,NA,0.543,0.5834,"REG","REG",0.93,NA,1.56,1.6763,"REG","REG",0.93,"CHECK",0.143,0.1535,"ULOD","ULOD",0.93,NA,0.321,0.3451,"REG","REG",0.93,NA,0.052,0.0559,"REG","REG",0.93,NA,0.019,0.0208,"REG","REG",0.91,NA,0.003,0.0036,"ND","ND",0.83,NA,0.002,0.0017,"ND","ND",1.18,NA,0,5e-4,"ND","ND",0,NA,0.014,0.0149,"LOD","LOD",0.94,NA,0.346,0.372,"REG","REG",0.93,NA,0.04,0.0435,"REG","REG",0.92,NA,0.012,0.0124,"REG","REG",0.97,NA,0.288,0.3097,"REG","REG",0.93,NA
"28th & Point Breeze122024",5,"28th & Point Breeze","stationary","39.92624784, -75.1923165",39.92624784,-75.1923165,"#00C19F","Non-Industrial","Residential","Low","Laundromat","LowT/NoI","P726664","P726664 040224 032024 Point Breeze Near SS","P726664 040224 032024 Point Breeze Near SS.D","2024-04-02","2024-03-20","sample","2024-03-13","2024-03-20",9681,2,122024,1,1.371,1.4727,"REG","REG",0.93,"CHECK",0.451,0.4842,"REG","REG",0.93,NA,0.187,0.2002,"REG","REG",0.93,NA,0.253,0.2708,"REG","REG",0.93,NA,0.705,0.8114,"REG","REG",0.87,"CHECK",0.051,0.0549,"REG","REG",0.93,NA,0.038,0.0409,"REG","REG",0.93,NA,0.043,0.0456,"REG","REG",0.94,NA,0.118,0.1267,"REG","REG",0.93,NA,0.054,0.0583,"REG","REG",0.93,NA,0.151,0.163,"REG","REG",0.93,NA,0.07,0.0751,"REG","REG",0.93,NA,0.332,0.3561,"REG","REG",0.93,NA,0.588,0.6311,"REG","REG",0.93,NA,0.161,0.1711,"REG","REG",0.94,NA,0.127,0.1324,"REG","REG",0.96,NA,0.089,0.0938,"REG","REG",0.95,NA,0.044,0.0459,"LOD","LOD",0.96,NA,0.094,0.1017,"REG","REG",0.92,NA,0.175,0.1878,"REG","REG",0.93,NA,0.214,0.2299,"REG","REG",0.93,NA,0.351,0.3773,"REG","REG",0.93,NA,0.36,0.387,"REG","REG",0.93,NA,0.809,0.867,"REG","REG",0.93,NA,1.724,1.8525,"REG","REG",0.93,"CHECK",4.267,4.5716,"REG","REG",0.93,"CHECK",0.205,0.21560000000000001,"ULOD","ULOD",0.95,NA,0.98,1.0514,"REG","REG",0.93,NA,0.006,0.0068,"ND","ND",0.88,NA,0.005,0.005,"ND","ND",1,NA,0.003,0.0036,"ND","ND",0.83,NA,0.002,0.0017,"ND","ND",1.18,NA,0.008,0.0094,"REG","REG",0.85,NA,0.011,0.0323,"REG","REG",0.34,NA,0.332,0.3567,"REG","REG",0.93,NA,0.035,0.0376,"REG","REG",0.93,NA,0.017,0.0182,"REG","REG",0.93,NA,0.211,0.225,"REG","REG",0.94,NA
"28th & Point Breeze192024",5,"28th & Point Breeze","stationary","39.92624784, -75.1923165",39.92624784,-75.1923165,"#00C19F","Non-Industrial","Residential","Low","Laundromat","LowT/NoI","P726647","P726647 051224 050824 Pt B Near SS","P726647 051224 050824 Pt B Near SS.D","2024-05-12","2024-05-08","sample","2024-05-01","2024-05-08",9547,2,192024,1,0.735,0.7908,"REG","REG",0.93,NA,0.328,0.3535,"REG","REG",0.93,NA,0.1,0.1079,"REG","REG",0.93,NA,0.156,0.1681,"REG","REG",0.93,NA,0.504,0.5424,"REG","REG",0.93,NA,0.037,0.0398,"REG","REG",0.93,NA,0.021,0.0224,"LOD","LOD",0.94,NA,0.027,0.0289,"LOD","LOD",0.93,NA,0.062,0.0662,"REG","REG",0.94,NA,0.029,0.0316,"REG","REG",0.92,NA,0.088,0.0951,"REG","REG",0.93,NA,0.03,0.0317,"LOD","LOD",0.95,NA,0.187,0.2014,"REG","REG",0.93,NA,0.205,0.2207,"REG","REG",0.93,NA,0.272,0.2923,"REG","REG",0.93,NA,0.133,0.1427,"REG","REG",0.93,NA,0.113,0.1211,"REG","REG",0.93,NA,0.053,0.0566,"REG","REG",0.94,NA,0.133,0.1432,"REG","REG",0.93,NA,0.071,0.0762,"REG","REG",0.93,NA,0.081,0.0871,"REG","REG",0.93,NA,0.136,0.1466,"REG","REG",0.93,NA,0.103,0.1109,"REG","REG",0.93,NA,0.309,0.3321,"REG","REG",0.93,NA,0.22,0.2363,"REG","REG",0.93,NA,1.41,1.5163,"REG","REG",0.93,"CHECK",0.158,0.1694,"REG","REG",0.93,NA,0.328,0.3528,"REG","REG",0.93,NA,0.058,0.0626,"REG","REG",0.93,NA,0.012,0.0134,"LOD","LOD",0.9,NA,0.003,0.0036,"ND","ND",0.83,NA,0.002,0.0017,"ND","ND",1.18,NA,0.011,0.0115,"REG","REG",0.96,NA,0.025,0.0268,"REG","REG",0.93,NA,0.308,0.3316,"REG","REG",0.93,NA,0.025,0.0274,"REG","REG",0.91,NA,0.013,0.014,"REG","REG",0.93,NA,0.037,0.0394,"REG","REG",0.94,NA
"25th & Point Breeze292023",6,"25th & Point Breeze","stationary","39.92771763, -75.1873965",39.92771763,-75.1873965,"#D39200","Industrial","Institution","Low","Auto body shop, junkyard","LowT/I","P637230","P637230 072723 071923 Point Breeze Mid 1WK DS","P637230 072723 071923 Point Breeze Mid 1WK DS.D","2023-07-27","2023-07-19","sample","2023-07-12","2023-07-19",9319,14.3,292023,1,1.214,1.3076,"REG","REG",0.93,NA,0.417,0.4494,"REG","REG",0.93,NA,0.178,0.1918,"REG","REG",0.93,NA,0.337,0.3634,"REG","REG",0.93,NA,0.778,0.838,"REG","REG",0.93,NA,0.081,0.0874,"LOD","LOD",0.93,NA,0.043,0.0468,"LOD","LOD",0.92,NA,0.049,0.0529,"LOD","LOD",0.93,NA,0.125,0.1346,"LOD","LOD",0.93,NA,0.054,0.0579,"LOD","LOD",0.93,NA,0.178,0.1918,"REG","REG",0.93,NA,0.086,0.093,"LOD","LOD",0.92,NA,0.348,0.3744,"REG","REG",0.93,NA,0.417,0.4496,"REG","REG",0.93,NA,0.117,0.1261,"LOD","LOD",0.93,NA,0.163,0.1752,"REG","REG",0.93,NA,0.151,0.1623,"LOD","LOD",0.93,NA,0.14,0.1507,"LOD","LOD",0.93,NA,0.23,0.2477,"LOD","LOD",0.93,NA,0.216,0.2325,"LOD","LOD",0.93,NA,0.141,0.1532,"LOD","LOD",0.92,NA,0.285,0.3069,"LOD","LOD",0.93,NA,0.334,0.3595,"LOD","LOD",0.93,NA,0.782,0.8421,"REG","REG",0.93,NA,1.157,1.2591,"REG","REG",0.92,"CHECK",2.849,3.0537,"REG","REG",0.93,"CHECK",0.319,0.334,"REG","REG",0.96,NA,1.275,1.373,"REG","REG",0.93,NA,0.007,0.0071,"ND","ND",0.99,NA,0.005,0.0052,"ND","ND",0.96,NA,0.23,0.2489,"REG","REG",0.92,NA,0.069,0.0724,"REG","REG",0.95,NA,0,5e-4,"ND","ND",0,NA,0.04,0.0426,"LOD","LOD",0.94,NA,0.512,0.552,"REG","REG",0.93,NA,0.067,0.0717,"REG","REG",0.93,NA,0.032,0.0341,"REG","REG",0.94,NA,0.203,0.2192,"REG","REG",0.93,NA
"25th & Point Breeze442023",6,"25th & Point Breeze","stationary","39.92771763, -75.1873965",39.92771763,-75.1873965,"#D39200","Industrial","Institution","Low","Auto body shop, junkyard","LowT/I","P726610","P726610 110923 110123 Point Breeze Mid SS","P726610 110923 110123 Point Breeze Mid SS.D","2023-11-09","2023-11-01","sample","2023-10-25","2023-11-01",9615,2,442023,1,1.664,1.7881,"REG","REG",0.93,"CHECK",0.428,0.4648,"REG","REG",0.92,NA,0.232,0.2486,"REG","REG",0.93,NA,0.336,0.3613,"REG","REG",0.93,NA,1.036,1.1148,"REG","REG",0.93,NA,0.055,0.0592,"REG","REG",0.93,NA,0.041,0.0444,"REG","REG",0.92,NA,0.047,0.0502,"REG","REG",0.94,NA,0.132,0.1423,"REG","REG",0.93,NA,0.062,0.0667,"REG","REG",0.93,NA,0.169,0.1811,"REG","REG",0.93,NA,0.065,0.0693,"REG","REG",0.94,NA,0.408,0.4442,"REG","REG",0.92,NA,0.632,0.6788,"REG","REG",0.93,NA,0.064,0.1159,"REG","REG",0.55,NA,0.121,0.1495,"REG","REG",0.81,NA,0.089,0.0989,"REG","REG",0.9,NA,0.033,0.0354,"LOD","LOD",0.93,NA,0.084,0.0978,"REG","REG",0.86,NA,0.199,0.2143,"REG","REG",0.93,NA,0.119,0.1281,"REG","REG",0.93,NA,0.38,0.4091,"REG","REG",0.93,NA,0.398,0.427,"REG","REG",0.93,NA,0.838,0.9005,"REG","REG",0.93,NA,1.062,1.1414,"REG","REG",0.93,NA,2.801,3.0112,"REG","REG",0.93,"CHECK",0.137,0.1468,"ULOD","ULOD",0.93,NA,0.855,0.9196,"REG","REG",0.93,NA,0.095,0.1112,"REG","REG",0.85,NA,0.012,0.0251,"REG","REG",0.48,NA,0.003,0.0036,"ND","ND",0.83,NA,0.002,0.0017,"ND","ND",1.18,NA,0.012,0.0134,"REG","REG",0.9,NA,0.026,0.0272,"REG","REG",0.96,NA,0.278,0.2993,"REG","REG",0.93,NA,0.036,0.0379,"REG","REG",0.95,NA,0.065,0.0693,"REG","REG",0.94,NA,0.124,0.1337,"REG","REG",0.93,NA
"25th & Point Breeze492023",6,"25th & Point Breeze","stationary","39.92771763, -75.1873965",39.92771763,-75.1873965,"#D39200","Industrial","Institution","Low","Auto body shop, junkyard","LowT/I","P726646","P726646 120923 120623 Point Breeze Mid SS","P726646 120923 120623 Point Breeze Mid SS.D","2023-12-09","2023-12-06","sample","2023-11-29","2023-12-06",9515,2,492023,1,1.202,1.2934,"REG","REG",0.93,NA,0.536,0.5748,"REG","REG",0.93,NA,0.179,0.1929,"REG","REG",0.93,NA,0.256,0.2749,"REG","REG",0.93,NA,0.865,0.9307,"REG","REG",0.93,NA,0.044,0.0479,"REG","REG",0.92,NA,0.027,0.0288,"LOD","LOD",0.94,NA,0.037,0.0399,"REG","REG",0.93,NA,0.103,0.1106,"REG","REG",0.93,NA,0.041,0.0436,"REG","REG",0.94,NA,0.122,0.1314,"REG","REG",0.93,NA,0.053,0.0573,"LOD","LOD",0.92,NA,0.305,0.3282,"REG","REG",0.93,NA,0.507,0.5458,"REG","REG",0.93,NA,0.117,0.1256,"REG","REG",0.93,NA,0.076,0.0815,"REG","REG",0.93,NA,0.117,0.1261,"REG","REG",0.93,NA,0.042,0.0454,"LOD","LOD",0.93,NA,0.107,0.1156,"REG","REG",0.93,NA,0.089,0.0955,"REG","REG",0.93,NA,0.091,0.0979,"REG","REG",0.93,NA,0.306,0.3293,"REG","REG",0.93,NA,0.195,0.2102,"REG","REG",0.93,NA,0.655,0.7049,"REG","REG",0.93,NA,0.792,0.8516,"REG","REG",0.93,NA,2.248,2.4182,"REG","REG",0.93,"CHECK",0.21,0.2259,"ULOD","ULOD",0.93,NA,0.422,0.4536,"REG","REG",0.93,NA,0.006,0.0069,"ND","ND",0.87,NA,0.023,0.0247,"REG","REG",0.93,NA,0.003,0.0036,"ND","ND",0.83,NA,0.002,0.0017,"ND","ND",1.18,NA,0,5e-4,"ND","ND",0,NA,0.02,0.021,"LOD","LOD",0.95,NA,0.239,0.2571,"REG","REG",0.93,NA,0.046,0.0491,"REG","REG",0.94,NA,0.048,0.0514,"REG","REG",0.93,NA,0.079,0.0851,"REG","REG",0.93,NA
"25th & Point Breeze502023",6,"25th & Point Breeze","stationary","39.92771763, -75.1873965",39.92771763,-75.1873965,"#D39200","Industrial","Institution","Low","Auto body shop, junkyard","LowT/I","P733845","P733845 122123 121323 Point Breeze Mid SS","P733845 122123 121323 Point Breeze Mid SS.D","2023-12-21","2023-12-13","sample","2023-12-06","2023-12-13",9419,2,502023,1,1.2,1.2915,"REG","REG",0.93,NA,0.491,0.5275,"REG","REG",0.93,NA,0.176,0.1895,"REG","REG",0.93,NA,0.253,0.2721,"REG","REG",0.93,NA,0.836,0.8995,"REG","REG",0.93,NA,0.049,0.0524,"REG","REG",0.94,NA,0.03,0.0324,"REG","REG",0.93,NA,0.037,0.0403,"REG","REG",0.92,NA,0.1,0.108,"REG","REG",0.93,NA,0.045,0.0481,"REG","REG",0.94,NA,0.115,0.1239,"REG","REG",0.93,NA,0.048,0.0515,"LOD","LOD",0.93,NA,0.327,0.3521,"REG","REG",0.93,NA,0.512,0.5514,"REG","REG",0.93,NA,0.132,0.1421,"REG","REG",0.93,NA,0.081,0.0867,"REG","REG",0.93,NA,0.138,0.1481,"REG","REG",0.93,NA,0.053,0.0574,"LOD","LOD",0.92,NA,0.122,0.1309,"REG","REG",0.93,NA,0.102,0.1094,"REG","REG",0.93,NA,0.141,0.1519,"REG","REG",0.93,NA,0.533,0.5733,"REG","REG",0.93,NA,0.174,0.1874,"REG","REG",0.93,NA,1.07,1.1523,"REG","REG",0.93,NA,1.012,1.0889,"REG","REG",0.93,NA,2.72,2.9282,"REG","REG",0.93,"CHECK",0.141,0.1514,"ULOD","ULOD",0.93,NA,0.571,0.6147,"REG","REG",0.93,NA,0.084,0.0903,"REG","REG",0.93,NA,0.03,0.0321,"REG","REG",0.93,NA,0.003,0.0037,"ND","ND",0.81,NA,0.002,0.0018,"ND","ND",1.11,NA,0,5e-4,"ND","ND",0,NA,0.025,0.0271,"REG","REG",0.92,NA,0.369,0.3972,"REG","REG",0.93,NA,0.046,0.0496,"REG","REG",0.93,NA,0.018,0.0189,"REG","REG",0.95,NA,0.207,0.2224,"REG","REG",0.93,NA
"25th & Point Breeze32024",6,"25th & Point Breeze","stationary","39.92771763, -75.1873965",39.92771763,-75.1873965,"#D39200","Industrial","Institution","Low","Auto body shop, junkyard","LowT/I","P733860","P733860 012524 011724 Point Breeze Mid SS","P733860 012524 011724 Point Breeze Mid SS.D","2024-01-25","2024-01-17","sample","2024-01-10","2024-01-17",9676,2,32024,1,0.91,0.9781,"REG","REG",0.93,NA,0.502,0.5393,"REG","REG",0.93,NA,0.144,0.155,"REG","REG",0.93,NA,0.193,0.2072,"REG","REG",0.93,NA,0.641,0.6883,"REG","REG",0.93,NA,0.033,0.0353,"LOD","LOD",0.93,NA,0.021,0.0221,"LOD","LOD",0.95,NA,0.027,0.0285,"LOD","LOD",0.95,NA,0.077,0.0827,"REG","REG",0.93,NA,0.029,0.0308,"REG","REG",0.94,NA,0.079,0.0853,"REG","REG",0.93,NA,0.035,0.0376,"LOD","LOD",0.93,NA,0.211,0.2267,"REG","REG",0.93,NA,0.36,0.3865,"REG","REG",0.93,NA,0.107,0.1147,"REG","REG",0.93,NA,0.069,0.0736,"REG","REG",0.94,NA,0.113,0.121,"REG","REG",0.93,NA,0.018,0.019,"LOD","LOD",0.95,NA,0.094,0.1013,"REG","REG",0.93,NA,0.087,0.094,"REG","REG",0.93,NA,0.059,0.0629,"REG","REG",0.94,NA,0.279,0.2997,"REG","REG",0.93,NA,0.13,0.1398,"REG","REG",0.93,NA,0.605,0.6503,"REG","REG",0.93,NA,0.592,0.636,"REG","REG",0.93,NA,1.687,1.813,"REG","REG",0.93,"CHECK",0.143,0.1534,"ULOD","ULOD",0.93,NA,0.331,0.3557,"REG","REG",0.93,NA,0.052,0.0558,"REG","REG",0.93,NA,0.019,0.0208,"REG","REG",0.91,NA,0.003,0.0036,"ND","ND",0.83,NA,0.002,0.0017,"ND","ND",1.18,NA,0.009,0.0095,"REG","REG",0.95,NA,0.019,0.0207,"LOD","LOD",0.92,NA,0.415,0.4461,"REG","REG",0.93,NA,0.04,0.0435,"REG","REG",0.92,NA,0.016,0.017,"REG","REG",0.94,NA,0.32,0.344,"REG","REG",0.93,NA
"25th & Point Breeze122024",6,"25th & Point Breeze","stationary","39.92771763, -75.1873965",39.92771763,-75.1873965,"#D39200","Industrial","Institution","Low","Auto body shop, junkyard","LowT/I","P726661","P726661 040224 032024 Point Breeze Mid SS","P726661 040224 032024 Point Breeze Mid SS.D","2024-04-02","2024-03-20","sample","2024-03-13","2024-03-20",9681,2,122024,1,1.281,1.3768,"REG","REG",0.93,NA,0.403,0.4325,"REG","REG",0.93,NA,0.177,0.1898,"REG","REG",0.93,NA,0.233,0.2491,"REG","REG",0.94,NA,0.804,0.9169,"REG","REG",0.88,"CHECK",0.044,0.047,"REG","REG",0.94,NA,0.032,0.0346,"REG","REG",0.92,NA,0.036,0.0385,"REG","REG",0.94,NA,0.097,0.1049,"REG","REG",0.92,NA,0.043,0.0466,"REG","REG",0.92,NA,0.119,0.1286,"REG","REG",0.93,NA,0.058,0.0625,"REG","REG",0.93,NA,0.307,0.3294,"REG","REG",0.93,NA,0.504,0.5415,"REG","REG",0.93,NA,0.087,0.0924,"REG","REG",0.94,NA,0.083,0.0851,"REG","REG",0.98,NA,0.089,0.0938,"REG","REG",0.95,NA,0.033,0.0347,"LOD","LOD",0.95,NA,0.094,0.1017,"REG","REG",0.92,NA,0.128,0.1377,"REG","REG",0.93,NA,0.166,0.1783,"REG","REG",0.93,NA,0.39,0.4186,"REG","REG",0.93,NA,0.258,0.2777,"REG","REG",0.93,NA,0.891,0.9552,"REG","REG",0.93,NA,1.438,1.5452,"REG","REG",0.93,"CHECK",3.608,3.8633,"REG","REG",0.93,"CHECK",0.205,0.21560000000000001,"ULOD","ULOD",0.95,NA,0.757,0.8121,"REG","REG",0.93,NA,0.084,0.0857,"REG","REG",0.98,NA,0.019,0.0166,"REG","REG",1.14,NA,0.003,0.0036,"ND","ND",0.83,NA,0.002,0.0017,"ND","ND",1.18,NA,0.01,0.0113,"REG","REG",0.88,NA,0.006,0.0266,"REG","REG",0.23,NA,0.304,0.327,"REG","REG",0.93,NA,0.026,0.0279,"REG","REG",0.93,NA,0.03,0.032,"REG","REG",0.94,NA,0.206,0.2201,"REG","REG",0.94,NA
"Morris & Point Breeze292023",7,"Morris & Point Breeze","stationary","39.93094655, -75.1829941",39.93094655,-75.1829941,"#FF61C3","Non-Industrial","Residential","Low",NA,"LowT/NoI","P726601","P726601 072723 071923 Point Breeze Far 1WK DS","P726601 072723 071923 Point Breeze Far 1WK DS.D","2023-07-27","2023-07-19","sample","2023-07-12","2023-07-19",9302,14.3,292023,1,1.063,1.1453,"REG","REG",0.93,NA,0.418,0.4502,"REG","REG",0.93,NA,0.178,0.1922,"REG","REG",0.93,NA,0.3,0.3236,"REG","REG",0.93,NA,0.688,0.7414,"REG","REG",0.93,NA,0.081,0.0875,"LOD","LOD",0.93,NA,0.065,0.0703,"LOD","LOD",0.92,NA,0.049,0.053,"LOD","LOD",0.92,NA,0.125,0.1349,"LOD","LOD",0.93,NA,0.054,0.058,"LOD","LOD",0.93,NA,0.178,0.1922,"REG","REG",0.93,NA,0.043,0.0466,"LOD","LOD",0.92,NA,0.256,0.2759,"REG","REG",0.93,NA,0.418,0.4504,"REG","REG",0.93,NA,0.083,0.0897,"LOD","LOD",0.93,NA,0.103,0.1114,"LOD","LOD",0.92,NA,0.22,0.2376,"LOD","LOD",0.93,NA,0.41,0.4418,"LOD","LOD",0.93,NA,0.468,0.5044,"LOD","LOD",0.93,NA,0.13,0.1398,"LOD","LOD",0.93,NA,0.166,0.1791,"LOD","LOD",0.93,NA,0.238,0.2562,"LOD","LOD",0.93,NA,0.25,0.2697,"LOD","LOD",0.93,NA,0.522,0.5624,"LOD","LOD",0.93,NA,1.098,1.1825,"REG","REG",0.93,NA,3.111,3.3521,"REG","REG",0.93,"CHECK",0.403,0.4347,"REG","REG",0.93,NA,0.751,0.8091,"REG","REG",0.93,NA,0.007,0.0071,"ND","ND",0.99,NA,0.04,0.0435,"LOD","LOD",0.92,NA,0.091,0.0982,"LOD","LOD",0.93,NA,0.002,0.0018,"ND","ND",1.11,NA,0.026,0.0282,"REG","REG",0.92,NA,0.04,0.0427,"LOD","LOD",0.94,NA,0.513,0.553,"REG","REG",0.93,NA,0.067,0.0718,"REG","REG",0.93,NA,0.032,0.0342,"REG","REG",0.94,NA,0.17,0.183,"REG","REG",0.93,NA
"Morris & Point Breeze442023",7,"Morris & Point Breeze","stationary","39.93094655, -75.1829941",39.93094655,-75.1829941,"#FF61C3","Non-Industrial","Residential","Low",NA,"LowT/NoI","P726609","P726609 110923 110123 Point Breeze Far SS","P726609 110923 110123 Point Breeze Far SS.D","2023-11-09","2023-11-01","sample","2023-10-25","2023-11-01",9611,2,442023,1,1.402,1.5065,"REG","REG",0.93,"CHECK",0.434,0.4715,"REG","REG",0.92,NA,0.208,0.2227,"REG","REG",0.93,NA,0.29,0.3121,"REG","REG",0.93,NA,0.912,0.9825,"REG","REG",0.93,NA,0.051,0.0553,"REG","REG",0.92,NA,0.038,0.0412,"REG","REG",0.92,NA,0.043,0.0466,"REG","REG",0.92,NA,0.115,0.1241,"REG","REG",0.93,NA,0.047,0.051,"REG","REG",0.92,NA,0.128,0.1379,"REG","REG",0.93,NA,0.059,0.0631,"REG","REG",0.94,NA,0.327,0.3571,"REG","REG",0.92,NA,0.529,0.5681,"REG","REG",0.93,NA,0.078,0.1308,"REG","REG",0.6,NA,0.105,0.1322,"REG","REG",0.79,NA,0.103,0.1142,"REG","REG",0.9,NA,0.085,0.0917,"REG","REG",0.93,NA,0.129,0.1464,"REG","REG",0.88,NA,0.153,0.164,"REG","REG",0.93,NA,0.1,0.1073,"REG","REG",0.93,NA,0.283,0.3052,"REG","REG",0.93,NA,0.296,0.317,"REG","REG",0.93,NA,0.626,0.6725,"REG","REG",0.93,NA,0.844,0.9071,"REG","REG",0.93,NA,2.249,2.4179,"REG","REG",0.93,"CHECK",0.137,0.1468,"ULOD","ULOD",0.93,NA,0.631,0.679,"REG","REG",0.93,NA,0.106,0.1232,"REG","REG",0.86,NA,0.018,0.0321,"REG","REG",0.56,NA,0.015,0.0171,"REG","REG",0.88,NA,0.002,0.0017,"ND","ND",1.18,NA,0.016,0.0172,"REG","REG",0.93,NA,0.037,0.0387,"REG","REG",0.96,NA,0.279,0.2994,"REG","REG",0.93,NA,0.036,0.0379,"REG","REG",0.95,NA,0.026,0.0277,"REG","REG",0.94,NA,0.134,0.1437,"REG","REG",0.93,NA
"Morris & Point Breeze482023",7,"Morris & Point Breeze","stationary","39.93094655, -75.1829941",39.93094655,-75.1829941,"#FF61C3","Non-Industrial","Residential","Low",NA,"LowT/NoI","P733895","P733895 120823 112923 Point Breeze Near SS","P733895 120823 112923 Point Breeze Near SS.D","2023-12-08","2023-11-29","sample","2023-11-22","2023-11-29",9990,2,482023,1,0.57,0.5956,"REG","REG",0.96,NA,0.397,0.3848,"REG","REG",1.03,NA,0.089,0.0936,"REG","REG",0.95,NA,0.121,0.1249,"REG","REG",0.97,NA,0.426,0.4349,"REG","REG",0.98,NA,0.019,0.0228,"LOD","LOD",0.83,NA,0.012,0.0031,"LOD","LOD",3.87,NA,0.017,0.0173,"LOD","LOD",0.98,NA,0.046,0.0492,"REG","REG",0.93,NA,0.019,0.0189,"LOD","LOD",1.01,NA,0.049,0.0501,"REG","REG",0.98,NA,0.018,0.0243,"LOD","LOD",0.74,NA,0.13,0.1447,"REG","REG",0.9,NA,0.206,0.2396,"REG","REG",0.86,NA,0.135,0.1387,"REG","REG",0.97,NA,0.081,0.0943,"REG","REG",0.86,NA,0.046,0.0518,"LOD","LOD",0.89,NA,0.018,0.0271,"LOD","LOD",0.66,NA,0.054,0.0501,"LOD","LOD",1.08,NA,0.036,0.0546,"LOD","REG",0.66,NA,0.033,0.0466,"LOD","REG",0.71,NA,0.093,0.1134,"REG","REG",0.82,NA,0.069,0.0824,"LOD","REG",0.84,NA,0.208,0.2441,"REG","REG",0.85,NA,0.308,0.3696,"REG","REG",0.83,NA,0.934,1.1402,"REG","REG",0.82,"CHECK",0.138,0.1486,"REG","REG",0.93,NA,0.148,0.1897,"REG","REG",0.78,NA,0.038,0.0621,"REG","REG",0.61,NA,0.011,0.0101,"LOD","LOD",1.09,NA,0.003,0.0034,"ND","ND",0.88,NA,0.002,0.0017,"ND","ND",1.18,NA,0,0.0073,"ND","REG",0,NA,0.043,0.02,"REG","LOD",2.15,NA,0.274,0.2737,"REG","REG",1,NA,0.036,0.0374,"REG","REG",0.96,NA,0.013,0.0133,"REG","REG",0.98,NA,0.1,0.0953,"REG","REG",1.05,NA
"Morris & Point Breeze492023",7,"Morris & Point Breeze","stationary","39.93094655, -75.1829941",39.93094655,-75.1829941,"#FF61C3","Non-Industrial","Residential","Low",NA,"LowT/NoI","P726645","P726645 120923 120623 Point Breeze Far SS","P726645 120923 120623 Point Breeze Far SS.D","2023-12-09","2023-12-06","sample","2023-11-29","2023-12-06",9516,2,492023,1,1.133,1.2182,"REG","REG",0.93,NA,0.578,0.6207,"REG","REG",0.93,NA,0.169,0.1823,"REG","REG",0.93,NA,0.235,0.2528,"REG","REG",0.93,NA,0.811,0.8724,"REG","REG",0.93,NA,0.041,0.0439,"REG","REG",0.93,NA,0.027,0.0288,"LOD","LOD",0.94,NA,0.034,0.0362,"LOD","LOD",0.94,NA,0.096,0.1032,"REG","REG",0.93,NA,0.037,0.0397,"REG","REG",0.93,NA,0.106,0.1138,"REG","REG",0.93,NA,0.047,0.051,"LOD","LOD",0.92,NA,0.274,0.2942,"REG","REG",0.93,NA,0.455,0.4897,"REG","REG",0.93,NA,0.149,0.1606,"REG","REG",0.93,NA,0.08,0.0858,"REG","REG",0.93,NA,0.122,0.1312,"REG","REG",0.93,NA,0.048,0.0511,"LOD","LOD",0.94,NA,0.114,0.1226,"REG","REG",0.93,NA,0.077,0.0828,"REG","REG",0.93,NA,0.078,0.0839,"REG","REG",0.93,NA,0.228,0.2452,"REG","REG",0.93,NA,0.172,0.1854,"REG","REG",0.93,NA,0.512,0.5511,"REG","REG",0.93,NA,0.691,0.7437,"REG","REG",0.93,NA,1.987,2.1378,"REG","REG",0.93,"CHECK",0.21,0.2259,"ULOD","ULOD",0.93,NA,0.37,0.3982,"REG","REG",0.93,NA,0.072,0.0773,"REG","REG",0.93,NA,0.016,0.0176,"REG","REG",0.91,NA,0.003,0.0036,"ND","ND",0.83,NA,0.002,0.0017,"ND","ND",1.18,NA,0,5e-4,"ND","ND",0,NA,0.036,0.0385,"REG","REG",0.94,NA,0.253,0.2722,"REG","REG",0.93,NA,0.046,0.0491,"REG","REG",0.94,NA,0.022,0.0234,"REG","REG",0.94,NA,0.079,0.0851,"REG","REG",0.93,NA
"Morris & Point Breeze502023",7,"Morris & Point Breeze","stationary","39.93094655, -75.1829941",39.93094655,-75.1829941,"#FF61C3","Non-Industrial","Residential","Low",NA,"LowT/NoI","P733843","P733843 122123 121323 Point Breeze Far SS","P733843 122123 121323 Point Breeze Far SS.D","2023-12-21","2023-12-13","sample","2023-12-06","2023-12-13",9449,2,502023,1,1.105,1.1891,"REG","REG",0.93,NA,0.557,0.5986,"REG","REG",0.93,NA,0.166,0.1783,"REG","REG",0.93,NA,0.237,0.2546,"REG","REG",0.93,NA,0.733,0.7886,"REG","REG",0.93,NA,0.049,0.0522,"REG","REG",0.94,NA,0.03,0.0323,"REG","REG",0.93,NA,0.041,0.0438,"REG","REG",0.94,NA,0.11,0.1188,"REG","REG",0.93,NA,0.048,0.0519,"REG","REG",0.92,NA,0.123,0.1323,"REG","REG",0.93,NA,0.054,0.0577,"LOD","LOD",0.94,NA,0.263,0.2827,"REG","REG",0.93,NA,0.484,0.5214,"REG","REG",0.93,NA,0.141,0.1517,"REG","REG",0.93,NA,0.076,0.082,"REG","REG",0.93,NA,0.137,0.1476,"REG","REG",0.93,NA,0.058,0.0629,"REG","REG",0.92,NA,0.141,0.1517,"REG","REG",0.93,NA,0.095,0.1026,"REG","REG",0.93,NA,0.115,0.1233,"REG","REG",0.93,NA,0.288,0.3104,"REG","REG",0.93,NA,0.162,0.1743,"REG","REG",0.93,NA,0.588,0.6324,"REG","REG",0.93,NA,0.948,1.0203,"REG","REG",0.93,NA,2.619,2.8181,"REG","REG",0.93,"CHECK",0.14,0.151,"ULOD","ULOD",0.93,NA,0.497,0.5347,"REG","REG",0.93,NA,0.084,0.09,"REG","REG",0.93,NA,0.03,0.032,"REG","REG",0.94,NA,0.003,0.0036,"ND","ND",0.83,NA,0.002,0.0017,"ND","ND",1.18,NA,0,5e-4,"ND","ND",0,NA,0.096,0.1035,"REG","REG",0.93,NA,0.368,0.3959,"REG","REG",0.93,NA,0.046,0.0495,"REG","REG",0.93,NA,0.022,0.0235,"REG","REG",0.94,NA,0.201,0.2167,"REG","REG",0.93,NA
"Morris & Point Breeze32024",7,"Morris & Point Breeze","stationary","39.93094655, -75.1829941",39.93094655,-75.1829941,"#FF61C3","Non-Industrial","Residential","Low",NA,"LowT/NoI","P733863","P733863 012524 011724 Point Breeze Far SS","P733863 012524 011724 Point Breeze Far SS.D","2024-01-25","2024-01-17","sample","2024-01-10","2024-01-17",9676,2,32024,1,0.594,0.6385,"REG","REG",0.93,NA,0.478,0.5135,"REG","REG",0.93,NA,0.101,0.1085,"REG","REG",0.93,NA,0.127,0.1365,"REG","REG",0.93,NA,0.473,0.5079,"REG","REG",0.93,NA,0.026,0.0275,"LOD","LOD",0.95,NA,0.015,0.0158,"LOD","LOD",0.95,NA,0.023,0.0249,"LOD","LOD",0.92,NA,0.06,0.0645,"REG","REG",0.93,NA,0.021,0.023,"LOD","LOD",0.91,NA,0.055,0.0594,"REG","REG",0.93,NA,0.029,0.0313,"LOD","LOD",0.93,NA,0.161,0.1734,"REG","REG",0.93,NA,0.328,0.3521,"REG","REG",0.93,NA,0.093,0.0999,"REG","REG",0.93,NA,0.069,0.0736,"REG","REG",0.94,NA,0.061,0.0655,"REG","REG",0.93,NA,0.018,0.019,"LOD","LOD",0.95,NA,0.056,0.0599,"LOD","LOD",0.93,NA,0.07,0.0752,"REG","REG",0.93,NA,0.046,0.0492,"REG","REG",0.93,NA,0.157,0.1688,"REG","REG",0.93,NA,0.096,0.1033,"REG","REG",0.93,NA,0.347,0.3731,"REG","REG",0.93,NA,0.533,0.5724,"REG","REG",0.93,NA,1.504,1.6162,"REG","REG",0.93,"CHECK",0.143,0.1534,"ULOD","ULOD",0.93,NA,0.25,0.2687,"REG","REG",0.93,NA,0.041,0.044,"REG","REG",0.93,NA,0.019,0.0208,"REG","REG",0.91,NA,0.01,0.0112,"REG","REG",0.89,NA,0.002,0.0017,"ND","ND",1.18,NA,0.005,0.0057,"REG","REG",0.88,NA,0.035,0.0379,"REG","REG",0.92,NA,0.36,0.3866,"REG","REG",0.93,NA,0.031,0.0338,"REG","REG",0.92,NA,0.016,0.017,"REG","REG",0.94,NA,0.306,0.3292,"REG","REG",0.93,NA
"Morris & Point Breeze122024",7,"Morris & Point Breeze","stationary","39.93094655, -75.1829941",39.93094655,-75.1829941,"#FF61C3","Non-Industrial","Residential","Low",NA,"LowT/NoI","P726665","P726665 040224 032024 Point Breeze Far SS","P726665 040224 032024 Point Breeze Far SS.D","2024-04-02","2024-03-20","sample","2024-03-13","2024-03-20",9661,2,122024,1,1.016,1.0913,"REG","REG",0.93,NA,0.428,0.4593,"REG","REG",0.93,NA,0.144,0.154,"REG","REG",0.94,NA,0.193,0.206,"REG","REG",0.94,NA,0.662,0.7647,"REG","REG",0.87,"CHECK",0.04,0.0432,"REG","REG",0.93,NA,0.029,0.0316,"REG","REG",0.92,NA,0.033,0.035,"LOD","LOD",0.94,NA,0.088,0.0943,"REG","REG",0.93,NA,0.036,0.0389,"REG","REG",0.93,NA,0.104,0.1116,"REG","REG",0.93,NA,0.047,0.0501,"LOD","LOD",0.94,NA,0.233,0.25,"REG","REG",0.93,NA,0.409,0.4391,"REG","REG",0.93,NA,0.088,0.0926,"REG","REG",0.95,NA,0.075,0.0766,"REG","REG",0.98,NA,0.085,0.089,"REG","REG",0.96,NA,0.054,0.0572,"REG","REG",0.94,NA,0.107,0.1157,"REG","REG",0.92,NA,0.099,0.1066,"REG","REG",0.93,NA,0.125,0.1339,"REG","REG",0.93,NA,0.23,0.247,"REG","REG",0.93,NA,0.213,0.2295,"REG","REG",0.93,NA,0.529,0.5658,"REG","REG",0.93,NA,1.065,1.145,"REG","REG",0.93,NA,2.844,3.0432,"REG","REG",0.93,"CHECK",0.205,0.216,"ULOD","ULOD",0.95,NA,0.566,0.6068,"REG","REG",0.93,NA,0.051,0.0502,"REG","REG",1.02,NA,0.005,0.005,"ND","ND",1,NA,0.003,0.0036,"ND","ND",0.83,NA,0.002,0.0017,"ND","ND",1.18,NA,0.008,0.0094,"REG","REG",0.85,NA,0.038,0.0612,"REG","REG",0.62,NA,0.319,0.3425,"REG","REG",0.93,NA,0.026,0.028,"REG","REG",0.93,NA,0.021,0.0228,"REG","REG",0.92,NA,0.216,0.2304,"REG","REG",0.94,NA
"24th & Ritner292023",8,"24th & Ritner","stationary","39.92296389, -75.186874",39.92296389,-75.186874,"#F8766D","Non-Industrial","Residential","High","Fire station","HighT/NoI","P726602","P726602 072723 071923 Ritner 1WK DS","P726602 072723 071923 Ritner 1WK DS.D","2023-07-27","2023-07-19","sample","2023-07-12","2023-07-19",9285,14.3,292023,1,1.831,1.9725,"REG","REG",0.93,"CHECK",0.597,0.6435,"REG","REG",0.93,NA,0.286,0.308,"REG","REG",0.93,NA,0.489,0.5269,"REG","REG",0.93,NA,0.993,1.0705,"REG","REG",0.93,NA,0.136,0.1461,"LOD","LOD",0.93,NA,0.007,0.0079,"ND","ND",0.89,NA,0.099,0.1062,"LOD","LOD",0.93,NA,0.226,0.2432,"LOD","LOD",0.93,NA,0.081,0.0872,"LOD","LOD",0.93,NA,0.298,0.3209,"REG","REG",0.93,NA,0.13,0.14,"LOD","LOD",0.93,NA,0.579,0.6241,"REG","REG",0.93,NA,0.657,0.708,"REG","REG",0.93,NA,0.288,0.3099,"REG","REG",0.93,NA,0.252,0.2721,"REG","REG",0.93,NA,0.256,0.2756,"LOD","LOD",0.93,NA,0.179,0.1928,"LOD","LOD",0.93,NA,0.421,0.454,"LOD","LOD",0.93,NA,0.303,0.3267,"LOD","LOD",0.93,NA,0.262,0.2819,"LOD","LOD",0.93,NA,0.429,0.462,"REG","REG",0.93,NA,0.587,0.6326,"REG","REG",0.93,NA,1.133,1.2208,"REG","REG",0.93,NA,1.832,1.9745,"REG","REG",0.93,"CHECK",4.206,4.5316,"REG","REG",0.93,"CHECK",0.368,0.3965,"REG","REG",0.93,NA,2.407,2.5939,"REG","REG",0.93,"CHECK",0.059,0.0638,"LOD","LOD",0.92,NA,0.005,0.0052,"ND","ND",0.96,NA,0.115,0.1236,"REG","REG",0.93,NA,0.002,0.0018,"ND","ND",1.11,NA,0.026,0.0283,"REG","REG",0.92,NA,0.04,0.0428,"LOD","LOD",0.93,NA,0.514,0.554,"REG","REG",0.93,NA,0.067,0.072,"REG","REG",0.93,NA,0.032,0.0342,"REG","REG",0.94,NA,0.001,0.2002,"ND","REG",0,"CHECK"
"24th & Ritner442023",8,"24th & Ritner","stationary","39.92296389, -75.186874",39.92296389,-75.186874,"#F8766D","Non-Industrial","Residential","High","Fire station","HighT/NoI","P726608","P726608 110923 110123 Ritner SS","P726608 110923 110123 Ritner SS.D","2023-11-09","2023-11-01","sample","2023-10-25","2023-11-01",9636,2,442023,1,2.633,2.8294,"REG","REG",0.93,"CHECK",0.547,0.5935,"REG","REG",0.92,NA,0.357,0.3829,"REG","REG",0.93,NA,0.513,0.5517,"REG","REG",0.93,NA,1.185,1.2758,"REG","REG",0.93,NA,0.106,0.1142,"REG","REG",0.93,NA,0.088,0.0949,"REG","REG",0.93,NA,0.083,0.0895,"REG","REG",0.93,NA,0.22,0.2367,"REG","REG",0.93,NA,0.117,0.1253,"REG","REG",0.93,NA,0.313,0.3364,"REG","REG",0.93,NA,0.123,0.1321,"REG","REG",0.93,NA,0.668,0.7244,"REG","REG",0.92,NA,1.004,1.0786,"REG","REG",0.93,NA,0.174,0.2342,"REG","REG",0.74,NA,0.238,0.2746,"REG","REG",0.87,NA,0.179,0.1949,"REG","REG",0.92,NA,0.075,0.0802,"REG","REG",0.94,NA,0.193,0.2152,"REG","REG",0.9,NA,0.445,0.478,"REG","REG",0.93,NA,0.215,0.2314,"REG","REG",0.93,NA,0.592,0.6365,"REG","REG",0.93,NA,0.807,0.8656,"REG","REG",0.93,NA,1.319,1.4174,"REG","REG",0.93,NA,1.793,1.9265,"REG","REG",0.93,"CHECK",3.679,3.9534,"ULOD","ULOD",0.93,"CHECK",0.137,0.1465,"ULOD","ULOD",0.94,NA,1.707,1.8352,"REG","REG",0.93,"CHECK",0.172,0.1944,"REG","REG",0.88,NA,0.025,0.039,"REG","REG",0.64,NA,0.012,0.0136,"LOD","LOD",0.88,NA,0.002,0.0017,"ND","ND",1.18,NA,0.014,0.0152,"REG","REG",0.92,NA,0.02,0.0213,"LOD","LOD",0.94,NA,0.264,0.2837,"REG","REG",0.93,NA,0.045,0.0475,"REG","REG",0.95,NA,0.021,0.0231,"REG","REG",0.91,NA,0.124,0.1334,"REG","REG",0.93,NA
"24th & Ritner492023",8,"24th & Ritner","stationary","39.92296389, -75.186874",39.92296389,-75.186874,"#F8766D","Non-Industrial","Residential","High","Fire station","HighT/NoI","P726648","P726648 120923 120623 Ritner SS","P726648 120923 120623 Ritner SS.D","2023-12-09","2023-12-06","sample","2023-11-29","2023-12-06",9512,2,492023,1,1.182,1.2713,"REG","REG",0.93,NA,0.621,0.6669,"REG","REG",0.93,NA,0.179,0.1929,"REG","REG",0.93,NA,0.245,0.2639,"REG","REG",0.93,NA,0.811,0.8728,"REG","REG",0.93,NA,0.048,0.0519,"REG","REG",0.92,NA,0.03,0.0321,"REG","REG",0.93,NA,0.037,0.0399,"REG","REG",0.93,NA,0.103,0.1107,"REG","REG",0.93,NA,0.044,0.0476,"REG","REG",0.92,NA,0.13,0.1402,"REG","REG",0.93,NA,0.053,0.0573,"LOD","LOD",0.92,NA,0.343,0.369,"REG","REG",0.93,NA,0.553,0.595,"REG","REG",0.93,NA,0.159,0.1707,"REG","REG",0.93,NA,0.104,0.1121,"REG","REG",0.93,NA,0.127,0.1364,"REG","REG",0.93,NA,0.058,0.0625,"REG","REG",0.93,NA,0.121,0.1297,"REG","REG",0.93,NA,0.095,0.1019,"REG","REG",0.93,NA,0.114,0.1224,"REG","REG",0.93,NA,0.306,0.3294,"REG","REG",0.93,NA,0.218,0.235,"REG","REG",0.93,NA,0.679,0.7308,"REG","REG",0.93,NA,0.932,1.0028,"REG","REG",0.93,NA,2.584,2.7794,"REG","REG",0.93,"CHECK",0.21,0.226,"ULOD","ULOD",0.93,NA,0.514,0.5533,"REG","REG",0.93,NA,0.006,0.0069,"ND","ND",0.87,NA,0.023,0.0247,"REG","REG",0.93,NA,0.013,0.0138,"LOD","LOD",0.94,NA,0.002,0.0017,"ND","ND",1.18,NA,0,5e-4,"ND","ND",0,NA,0.02,0.021,"LOD","LOD",0.95,NA,0.253,0.2723,"REG","REG",0.93,NA,0.046,0.0491,"REG","REG",0.94,NA,0.022,0.0234,"REG","REG",0.94,NA,0.079,0.0851,"REG","REG",0.93,NA
"24th & Ritner502023",8,"24th & Ritner","stationary","39.92296389, -75.186874",39.92296389,-75.186874,"#F8766D","Non-Industrial","Residential","High","Fire station","HighT/NoI","P733869","P733869 122123 121323 Ritner SS","P733869 122123 121323 Ritner SS.D","2023-12-21","2023-12-13","sample","2023-12-06","2023-12-13",9442,2,502023,1,1.148,1.2354,"REG","REG",0.93,NA,0.564,0.6057,"REG","REG",0.93,NA,0.176,0.189,"REG","REG",0.93,NA,0.242,0.2603,"REG","REG",0.93,NA,0.733,0.7891,"REG","REG",0.93,NA,0.052,0.0563,"REG","REG",0.92,NA,0.033,0.0355,"REG","REG",0.93,NA,0.041,0.0438,"REG","REG",0.94,NA,0.104,0.1115,"REG","REG",0.93,NA,0.045,0.048,"REG","REG",0.94,NA,0.123,0.1324,"REG","REG",0.93,NA,0.048,0.0514,"LOD","LOD",0.93,NA,0.301,0.3239,"REG","REG",0.93,NA,0.524,0.5641,"REG","REG",0.93,NA,0.216,0.2325,"REG","REG",0.93,NA,0.125,0.135,"REG","REG",0.93,NA,0.152,0.1633,"REG","REG",0.93,NA,0.069,0.0744,"REG","REG",0.93,NA,0.154,0.1659,"REG","REG",0.93,NA,0.113,0.122,"REG","REG",0.93,NA,0.141,0.1516,"REG","REG",0.93,NA,0.321,0.346,"REG","REG",0.93,NA,0.208,0.2243,"REG","REG",0.93,NA,0.672,0.7233,"REG","REG",0.93,NA,1.14,1.2275,"REG","REG",0.93,NA,3.033,3.264,"REG","REG",0.93,"CHECK",0.14,0.1511,"ULOD","ULOD",0.93,NA,0.684,0.7358,"REG","REG",0.93,NA,0.007,0.007,"ND","ND",1,NA,0.036,0.0391,"REG","REG",0.92,NA,0.013,0.0139,"LOD","LOD",0.94,NA,0.002,0.0017,"ND","ND",1.18,NA,0,5e-4,"ND","ND",0,NA,0.02,0.0212,"LOD","LOD",0.94,NA,0.368,0.3962,"REG","REG",0.93,NA,0.055,0.0594,"REG","REG",0.93,NA,0.022,0.0235,"REG","REG",0.94,NA,0.225,0.2421,"REG","REG",0.93,NA
"24th & Ritner32024",8,"24th & Ritner","stationary","39.92296389, -75.186874",39.92296389,-75.186874,"#F8766D","Non-Industrial","Residential","High","Fire station","HighT/NoI","P733865","P733865 012524 011724 Ritner SS","P733865 012524 011724 Ritner SS.D","2024-01-25","2024-01-17","sample","2024-01-10","2024-01-17",9673,2,32024,1,0.546,0.5871,"REG","REG",0.93,NA,0.52,0.5589,"REG","REG",0.93,NA,0.096,0.1034,"REG","REG",0.93,NA,0.122,0.1311,"REG","REG",0.93,NA,0.411,0.4421,"REG","REG",0.93,NA,0.022,0.0235,"LOD","LOD",0.94,NA,0.015,0.0158,"LOD","LOD",0.95,NA,0.02,0.0214,"LOD","LOD",0.93,NA,0.05,0.0537,"REG","REG",0.93,NA,0.018,0.0191,"LOD","LOD",0.94,NA,0.047,0.0508,"REG","REG",0.93,NA,0.023,0.0251,"LOD","LOD",0.92,NA,0.168,0.1801,"REG","REG",0.93,NA,0.315,0.3384,"REG","REG",0.93,NA,0.116,0.1245,"REG","REG",0.93,NA,0.077,0.0823,"REG","REG",0.94,NA,0.052,0.0555,"REG","REG",0.94,NA,0.018,0.019,"LOD","LOD",0.95,NA,0.049,0.0531,"LOD","LOD",0.92,NA,0.064,0.0689,"REG","REG",0.93,NA,0.052,0.0561,"REG","REG",0.93,NA,0.157,0.1689,"REG","REG",0.93,NA,0.085,0.0912,"REG","REG",0.93,NA,0.347,0.3732,"REG","REG",0.93,NA,0.553,0.5938,"REG","REG",0.93,NA,1.578,1.6954,"REG","REG",0.93,"CHECK",0.143,0.1534,"ULOD","ULOD",0.93,NA,0.301,0.3232,"REG","REG",0.93,NA,0.085,0.0915,"REG","REG",0.93,NA,0.019,0.0208,"REG","REG",0.91,NA,0.003,0.0036,"ND","ND",0.83,NA,0.002,0.0017,"ND","ND",1.18,NA,0,5e-4,"ND","ND",0,NA,0.014,0.0149,"LOD","LOD",0.94,NA,0.36,0.3867,"REG","REG",0.93,NA,0.031,0.0338,"REG","REG",0.92,NA,0.012,0.0124,"REG","REG",0.97,NA,0.293,0.3146,"REG","REG",0.93,NA
"24th & Ritner122024",8,"24th & Ritner","stationary","39.92296389, -75.186874",39.92296389,-75.186874,"#F8766D","Non-Industrial","Residential","High","Fire station","HighT/NoI","P726657","P726657 040224 032024 Ritner SS","P726657 040224 032024 Ritner SS.D","2024-04-02","2024-03-20","sample","2024-03-13","2024-03-20",9698,2,122024,1,1.608,1.7279,"REG","REG",0.93,"CHECK",0.505,0.5413,"REG","REG",0.93,NA,0.225,0.2411,"REG","REG",0.93,NA,0.283,0.3029,"REG","REG",0.93,NA,0.737,0.8451,"REG","REG",0.87,"CHECK",0.062,0.0665,"REG","REG",0.93,NA,0.047,0.0503,"REG","REG",0.93,NA,0.05,0.0527,"REG","REG",0.95,NA,0.134,0.1446,"REG","REG",0.93,NA,0.065,0.0699,"REG","REG",0.93,NA,0.183,0.1971,"REG","REG",0.93,NA,0.081,0.0874,"REG","REG",0.93,NA,0.393,0.422,"REG","REG",0.93,NA,0.734,0.7881,"REG","REG",0.93,NA,0.119,0.1266,"REG","REG",0.94,NA,0.122,0.1279,"REG","REG",0.95,NA,0.117,0.1239,"REG","REG",0.94,NA,0.049,0.0514,"LOD","LOD",0.95,NA,0.132,0.1428,"REG","REG",0.92,NA,0.186,0.2,"REG","REG",0.93,NA,0.227,0.2432,"REG","REG",0.93,NA,0.427,0.4591,"REG","REG",0.93,NA,0.37,0.3985,"REG","REG",0.93,NA,0.995,1.0667,"REG","REG",0.93,NA,2.154,2.3146,"REG","REG",0.93,"CHECK",5.357,5.742,"REG","REG",0.93,"CHECK",0.204,0.2152,"ULOD","ULOD",0.95,NA,1.17,1.2557,"REG","REG",0.93,NA,0.095,0.0974,"REG","REG",0.98,NA,0.026,0.0235,"REG","REG",1.11,NA,0.003,0.0035,"ND","ND",0.86,NA,0.002,0.0017,"ND","ND",1.18,NA,0.008,0.0094,"REG","REG",0.85,NA,0.001,0.0208,"LOD","LOD",0.05,NA,0.318,0.3412,"REG","REG",0.93,NA,0.035,0.0375,"REG","REG",0.93,NA,0.013,0.0136,"REG","REG",0.96,NA,0.233,0.2491,"REG","REG",0.94,NA
"24th & Ritner192024",8,"24th & Ritner","stationary","39.92296389, -75.186874",39.92296389,-75.186874,"#F8766D","Non-Industrial","Residential","High","Fire station","HighT/NoI","P726643","P726643 051224 050824 Ritner SS","P726643 051224 050824 Ritner SS.D","2024-05-12","2024-05-08","sample","2024-05-01","2024-05-08",9546,2,192024,1,0.868,0.9331,"REG","REG",0.93,NA,0.358,0.3863,"REG","REG",0.93,NA,0.12,0.1288,"REG","REG",0.93,NA,0.182,0.1957,"REG","REG",0.93,NA,0.616,0.6629,"REG","REG",0.93,NA,0.044,0.0477,"REG","REG",0.92,NA,0.024,0.0256,"LOD","LOD",0.94,NA,0.034,0.0361,"LOD","LOD",0.94,NA,0.082,0.0882,"REG","REG",0.93,NA,0.044,0.0474,"REG","REG",0.93,NA,0.121,0.1301,"REG","REG",0.93,NA,0.041,0.0444,"LOD","LOD",0.92,NA,0.187,0.2014,"REG","REG",0.93,NA,0.251,0.2696,"REG","REG",0.93,NA,0.156,0.1676,"REG","REG",0.93,NA,0.092,0.0991,"REG","REG",0.93,NA,0.108,0.116,"REG","REG",0.93,NA,0.047,0.051,"LOD","LOD",0.92,NA,0.12,0.1292,"REG","REG",0.93,NA,0.065,0.0698,"REG","REG",0.93,NA,0.097,0.1046,"REG","REG",0.93,NA,0.156,0.1676,"REG","REG",0.93,NA,0.115,0.1232,"REG","REG",0.93,NA,0.333,0.3577,"REG","REG",0.93,NA,0.27,0.2901,"REG","REG",0.93,NA,1.763,1.8956,"REG","REG",0.93,"CHECK",0.209,0.2247,"ULOD","ULOD",0.93,NA,0.338,0.3639,"REG","REG",0.93,NA,0.047,0.0506,"REG","REG",0.93,NA,0.012,0.0134,"LOD","LOD",0.9,NA,0.003,0.0036,"ND","ND",0.83,NA,0.002,0.0017,"ND","ND",1.18,NA,0,5e-4,"ND","ND",0,NA,0.03,0.0326,"REG","REG",0.92,NA,0.322,0.3467,"REG","REG",0.93,NA,0.025,0.0274,"REG","REG",0.91,NA,0.013,0.014,"REG","REG",0.93,NA,0.037,0.0394,"REG","REG",0.94,NA
"24th & Ritner222024",8,"24th & Ritner","stationary","39.92296389, -75.186874",39.92296389,-75.186874,"#F8766D","Non-Industrial","Residential","High","Fire station","HighT/NoI","P733892","P733892 060624 052924 Ritner SS","P733892 060624 052924 Ritner SS.D","2024-06-06","2024-05-29","sample","2024-05-22","2024-05-29",9605,2,222024,1,0.769,0.8262,"REG","REG",0.93,NA,0.268,0.2896,"REG","REG",0.93,NA,0.101,0.1085,"REG","REG",0.93,NA,0.162,0.1745,"REG","REG",0.93,NA,0.505,0.5425,"REG","REG",0.93,NA,0.029,0.0314,"LOD","LOD",0.92,NA,0.015,0.0159,"LOD","LOD",0.94,NA,0.023,0.0251,"LOD","LOD",0.92,NA,0.058,0.0621,"REG","REG",0.93,NA,0.025,0.0273,"LOD","LOD",0.92,NA,0.071,0.0768,"REG","REG",0.92,NA,0.029,0.0315,"LOD","LOD",0.92,NA,0.173,0.1857,"REG","REG",0.93,NA,0.194,0.2089,"REG","REG",0.93,NA,0.06,0.0647,"REG","REG",0.93,NA,0.062,0.0668,"REG","REG",0.93,NA,0.052,0.0556,"LOD","LOD",0.94,NA,0.026,0.0281,"LOD","LOD",0.93,NA,0.075,0.0805,"LOD","LOD",0.93,NA,0.076,0.082,"REG","REG",0.93,NA,0.09,0.097,"REG","REG",0.93,NA,0.155,0.1666,"REG","REG",0.93,NA,0.137,0.147,"REG","REG",0.93,NA,0.343,0.3682,"REG","REG",0.93,NA,0.517,0.5547,"REG","REG",0.93,NA,1.365,1.4675,"REG","REG",0.93,"CHECK",0.104,0.113,"REG","REG",0.92,NA,0.398,0.4274,"REG","REG",0.93,NA,0.036,0.0443,"REG","REG",0.81,NA,0.006,0.007,"LOD","LOD",0.86,NA,0.035,0.0372,"REG","REG",0.94,NA,0.002,0.0017,"ND","ND",1.18,NA,0.011,0.011,"REG","REG",1,NA,0.034,0.0364,"REG","REG",0.93,NA,0.167,0.1798,"REG","REG",0.93,NA,0.025,0.0292,"REG","REG",0.86,NA,0.009,0.0093,"REG","REG",0.97,NA,0.046,0.0496,"REG","REG",0.93,NA
"26th & Hartranft282023",9,"26th & Hartranft","stationary","39.91327125, -75.1922011",39.91327125,-75.1922011,"#93AA00","Industrial","Vacant","High","Diesel corridor, portable toilet supplier","HighT/I","P726647","P726647 071323 071223 26th St. 1WK SS","P726647 071323 071223 26th St 1WK SS.D","2023-07-13","2023-07-12","sample","2023-07-05","2023-07-12",9418,2,282023,1,1.127,1.2135,"REG","REG",0.93,NA,0.367,0.3949,"REG","REG",0.93,NA,0.207,0.223,"REG","REG",0.93,NA,0.275,0.2962,"REG","REG",0.93,NA,0.506,0.545,"REG","REG",0.93,NA,0.097,0.1048,"REG","REG",0.93,NA,0.099,0.1068,"REG","REG",0.93,NA,0.078,0.0842,"REG","REG",0.93,NA,0.173,0.1863,"REG","REG",0.93,NA,0.063,0.0681,"REG","REG",0.93,NA,0.197,0.2124,"REG","REG",0.93,NA,0.132,0.1416,"REG","REG",0.93,NA,0.489,0.5266,"REG","REG",0.93,NA,0.595,0.6406,"REG","REG",0.93,NA,0.158,0.17,"REG","REG",0.93,NA,0.148,0.1598,"REG","REG",0.93,NA,0.463,0.4985,"REG","REG",0.93,NA,0.61,0.6564,"REG","REG",0.93,NA,0.808,0.8698,"REG","REG",0.93,NA,0.269,0.2896,"REG","REG",0.93,NA,0.212,0.2297,"REG","REG",0.92,NA,0.395,0.4247,"REG","REG",0.93,NA,0.521,0.5606,"REG","REG",0.93,NA,1.035,1.1136,"REG","REG",0.93,NA,1.577,1.7098,"REG","REG",0.92,"CHECK",3.175,3.4028,"REG","REG",0.93,"CHECK",0.16,0.1627,"REG","REG",0.98,NA,3.115,3.353,"ULOD","ULOD",0.93,"CHECK",0.084,0.0854,"REG","REG",0.98,NA,0.005,0.0052,"ND","ND",0.96,NA,0.035,0.0392,"REG","REG",0.89,NA,0.002,0.0018,"ND","ND",1.11,NA,0,5e-4,"ND","ND",0,NA,0.006,0.0063,"ND","ND",0.95,NA,0.185,0.1986,"REG","REG",0.93,NA,0.028,0.0298,"REG","REG",0.94,NA,0.013,0.0142,"REG","REG",0.92,NA,0.038,0.0404,"REG","REG",0.94,NA
"26th & Hartranft292023",9,"26th & Hartranft","stationary","39.91327125, -75.1922011",39.91327125,-75.1922011,"#93AA00","Industrial","Vacant","High","Diesel corridor, portable toilet supplier","HighT/I","P726603","P726603 072723 071923 26th St 1WK DS","P726603 072723 071923 26th St 1WK DS.D","2023-07-27","2023-07-19","sample","2023-07-12","2023-07-19",9278,14.3,292023,1,0.861,0.9281,"REG","REG",0.93,NA,0.464,0.4995,"REG","REG",0.93,NA,0.143,0.1541,"REG","REG",0.93,NA,0.263,0.2839,"LOD","LOD",0.93,NA,0.599,0.645,"REG","REG",0.93,NA,0.136,0.1462,"LOD","LOD",0.93,NA,0.153,0.1645,"LOD","LOD",0.93,NA,0.099,0.1063,"LOD","LOD",0.93,NA,0.226,0.2434,"LOD","LOD",0.93,NA,0.081,0.0872,"LOD","LOD",0.93,NA,0.238,0.2569,"REG","REG",0.93,NA,0.13,0.1401,"LOD","LOD",0.93,NA,0.257,0.2766,"REG","REG",0.93,NA,0.371,0.4002,"REG","REG",0.93,NA,0.424,0.4569,"REG","REG",0.93,NA,0.223,0.2402,"REG","REG",0.93,NA,0.744,0.8021,"REG","REG",0.93,NA,1.107,1.1927,"REG","REG",0.93,NA,1.327,1.4304,"REG","REG",0.93,"CHECK",0.217,0.2335,"LOD","LOD",0.93,NA,0.189,0.2052,"LOD","LOD",0.92,NA,0.191,0.2055,"LOD","LOD",0.93,NA,0.251,0.2704,"LOD","LOD",0.93,NA,0.436,0.4699,"LOD","LOD",0.93,NA,1.088,1.1856,"REG","REG",0.92,NA,2.724,2.9204,"REG","REG",0.93,"CHECK",0.356,0.3745,"REG","REG",0.95,NA,0.828,0.8923,"REG","REG",0.93,NA,0.064,0.0638,"LOD","LOD",1,NA,0.005,0.0052,"ND","ND",0.96,NA,0.113,0.1237,"REG","REG",0.91,NA,0.002,0.0018,"ND","ND",1.11,NA,0.026,0.0283,"REG","REG",0.92,NA,0.006,0.0064,"ND","ND",0.94,NA,0.514,0.5544,"REG","REG",0.93,NA,0.067,0.072,"REG","REG",0.93,NA,0.032,0.0343,"REG","REG",0.93,NA,0.17,0.1835,"REG","REG",0.93,NA
"26th & Hartranft442023",9,"26th & Hartranft","stationary","39.91327125, -75.1922011",39.91327125,-75.1922011,"#93AA00","Industrial","Vacant","High","Diesel corridor, portable toilet supplier","HighT/I","P726641","P726641 111023 110123 26th St SS RR","P726641 111023 110123 26th St SS RR.D","2023-11-10","2023-11-01","sample","2023-10-25","2023-11-01",9583,2,442023,1,4.124,4.4327,"REG","REG",0.93,"CHECK",0.872,0.9424,"REG","REG",0.93,NA,0.587,0.6303,"REG","REG",0.93,NA,0.761,0.8183,"REG","REG",0.93,NA,1.559,1.6781,"REG","REG",0.93,"CHECK",0.184,0.198,"REG","REG",0.93,NA,0.151,0.1623,"REG","REG",0.93,NA,0.137,0.1475,"REG","REG",0.93,NA,0.351,0.3771,"REG","REG",0.93,NA,0.172,0.1851,"REG","REG",0.93,NA,0.501,0.5383,"REG","REG",0.93,NA,0.229,0.2466,"REG","REG",0.93,NA,1.204,1.3007,"REG","REG",0.93,NA,1.948,2.0933,"REG","REG",0.93,"CHECK",0.332,0.4045,"REG","REG",0.82,NA,0.393,0.4413,"REG","REG",0.89,NA,0.369,0.3996,"REG","REG",0.92,NA,0.274,0.295,"REG","REG",0.93,NA,0.453,0.4946,"REG","REG",0.92,NA,1.012,1.0878,"REG","REG",0.93,NA,0.426,0.4584,"REG","REG",0.93,NA,1.106,1.1896,"REG","REG",0.93,NA,1.256,1.3492,"REG","REG",0.93,NA,2.367,2.5452,"ULOD","ULOD",0.93,"CHECK",1.991,2.1405,"ULOD","ULOD",0.93,"CHECK",3.697,3.9753,"ULOD","ULOD",0.93,"CHECK",0.138,0.1473,"ULOD","ULOD",0.94,NA,2.042,2.1969,"ULOD","ULOD",0.93,"CHECK",0.318,0.3514,"REG","REG",0.9,NA,0.051,0.0672,"REG","REG",0.76,NA,0.009,0.0103,"LOD","LOD",0.87,NA,0.002,0.0017,"ND","ND",1.18,NA,0.012,0.0134,"REG","REG",0.9,NA,0.006,0.0062,"ND","ND",0.97,NA,0.265,0.2853,"REG","REG",0.93,NA,0.054,0.0575,"REG","REG",0.94,NA,0.022,0.0232,"REG","REG",0.95,NA,0.125,0.1342,"REG","REG",0.93,NA
"26th & Hartranft492023",9,"26th & Hartranft","stationary","39.91327125, -75.1922011",39.91327125,-75.1922011,"#93AA00","Industrial","Vacant","High","Diesel corridor, portable toilet supplier","HighT/I","P726649","P726649 120923 120623 26th St SS","P726649 120923 120623 26th St SS.D","2023-12-09","2023-12-06","sample","2023-11-29","2023-12-06",9510,2,492023,1,1.015,1.0913,"REG","REG",0.93,NA,0.493,0.529,"REG","REG",0.93,NA,0.15,0.1614,"REG","REG",0.93,NA,0.204,0.2197,"REG","REG",0.93,NA,0.591,0.6358,"REG","REG",0.93,NA,0.056,0.0599,"REG","REG",0.93,NA,0.039,0.0417,"REG","REG",0.94,NA,0.04,0.0435,"REG","REG",0.92,NA,0.096,0.1033,"REG","REG",0.93,NA,0.048,0.0516,"REG","REG",0.93,NA,0.138,0.149,"REG","REG",0.93,NA,0.065,0.0701,"REG","REG",0.93,NA,0.324,0.3487,"REG","REG",0.93,NA,0.508,0.5461,"REG","REG",0.93,NA,0.177,0.1908,"REG","REG",0.93,NA,0.108,0.1165,"REG","REG",0.93,NA,0.175,0.1877,"REG","REG",0.93,NA,0.116,0.125,"REG","REG",0.93,NA,0.199,0.2138,"REG","REG",0.93,NA,0.249,0.2677,"REG","REG",0.93,NA,0.267,0.2869,"REG","REG",0.93,NA,0.313,0.3365,"REG","REG",0.93,NA,0.334,0.3588,"REG","REG",0.93,NA,0.751,0.8079,"REG","REG",0.93,NA,1.805,1.9413,"REG","REG",0.93,"CHECK",3.72,4.0018,"ULOD","ULOD",0.93,"CHECK",0.21,0.226,"ULOD","ULOD",0.93,NA,0.875,0.9408,"REG","REG",0.93,NA,0.106,0.1136,"REG","REG",0.93,NA,0.023,0.0247,"REG","REG",0.93,NA,0.01,0.0103,"LOD","LOD",0.97,NA,0.002,0.0017,"ND","ND",1.18,NA,0,5e-4,"ND","ND",0,NA,0.009,0.0093,"LOD","LOD",0.97,NA,0.267,0.2875,"REG","REG",0.93,NA,0.046,0.0491,"REG","REG",0.94,NA,0.017,0.0187,"REG","REG",0.91,NA,0.093,0.1001,"REG","REG",0.93,NA
"26th & Hartranft502023",9,"26th & Hartranft","stationary","39.91327125, -75.1922011",39.91327125,-75.1922011,"#93AA00","Industrial","Vacant","High","Diesel corridor, portable toilet supplier","HighT/I","P733873","P733873 122123 121323 26th St SS","P733873 122123 121323 26th St SS.D","2023-12-21","2023-12-13","sample","2023-12-06","2023-12-13",9439,2,502023,1,0.965,1.039,"REG","REG",0.93,NA,0.447,0.4801,"REG","REG",0.93,NA,0.146,0.1573,"REG","REG",0.93,NA,0.195,0.2102,"REG","REG",0.93,NA,0.566,0.6091,"REG","REG",0.93,NA,0.056,0.0603,"REG","REG",0.93,NA,0.042,0.0452,"REG","REG",0.93,NA,0.041,0.0438,"REG","REG",0.94,NA,0.093,0.1004,"REG","REG",0.93,NA,0.041,0.044,"REG","REG",0.93,NA,0.131,0.1413,"REG","REG",0.93,NA,0.06,0.0642,"REG","REG",0.93,NA,0.288,0.3103,"REG","REG",0.93,NA,0.472,0.5078,"REG","REG",0.93,NA,0.174,0.1872,"REG","REG",0.93,NA,0.101,0.1086,"REG","REG",0.93,NA,0.2,0.215,"REG","REG",0.93,NA,0.149,0.1603,"REG","REG",0.93,NA,0.24,0.2578,"REG","REG",0.93,NA,0.149,0.1605,"REG","REG",0.93,NA,0.193,0.208,"REG","REG",0.93,NA,0.302,0.3249,"REG","REG",0.93,NA,0.255,0.2742,"REG","REG",0.93,NA,0.684,0.7364,"REG","REG",0.93,NA,1.323,1.4234,"REG","REG",0.93,"CHECK",3.071,3.3054,"REG","REG",0.93,"CHECK",0.14,0.1511,"ULOD","ULOD",0.93,NA,1.057,1.1375,"REG","REG",0.93,NA,0.084,0.0901,"REG","REG",0.93,NA,0.03,0.032,"REG","REG",0.94,NA,0.01,0.0104,"LOD","LOD",0.96,NA,0.002,0.0017,"ND","ND",1.18,NA,0,5e-4,"ND","ND",0,NA,0.009,0.0094,"LOD","LOD",0.96,NA,0.354,0.3811,"REG","REG",0.93,NA,0.037,0.0396,"REG","REG",0.93,NA,0.017,0.0188,"REG","REG",0.9,NA,0.202,0.2169,"REG","REG",0.93,NA
"26th & Hartranft32024",9,"26th & Hartranft","stationary","39.91327125, -75.1922011",39.91327125,-75.1922011,"#93AA00","Industrial","Vacant","High","Diesel corridor, portable toilet supplier","HighT/I","P733867","P733867 012524 011724 26th St SS","P733867 012524 011724 26th St SS.D","2024-01-25","2024-01-17","sample","2024-01-10","2024-01-17",9713,2,32024,1,0.435,0.467,"REG","REG",0.93,NA,0.422,0.4536,"REG","REG",0.93,NA,0.072,0.0772,"REG","REG",0.93,NA,0.101,0.1089,"REG","REG",0.93,NA,0.341,0.3658,"REG","REG",0.93,NA,0.029,0.0313,"LOD","LOD",0.93,NA,0.02,0.022,"LOD","LOD",0.91,NA,0.02,0.0213,"LOD","LOD",0.94,NA,0.046,0.0499,"REG","REG",0.92,NA,0.018,0.019,"LOD","LOD",0.95,NA,0.047,0.0506,"REG","REG",0.93,NA,0.029,0.0312,"LOD","LOD",0.93,NA,0.173,0.186,"REG","REG",0.93,NA,0.327,0.3507,"REG","REG",0.93,NA,0.125,0.1338,"REG","REG",0.93,NA,0.08,0.0862,"REG","REG",0.93,NA,0.084,0.0904,"REG","REG",0.93,NA,0.059,0.0634,"REG","REG",0.93,NA,0.119,0.1284,"REG","REG",0.93,NA,0.116,0.1248,"REG","REG",0.93,NA,0.173,0.186,"REG","REG",0.93,NA,0.201,0.2162,"REG","REG",0.93,NA,0.107,0.1151,"REG","REG",0.93,NA,0.486,0.5223,"REG","REG",0.93,NA,1.897,2.038,"REG","REG",0.93,"CHECK",3.964,4.2574,"REG","REG",0.93,"CHECK",0.142,0.1528,"ULOD","ULOD",0.93,NA,0.612,0.6578,"REG","REG",0.93,NA,0.118,0.1266,"REG","REG",0.93,NA,0.026,0.0276,"REG","REG",0.94,NA,0.003,0.0035,"ND","ND",0.86,NA,0.002,0.0017,"ND","ND",1.18,NA,0,5e-4,"ND","ND",0,NA,0.009,0.0092,"LOD","LOD",0.98,NA,0.345,0.3703,"REG","REG",0.93,NA,0.031,0.0337,"REG","REG",0.92,NA,0.012,0.0124,"REG","REG",0.97,NA,0.324,0.3476,"REG","REG",0.93,NA
"26th & Hartranft122024",9,"26th & Hartranft","stationary","39.91327125, -75.1922011",39.91327125,-75.1922011,"#93AA00","Industrial","Vacant","High","Diesel corridor, portable toilet supplier","HighT/I","P726604","P726604 040224 032024 26th St SS","P726604 040224 032024 26th St SS.D","2024-04-02","2024-03-20","sample","2024-03-13","2024-03-20",9690,2,122024,1,1.04,1.1175,"REG","REG",0.93,NA,0.367,0.3934,"REG","REG",0.93,NA,0.153,0.1639,"REG","REG",0.93,NA,0.197,0.2108,"REG","REG",0.93,NA,0.558,0.6526,"REG","REG",0.86,NA,0.051,0.0548,"REG","REG",0.93,NA,0.047,0.0503,"REG","REG",0.93,NA,0.043,0.0456,"REG","REG",0.94,NA,0.101,0.1085,"REG","REG",0.93,NA,0.047,0.0505,"REG","REG",0.93,NA,0.135,0.1457,"REG","REG",0.93,NA,0.076,0.0812,"REG","REG",0.94,NA,0.325,0.3491,"REG","REG",0.93,NA,0.485,0.5204,"REG","REG",0.93,NA,0.101,0.1071,"REG","REG",0.94,NA,0.106,0.1108,"REG","REG",0.96,NA,0.155,0.1642,"REG","REG",0.94,NA,0.158,0.1686,"REG","REG",0.94,NA,0.229,0.2461,"REG","REG",0.93,NA,0.53,0.5692,"REG","REG",0.93,NA,0.259,0.2777,"REG","REG",0.93,NA,0.313,0.3357,"REG","REG",0.93,NA,0.427,0.4595,"REG","REG",0.93,NA,0.785,0.841,"REG","REG",0.93,NA,1.427,1.5332,"REG","REG",0.93,"CHECK",3.348,3.5845,"REG","REG",0.93,"CHECK",0.204,0.2154,"ULOD","ULOD",0.95,NA,1.363,1.4632,"REG","REG",0.93,"CHECK",0.062,0.0619,"REG","REG",1,NA,0.005,0.005,"ND","ND",1,NA,0.003,0.0036,"ND","ND",0.83,NA,0.002,0.0017,"ND","ND",1.18,NA,0.008,0.0094,"REG","REG",0.85,NA,0.006,0.0151,"ND","LOD",0.4,NA,0.318,0.3415,"REG","REG",0.93,NA,0.026,0.0279,"REG","REG",0.93,NA,0.013,0.0136,"REG","REG",0.96,NA,0.229,0.2444,"REG","REG",0.94,NA
"26th & Hartranft162024",9,"26th & Hartranft","stationary","39.91327125, -75.1922011",39.91327125,-75.1922011,"#93AA00","Industrial","Vacant","High","Diesel corridor, portable toilet supplier","HighT/I","P726660","P726660 042624 041724 26th SS","P726660 042624 041724 26th SS.D","2024-04-26","2024-04-17","sample","2024-04-10","2024-04-17",9454,2,162024,1,1.32,1.4204,"REG","REG",0.93,"CHECK",0.359,0.3867,"REG","REG",0.93,NA,0.185,0.199,"REG","REG",0.93,NA,0.237,0.2547,"REG","REG",0.93,NA,0.5,0.5384,"REG","REG",0.93,NA,0.067,0.0723,"REG","REG",0.93,NA,0.066,0.0709,"REG","REG",0.93,NA,0.054,0.0584,"REG","REG",0.92,NA,0.121,0.1299,"REG","REG",0.93,NA,0.067,0.0718,"REG","REG",0.93,NA,0.197,0.2116,"REG","REG",0.93,NA,0.089,0.0962,"REG","REG",0.93,NA,0.328,0.3532,"REG","REG",0.93,NA,0.409,0.4398,"REG","REG",0.93,NA,0.13,0.1398,"REG","REG",0.93,NA,0.126,0.1355,"REG","REG",0.93,NA,0.209,0.2245,"REG","REG",0.93,NA,0.207,0.223,"REG","REG",0.93,NA,0.31,0.3332,"REG","REG",0.93,NA,0.417,0.4487,"REG","REG",0.93,NA,0.252,0.271,"REG","REG",0.93,NA,0.327,0.3517,"REG","REG",0.93,NA,0.382,0.4107,"REG","REG",0.93,NA,0.827,0.8901,"REG","REG",0.93,NA,1.4,1.5066,"REG","REG",0.93,"CHECK",3.066,3.2992,"REG","REG",0.93,"CHECK",0.21,0.2264,"ULOD","ULOD",0.93,NA,1.345,1.4475,"REG","REG",0.93,"CHECK",0.072,0.0775,"REG","REG",0.93,NA,0.02,0.0213,"REG","REG",0.94,NA,0.003,0.0036,"ND","ND",0.83,NA,0.002,0.0017,"ND","ND",1.18,NA,0.011,0.0116,"REG","REG",0.95,NA,0.007,0.0073,"LOD","LOD",0.96,NA,0.325,0.35,"REG","REG",0.93,NA,0.028,0.0297,"REG","REG",0.94,NA,0.013,0.0141,"REG","REG",0.92,NA,0.126,0.136,"REG","REG",0.93,NA
"26th & Hartranft192024",9,"26th & Hartranft","stationary","39.91327125, -75.1922011",39.91327125,-75.1922011,"#93AA00","Industrial","Vacant","High","Diesel corridor, portable toilet supplier","HighT/I","P726659","P726659 051224 050824 26th SS","P726659 051224 050824 26th SS.D","2024-05-12","2024-05-08","sample","2024-05-01","2024-05-08",9549,2,192024,1,1,1.0749,"REG","REG",0.93,NA,0.388,0.4189,"REG","REG",0.93,NA,0.134,0.1445,"REG","REG",0.93,NA,0.197,0.2122,"REG","REG",0.93,NA,0.492,0.529,"REG","REG",0.93,NA,0.059,0.0636,"REG","REG",0.93,NA,0.053,0.0575,"REG","REG",0.92,NA,0.044,0.0469,"REG","REG",0.94,NA,0.089,0.0955,"REG","REG",0.93,NA,0.044,0.0474,"REG","REG",0.93,NA,0.129,0.1388,"REG","REG",0.93,NA,0.053,0.0571,"LOD","LOD",0.93,NA,0.181,0.1946,"REG","REG",0.93,NA,0.244,0.2625,"REG","REG",0.93,NA,0.193,0.2075,"REG","REG",0.93,NA,0.108,0.1165,"REG","REG",0.93,NA,0.274,0.2948,"REG","REG",0.93,NA,0.326,0.351,"REG","REG",0.93,NA,0.445,0.4782,"REG","REG",0.93,NA,0.189,0.2031,"REG","REG",0.93,NA,0.136,0.1464,"REG","REG",0.93,NA,0.136,0.1466,"REG","REG",0.93,NA,0.137,0.1478,"REG","REG",0.93,NA,0.333,0.3576,"REG","REG",0.93,NA,0.35,0.3759,"REG","REG",0.93,NA,2.059,2.2141,"REG","REG",0.93,"CHECK",0.209,0.2247,"ULOD","ULOD",0.93,NA,0.482,0.5181,"REG","REG",0.93,NA,0.036,0.0385,"REG","REG",0.94,NA,0.006,0.0063,"LOD","LOD",0.95,NA,0.003,0.0036,"ND","ND",0.83,NA,0.002,0.0017,"ND","ND",1.18,NA,0.013,0.0135,"REG","REG",0.96,NA,0.014,0.0151,"REG","REG",0.93,NA,0.308,0.3315,"REG","REG",0.93,NA,0.025,0.0274,"REG","REG",0.91,NA,0.013,0.014,"REG","REG",0.93,NA,0.037,0.0394,"REG","REG",0.94,NA
"26th & Hartranft202024",9,"26th & Hartranft","stationary","39.91327125, -75.1922011",39.91327125,-75.1922011,"#93AA00","Industrial","Vacant","High","Diesel corridor, portable toilet supplier","HighT/I","P733861","P733861 052324 051524 26th SS","P733861 052324 051524 26th SS.D","2024-05-23","2024-05-15","sample","2024-05-08","2024-05-15",9405,2,202024,1,0.612,0.6585,"REG","REG",0.93,NA,0.789,0.8506,"REG","REG",0.93,NA,0.072,0.0776,"REG","REG",0.93,NA,0.117,0.1259,"REG","REG",0.93,NA,0.423,0.4556,"REG","REG",0.93,NA,0.034,0.0363,"LOD","LOD",0.94,NA,0.03,0.0324,"REG","REG",0.93,NA,0.027,0.0293,"LOD","LOD",0.92,NA,0.059,0.0634,"REG","REG",0.93,NA,0.03,0.0321,"REG","REG",0.93,NA,0.081,0.0877,"REG","REG",0.92,NA,0.03,0.0322,"LOD","LOD",0.93,NA,0.126,0.1358,"REG","REG",0.93,NA,0.162,0.1744,"REG","REG",0.93,NA,0.069,0.0739,"REG","REG",0.93,NA,0.048,0.0518,"REG","REG",0.93,NA,0.138,0.1489,"REG","REG",0.93,NA,0.208,0.2241,"REG","REG",0.93,NA,0.273,0.2942,"REG","REG",0.93,NA,0.12,0.1289,"REG","REG",0.93,NA,0.062,0.0672,"REG","REG",0.92,NA,0.145,0.1559,"REG","REG",0.93,NA,0.105,0.1126,"REG","REG",0.93,NA,0.337,0.3631,"REG","REG",0.93,NA,0.648,0.6979,"REG","REG",0.93,NA,1.543,1.6607,"REG","REG",0.93,"CHECK",0.14,0.1512,"ULOD","ULOD",0.93,NA,0.468,0.5037,"REG","REG",0.93,NA,0.007,0.007,"ND","ND",1,NA,0.006,0.0064,"LOD","LOD",0.94,NA,0.003,0.0037,"ND","ND",0.81,NA,0.002,0.0018,"ND","ND",1.11,NA,0,5e-4,"ND","ND",0,NA,0.009,0.0095,"LOD","LOD",0.95,NA,0.369,0.3978,"REG","REG",0.93,NA,0.026,0.0278,"REG","REG",0.94,NA,0.009,0.0095,"REG","REG",0.95,NA,0.15,0.1615,"REG","REG",0.93,NA
"Crescent Park502023",16,"Crescent Park","rotating","39.93965, -75.204199",39.93965,-75.204199,NA,"Industrial","Open Space","Low","FedEx warehouse, municipal waste transfer station","LowT/I","P726668","P726668 122123 121323 Crescent Park SS","P726668 122123 121323 Crescent Park SS.D","2023-12-21","2023-12-13","sample","2023-12-06","2023-12-13",9454,2,502023,1,0.978,1.0525,"REG","REG",0.93,NA,0.397,0.4264,"REG","REG",0.93,NA,0.146,0.1571,"REG","REG",0.93,NA,0.205,0.221,"REG","REG",0.93,NA,0.586,0.6306,"REG","REG",0.93,NA,0.034,0.0361,"LOD","LOD",0.94,NA,0.021,0.0226,"LOD","LOD",0.93,NA,0.027,0.0292,"LOD","LOD",0.92,NA,0.069,0.0742,"REG","REG",0.93,NA,0.033,0.0359,"REG","REG",0.92,NA,0.082,0.0881,"REG","REG",0.93,NA,0.036,0.0385,"LOD","LOD",0.94,NA,0.199,0.2143,"REG","REG",0.93,NA,0.366,0.3942,"REG","REG",0.93,NA,0.057,0.0609,"REG","REG",0.94,NA,0.039,0.0423,"REG","REG",0.92,NA,0.075,0.0805,"REG","REG",0.93,NA,0.037,0.04,"LOD","LOD",0.92,NA,0.075,0.0811,"LOD","LOD",0.92,NA,0.083,0.0897,"REG","REG",0.93,NA,0.095,0.1021,"REG","REG",0.93,NA,0.216,0.2327,"REG","REG",0.93,NA,0.127,0.1369,"REG","REG",0.93,NA,0.455,0.4902,"REG","REG",0.93,NA,0.746,0.8028,"REG","REG",0.93,NA,2.056,2.2122,"REG","REG",0.93,"CHECK",0.14,0.1509,"ULOD","ULOD",0.93,NA,0.372,0.4008,"REG","REG",0.93,NA,0.084,0.09,"REG","REG",0.93,NA,0.03,0.0319,"REG","REG",0.94,NA,0.003,0.0036,"ND","ND",0.83,NA,0.002,0.0017,"ND","ND",1.18,NA,0.009,0.0097,"REG","REG",0.93,NA,0.025,0.027,"REG","REG",0.93,NA,0.368,0.3957,"REG","REG",0.93,NA,0.046,0.0494,"REG","REG",0.93,NA,0.026,0.0282,"REG","REG",0.92,NA,0.225,0.2418,"REG","REG",0.93,NA
"Audenreid School442023",18,"Audenreid School","rotating","39.93416729, -75.19723264",39.93416729,-75.19723264,NA,"Non-Industrial","Residential","Low",NA,"LowT/NoI","P726616","P726616 111023 110123 Audenreid SS RR","P726616 111023 110123 Audenreid SS RR.D","2023-11-10","2023-11-01","sample","2023-10-25","2023-11-01",9564,2,442023,1,1.645,1.7678,"REG","REG",0.93,"CHECK",0.472,0.513,"REG","REG",0.92,NA,0.257,0.276,"REG","REG",0.93,NA,0.348,0.3742,"REG","REG",0.93,NA,1.326,1.4278,"REG","REG",0.93,"CHECK",0.055,0.0595,"REG","REG",0.92,NA,0.036,0.0383,"REG","REG",0.94,NA,0.047,0.0505,"REG","REG",0.93,NA,0.14,0.1504,"REG","REG",0.93,NA,0.051,0.0552,"REG","REG",0.92,NA,0.137,0.1473,"REG","REG",0.93,NA,0.065,0.0697,"REG","REG",0.93,NA,0.447,0.487,"REG","REG",0.92,NA,0.694,0.7452,"REG","REG",0.93,NA,0.152,0.2111,"REG","REG",0.72,NA,0.158,0.1895,"REG","REG",0.83,NA,0.085,0.0944,"REG","REG",0.9,NA,0.038,0.0413,"LOD","LOD",0.92,NA,0.078,0.0913,"LOD","LOD",0.85,NA,0.153,0.1648,"REG","REG",0.93,NA,0.123,0.1322,"REG","REG",0.93,NA,0.375,0.4043,"REG","REG",0.93,NA,0.297,0.3186,"REG","REG",0.93,NA,0.795,0.8543,"REG","REG",0.93,NA,1.037,1.1153,"REG","REG",0.93,NA,2.908,3.1268,"REG","REG",0.93,"CHECK",0.138,0.1476,"ULOD","ULOD",0.93,NA,0.603,0.6494,"REG","REG",0.93,NA,0.117,0.1358,"REG","REG",0.86,NA,0.025,0.0393,"REG","REG",0.64,NA,0.012,0.0137,"LOD","LOD",0.88,NA,0.002,0.0017,"ND","ND",1.18,NA,0.014,0.0153,"REG","REG",0.92,NA,0.031,0.0331,"REG","REG",0.94,NA,0.28,0.3009,"REG","REG",0.93,NA,0.036,0.0381,"REG","REG",0.94,NA,0.026,0.0279,"REG","REG",0.93,NA,0.12,0.1295,"REG","REG",0.93,NA
"Audenreid School502023",18,"Audenreid School","rotating","39.93416729, -75.19723264",39.93416729,-75.19723264,NA,"Non-Industrial","Residential","Low",NA,"LowT/NoI","P733876","P733876 122123 121323 Audenreid SS","P733876 122123 121323 Audenreid SS.D","2023-12-21","2023-12-13","sample","2023-12-06","2023-12-13",9403,2,502023,1,1.491,1.6051,"REG","REG",0.93,"CHECK",0.597,0.6414,"REG","REG",0.93,NA,0.221,0.2377,"REG","REG",0.93,NA,0.316,0.3398,"REG","REG",0.93,NA,0.971,1.0458,"REG","REG",0.93,NA,0.052,0.0565,"REG","REG",0.92,NA,0.033,0.0357,"REG","REG",0.92,NA,0.044,0.0477,"REG","REG",0.92,NA,0.121,0.1306,"REG","REG",0.93,NA,0.048,0.0522,"REG","REG",0.92,NA,0.132,0.1418,"REG","REG",0.93,NA,0.054,0.058,"LOD","LOD",0.93,NA,0.34,0.3664,"REG","REG",0.93,NA,0.638,0.687,"REG","REG",0.93,NA,0.104,0.1119,"REG","REG",0.93,NA,0.085,0.0913,"REG","REG",0.93,NA,0.094,0.1017,"REG","REG",0.92,NA,0.043,0.046,"LOD","LOD",0.93,NA,0.095,0.1028,"REG","REG",0.92,NA,0.144,0.1547,"REG","REG",0.93,NA,0.168,0.1805,"REG","REG",0.93,NA,0.389,0.4183,"REG","REG",0.93,NA,0.232,0.2502,"REG","REG",0.93,NA,0.807,0.8689,"REG","REG",0.93,NA,1.297,1.3962,"REG","REG",0.93,NA,3.515,3.784,"REG","REG",0.93,"CHECK",0.141,0.1517,"ULOD","ULOD",0.93,NA,0.593,0.6381,"REG","REG",0.93,NA,0.095,0.1027,"REG","REG",0.93,NA,0.05,0.0535,"REG","REG",0.93,NA,0.016,0.0174,"REG","REG",0.92,NA,0.002,0.0018,"ND","ND",1.11,NA,0,5e-4,"ND","ND",0,NA,0.031,0.0331,"REG","REG",0.94,NA,0.355,0.3826,"REG","REG",0.93,NA,0.046,0.0497,"REG","REG",0.93,NA,0.022,0.0236,"REG","REG",0.93,NA,0.226,0.2431,"REG","REG",0.93,NA
"Carl Moore Health Center442023",19,"Carl Moore Health Center","rotating","39.93592967, -75.19557444",39.93592967,-75.19557444,NA,"Non-Industrial","Mixed Use","Low","Medical clinic","LowT/NoI","P726615","P726615 111023 110123 CM Health Center SS RR","P726615 111023 110123 CM Health Center SS RR.D","2023-11-10","2023-11-01","sample","2023-10-25","2023-11-01",9588,2,442023,1,1.059,1.1376,"REG","REG",0.93,NA,0.404,0.44,"REG","REG",0.92,NA,0.164,0.1763,"REG","REG",0.93,NA,0.225,0.2415,"REG","REG",0.93,NA,0.906,0.976,"REG","REG",0.93,NA,0.037,0.0396,"REG","REG",0.93,NA,0.024,0.0254,"LOD","LOD",0.94,NA,0.033,0.036,"LOD","LOD",0.92,NA,0.089,0.0951,"REG","REG",0.94,NA,0.037,0.0394,"REG","REG",0.94,NA,0.088,0.0947,"REG","REG",0.93,NA,0.041,0.0442,"LOD","LOD",0.93,NA,0.258,0.284,"REG","REG",0.91,NA,0.414,0.4443,"REG","REG",0.93,NA,0.073,0.1261,"REG","REG",0.58,NA,0.081,0.1065,"REG","REG",0.76,NA,0.08,0.089,"REG","REG",0.9,NA,0.023,0.0242,"LOD","LOD",0.95,NA,0.065,0.0772,"LOD","LOD",0.84,NA,0.094,0.1011,"REG","REG",0.93,NA,0.071,0.0764,"REG","REG",0.93,NA,0.2,0.2155,"REG","REG",0.93,NA,0.171,0.1828,"REG","REG",0.94,NA,0.438,0.4706,"REG","REG",0.93,NA,0.577,0.6204,"REG","REG",0.93,NA,1.645,1.7681,"REG","REG",0.93,"CHECK",0.138,0.1472,"ULOD","ULOD",0.94,NA,0.397,0.4282,"REG","REG",0.93,NA,0.095,0.1115,"REG","REG",0.85,NA,0.012,0.0252,"REG","REG",0.48,NA,0.012,0.0137,"LOD","LOD",0.88,NA,0.002,0.0017,"ND","ND",1.18,NA,0,5e-4,"ND","ND",0,NA,0.026,0.0272,"REG","REG",0.96,NA,0.265,0.2851,"REG","REG",0.93,NA,0.036,0.038,"REG","REG",0.95,NA,0.026,0.0278,"REG","REG",0.94,NA,0.125,0.1341,"REG","REG",0.93,NA
"Carl Moore Health Center502023",19,"Carl Moore Health Center","rotating","39.93592967, -75.19557444",39.93592967,-75.19557444,NA,"Non-Industrial","Mixed Use","Low","Medical clinic","LowT/NoI","P733841","P733841 122123 121323 Carl Moore Health Center SS","P733841 122123 121323 Carl Moore Health Center SS.D","2023-12-21","2023-12-13","sample","2023-12-06","2023-12-13",9451,2,502023,1,1.203,1.2946,"REG","REG",0.93,NA,0.563,0.6051,"REG","REG",0.93,NA,0.18,0.1942,"REG","REG",0.93,NA,0.252,0.2712,"REG","REG",0.93,NA,0.783,0.8424,"REG","REG",0.93,NA,0.041,0.0442,"REG","REG",0.93,NA,0.027,0.029,"LOD","LOD",0.93,NA,0.037,0.0401,"REG","REG",0.92,NA,0.097,0.104,"REG","REG",0.93,NA,0.041,0.0439,"REG","REG",0.93,NA,0.107,0.1146,"REG","REG",0.93,NA,0.048,0.0513,"LOD","LOD",0.94,NA,0.25,0.269,"REG","REG",0.93,NA,0.471,0.5072,"REG","REG",0.93,NA,0.061,0.066,"REG","REG",0.92,NA,0.052,0.0555,"REG","REG",0.94,NA,0.099,0.1063,"REG","REG",0.93,NA,0.037,0.04,"LOD","LOD",0.92,NA,0.082,0.0882,"LOD","LOD",0.93,NA,0.101,0.109,"REG","REG",0.93,NA,0.121,0.1303,"REG","REG",0.93,NA,0.282,0.3033,"REG","REG",0.93,NA,0.162,0.1743,"REG","REG",0.93,NA,0.588,0.6323,"REG","REG",0.93,NA,0.948,1.0201,"REG","REG",0.93,NA,2.562,2.7571,"REG","REG",0.93,"CHECK",0.14,0.1509,"ULOD","ULOD",0.93,NA,0.486,0.5235,"REG","REG",0.93,NA,0.084,0.09,"REG","REG",0.93,NA,0.036,0.0391,"REG","REG",0.92,NA,0.013,0.0139,"LOD","LOD",0.94,NA,0.002,0.0017,"ND","ND",1.18,NA,0.009,0.0097,"REG","REG",0.93,NA,0.031,0.0329,"REG","REG",0.94,NA,0.368,0.3958,"REG","REG",0.93,NA,0.046,0.0494,"REG","REG",0.93,NA,0.022,0.0235,"REG","REG",0.94,NA,0.211,0.2267,"REG","REG",0.93,NA
"Vare & New Hope32024",20,"Vare & New Hope","rotating","39.92957166, -75.1962242",39.92957166,-75.1962242,NA,"Non-Industrial","Mixed Use","High","Car dealer, auto body shop","HighT/NoI","P733868","P733868 012524 011724 Vare St SS","P733868 012524 011724 Vare St SS.D","2024-01-25","2024-01-17","sample","2024-01-10","2024-01-17",9693,2,32024,1,0.504,0.5416,"REG","REG",0.93,NA,0.465,0.4997,"REG","REG",0.93,NA,0.067,0.0722,"REG","REG",0.93,NA,0.122,0.1309,"REG","REG",0.93,NA,0.427,0.4588,"REG","REG",0.93,NA,0.022,0.0235,"LOD","LOD",0.94,NA,0.012,0.0126,"LOD","LOD",0.95,NA,0.02,0.0213,"LOD","LOD",0.94,NA,0.05,0.0536,"REG","REG",0.93,NA,0.021,0.023,"LOD","LOD",0.91,NA,0.047,0.0507,"REG","REG",0.93,NA,0.023,0.025,"LOD","LOD",0.92,NA,0.167,0.1797,"REG","REG",0.93,NA,0.289,0.3102,"REG","REG",0.93,NA,0.12,0.1292,"REG","REG",0.93,NA,0.1,0.1079,"REG","REG",0.93,NA,0.047,0.0503,"LOD","LOD",0.93,NA,0.012,0.0134,"LOD","LOD",0.9,NA,0.049,0.053,"LOD","LOD",0.92,NA,0.07,0.075,"REG","REG",0.93,NA,0.046,0.0491,"REG","REG",0.94,NA,0.15,0.1616,"REG","REG",0.93,NA,0.107,0.1153,"REG","REG",0.93,NA,0.323,0.3472,"REG","REG",0.93,NA,0.483,0.5185,"REG","REG",0.93,NA,1.374,1.4758,"REG","REG",0.93,"CHECK",0.143,0.15310000000000001,"ULOD","ULOD",0.93,NA,0.25,0.2682,"REG","REG",0.93,NA,0.074,0.0795,"REG","REG",0.93,NA,0.019,0.0208,"REG","REG",0.91,NA,0.003,0.0036,"ND","ND",0.83,NA,0.002,0.0017,"ND","ND",1.18,NA,0,5e-4,"ND","ND",0,NA,0.025,0.0264,"REG","REG",0.95,NA,0.401,0.4305,"REG","REG",0.93,NA,0.031,0.0337,"REG","REG",0.92,NA,0.012,0.0124,"REG","REG",0.97,NA,0.32,0.3434,"REG","REG",0.93,NA
"Universal Charter School at Vare32024",21,"Universal Charter School at Vare","rotating","39.92640295, -75.18538637",39.92640295,-75.18538637,NA,"Non-Industrial","Mixed Use","High","Splash pad","HighT/NoI","P733864","P733864 012524 011724 Universal Charter at Vare SS","P733864 012524 011724 Universal Charter at Vare SS.D","2024-01-25","2024-01-17","sample","2024-01-10","2024-01-17",9676,2,32024,1,0.691,0.7419,"REG","REG",0.93,NA,0.526,0.5652,"REG","REG",0.93,NA,0.115,0.124,"REG","REG",0.93,NA,0.152,0.1637,"REG","REG",0.93,NA,0.506,0.5431,"REG","REG",0.93,NA,0.033,0.0353,"LOD","LOD",0.93,NA,0.018,0.0189,"LOD","LOD",0.95,NA,0.027,0.0285,"LOD","LOD",0.95,NA,0.07,0.0754,"REG","REG",0.93,NA,0.025,0.0269,"LOD","LOD",0.93,NA,0.071,0.0767,"REG","REG",0.93,NA,0.035,0.0376,"LOD","LOD",0.93,NA,0.18,0.1934,"REG","REG",0.93,NA,0.347,0.3727,"REG","REG",0.93,NA,0.102,0.1097,"REG","REG",0.93,NA,0.073,0.0779,"REG","REG",0.94,NA,0.07,0.0756,"REG","REG",0.93,NA,0.018,0.019,"LOD","LOD",0.95,NA,0.062,0.0668,"LOD","LOD",0.93,NA,0.093,0.1002,"REG","REG",0.93,NA,0.055,0.0595,"REG","REG",0.92,NA,0.189,0.2033,"REG","REG",0.93,NA,0.119,0.1277,"REG","REG",0.93,NA,0.418,0.4487,"REG","REG",0.93,NA,0.602,0.6466,"REG","REG",0.93,NA,1.761,1.8918,"REG","REG",0.93,"CHECK",0.143,0.1534,"ULOD","ULOD",0.93,NA,0.321,0.3449,"REG","REG",0.93,NA,0.052,0.0558,"REG","REG",0.93,NA,0.013,0.0139,"LOD","LOD",0.94,NA,0.003,0.0036,"ND","ND",0.83,NA,0.002,0.0017,"ND","ND",1.18,NA,0,5e-4,"ND","ND",0,NA,0.019,0.0207,"LOD","LOD",0.92,NA,0.388,0.4164,"REG","REG",0.93,NA,0.04,0.0435,"REG","REG",0.92,NA,0.012,0.0124,"REG","REG",0.97,NA,0.297,0.3194,"REG","REG",0.93,NA
