"site_id","site","site_type","coordinates","lat","long","site_color","industrial_20","land_use","site_traffic","nearby_sources","ind_traf","tube_number","file_name_sampling","file_name","analysis_batch_date","sample_end_date","sample_type","start_date","end_date","time_difference","multiplier","week","sample_length","m_p_xylene_2","m_p_xylene_2_flag","m_p_xylene_2_unc","benzene","benzene_flag","benzene_unc","ethylbenzene","ethylbenzene_flag","ethylbenzene_unc","o_xylene","o_xylene_flag","o_xylene_unc","toluene","toluene_flag","toluene_unc","benzene_1_2_3_trimethyl","benzene_1_2_3_trimethyl_flag","benzene_1_2_3_trimethyl_unc","benzene_1_4_diethyl","benzene_1_4_diethyl_flag","benzene_1_4_diethyl_unc","benzene_1_ethyl_2_methyl","benzene_1_ethyl_2_methyl_flag","benzene_1_ethyl_2_methyl_unc","benzene_1_ethyl_3_methyl","benzene_1_ethyl_3_methyl_flag","benzene_1_ethyl_3_methyl_unc","benzene_1_ethyl_4_methyl","benzene_1_ethyl_4_methyl_flag","benzene_1_ethyl_4_methyl_unc","mesitylene","mesitylene_flag","mesitylene_unc","benzene_propyl","benzene_propyl_flag","benzene_propyl_unc","heptane","heptane_flag","heptane_unc","n_hexane","n_hexane_flag","n_hexane_unc","nonane","nonane_flag","nonane_unc","octane","octane_flag","octane_unc","decane","decane_flag","decane_unc","dodecane","dodecane_flag","dodecane_unc","undecane","undecane_flag","undecane_unc","pentane_2_3_4_trimethyl","pentane_2_3_4_trimethyl_flag","pentane_2_3_4_trimethyl_unc","pentane_2_4_dimethyl","pentane_2_4_dimethyl_flag","pentane_2_4_dimethyl_unc","hexane_2_methyl","hexane_2_methyl_flag","hexane_2_methyl_unc","heptane_3_methyl","heptane_3_methyl_flag","heptane_3_methyl_unc","hexane_3_methyl","hexane_3_methyl_flag","hexane_3_methyl_unc","pentane_3_methyl","pentane_3_methyl_flag","pentane_3_methyl_unc","pentane_2_methyl","pentane_2_methyl_flag","pentane_2_methyl_unc","butane_2_methyl","butane_2_methyl_flag","butane_2_methyl_unc","cyclohexane_methyl","cyclohexane_methyl_flag","cyclohexane_methyl_unc","x1_hexene","x1_hexene_flag","x1_hexene_unc","x2_pentene_z_cis","x2_pentene_z_cis_flag","x2_pentene_z_cis_unc","x1_3_butadiene_2_methyl","x1_3_butadiene_2_methyl_flag","x1_3_butadiene_2_methyl_unc","x2_hexanone","x2_hexanone_flag","x2_hexanone_unc","methyl_isobutyl_ketone","methyl_isobutyl_ketone_flag","methyl_isobutyl_ketone_unc","benzene_1_2_dichloro","benzene_1_2_dichloro_flag","benzene_1_2_dichloro_unc","carbon_tetrachloride","carbon_tetrachloride_flag","carbon_tetrachloride_unc","trichloromethane","trichloromethane_flag","trichloromethane_unc","tetrachloroethylene","tetrachloroethylene_flag","tetrachloroethylene_unc","trichloromonofluoromethane","trichloromonofluoromethane_flag","trichloromonofluoromethane_unc","conversion_factor","blank_corrected_value","xylenes","xylenes_flag","btex","btex_flag","season"
"1","Bartram’s Garden","stationary","39.92896, -75.212541",39.92896,-75.212541,"#619CFF","Non-Industrial","Open Space","Low",NA,"LowT/NoI","P726601","P726601 102723 102523 Bartrams SS","P726601 102723 102523 Bartrams SS.D","2023-10-27","2023-10-25","sample","2023-10-18","2023-10-25",9883,2,"432023",1,0.5912,"REG",0.2233,0.2245,"REG",0.085,0.0906,"REG",0.0333,0.1278,"REG",0.0477,0.3724,"REG",0.1477,0.0154,"LOD",0.0185,0.0123,"LOD",0.0153,0.014,"LOD",0.0189,0.0426,"LOD",0.0234,0.0229,"LOD",0.0165,0.0497,"REG",0.0211,0.0184,"LOD",0.0305,0.126,"REG",0.0511,0.2159,"REG",0.0589,0.0332,"REG",0.0257,0.0299,"REG",0.0176,0.0341,"LOD",0.0329,0.0071,"LOD",0.0305,0.027,"LOD",0.0531,0.0552,"REG",0.0334,0.0606,"REG",0.0304,0.1207,"REG",0.0366,0.0833,"REG",0.0487,0.2838,"REG",0.1042,0.4566,"REG",0.1707,1.1949,"REG",0.443,0.1934,"ULOD",0.0722,0.2226,"REG",0.0924,0.0291,"REG",0.0172,0.0049,"ND",0.0082,0.0035,"ND",0.0058,0.0017,"ND",0.0028,5e-4,"ND",8e-4,0.0495,"REG",0.0177,0.3057,"REG",0.1115,0.0378,"REG",0.0146,0.018,"REG",0.0039,0.1494,"REG",0.0367,0.24091393108897918,0.62,0.719,"REG",1.4064999999999999,"REG","Summer"
"1","Bartram’s Garden","stationary","39.92896, -75.212541",39.92896,-75.212541,"#619CFF","Non-Industrial","Open Space","Low",NA,"LowT/NoI","P726602","P726602 102723 102523 Bartrams DUP SS","P726602 102723 102523 Bartrams DUP SS.D","2023-10-27","2023-10-25","duplicate","2023-10-18","2023-10-25",9883,2,"432023",1,0.6201,"REG",0.2342,0.2435,"REG",0.0921,0.1007,"REG",0.037,0.1331,"REG",0.0494,0.3897,"REG",0.1545,0.0192,"LOD",0.0189,0.0074,"ND",0.0123,0.0174,"LOD",0.0192,0.0462,"REG",0.0236,0.0229,"LOD",0.0165,0.0497,"REG",0.0211,0.0184,"LOD",0.0305,0.1325,"REG",0.0537,0.2226,"REG",0.0608,0.0236,"REG",0.0229,0.0341,"REG",0.0189,0.0341,"LOD",0.0329,0.0126,"LOD",0.0309,0.027,"LOD",0.0531,0.0552,"REG",0.0334,0.064,"REG",0.0312,0.1275,"REG",0.0379,0.0833,"REG",0.0487,0.2961,"REG",0.108,0.467,"REG",0.1744,1.2528,"REG",0.4638,0.1759,"ULOD",0.0656,0.2333,"REG",0.0959,0.0291,"REG",0.0172,0.0054,"REG",0.01,0.0035,"ND",0.0058,0.0017,"ND",0.0028,0.0074,"REG",0.0026,0.0495,"REG",0.0177,0.3203,"REG",0.1167,0.0378,"REG",0.0146,0.018,"REG",0.0039,0.1445,"REG",0.0355,0.24091393108897918,0.6,0.7532,"REG",1.4871,"REG","Summer"
"1","Bartram’s Garden","stationary","39.92896, -75.212541",39.92896,-75.212541,"#619CFF","Non-Industrial","Open Space","Low",NA,"LowT/NoI","P726603","P726603 110923 110123 Bartrams SS","P726603 110923 110123 Bartrams SS.D","2023-11-09","2023-11-01","sample","2023-10-25","2023-11-01",10310,2,"442023",1,0.6422,"REG",0.2426,0.294,"REG",0.111,0.1057,"REG",0.0388,0.1429,"REG",0.0521,0.7177,"REG",0.2846,0.0221,"LOD",0.0185,0.0071,"ND",0.0118,0.0201,"LOD",0.0188,0.0545,"REG",0.0233,0.0256,"LOD",0.0162,0.0558,"REG",0.0228,0.0294,"LOD",0.0306,0.1577,"REG",0.0638,0.2515,"REG",0.0686,0.3159,"REG",0.1574,0.1596,"REG",0.0677,0.0781,"REG",0.042,0.0225,"LOD",0.0308,0.0653,"LOD",0.0531,0.0529,"REG",0.0321,0.0484,"REG",0.0271,0.1229,"REG",0.0365,0.1016,"REG",0.0514,0.2721,"REG",0.0999,0.3681,"REG",0.1388,1.0715,"REG",0.3981,0.1341,"REG",0.05,0.194,"REG",0.0822,0.0479,"REG",0.0219,0.0104,"LOD",0.0101,0.0033,"ND",0.0056,0.0016,"ND",0.0027,4e-4,"ND",7e-4,0.0361,"REG",0.0149,0.2791,"REG",0.1019,0.0354,"REG",0.0136,0.0259,"REG",0.0051,0.1247,"REG",0.0306,0.23093621541730175,0.54,0.7851,"REG",1.9024999999999999,"REG","Summer"
"1","Bartram’s Garden","stationary","39.92896, -75.212541",39.92896,-75.212541,"#619CFF","Non-Industrial","Open Space","Low",NA,"LowT/NoI","P726604","P726604 110923 110123 Bartrams DUP SS RENAME","P726604 110923 110123 Bartrams DUP SS RENAME","2023-11-09","2023-11-01","duplicate","2023-10-25","2023-11-01",10310,2,"442023",1,0.6214,"REG",0.2347,0.2819,"REG",0.1064,0.1009,"REG",0.037,0.1378,"REG",0.0505,0.6889,"REG",0.2732,0.0221,"LOD",0.0185,0.0118,"LOD",0.0147,0.0201,"LOD",0.0188,0.051,"REG",0.0231,0.022,"LOD",0.0158,0.0558,"REG",0.0228,0.0235,"LOD",0.0298,0.1452,"REG",0.0588,0.2451,"REG",0.0669,0.0527,"REG",0.0322,0.0465,"REG",0.0228,0.0497,"LOD",0.0348,0.0173,"LOD",0.0301,0.0459,"LOD",0.0518,0.047,"LOD",0.031,0.042,"LOD",0.0258,0.1164,"REG",0.0352,0.0901,"REG",0.0488,0.2602,"REG",0.0963,0.3482,"REG",0.1318,1.0161,"REG",0.3783,0.1439,"ULOD",0.0537,0.1838,"REG",0.0789,0.0479,"REG",0.0219,0.0104,"LOD",0.0101,0.0033,"ND",0.0056,0.0016,"ND",0.0027,4e-4,"ND",7e-4,0.0307,"REG",0.0141,0.2652,"REG",0.0969,0.0354,"REG",0.0136,0.0259,"REG",0.0051,0.1293,"REG",0.0317,0.23093621541730175,0.56,0.7592,"REG",1.8308999999999997,"REG","Summer"
"1","Bartram’s Garden","stationary","39.92896, -75.212541",39.92896,-75.212541,"#619CFF","Non-Industrial","Open Space","Low",NA,"LowT/NoI","P726604","P726604 051124 050124 Bartrams SS.D","P726604 051124 050124 Bartrams SS.D","2024-05-11","2024-05-01","duplicate","2024-04-24","2024-05-01",10184,2,"182024",1,0.5871,"REG",0.2217,0.2578,"REG",0.0974,0.0864,"REG",0.0318,0.1266,"REG",0.0471,0.379,"REG",0.1503,0.0261,"LOD",0.0192,0.015,"LOD",0.0152,0.0203,"LOD",0.019,0.0482,"REG",0.0231,0.0259,"LOD",0.0164,0.0646,"REG",0.0258,0.0238,"LOD",0.0302,0.1444,"REG",0.0585,0.2069,"REG",0.0565,0.0496,"REG",0.0311,0.0479,"REG",0.0233,0.0704,"REG",0.0401,0.0318,"LOD",0.0328,0.0753,"LOD",0.0546,0.0476,"LOD",0.0313,0.0719,"REG",0.0327,0.1047,"REG",0.033,0.0809,"REG",0.0472,0.2395,"REG",0.0903,0.1914,"REG",0.0781,1.2905,"REG",0.477,0.1879,"REG",0.0701,0.2584,"REG",0.1039,0.0474,"REG",0.0218,0.0048,"ND",0.008,0.0034,"ND",0.0056,0.0016,"ND",0.0027,0.009,"REG",0.0031,0.0196,"REG",0.0128,0.325,"REG",0.1184,0.0257,"REG",0.01,0.0131,"REG",0.0032,0.0463,"REG",0.0114,0.23379343882093295,0.198,0.7137,"REG",1.4369,"REG",NA
"1","Bartram’s Garden","stationary","39.92896, -75.212541",39.92896,-75.212541,"#619CFF","Non-Industrial","Open Space","Low",NA,"LowT/NoI","P726605","P726605 051124 050124 Bartrams SS.D","P726605 051124 050124 Bartrams SS.D","2024-05-11","2024-05-01","sample","2024-04-24","2024-05-01",10184,2,"182024",1,0.6291,"REG",0.2376,0.27,"REG",0.102,0.0913,"REG",0.0335,0.1318,"REG",0.0487,0.4124,"REG",0.1635,0.0261,"LOD",0.0192,0.018,"LOD",0.0155,0.0203,"LOD",0.019,0.0517,"REG",0.0234,0.0296,"REG",0.0168,0.0646,"REG",0.0258,0.0298,"LOD",0.0309,0.1634,"REG",0.0662,0.2134,"REG",0.0583,0.1291,"REG",0.0667,0.0847,"REG",0.0373,0.0848,"REG",0.0442,0.0318,"LOD",0.0328,0.0884,"REG",0.0558,0.0476,"LOD",0.0313,0.0817,"REG",0.0352,0.1113,"REG",0.0343,0.104,"REG",0.0523,0.2515,"REG",0.0939,0.1914,"REG",0.0781,1.3467,"REG",0.4972,0.1808,"REG",0.0675,0.2584,"REG",0.1039,0.0474,"REG",0.0218,0.0059,"LOD",0.0098,0.0034,"ND",0.0056,0.0016,"ND",0.0027,0.009,"REG",0.0031,0.0196,"REG",0.0128,0.3391,"REG",0.1234,0.0257,"REG",0.01,0.0131,"REG",0.0032,0.0463,"REG",0.0114,0.23379343882093295,0.198,0.7609,"REG",1.5346,"REG",NA
"1","Bartram’s Garden","stationary","39.92896, -75.212541",39.92896,-75.212541,"#619CFF","Non-Industrial","Open Space","Low",NA,"LowT/NoI","P726618","P726618 051224 050824 Bartrams SS","P726618 051224 050824 Bartrams SS.D","2024-05-12","2024-05-08","sample","2024-05-01","2024-05-08",10241,2,"192024",1,0.5838,"REG",0.2205,0.2868,"REG",0.1083,0.081,"REG",0.0298,0.1259,"REG",0.0469,0.4018,"REG",0.1593,0.0222,"LOD",0.0186,0.0119,"LOD",0.0148,0.0202,"LOD",0.0189,0.0411,"LOD",0.0226,0.0221,"LOD",0.0159,0.048,"REG",0.0203,0.0237,"LOD",0.03,0.1058,"REG",0.0429,0.1471,"REG",0.0403,0.0446,"REG",0.0292,0.0395,"REG",0.0204,0.0462,"LOD",0.0342,0.0211,"LOD",0.0308,0.0553,"LOD",0.0527,0.0355,"LOD",0.0293,0.0487,"REG",0.0273,0.0846,"REG",0.0291,0.0689,"LOD",0.0447,0.1905,"REG",0.0759,0.1402,"REG",0.0618,0.9486,"REG",0.3543,0.0993,"REG",0.0371,0.1747,"REG",0.0762,0.0247,"REG",0.0158,0.0059,"LOD",0.0097,0.0034,"ND",0.0056,0.0016,"ND",0.0027,4e-4,"ND",7e-4,0.0304,"REG",0.0141,0.3231,"REG",0.1177,0.0256,"REG",0.01,0.0174,"REG",0.0038,0.0414,"REG",0.0102,0.2324921766382561,0.178,0.7097,"REG",1.4792999999999998,"REG",NA
"1","Bartram’s Garden","stationary","39.92896, -75.212541",39.92896,-75.212541,"#619CFF","Non-Industrial","Open Space","Low",NA,"LowT/NoI","P726619","P726619 051224 050824 Bartrams DUP SS","P726619 051224 050824 Bartrams DUP SS.D","2024-05-12","2024-05-08","duplicate","2024-05-01","2024-05-08",10241,2,"192024",1,0.5977,"REG",0.2258,0.2807,"REG",0.106,0.0859,"REG",0.0316,0.1311,"REG",0.0484,0.4143,"REG",0.1643,0.0259,"LOD",0.0191,0.003,"LOD",0.0143,0.0202,"LOD",0.0189,0.0445,"REG",0.0228,0.0221,"LOD",0.0159,0.0561,"REG",0.023,0.0237,"LOD",0.03,0.1121,"REG",0.0455,0.1471,"REG",0.0403,0.0725,"REG",0.0406,0.0517,"REG",0.0247,0.051,"REG",0.0352,0.0211,"LOD",0.0308,0.0553,"LOD",0.0527,0.0355,"LOD",0.0293,0.0585,"REG",0.0294,0.0846,"REG",0.0291,0.0689,"LOD",0.0447,0.2024,"REG",0.0793,0.1402,"REG",0.0618,0.93,"REG",0.3476,0.0972,"REG",0.0363,0.1747,"REG",0.0762,0.0247,"REG",0.0158,0.0059,"LOD",0.0097,0.0256,"REG",0.0119,0.0016,"ND",0.0027,4e-4,"ND",7e-4,0.0304,"REG",0.0141,0.3512,"REG",0.1278,0.0256,"REG",0.01,0.0174,"REG",0.0038,0.046,"REG",0.0114,0.2324921766382561,0.198,0.7288,"REG",1.5097,"REG",NA
"1","Bartram’s Garden","stationary","39.92896, -75.212541",39.92896,-75.212541,"#619CFF","Non-Industrial","Open Space","Low",NA,"LowT/NoI","P726670","P726670 062724 061924 Bartrams SS","P726670 062724 061924 Bartrams SS.D","2024-06-27","2024-06-19","sample","2024-06-19","2024-06-26",10060,2,"262024",1,0.235,"REG",0.0889,0.0963,"REG",0.0374,0.034,"REG",0.0129,0.0515,"REG",0.0263,0.1923,"REG",0.0763,0.0111,"LOD",0.0179,0.0073,"ND",0.0121,0.0103,"LOD",0.0183,0.014,"LOD",0.0219,0.0111,"LOD",0.0153,0.0236,"REG",0.0135,0.012,"LOD",0.0296,0.0683,"REG",0.0278,0.0736,"REG",0.0205,0.057,"REG",0.0342,0.0348,"REG",0.019,0.0482,"LOD",0.0351,0.0215,"LOD",0.0314,0.057,"LOD",0.0537,0.0181,"LOD",0.0278,0.0111,"ND",0.0185,0.0398,"LOD",0.0228,0.0351,"LOD",0.0404,0.0849,"REG",0.0506,0.1014,"REG",0.0511,0.284,"REG",0.1289,3e-4,"ND",4e-4,0.0837,"REG",0.0513,0.0194,"REG",0.015,0.0048,"ND",0.0081,0.13,"REG",0.0503,0.0016,"ND",0.0027,5e-4,"ND",8e-4,0.0072,"LOD",0.012,0.1716,"REG",0.0637,0.0186,"REG",0.0074,0.0088,"REG",0.0027,0.0663,"REG",0.0163,0.2366751869733977,0.28,0.2865,"REG",0.6091,"REG",NA
"1","Bartram’s Garden","stationary","39.92896, -75.212541",39.92896,-75.212541,"#619CFF","Non-Industrial","Open Space","Low",NA,"LowT/NoI","P733841","P733841 062724 061924 Bartrams DUP SS","P733841 062724 061924 Bartrams DUP SS.D","2024-06-27","2024-06-19","duplicate","2024-06-19","2024-06-26",10059,2,"262024",1,0.2492,"REG",0.0943,0.1025,"REG",0.0397,0.039,"REG",0.0146,0.0568,"REG",0.0275,0.205,"REG",0.0813,0.0149,"LOD",0.0182,0.0073,"ND",0.0121,0.0103,"LOD",0.0183,0.0174,"LOD",0.022,0.0111,"LOD",0.0153,0.0236,"REG",0.0135,0.0121,"LOD",0.0296,0.0683,"REG",0.0278,0.0736,"REG",0.0205,0.057,"REG",0.0342,0.0348,"REG",0.019,0.0483,"LOD",0.0351,0.0215,"LOD",0.0314,0.057,"LOD",0.0537,0.0181,"LOD",0.0278,0.0165,"LOD",0.0229,0.0398,"LOD",0.0228,0.0468,"LOD",0.0418,0.097,"REG",0.053,0.1116,"REG",0.053900000000000003,0.303,"REG",0.1346,0.031,"REG",0.0116,0.0942,"REG",0.0537,0.0194,"REG",0.015,0.0048,"ND",0.0081,0.1268,"REG",0.0491,0.0016,"ND",0.0027,5e-4,"ND",8e-4,0.0127,"LOD",0.0123,0.186,"REG",0.0688,0.0186,"REG",0.0074,0.0088,"REG",0.0027,0.0615,"REG",0.0151,0.23669871567276876,0.26,0.306,"REG",0.6525,"REG",NA
"2","Essington & Mingo","stationary","39.90131732, -75.2250262",39.90131732,-75.2250262,"#DB72FB","Industrial","Industrial","High","Auto body shop, junkyard","HighT/I","P733857","P733857 071323 070523 Essington 1WK SS","P733857 071323 070523 Essington 1WK.D","2023-07-13","2023-07-05","sample","2023-06-28","2023-07-05",10018,1,"272023",1,0.8877,"REG",0.3353,0.3338,"REG",0.1259,0.1622,"REG",0.0594,0.2548,"REG",0.0886,0.7417,"REG",0.2941,0.0322,"REG",0.0204,0.0167,"REG",0.0156,0.0293,"REG",0.0206,0.0841,"REG",0.0264,0.0283,"REG",0.0169,0.0707,"REG",0.0279,0.0363,"REG",0.0323,0.1344,"REG",0.0545,0.1897,"REG",0.0518,0.0077,"REG",0.0199,0.0421,"REG",0.0214,0.0304,"REG",0.032,0.0236,"REG",0.0318,0.0591,"REG",0.054,0.1089,"REG",0.0462,0.0764,"REG",0.0341,0.1198,"REG",0.0362,0.0925,"REG",0.0502,0.2617,"REG",0.0973,0.3634,"REG",0.1374,1.0125,"REG",0.3774,0.0822,"REG",0.0307,0.1524,"REG",0.0698,0.0402,"REG",0.0199,0.0025,"REG",0.0098,0.0745,"REG",0.0294,0.0127,"REG",0.0052,5e-4,"ND",8e-4,0.0055,"LOD",0.012,0.1867,"REG",0.069,0.0233,"REG",0.0092,0.0089,"REG",0.0027,0.0547,"REG",0.0135,0.23766743670916163,0.23,1.1425,"REG",2.3802,"REG",NA
"2","Essington & Mingo","stationary","39.90131732, -75.2250262",39.90131732,-75.2250262,"#DB72FB","Industrial","Industrial","High","Auto body shop, junkyard","HighT/I","P733870","P733870 071323 070523 Essington 1WK SS DUP","P733870 071323 070523 Essington 1WK SS DUP.D","2023-07-13","2023-07-05","duplicate","2023-06-28","2023-07-05",10018,2,"272023",1,0.8556,"REG",0.3231,0.3151,"REG",0.1189,0.1547,"REG",0.0567,0.2417,"REG",0.0843,0.7163,"REG",0.284,0.0341,"LOD",0.0207,0.0152,"LOD",0.0154,0.0275,"LOD",0.0203,0.0771,"REG",0.0257,0.0264,"LOD",0.0167,0.0749,"REG",0.0293,0.0363,"LOD",0.0323,0.1151,"REG",0.0467,0.163,"REG",0.0446,0.0097,"ND",0.0162,0.0172,"REG",0.0142,0.0256,"LOD",0.0313,0.0182,"LOD",0.0311,0.0524,"LOD",0.0536,0.0968,"REG",0.0429,0.0731,"REG",0.0332,0.1065,"REG",0.0335,0.0807,"REG",0.0477,0.2556,"REG",0.0954,0.3379,"REG",0.1284,0.9364,"REG",0.3503,0.0707,"REG",0.0264,0.1366,"REG",0.0651,0.0229,"REG",0.0157,0.0049,"ND",0.0081,0.063,"REG",0.0251,0.0016,"ND",0.0027,5e-4,"ND",8e-4,0.0055,"LOD",0.012,0.1724,"REG",0.064,0.0187,"REG",0.0075,0.0089,"REG",0.0027,0.0428,"REG",0.0106,0.23766743670916163,0.18,1.0973,"REG",2.2834,"REG",NA
"2","Essington & Mingo","stationary","39.90131732, -75.2250262",39.90131732,-75.2250262,"#DB72FB","Industrial","Industrial","High","Auto body shop, junkyard","HighT/I","P726646","P726646 111023 110823 Essington SS","P726646 111023 110823 Essington SS.D","2023-11-10","2023-11-08","sample","2023-11-01","2023-11-08",9899,2,"452023",1,1.0585,"REG",0.3998,0.4704,"REG",0.1772,0.1657,"REG",0.0607,0.2233,"REG",0.0783,0.8464,"REG",0.3356,0.0345,"LOD",0.0209,0.0185,"LOD",0.0159,0.0279,"LOD",0.0206,0.078,"REG",0.026,0.0343,"REG",0.0178,0.0749,"REG",0.0294,0.0367,"LOD",0.0327,0.2359,"REG",0.0954,0.3967,"REG",0.1081,0.4012,"REG",0.1994,0.1494,"REG",0.0636,0.1355,"REG",0.0609,0.0508,"LOD",0.038,0.196,"REG",0.0725,0.0796,"REG",0.0387,0.084,"REG",0.0362,0.2088,"REG",0.0559,0.1414,"REG",0.0626,0.4435,"REG",0.1546,0.7771,"REG",0.2862,2.1359,"REG",0.7833,0.3084,"ULOD",0.1151,0.2765,"REG",0.1106,0.1312,"REG",0.0503,0.0312,"REG",0.0146,0.0132,"LOD",0.0086,0.0017,"ND",0.0028,0.0148,"REG",0.005,0.0376,"REG",0.0156,0.3052,"REG",0.1113,0.0368,"REG",0.0142,0.0449,"REG",0.0083,0.1443,"REG",0.0354,0.24052453590790798,0.6,1.2818,"REG",2.7643,"REG",NA
"2","Essington & Mingo","stationary","39.90131732, -75.2250262",39.90131732,-75.2250262,"#DB72FB","Industrial","Industrial","High","Auto body shop, junkyard","HighT/I","P726648","P726648 111023 110823 Essington DUP SS","P726648 111023 110823 Essington DUP SS.D","2023-11-10","2023-11-08","duplicate","2023-11-01","2023-11-08",9901,2,"452023",1,1.0872,"REG",0.4106,0.464,"REG",0.1748,0.1656,"REG",0.0606,0.2233,"REG",0.0783,0.8505,"REG",0.3373,0.0345,"LOD",0.0209,0.0185,"LOD",0.0159,0.0279,"LOD",0.0205,0.078,"REG",0.026,0.0305,"REG",0.0173,0.0749,"REG",0.0294,0.0367,"LOD",0.0327,0.2294,"REG",0.0928,0.3966,"REG",0.1081,0.0981,"REG",0.0524,0.0779,"REG",0.0348,0.0665,"REG",0.0397,0.0235,"LOD",0.0321,0.068,"LOD",0.0553,0.0796,"REG",0.0387,0.0874,"REG",0.0371,0.2087,"REG",0.0559,0.1295,"REG",0.0594,0.468,"REG",0.1626,0.7976,"REG",0.2937,2.1547,"REG",0.7902,0.3157,"ULOD",0.1178,0.2764,"REG",0.1105,0.0067,"ND",0.0111,0.0244,"REG",0.0129,0.0132,"LOD",0.0086,0.0017,"ND",0.0028,0.0148,"REG",0.005,0.0376,"REG",0.0156,0.2906,"REG",0.1061,0.0368,"REG",0.0142,0.0449,"REG",0.0083,0.1395,"REG",0.0342,0.24047595000024047,0.58,1.3105,"REG",2.7906,"REG",NA
"2","Essington & Mingo","stationary","39.90131732, -75.2250262",39.90131732,-75.2250262,"#DB72FB","Industrial","Industrial","High","Auto body shop, junkyard","HighT/I","P733899","P733899 112423 111523 Essington SS","P733899 112423 111523 Essington SS.D","2023-11-24","2023-11-15","sample","2023-11-08","2023-11-15",10111,2,"462023",1,0.775,"REG",0.2927,0.4358,"REG",0.1642,0.1177,"REG",0.0431,0.1562,"REG",0.0564,0.5593,"REG",0.2218,0.0225,"LOD",0.0189,0.0151,"LOD",0.0153,0.0205,"LOD",0.0192,0.0555,"REG",0.0238,0.0187,"LOD",0.0158,0.0486,"REG",0.0206,0.024,"LOD",0.0304,0.1927,"REG",0.078,0.3422,"REG",0.0933,0.162,"REG",0.0824,0.1257,"REG",0.0538,0.0555,"REG",0.0366,0.023,"LOD",0.0314,0.06,"LOD",0.0537,0.0659,"REG",0.0352,0.0625,"REG",0.0305,0.1846,"REG",0.0502,0.1036,"REG",0.0524,0.4101,"REG",0.1436,0.5985,"REG",0.2215,1.639,"REG",0.603,0.3456,"ULOD",0.129,0.2394,"REG",0.0976,0.1057,"REG",0.0412,0.0305,"REG",0.0143,0.0034,"ND",0.0057,0.0016,"ND",0.0027,5e-4,"ND",8e-4,0.0203,"LOD",0.013,0.2704,"REG",0.0988,0.036,"REG",0.0139,0.0264,"REG",0.0052,0.1837,"REG",0.0451,0.23548139461501147,0.78,0.9312,"REG",2.044,"REG",NA
"2","Essington & Mingo","stationary","39.90131732, -75.2250262",39.90131732,-75.2250262,"#DB72FB","Industrial","Industrial","High","Auto body shop, junkyard","HighT/I","P733849","P733849 112423 111523 Essington DUP SS","P733849 112423 111523 Essington DUP SS.D","2023-11-24","2023-11-15","duplicate","2023-11-08","2023-11-15",10111,2,"462023",1,0.8032,"REG",0.3034,0.4049,"REG",0.1526,0.1226,"REG",0.045,0.1614,"REG",0.0581,0.5635,"REG",0.2235,0.0263,"LOD",0.0194,0.0151,"LOD",0.0153,0.0205,"LOD",0.0192,0.0555,"REG",0.0238,0.0261,"LOD",0.0165,0.0569,"REG",0.0232,0.03,"LOD",0.0312,0.1799,"REG",0.0728,0.329,"REG",0.0897,0.0537,"REG",0.0328,0.0515,"REG",0.0247,0.0458,"LOD",0.0345,0.0176,"LOD",0.0307,0.0534,"LOD",0.0532,0.0659,"REG",0.0352,0.0625,"REG",0.0305,0.1912,"REG",0.0517,0.1036,"REG",0.0524,0.398,"REG",0.1398,0.6188,"REG",0.2288,1.6955,"REG",0.6234,0.312,"ULOD",0.1164,0.2499,"REG",0.1011,0.0603,"REG",0.0258,0.0239,"REG",0.0127,0.0034,"ND",0.0057,0.0016,"ND",0.0027,0.0109,"REG",0.0037,0.0203,"LOD",0.013,0.2704,"REG",0.0988,0.036,"REG",0.0139,0.0264,"REG",0.0052,0.1695,"REG",0.0416,0.23548139461501147,0.72,0.9646,"REG",2.0556,"REG",NA
"3","61st & Passyunk","stationary","39.91820446, -75.2085474",39.91820446,-75.2085474,"#00B9E3","Industrial","Industrial","High","Auto body shop, junkyard, gas station","HighT/I","P726663","P726663 081023 080223 61st & Passyunk 1WK SS","P726663 081023 080223 61st & Passyunk 1WK SS.D","2023-08-10","2023-08-02","sample","2023-07-26","2023-08-02",10105,2,"312023",1,1.0096,"REG",0.3813,0.2814,"REG",0.1063,0.1732,"REG",0.0634,0.2813,"REG",0.0974,0.7285,"REG",0.2889,0.0526,"REG",0.0242,0.0392,"REG",0.0192,0.0409,"REG",0.0226,0.0109,"ND",0.0181,0.1189,"REG",0.0354,0.1058,"REG",0.0401,0.054,"LOD",0.0354,0.232,"REG",0.0938,0.3629,"REG",0.0989,0.0817,"REG",0.0448,0.0825,"REG",0.0365,0.0644,"REG",0.0387,0.0437,"LOD",0.0356,0.0924,"REG",0.0566,0.1319,"REG",0.0526,0.112,"REG",0.0437,0.2309,"REG",0.0609,0.194,"REG",0.0772,0.5069,"REG",0.175,0.6699,"REG",0.2473,1.9164,"REG",0.7035,0.1912,"REG",0.0714,0.3854,"REG",0.1485,0.0853,"REG",0.0341,0.0332,"REG",0.015,0.06,"REG",0.024,0.0016,"ND",0.0027,0.0109,"REG",0.0037,0.0165,"LOD",0.0126,0.1993,"REG",0.0735,0.0277,"REG",0.0108,0.0132,"REG",0.0032,0.066,"REG",0.0162,0.23562121533422872,0.28,1.2909000000000002,"REG",2.474,"REG",NA
"3","61st & Passyunk","stationary","39.91820446, -75.2085474",39.91820446,-75.2085474,"#00B9E3","Industrial","Industrial","High","Auto body shop, junkyard, gas station","HighT/I","P726665","P726665 081023 080223 61st & Passyunk 1WK DUP SS","P726665 081023 080223 61st & Passyunk 1WK DUP SS.D","2023-08-10","2023-08-02","duplicate","2023-07-26","2023-08-02",10105,2,"312023",1,1.0308,"REG",0.3893,0.2814,"REG",0.1063,0.1781,"REG",0.0652,0.2865,"REG",0.0991,0.7159,"REG",0.2839,0.0526,"REG",0.0242,0.0392,"REG",0.0192,0.0444,"REG",0.0233,0.121,"REG",0.0303,0.0479,"REG",0.0198,0.1223,"REG",0.046,0.054,"LOD",0.0354,0.2384,"REG",0.0964,0.3695,"REG",0.1007,0.0864,"REG",0.0469,0.0825,"REG",0.0365,0.0692,"REG",0.04,0.049,"LOD",0.037,0.099,"REG",0.0573,0.1319,"REG",0.0526,0.1186,"REG",0.0457,0.2309,"REG",0.0609,0.194,"REG",0.0772,0.4827,"REG",0.1671,0.6699,"REG",0.2473,1.8975,"REG",0.6967,0.1655,"REG",0.0618,0.3958,"REG",0.1523,0.0065,"ND",0.0109,0.0266,"REG",0.0133,0.0503,"REG",0.0204,0.0016,"ND",0.0027,5e-4,"ND",8e-4,0.0165,"LOD",0.0126,0.2136,"REG",0.0785,0.0277,"REG",0.0108,0.0132,"REG",0.0032,0.0707,"REG",0.0174,0.23562121533422872,0.3,1.3173,"REG",2.4927,"REG",NA
"3","61st & Passyunk","stationary","39.91820446, -75.2085474",39.91820446,-75.2085474,"#00B9E3","Industrial","Industrial","High","Auto body shop, junkyard, gas station","HighT/I","P733841","P733841 081123 080923 61st & Passyunk 1WK SS","P733841 081123 080923 61st & Passyunk 1WK SS.D","2023-08-11","2023-08-09","sample","2023-08-02","2023-08-09",10048,2,"322023",1,0.6315,"REG",0.2385,0.2395,"REG",0.0906,0.1145,"REG",0.042,0.1729,"REG",0.0618,0.4701,"REG",0.1864,0.034,"LOD",0.0206,0.0073,"ND",0.0121,0.0275,"LOD",0.0202,0.0728,"REG",0.0253,0.0257,"LOD",0.0165,0.0733,"REG",0.0288,0.0302,"LOD",0.0314,0.1434,"REG",0.0581,0.2057,"REG",0.0562,0.0679,"REG",0.0388,0.0581,"REG",0.0271,0.0502,"LOD",0.0355,0.0332,"LOD",0.0334,0.0663,"LOD",0.0544,0.0724,"REG",0.0367,0.0629,"REG",0.0307,0.1327,"REG",0.0389,0.1132,"REG",0.0549,0.3034,"REG",0.11,0.3777,"REG",0.1424,1.1121,"REG",0.4131,0.1088,"REG",0.0406,0.2514,"REG",0.1018,0.04,"REG",0.0198,0.0267,"REG",0.0134,0.0865,"REG",0.0338,0.0016,"ND",0.0027,5e-4,"ND",8e-4,0.0111,"LOD",0.0122,0.2291,"REG",0.0841,0.0279,"REG",0.0108,0.0133,"REG",0.0032,0.109,"REG",0.0268,0.2369578404610252,0.46,0.8044,"REG",1.6285,"REG",NA
"3","61st & Passyunk","stationary","39.91820446, -75.2085474",39.91820446,-75.2085474,"#00B9E3","Industrial","Industrial","High","Auto body shop, junkyard, gas station","HighT/I","P733843","P733843 081123 080923 61st & Passyunk 1WK DUP SS","P733843 081123 080923 61st _ Passyunk 1WK DUP SS.D","2023-08-11","2023-08-09","duplicate","2023-08-02","2023-08-09",10048,2,"322023",1,0.6315,"REG",0.2385,0.2519,"REG",0.0952,0.1145,"REG",0.042,0.1676,"REG",0.0601,0.4616,"REG",0.183,0.034,"LOD",0.0206,0.0212,"LOD",0.0161,0.0275,"LOD",0.0202,0.0728,"REG",0.0253,0.0257,"LOD",0.0165,0.0733,"REG",0.0288,0.0362,"LOD",0.0323,0.1434,"REG",0.0581,0.2123,"REG",0.058,0.049,"REG",0.0311,0.0498,"REG",0.0241,0.0453,"LOD",0.0345,0.0332,"LOD",0.0334,0.0531,"LOD",0.0535,0.0784,"REG",0.0382,0.0729,"REG",0.0331,0.1327,"REG",0.0389,0.1132,"REG",0.0549,0.2913,"REG",0.1063,0.3879,"REG",0.146,1.1311,"REG",0.4199,0.1448,"REG",0.0541,0.2514,"REG",0.1018,0.04,"REG",0.0198,0.0267,"REG",0.0134,0.0865,"REG",0.0338,0.0016,"ND",0.0027,5e-4,"ND",8e-4,0.0111,"LOD",0.0122,0.2291,"REG",0.0841,0.0279,"REG",0.0108,0.0133,"REG",0.0032,0.1137,"REG",0.0279,0.2369578404610252,0.48,0.7990999999999999,"REG",1.6271,"REG",NA
"3","61st & Passyunk","stationary","39.91820446, -75.2085474",39.91820446,-75.2085474,"#00B9E3","Industrial","Industrial","High","Auto body shop, junkyard, gas station","HighT/I","P733867","P733867 112523 112223 61st & Passyunk SS","P733867 112523 112223 61st & Passyunk SS.D","2023-11-25","2023-11-22","sample","2023-11-15","2023-11-22",10146,2,"472023",1,2.2578,"REG",0.8526,0.6068,"REG",0.2284,0.3292,"REG",0.1204,0.4876,"REG",0.1665,1.4382,"REG",0.5703,0.0748,"REG",0.0295,0.0511,"REG",0.0218,0.0646,"REG",0.0281,0.1833,"REG",0.0387,0.0744,"REG",0.025,0.1963,"REG",0.0727,0.0896,"REG",0.0444,0.5418,"REG",0.219,0.9258,"REG",0.2521,0.1521,"REG",0.0776,0.1827,"REG",0.0772,0.1082,"REG",0.0515,0.0389,"LOD",0.0344,0.0992,"REG",0.0572,0.2688,"REG",0.0958,0.2001,"REG",0.071,0.5519,"REG",0.1386,0.4743,"REG",0.168,1.1779,"REG",0.3971,1.5062,"REG",0.5515,4.1302,"REG",1.5092,0.5512,"ULOD",0.2057,0.996,"REG",0.3714,0.1507,"REG",0.0572,0.0569,"REG",0.0218,0.0034,"ND",0.0057,0.0016,"ND",0.0027,5e-4,"ND",8e-4,0.0203,"LOD",0.0129,0.2411,"REG",0.0883,0.0451,"REG",0.0173,0.035,"REG",0.0066,0.1643,"REG",0.0403,0.23466906967794018,0.7,2.7454,"REG",5.119599999999999,"REG",NA
"3","61st & Passyunk","stationary","39.91820446, -75.2085474",39.91820446,-75.2085474,"#00B9E3","Industrial","Industrial","High","Auto body shop, junkyard, gas station","HighT/I","P733868","P733868 112523 112223 61st & Passyunk DUP SS","P733868 112523 112223 61st & Passyunk DUP SS.D","2023-11-25","2023-11-22","duplicate","2023-11-15","2023-11-22",10146,2,"472023",1,2.2085,"REG",0.834,0.6314,"REG",0.2377,0.3193,"REG",0.1168,0.4772,"REG",0.163,1.4465,"REG",0.5736,0.0711,"REG",0.0285,0.0451,"REG",0.0204,0.0612,"REG",0.0272,0.1729,"REG",0.0372,0.0669,"REG",0.0234,0.1881,"REG",0.0697,0.0836,"REG",0.0427,0.5418,"REG",0.219,0.9258,"REG",0.2521,0.1896,"REG",0.0958,0.191,"REG",0.0806,0.1034,"REG",0.0499,0.0336,"LOD",0.0332,0.0861,"LOD",0.0558,0.2748,"REG",0.0978,0.2034,"REG",0.072,0.5454,"REG",0.137,0.4627,"REG",0.1641,1.1899,"REG",0.4011,1.5264,"REG",0.5589,4.0926,"REG",1.4955,0.5462,"ULOD",0.2039,0.9856,"REG",0.3676,0.1393,"REG",0.0531,0.0503,"REG",0.0198,0.0097,"LOD",0.0077,0.0016,"ND",0.0027,5e-4,"ND",8e-4,0.0148,"LOD",0.0124,0.2553,"REG",0.0934,0.0359,"REG",0.0138,0.035,"REG",0.0066,0.1643,"REG",0.0403,0.23466906967794018,0.7,2.6856999999999998,"REG",5.0828999999999995,"REG",NA
"3","61st & Passyunk","stationary","39.91820446, -75.2085474",39.91820446,-75.2085474,"#00B9E3","Industrial","Industrial","High","Auto body shop, junkyard, gas station","HighT/I","P733847","P733847 052324 051524 61st SS","P733847 052324 051524 61st SS.D","2024-05-23","2024-05-15","sample","2024-05-08","2024-05-15",9425,2,"202024",1,0.7329,"REG",0.2768,0.305,"REG",0.1152,0.0934,"REG",0.0343,0.148,"REG",0.0544,0.4366,"REG",0.1731,0.0282,"LOD",0.0208,0.0162,"LOD",0.0164,0.022,"LOD",0.0206,0.0633,"REG",0.0258,0.032,"REG",0.0182,0.0787,"REG",0.0309,0.0322,"LOD",0.0334,0.1492,"REG",0.0604,0.2235,"REG",0.061,0.1091,"REG",0.0578,0.065,"REG",0.0301,0.0554,"REG",0.0383,0.0344,"LOD",0.0354,0.0743,"LOD",0.0583,0.0836,"REG",0.0407,0.0565,"REG",0.0304,0.1485,"REG",0.0429,0.0999,"REG",0.0537,0.3364,"REG",0.1213,0.6312,"REG",0.2337,1.6168,"REG",0.5957,0.1662,"ULOD",0.062,0.3686,"REG",0.1434,0.0268,"REG",0.0172,0.0135,"LOD",0.0113,0.0037,"ND",0.0061,0.0145,"REG",0.0058,0.0097,"REG",0.0034,0.0094,"LOD",0.0129,0.3969,"REG",0.1444,0.0278,"REG",0.0108,0.0094,"REG",0.0029,0.1864,"REG",0.0458,0.2526209422761147,0.738,0.8809,"REG",1.7159,"REG",NA
"3","61st & Passyunk","stationary","39.91820446, -75.2085474",39.91820446,-75.2085474,"#00B9E3","Industrial","Industrial","High","Auto body shop, junkyard, gas station","HighT/I","P733848","P733848 052324 051524 61st DUP SS","P733848 052324 051524 61st DUP SS.D","2024-05-23","2024-05-15","duplicate","2024-05-08","2024-05-15",9425,2,"202024",1,0.7101,"REG",0.2682,0.2918,"REG",0.1102,0.0881,"REG",0.0324,0.1368,"REG",0.0509,0.423,"REG",0.1678,0.0282,"LOD",0.0208,0.0162,"LOD",0.0164,0.022,"LOD",0.0206,0.0596,"REG",0.0255,0.032,"REG",0.0182,0.0787,"REG",0.0309,0.0257,"LOD",0.0326,0.1287,"REG",0.0522,0.2023,"REG",0.0553,0.0182,"REG",0.0226,0.0296,"REG",0.018,0.0502,"LOD",0.0372,0.0287,"LOD",0.0344,0.0672,"LOD",0.0578,0.0836,"REG",0.0407,0.0565,"REG",0.0304,0.1415,"REG",0.0414,0.0999,"REG",0.0537,0.3235,"REG",0.1173,0.5768,"REG",0.2141,1.5359,"REG",0.5665,0.1593,"ULOD",0.0595,0.3574,"REG",0.1395,0.039,"REG",0.0201,0.0135,"LOD",0.0113,0.0037,"ND",0.0061,0.0145,"REG",0.0058,5e-4,"ND",8e-4,0.0094,"LOD",0.0129,0.3817,"REG",0.1389,0.0278,"REG",0.0108,0.0094,"REG",0.0029,0.1662,"REG",0.0408,0.2526209422761147,0.658,0.8469,"REG",1.6498,"REG",NA
"3","61st & Passyunk","stationary","39.91820446, -75.2085474",39.91820446,-75.2085474,"#00B9E3","Industrial","Industrial","High","Auto body shop, junkyard, gas station","HighT/I","P733863","P733863 052424 052224 61st SS","P733863 052424 052224 61st SS.D","2024-05-24","2024-05-22","sample","2024-05-15","2024-05-22",9850,2,"212024",1,0.7592,"REG",0.2868,0.2602,"REG",0.0983,0.0995,"REG",0.0365,0.1576,"REG",0.0571,0.4523,"REG",0.1794,0.0308,"LOD",0.0204,0.0155,"LOD",0.0157,0.0245,"LOD",0.0201,0.0606,"REG",0.0247,0.0268,"LOD",0.0169,0.0753,"REG",0.0296,0.0308,"LOD",0.032,0.1624,"REG",0.0658,0.2477,"REG",0.0676,0.0657,"REG",0.0381,0.0622,"REG",0.0288,0.0728,"REG",0.0415,0.0439,"LOD",0.0363,0.0914,"REG",0.0577,0.0923,"REG",0.042,0.0574,"REG",0.0298,0.1557,"REG",0.044,0.1075,"REG",0.0541,0.3467,"REG",0.1238,0.6664,"REG",0.2461,1.7597,"REG",0.647,0.21560000000000001,"ULOD",0.0805,0.4275,"REG",0.1639,0.0257,"REG",0.0164,0.0129,"LOD",0.0108,0.03,"REG",0.0134,0.0017,"ND",0.0028,5e-4,"ND",8e-4,0.009,"LOD",0.0124,0.3214,"REG",0.1171,0.0266,"REG",0.0104,0.0135,"REG",0.0033,0.1252,"REG",0.0307,0.24172105390379503,0.518,0.9168,"REG",1.7288,"REG",NA
"3","61st & Passyunk","stationary","39.91820446, -75.2085474",39.91820446,-75.2085474,"#00B9E3","Industrial","Industrial","High","Auto body shop, junkyard, gas station","HighT/I","P733864","P733864 052424 052224 61st DUP SS","P733864 052424 052224 61st DUP SS.D","2024-05-24","2024-05-22","duplicate","2024-05-15","2024-05-22",9850,2,"212024",1,0.7737,"REG",0.2922,0.2538,"REG",0.0959,0.0995,"REG",0.0365,0.1576,"REG",0.0571,0.4437,"REG",0.1759,0.0308,"LOD",0.0204,0.0155,"LOD",0.0157,0.0245,"LOD",0.0201,0.0606,"REG",0.0247,0.0306,"REG",0.0174,0.0753,"REG",0.0296,0.0308,"LOD",0.032,0.169,"REG",0.0684,0.2409,"REG",0.0657,0.0657,"REG",0.0381,0.0622,"REG",0.0288,0.0728,"REG",0.0415,0.0439,"LOD",0.0363,0.0846,"LOD",0.057,0.0923,"REG",0.042,0.0574,"REG",0.0298,0.1489,"REG",0.0425,0.1075,"REG",0.0541,0.3467,"REG",0.1238,0.6248,"REG",0.2311,1.6437,"REG",0.6049,0.2428,"ULOD",0.0906,0.4382,"REG",0.1677,0.0373,"REG",0.0193,0.0129,"LOD",0.0108,0.0035,"ND",0.0058,0.0017,"ND",0.0028,5e-4,"ND",8e-4,0.0203,"REG",0.0132,0.3214,"REG",0.1171,0.0266,"REG",0.0104,0.0135,"REG",0.0033,0.1059,"REG",0.026,0.24172105390379503,0.438,0.9313,"REG",1.7283,"REG",NA
"4","28th & Passyunk","stationary","39.92061091, -75.1955879",39.92061091,-75.1955879,"#00BA38","Industrial","Vacant","High","Oil terminal, gas station, former refinery site, natural gas terminal","HighT/I","P726612","P726612 072823 072623 28th & Passyunk 1WK DS","P726612 072823 072623 28th _ Passyunk 1WK DS.D","2023-07-28","2023-07-26","sample","2023-07-19","2023-07-26",9924,14.3,"302023",1,3.7496,"REG",1.416,0.557,"REG",0.2097,0.3963,"REG",0.1449,0.9859,"REG",0.335,1.0629,"REG",0.4214,0.3555,"REG",0.1145,0.3075,"REG",0.0997,0.2236,"LOD",0.0774,0.5562,"REG",0.1,0.1903,"LOD",0.0536,0.9006,"REG",0.3302,0.2183,"LOD",0.0871,0.9558,"REG",0.3864,1.0466,"REG",0.285,0.3586,"REG",0.1785,0.3746,"REG",0.1568,0.4335,"REG",0.1721,0.453,"REG",0.2067,0.905,"REG",0.2367,0.786,"REG",0.2704,0.5275,"REG",0.1794,1.0087,"REG",0.2514,1.4395,"REG",0.4979,2.548,"REG",0.8553,3.9164,"REG",1.4316,9.043,"REG",3.3011,0.569,"REG",0.2124,4.8537,"REG",1.7999,0.1425,"LOD",0.0543,0.0049,"ND",0.0082,0.092,"LOD",0.0359,0.0017,"ND",0.0028,5e-4,"ND",8e-4,0.04,"LOD",0.016,0.5183,"REG",0.188,0.0673,"REG",0.0257,0.032,"REG",0.0061,0.2059,"REG",0.0505,0.23991861960423025,0.858,4.7355,"REG",6.7517000000000005,"REG",NA
"4","28th & Passyunk","stationary","39.92061091, -75.1955879",39.92061091,-75.1955879,"#00BA38","Industrial","Vacant","High","Oil terminal, gas station, former refinery site, natural gas terminal","HighT/I","P726613","P726613 072823 072623 28th & Passyunk DUP 1WK DS","P726613 072823 072623 28th _ Passyunk DUP 1WK DS.D","2023-07-28","2023-07-26","duplicate","2023-07-19","2023-07-26",9924,14.3,"302023",1,3.6466,"REG",1.3771,0.557,"REG",0.2097,0.3963,"REG",0.1449,0.9859,"REG",0.335,1.0629,"REG",0.4214,0.3555,"REG",0.1145,0.3075,"REG",0.0997,0.1988,"LOD",0.0693,0.5309,"REG",0.0956,0.2175,"REG",0.0606,0.9006,"REG",0.3302,0.1747,"LOD",0.0719,0.9558,"REG",0.3864,1.0466,"REG",0.285,0.4272,"REG",0.2122,0.4046,"REG",0.1693,0.4335,"REG",0.1721,0.453,"REG",0.2067,0.809,"REG",0.2129,0.786,"REG",0.2704,0.5514,"REG",0.1874,0.9606,"REG",0.2395,1.4395,"REG",0.4979,2.548,"REG",0.8553,3.7686,"REG",1.3776,8.9058,"REG",3.251,0.5221,"REG",0.1949,4.7021,"REG",1.7436,0.1425,"LOD",0.0543,0.0049,"ND",0.0082,0.0684,"LOD",0.0271,0.0017,"ND",0.0028,5e-4,"ND",8e-4,0.04,"LOD",0.016,0.5183,"REG",0.188,0.0012,"ND",0.002,0.032,"REG",0.0061,0.2059,"REG",0.0505,0.23991861960423025,0.858,4.6325,"REG",6.6487,"REG",NA
"4","28th & Passyunk","stationary","39.92061091, -75.1955879",39.92061091,-75.1955879,"#00BA38","Industrial","Vacant","High","Oil terminal, gas station, former refinery site, natural gas terminal","HighT/I","P733893","P733893 120823 112923 28th & Passyunk SS","P733893 120823 112923 28th & Passyunk SS.D","2023-12-08","2023-11-29","sample","2023-11-22","2023-11-29",9989,2,"482023",1,1.0247,"REG",0.387,0.4223,"REG",0.1591,0.1186,"REG",0.0435,0.2092,"REG",0.0736,0.4562,"REG",0.1809,0.0532,"REG",0.0245,0.0305,"REG",0.0176,0.0311,"LOD",0.0209,0.0913,"REG",0.0272,0.0453,"REG",0.0194,0.1418,"REG",0.053,0.0425,"LOD",0.0335,0.248,"REG",0.1003,0.4064,"REG",0.1107,0.2102,"REG",0.1058,0.1694,"REG",0.0717,0.1445,"REG",0.0639,0.0433,"LOD",0.0358,0.1168,"REG",0.06,0.091,"REG",0.0414,0.1133,"REG",0.0443,0.2269,"REG",0.06,0.2591,"REG",0.0974,0.5006,"REG",0.173,0.8214,"REG",0.3022,2.3226,"REG",0.8511,0.3492,"ULOD",0.1303,0.5901,"REG",0.2226,0.0066,"ND",0.011,0.0101,"LOD",0.0103,0.0034,"ND",0.0057,0.0017,"ND",0.0028,5e-4,"ND",8e-4,0.0145,"LOD",0.0125,0.2881,"REG",0.1052,0.0374,"REG",0.0144,0.0133,"REG",0.0033,0.0953,"REG",0.0234,0.23835743126963468,0.4,1.2339,"REG",2.231,"REG",NA
"4","28th & Passyunk","stationary","39.92061091, -75.1955879",39.92061091,-75.1955879,"#00BA38","Industrial","Vacant","High","Oil terminal, gas station, former refinery site, natural gas terminal","HighT/I","P733894","P733894 120823 112923 28th & Passyunk DUP SS","P733894 120823 112923 28th & Passyunk DUP SS.D","2023-12-08","2023-11-29","duplicate","2023-11-22","2023-11-29",9989,2,"482023",1,0.9174,"REG",0.3465,0.4161,"REG",0.1568,0.1136,"REG",0.0417,0.1934,"REG",0.0685,0.4264,"REG",0.1691,0.0494,"REG",0.0236,0.0305,"REG",0.0176,0.0311,"LOD",0.0209,0.0843,"REG",0.0265,0.0378,"REG",0.0182,0.1251,"REG",0.047,0.0364,"LOD",0.0324,0.2351,"REG",0.0951,0.4064,"REG",0.1107,0.1769,"REG",0.0896,0.1527,"REG",0.0649,0.1397,"REG",0.0622,0.0379,"LOD",0.0346,0.1101,"REG",0.0592,0.1031,"REG",0.0446,0.1099,"REG",0.0433,0.2336,"REG",0.0616,0.2709,"REG",0.1012,0.525,"REG",0.181,0.8214,"REG",0.3022,2.1509,"REG",0.7888,0.3883,"ULOD",0.1449,0.6217,"REG",0.2341,0.0621,"REG",0.0265,0.0168,"REG",0.0113,0.0034,"ND",0.0057,0.0017,"ND",0.0028,0.0073,"REG",0.0026,0.0089,"LOD",0.0122,0.2881,"REG",0.1052,0.0374,"REG",0.0144,0.0133,"REG",0.0033,0.2431,"REG",0.0597,0.23835743126963468,1.02,1.1108,"REG",2.0669,"REG",NA
"5","28th & Point Breeze","stationary","39.92624784, -75.1923165",39.92624784,-75.1923165,"#00C19F","Non-Industrial","Residential","Low","Laundromat","LowT/NoI","P733859","P733859 082423 081623 Point Breeze Near SS","P733859 082423 081623 Point Breeze Near SS.D","2023-08-24","2023-08-16","sample","2023-08-09","2023-08-16",10200,1.3,"332023",1,0.5314,"REG",0.2007,0.1955,"REG",0.0741,0.0988,"REG",0.0363,0.1442,"REG",0.0526,0.3809,"REG",0.151,0.0339,"REG",0.0204,0.0072,"ND",0.012,0.0286,"REG",0.0202,0.071,"REG",0.0248,0.0282,"REG",0.0166,0.0783,"REG",0.0305,0.0386,"REG",0.0323,0.1621,"REG",0.0656,0.1676,"REG",0.0458,0.1038,"REG",0.0548,0.0766,"REG",0.0342,0.0822,"REG",0.0434,0.0936,"REG",0.0515,0.0255,"ND",0.0425,0.1197,"REG",0.0489,0.0657,"REG",0.0311,0.1232,"REG",0.0367,0.1611,"REG",0.0673,0.2875,"REG",0.1049,0.3007,"REG",0.1152,0.7949,"REG",0.2998,0.0636,"REG",0.0237,0.3891,"REG",0.1497,0.0417,"REG",0.0201,0.0086,"LOD",0.01,0.0506,"REG",0.0205,0.0016,"ND",0.0027,4e-4,"ND",7e-4,0.0212,"REG",0.013,0.165,"REG",0.0613,0.0298,"REG",0.0115,0.0142,"REG",0.0033,0.0394,"REG",0.0097,0.2334267040149393,0.169,0.6756,"REG",1.3508,"REG","Summer"
"5","28th & Point Breeze","stationary","39.92624784, -75.1923165",39.92624784,-75.1923165,"#00C19F","Non-Industrial","Residential","Low","Laundromat","LowT/NoI","P733860","P733860 082423 081623 Point Breeze Near DUP DS","P733860 082423 081623 Point Breeze Near DUP DS.D","2023-08-24","2023-08-16","duplicate","2023-08-09","2023-08-16",10200,14.3,"332023",1,0.9001,"REG",0.3399,0.3229,"REG",0.1218,0.1402,"REG",0.0514,0.2583,"LOD",0.0897,0.6222,"REG",0.2467,0.0532,"LOD",0.0242,0.0427,"LOD",0.0198,0.0483,"LOD",0.0241,0.1224,"LOD",0.0304,0.0523,"LOD",0.0204,0.1155,"LOD",0.0435,0.085,"LOD",0.043,0.2608,"REG",0.1055,0.2739,"REG",0.0747,0.1645,"LOD",0.0836,0.1297,"LOD",0.0554,0.1288,"LOD",0.0582,0.1418,"LOD",0.0704,0.1739,"LOD",0.0676,0.2124,"LOD",0.0775,0.14,"LOD",0.052,0.1869,"LOD",0.0507,0.2436,"LOD",0.0922,0.5129,"LOD",0.1768,0.6471,"REG",0.239,1.7295,"REG",0.6357,0.1567,"REG",0.0585,0.6641,"REG",0.2495,0.0637,"LOD",0.0269,0.0048,"ND",0.008,0.0903,"LOD",0.0353,0.0016,"ND",0.0027,4e-4,"ND",7e-4,0.0389,"LOD",0.0155,0.4034,"REG",0.1466,0.0655,"REG",0.025,0.0312,"REG",0.006,0.1335,"REG",0.0328,0.2334267040149393,0.5720000000000001,1.1583999999999999,"REG",2.2437000000000005,"REG","Summer"
"5","28th & Point Breeze","stationary","39.92624784, -75.1923165",39.92624784,-75.1923165,"#00C19F","Non-Industrial","Residential","Low","Laundromat","LowT/NoI","P733879","P733879 082523 082323 Point Breeze Near SS","P733879 082523 082323 Point Breeze Near SS.D","2023-08-25","2023-08-23","sample","2023-08-16","2023-08-23",10015,2,"342023",1,0.7477,"REG",0.2824,0.2964,"REG",0.1119,0.1498,"REG",0.0549,0.1997,"REG",0.0705,0.5821,"REG",0.2308,0.0417,"REG",0.0221,0.0304,"REG",0.0176,0.0344,"LOD",0.0215,0.087,"REG",0.0267,0.0333,"REG",0.0175,0.0818,"REG",0.0317,0.0424,"LOD",0.0334,0.189,"REG",0.0765,0.1797,"REG",0.0491,0.458,"REG",0.2274,0.3204,"REG",0.1342,0.1088,"REG",0.0519,0.1196,"REG",0.0617,0.1664,"REG",0.0671,0.115,"REG",0.0479,0.0764,"REG",0.0341,0.1265,"REG",0.0376,0.137,"REG",0.0611,0.2679,"REG",0.0992,0.297,"REG",0.1141,0.7925,"REG",0.2993,0.0658,"REG",0.0246,0.2523,"REG",0.1021,0.0631,"REG",0.0268,0.0134,"LOD",0.0108,0.0311,"REG",0.0138,0.0016,"ND",0.0027,5e-4,"ND",8e-4,0.0333,"REG",0.0148,0.1724,"REG",0.064,0.028,"REG",0.0109,0.0133,"REG",0.0032,0.038,"REG",0.0094,0.23773863015001306,0.16,0.9474,"REG",1.9757,"REG","Summer"
"5","28th & Point Breeze","stationary","39.92624784, -75.1923165",39.92624784,-75.1923165,"#00C19F","Non-Industrial","Residential","Low","Laundromat","LowT/NoI","P733880","P733880 082523 082323 Point Breeze Near DUP SS","P733880 082523 082323 Point Breeze Near DUP SS.D","2023-08-25","2023-08-23","duplicate","2023-08-16","2023-08-23",10015,2,"342023",1,0.7833,"REG",0.2959,0.2652,"REG",0.1002,0.1548,"REG",0.0567,0.205,"REG",0.0723,0.5949,"REG",0.2359,0.0455,"REG",0.0228,0.0073,"ND",0.0122,0.0344,"LOD",0.0215,0.0905,"REG",0.027,0.0295,"REG",0.017,0.0901,"REG",0.0346,0.0484,"LOD",0.0345,0.1503,"REG",0.0609,0.1664,"REG",0.0455,0.1205,"REG",0.0627,0.0749,"REG",0.0336,0.0893,"REG",0.0458,0.1088,"REG",0.0575,0.1398,"REG",0.063,0.121,"REG",0.0496,0.0731,"REG",0.0332,0.1198,"REG",0.0362,0.1488,"REG",0.0643,0.2801,"REG",0.1029,0.2765,"REG",0.107,0.7734,"REG",0.2926,0.0615,"REG",0.023,0.2628,"REG",0.1057,0.0066,"ND",0.011,0.0049,"ND",0.0081,0.0311,"REG",0.0138,0.0016,"ND",0.0027,0.011,"REG",0.0037,0.0333,"REG",0.0148,0.1868,"REG",0.0691,0.028,"REG",0.0109,0.0089,"REG",0.0027,0.0333,"REG",0.0083,0.23773863015001306,0.14,0.9883,"REG",2.0032,"REG","Summer"
"5","28th & Point Breeze","stationary","39.92624784, -75.1923165",39.92624784,-75.1923165,"#00C19F","Non-Industrial","Residential","Low","Laundromat","LowT/NoI","P726643","P726643 120923 120623 Point Breeze Near SS","P726643 120923 120623 Point Breeze Near SS.D","2023-12-09","2023-12-06","sample","2023-11-29","2023-12-06",10208,2,"492023",1,1.1497,"REG",0.4342,0.5235,"REG",0.1971,0.17,"REG",0.0622,0.2356,"REG",0.0822,0.7591,"REG",0.301,0.0483,"REG",0.0231,0.0299,"REG",0.0172,0.0372,"REG",0.0217,0.0962,"REG",0.0273,0.0407,"REG",0.0184,0.1225,"REG",0.046,0.0534,"LOD",0.0351,0.3122,"REG",0.1263,0.5022,"REG",0.1368,0.1684,"REG",0.0855,0.1086,"REG",0.0469,0.1319,"REG",0.0592,0.0582,"REG",0.0394,0.1274,"REG",0.0604,0.1009,"REG",0.0437,0.0945,"REG",0.0387,0.2678,"REG",0.0695,0.2074,"REG",0.081,0.5973,"REG",0.2045,0.8339,"REG",0.3067,2.3847,"REG",0.8735,0.3388,"ULOD",0.1265,0.5156,"REG",0.1953,0.0833,"REG",0.0334,0.023,"REG",0.0124,0.0034,"ND",0.0056,0.0016,"ND",0.0027,4e-4,"ND",7e-4,0.0196,"LOD",0.0128,0.2537,"REG",0.0928,0.0458,"REG",0.0175,0.0435,"REG",0.008,0.084,"REG",0.0206,0.23324376772652636,0.36,1.3853,"REG",2.8378999999999994,"REG",NA
"5","28th & Point Breeze","stationary","39.92624784, -75.1923165",39.92624784,-75.1923165,"#00C19F","Non-Industrial","Residential","Low","Laundromat","LowT/NoI","P726644","P726644 120923 120623 Point Breeze Near DUP SS","P726644 120923 120623 Point Breeze Near DUP SS.D","2023-12-09","2023-12-06","duplicate","2023-11-29","2023-12-06",10208,2,"492023",1,1.1077,"REG",0.4183,0.5296,"REG",0.1994,0.1651,"REG",0.0604,0.2305,"REG",0.0805,0.7424,"REG",0.2944,0.0446,"REG",0.0224,0.0299,"REG",0.0172,0.0338,"LOD",0.0211,0.0928,"REG",0.0269,0.0481,"REG",0.0197,0.1143,"REG",0.0431,0.0534,"LOD",0.0351,0.2996,"REG",0.1212,0.4957,"REG",0.135,0.1777,"REG",0.09,0.1045,"REG",0.0452,0.1319,"REG",0.0592,0.053,"LOD",0.0379,0.1339,"REG",0.0613,0.095,"REG",0.0421,0.088,"REG",0.0369,0.2612,"REG",0.068,0.2074,"REG",0.081,0.5615,"REG",0.1927,0.8138,"REG",0.2994,2.3287,"REG",0.8532,0.3133,"ULOD",0.117,0.5053,"REG",0.1916,0.1171,"REG",0.0452,0.0296,"REG",0.014,0.0096,"LOD",0.0077,0.0016,"ND",0.0027,0.0108,"REG",0.0037,0.0196,"LOD",0.0128,0.2537,"REG",0.0928,0.0458,"REG",0.0175,0.0435,"REG",0.008,0.0793,"REG",0.0195,0.23324376772652636,0.34,1.3381999999999998,"REG",2.7752999999999997,"REG",NA
"5","28th & Point Breeze","stationary","39.92624784, -75.1923165",39.92624784,-75.1923165,"#00C19F","Non-Industrial","Residential","Low","Laundromat","LowT/NoI","P733882","P733882 012624 012424 Point Breeze Near SS","P733882 012624 012424 Point Breeze Near SS.D","2024-01-26","2024-01-24","sample","2024-01-17","2024-01-24",9640,2,"42024",1,0.8336,"REG",0.3148,0.6321,"REG",0.238,0.14,"REG",0.0513,0.1698,"REG",0.0611,0.7747,"REG",0.3072,0.0394,"REG",0.0222,0.0253,"LOD",0.0172,0.0322,"LOD",0.0217,0.0793,"REG",0.0267,0.0309,"REG",0.0177,0.0856,"REG",0.0332,0.044,"LOD",0.0347,0.2811,"REG",0.1137,0.4571,"REG",0.1245,0.0904,"REG",0.0491,0.0782,"REG",0.035,0.086,"REG",0.0456,0.0247,"LOD",0.0331,0.0809,"LOD",0.0578,0.1446,"REG",0.057,0.0839,"REG",0.0366,0.5083,"REG",0.1281,0.177,"REG",0.0731,1.0576,"REG",0.3572,0.8192,"REG",0.3016,2.3138,"REG",0.8482,0.2845,"ULOD",0.1062,0.6082,"REG",0.2295,0.1276,"REG",0.0491,0.0418,"REG",0.0176,0.0146,"REG",0.0091,0.0017,"ND",0.0029,0.0114,"REG",0.0039,0.0092,"LOD",0.0126,0.3433,"REG",0.1251,0.0436,"REG",0.0167,0.0217,"REG",0.0045,0.3008,"REG",0.0738,0.2469867615095831,1.218,1.0034,"REG",2.5502000000000002,"REG","Winter"
"5","28th & Point Breeze","stationary","39.92624784, -75.1923165",39.92624784,-75.1923165,"#00C19F","Non-Industrial","Residential","Low","Laundromat","LowT/NoI","P733883","P733883 012624 012424 Point Breeze Near DUP DUP SS","P733883 012624 012424 Point Breeze Near DUP SS.D","2024-01-26","2024-01-24","duplicate","2024-01-17","2024-01-24",9640,2,"42024",1,0.8262,"REG",0.312,0.6127,"REG",0.2306,0.1349,"REG",0.0494,0.1807,"REG",0.0646,0.7703,"REG",0.3054,0.0394,"REG",0.0222,0.0221,"LOD",0.0168,0.0322,"LOD",0.0217,0.0793,"REG",0.0267,0.0309,"REG",0.0177,0.0769,"REG",0.0302,0.0377,"LOD",0.0336,0.2811,"REG",0.1137,0.3603,"REG",0.0982,0.1003,"REG",0.0536,0.0869,"REG",0.0384,0.086,"REG",0.0456,0.0247,"LOD",0.0331,0.0809,"LOD",0.0578,0.1383,"REG",0.0551,0.0735,"REG",0.0339,0.4046,"REG",0.1027,0.1648,"REG",0.0696,1.007,"REG",0.3404,0.6916,"REG",0.2554,1.9581,"REG",0.7191,0.28,"ULOD",0.1045,0.5973,"REG",0.2255,0.0918,"REG",0.0366,0.0348,"REG",0.0157,0.0112,"REG",0.0083,0.0017,"ND",0.0029,0.0095,"REG",0.0033,0.015,"LOD",0.013,0.3134,"REG",0.1143,0.0339,"REG",0.0131,0.0217,"REG",0.0045,0.2811,"REG",0.069,0.2469867615095831,1.138,1.0069000000000001,"REG",2.5248,"REG","Winter"
"5","28th & Point Breeze","stationary","39.92624784, -75.1923165",39.92624784,-75.1923165,"#00C19F","Non-Industrial","Residential","Low","Laundromat","LowT/NoI","P726650","P726650 042624 041724 Point Breeze Near SS","P726650 042624 041724 Point Breeze Near SS.D","2024-04-26","2024-04-17","sample","2024-04-10","2024-04-17",9454,2,"162024",1,0.6875,"REG",0.2597,0.2876,"REG",0.1086,0.0932,"REG",0.0343,0.1434,"REG",0.0529,0.3674,"REG",0.1457,0.0321,"LOD",0.0213,0.0193,"LOD",0.0167,0.0255,"LOD",0.021,0.0557,"REG",0.0252,0.0279,"LOD",0.0177,0.0793,"REG",0.0311,0.0321,"LOD",0.0333,0.1484,"REG",0.0601,0.2071,"REG",0.0566,0.0995,"REG",0.0534,0.065,"REG",0.0301,0.0593,"REG",0.0391,0.0286,"LOD",0.0343,0.0652,"LOD",0.0575,0.1026,"REG",0.0454,0.0845,"REG",0.037,0.1402,"REG",0.0411,0.1244,"REG",0.0594,0.3225,"REG",0.1169,0.5302,"REG",0.1973,1.365,"REG",0.5048,0.1789,"REG",0.0668,0.3897,"REG",0.1509,0.0897,"REG",0.036,0.0142,"LOD",0.0114,0.0069,"LOD",0.0078,0.0017,"ND",0.0029,0.0097,"REG",0.0033,0.0132,"LOD",0.0131,0.3348,"REG",0.122,0.0297,"REG",0.0115,0.047,"REG",0.0087,0.1108,"REG",0.0272,0.25184603141023704,0.44,0.8309,"REG",1.5791,"REG",NA
"5","28th & Point Breeze","stationary","39.92624784, -75.1923165",39.92624784,-75.1923165,"#00C19F","Non-Industrial","Residential","Low","Laundromat","LowT/NoI","P726654","P726654 042624 041724 Point Breeze Near Dup SS","P726654 042624 041724 Point Breeze Near Dup SS.D","2024-04-26","2024-04-17","duplicate","2024-04-10","2024-04-17",9454,2,"162024",1,0.6951,"REG",0.2625,0.2876,"REG",0.1086,0.0985,"REG",0.0362,0.1434,"REG",0.0529,0.3719,"REG",0.1475,0.0281,"LOD",0.0207,0.0193,"LOD",0.0167,0.0219,"LOD",0.0205,0.0557,"REG",0.0252,0.0279,"LOD",0.0177,0.0793,"REG",0.0311,0.0321,"LOD",0.0333,0.1416,"REG",0.0574,0.2142,"REG",0.0585,0.0441,"REG",0.03,0.0474,"REG",0.0237,0.0593,"REG",0.0391,0.0286,"LOD",0.0343,0.0582,"LOD",0.057,0.1026,"REG",0.0454,0.0774,"REG",0.0352,0.1472,"REG",0.0426,0.112,"REG",0.0564,0.3354,"REG",0.1209,0.5519,"REG",0.2051,1.3449,"REG",0.4975,0.2057,"REG",0.0768,0.3897,"REG",0.1509,0.0532,"REG",0.0241,0.0142,"LOD",0.0114,0.0036,"ND",0.0061,0.0017,"ND",0.0029,5e-4,"ND",8e-4,0.0132,"LOD",0.0131,0.3348,"REG",0.122,0.0297,"REG",0.0115,0.0423,"REG",0.0079,0.1158,"REG",0.0284,0.25184603141023704,0.46,0.8385,"REG",1.5965,"REG",NA
"5","28th & Point Breeze","stationary","39.92624784, -75.1923165",39.92624784,-75.1923165,"#00C19F","Non-Industrial","Residential","Low","Laundromat","LowT/NoI","P726601","P726601 062124 061924 Pt B Near SS","P726601 062124 061924 Pt B Near SS.D","2024-06-21","2024-06-19","sample","2024-06-12","2024-06-19",10178,2,"252024",1,0.506,"REG",0.1911,0.1566,"REG",0.0596,0.068,"REG",0.0251,0.10780000000000001,"REG",0.0414,0.2444,"REG",0.0969,0.0296,"LOD",0.0197,0.018,"LOD",0.0155,0.0237,"LOD",0.0195,0.0483,"REG",0.0231,0.0221,"LOD",0.016,0.0806,"REG",0.0313,0.0298,"LOD",0.031,0.1246,"REG",0.0505,0.1448,"REG",0.0396,0.0657,"REG",0.0378,0.0549,"REG",0.0259,0.0669,"REG",0.0392,0.0478,"LOD",0.0365,0.0956,"REG",0.0566,0.0893,"REG",0.0407,0.0458,"REG",0.0268,0.1048,"REG",0.033,0.1156,"REG",0.0552,0.2516,"REG",0.0939,0.2716,"REG",0.1052,0.7486,"REG",0.2835,0.0598,"REG",0.0223,0.3827,"REG",0.1475,0.0065,"ND",0.0108,0.0066,"LOD",0.0098,0.0448,"REG",0.0184,0.0016,"ND",0.0027,0.0086,"REG",0.003,0.0235,"REG",0.0132,0.1838,"REG",0.068,0.0184,"REG",0.0073,0.0087,"REG",0.0027,0.0281,"REG",0.007,0.23393126163808026,0.12,0.6138,"REG",1.0828000000000002,"REG",NA
"5","28th & Point Breeze","stationary","39.92624784, -75.1923165",39.92624784,-75.1923165,"#00C19F","Non-Industrial","Residential","Low","Laundromat","LowT/NoI","P726644","P726644 062124 061924 Pt B Near DUP SS","P726644 062124 061924 Pt B Near DUP SS.D","2024-06-21","2024-06-19","duplicate","2024-06-12","2024-06-19",10177,2,"252024",1,0.5131,"REG",0.1938,0.1812,"REG",0.0688,0.068,"REG",0.0251,0.10780000000000001,"REG",0.0414,0.2569,"REG",0.1019,0.0334,"LOD",0.0203,0.018,"LOD",0.0155,0.0237,"LOD",0.0195,0.0483,"REG",0.0232,0.0258,"LOD",0.0164,0.0807,"REG",0.0313,0.0298,"LOD",0.031,0.1309,"REG",0.053,0.1513,"REG",0.0414,0.1079,"REG",0.0567,0.0671,"REG",0.0305,0.0717,"REG",0.0405,0.0531,"LOD",0.038,0.1022,"REG",0.0574,0.0953,"REG",0.0422,0.0425,"LOD",0.0262,0.1048,"REG",0.033,0.1272,"REG",0.0581,0.2636,"REG",0.0976,0.2918,"REG",0.1121,0.7861,"REG",0.2967,0.0619,"REG",0.0231,0.4034,"REG",0.1549,0.0757,"REG",0.0308,0.0132,"LOD",0.0106,0.0512,"REG",0.0208,0.0016,"ND",0.0027,0.0086,"REG",0.003,0.0289,"REG",0.014,0.1838,"REG",0.068,0.0184,"REG",0.0073,0.0087,"REG",0.0027,0.0328,"REG",0.0081,0.23395424790727926,0.14,0.6209,"REG",1.1270000000000002,"REG",NA
"6","25th & Point Breeze","stationary","39.92771763, -75.1873965",39.92771763,-75.1873965,"#D39200","Industrial","Institution","Low","Auto body shop, junkyard","LowT/I","P733867","P733867 090723 083023 Point Breeze mid SS","P733867 090723 083023 Point Breeze mid SS.D","2023-09-07","2023-08-30","sample","2023-08-23","2023-08-30",10018,2,"352023",1,0.4492,"REG",0.1697,0.2059,"REG",0.078,0.0844,"REG",0.031,0.1204,"REG",0.0453,0.3398,"REG",0.1348,0.0303,"LOD",0.0201,0.0213,"LOD",0.0161,0.0189,"LOD",0.0192,0.0525,"REG",0.0237,0.0264,"LOD",0.0167,0.0665,"REG",0.0265,0.0297,"LOD",0.0314,0.1299,"REG",0.0526,0.1603,"REG",0.0438,0.0265,"REG",0.0235,0.0343,"REG",0.0189,0.0544,"REG",0.0365,0.0504,"LOD",0.0376,0.0871,"REG",0.0565,0.0786,"REG",0.0383,0.0653,"REG",0.0313,0.1664,"REG",0.0462,0.1282,"REG",0.0588,0.3895,"REG",0.1372,0.3054,"REG",0.1171,0.8366,"REG",0.3149,0.0658,"REG",0.0246,0.3362,"REG",0.1312,0.0621,"REG",0.0265,0.0106,"LOD",0.0104,0.0551,"REG",0.0222,0.0016,"ND",0.0027,5e-4,"ND",8e-4,0.0153,"LOD",0.0126,0.2011,"REG",0.0741,0.0187,"REG",0.0075,0.0089,"REG",0.0027,0.057,"REG",0.014,0.23766743670916163,0.24,0.5696,"REG",1.1997,"REG","Summer"
"6","25th & Point Breeze","stationary","39.92771763, -75.1873965",39.92771763,-75.1873965,"#D39200","Industrial","Institution","Low","Auto body shop, junkyard","LowT/I","P733868","P733868 090723 083023 Point Breeze mid Dup SS","P733868 090723 083023 Point Breeze mid Dup.D","2023-09-07","2023-08-30","duplicate","2023-08-23","2023-08-30",10018,2,"352023",1,0.9269,"REG",0.3501,0.4242,"REG",0.1598,0.1793,"REG",0.0656,0.2412,"REG",0.0842,0.6881,"REG",0.2729,0.0492,"REG",0.0236,0.0396,"REG",0.0193,0.0361,"REG",0.0218,0.1051,"REG",0.0286,0.0414,"REG",0.0188,0.1165,"REG",0.0439,0.06,"REG",0.037,0.2973,"REG",0.1202,0.3399,"REG",0.0927,0.1739,"REG",0.0882,0.1217,"REG",0.0522,0.1079,"REG",0.0516,0.1097,"REG",0.0579,0.1869,"REG",0.0705,0.1633,"REG",0.0622,0.1284,"REG",0.0487,0.346,"REG",0.0884,0.2926,"REG",0.1081,0.7791,"REG",0.2646,0.6433,"REG",0.2377,1.7302,"REG",0.6361,0.1077,"REG",0.0402,0.704,"REG",0.2642,0.0851,"REG",0.0341,0.0173,"REG",0.0114,0.1173,"REG",0.0455,0.0016,"ND",0.0027,5e-4,"ND",8e-4,0.0263,"REG",0.0138,0.3878,"REG",0.141,0.0466,"REG",0.0179,0.0177,"REG",0.0039,0.1141,"REG",0.028,0.23766743670916163,0.48,1.1681,"REG",2.4597,"REG","Summer"
"6","25th & Point Breeze","stationary","39.92771763, -75.1873965",39.92771763,-75.1873965,"#D39200","Industrial","Institution","Low","Auto body shop, junkyard","LowT/I","P726643","P726643 090823 090623 Point Breeze mid SS","P726643 090823 090623 Point Breeze mid SS.D","2023-09-08","2023-09-06","sample","2023-08-30","2023-09-06",10034,2,"362023",1,0.5624,"REG",0.2124,0.1931,"REG",0.0732,0.0992,"REG",0.0364,0.1517,"REG",0.0551,0.4114,"REG",0.1631,0.034,"LOD",0.0207,0.0273,"LOD",0.017,0.0223,"LOD",0.0195,0.0664,"REG",0.0248,0.0263,"LOD",0.0166,0.0831,"REG",0.0322,0.0297,"LOD",0.0313,0.1425,"REG",0.0577,0.1799,"REG",0.0492,0.036,"REG",0.0264,0.0384,"REG",0.0202,0.064,"REG",0.0388,0.0149,"ND",0.0249,0.1002,"REG",0.0578,0.1027,"REG",0.0444,0.0719,"REG",0.0329,0.1528,"REG",0.0432,0.1514,"REG",0.065,0.3403,"REG",0.1216,0.3561,"REG",0.1348,1.0061,"REG",0.3751,0.0189,"REG",0.0071,0.3882,"REG",0.1496,0.0391,"REG",0.0196,0.0048,"ND",0.0081,0.0419,"REG",0.0175,0.0016,"ND",0.0027,5e-4,"ND",8e-4,0.0208,"LOD",0.0131,0.1864,"REG",0.0689,0.0186,"REG",0.0074,0.0133,"REG",0.0032,0.0427,"REG",0.0105,0.23728845734028114,0.18,0.7141,"REG",1.4178,"REG","Summer"
"6","25th & Point Breeze","stationary","39.92771763, -75.1873965",39.92771763,-75.1873965,"#D39200","Industrial","Institution","Low","Auto body shop, junkyard","LowT/I","P726610","P726610 090823 090623 Point Breeze mid SS DUP","P726610 090823 090623 Point Breeze mid SS DUP.D","2023-09-08","2023-09-06","duplicate","2023-08-30","2023-09-06",10035,2,"362023",1,0.5766,"REG",0.2178,0.2055,"REG",0.0779,0.1042,"REG",0.0382,0.1622,"REG",0.0584,0.4198,"REG",0.1665,0.0378,"REG",0.0213,0.0273,"LOD",0.017,0.0223,"LOD",0.0195,0.0699,"REG",0.0251,0.0301,"REG",0.0171,0.083,"REG",0.0322,0.0357,"LOD",0.0322,0.1425,"REG",0.0577,0.1799,"REG",0.0492,0.0028,"REG",0.0195,0.026,"REG",0.0163,0.0591,"REG",0.0376,0.0557,"REG",0.039,0.0803,"LOD",0.0557,0.1087,"REG",0.0461,0.0685,"REG",0.0321,0.1594,"REG",0.0446,0.1514,"REG",0.065,0.3646,"REG",0.1292,0.3458,"REG",0.1312,0.968,"REG",0.3615,0.0477,"REG",0.0178,0.3881,"REG",0.1496,0.0066,"ND",0.011,0.0048,"ND",0.0081,0.0485,"REG",0.0198,0.0016,"ND",0.0027,5e-4,"ND",8e-4,0.0208,"LOD",0.0131,0.1864,"REG",0.0689,0.0186,"REG",0.0074,0.0133,"REG",0.0032,0.0237,"REG",0.0059,0.23726481125584264,0.1,0.7388,"REG",1.4682999999999997,"REG","Summer"
"6","25th & Point Breeze","stationary","39.92771763, -75.1873965",39.92771763,-75.1873965,"#D39200","Industrial","Institution","Low","Auto body shop, junkyard","LowT/I","P733845","P733845 122123 121323 Point Breeze Mid SS","P733845 122123 121323 Point Breeze Mid SS.D","2023-12-21","2023-12-13","sample","2023-12-06","2023-12-13",9419,2,"502023",1,1.2915,"REG",0.4877,0.5275,"REG",0.1987,0.1895,"REG",0.0694,0.2721,"REG",0.0946,0.8995,"REG",0.3567,0.0524,"REG",0.0251,0.0324,"REG",0.0187,0.0403,"REG",0.0235,0.108,"REG",0.03,0.0481,"REG",0.0206,0.1239,"REG",0.0467,0.0515,"LOD",0.0367,0.3521,"REG",0.1424,0.5514,"REG",0.1502,0.1421,"REG",0.0733,0.0867,"REG",0.0385,0.1481,"REG",0.0659,0.0574,"LOD",0.0411,0.1309,"REG",0.0645,0.1094,"REG",0.0473,0.1519,"REG",0.0565,0.5733,"REG",0.1441,0.1874,"REG",0.0766,1.1523,"REG",0.3889,1.0889,"REG",0.3997,2.9282,"REG",1.0718,0.497,"ULOD",0.1855,0.6147,"REG",0.232,0.0903,"REG",0.0362,0.0321,"REG",0.0151,0.0037,"ND",0.0061,0.0018,"ND",0.0029,5e-4,"ND",8e-4,0.0271,"REG",0.0145,0.3972,"REG",0.1445,0.0496,"REG",0.019,0.0189,"REG",0.0041,0.2224,"REG",0.0546,0.2527818644179192,0.88,1.5636,"REG",3.1801000000000004,"REG","Winter"
"6","25th & Point Breeze","stationary","39.92771763, -75.1873965",39.92771763,-75.1873965,"#D39200","Industrial","Institution","Low","Auto body shop, junkyard","LowT/I","P733854","P733854 122123 121323 Point Breeze Mid DUP SS","P733854 122123 121323 Point Breeze Mid DUP SS.D","2023-12-21","2023-12-13","duplicate","2023-12-06","2023-12-13",9419,2,"502023",1,1.2308,"REG",0.4648,0.5143,"REG",0.1937,0.1842,"REG",0.0674,0.2554,"REG",0.0891,0.8679,"REG",0.3441,0.0483,"REG",0.0242,0.0291,"LOD",0.0181,0.0403,"REG",0.0235,0.1006,"REG",0.0292,0.0441,"REG",0.02,0.115,"REG",0.0436,0.0515,"LOD",0.0367,0.3315,"REG",0.1341,0.5372,"REG",0.1463,0.1471,"REG",0.0757,0.0823,"REG",0.0367,0.1429,"REG",0.0642,0.0516,"LOD",0.0395,0.1309,"REG",0.0645,0.103,"REG",0.0456,0.1413,"REG",0.0532,0.545,"REG",0.1371,0.1874,"REG",0.0766,1.0876,"REG",0.3673,1.0562,"REG",0.3878,2.8271,"REG",1.035,0.4939,"ULOD",0.1844,0.6035,"REG",0.2279,0.0781,"REG",0.0321,0.0249,"REG",0.0134,0.0037,"ND",0.0061,0.0018,"ND",0.0029,5e-4,"ND",8e-4,0.0271,"REG",0.0145,0.3819,"REG",0.139,0.0397,"REG",0.0153,0.0189,"REG",0.0041,0.2123,"REG",0.0521,0.2527818644179192,0.84,1.4862,"REG",3.0526,"REG","Winter"
"6","25th & Point Breeze","stationary","39.92771763, -75.1873965",39.92771763,-75.1873965,"#D39200","Industrial","Institution","Low","Auto body shop, junkyard","LowT/I","P726620","P726620 122123 122023 Point Breeze Mid SS","P726620 122123 122023 Point Breeze Mid SS.D","2023-12-21","2023-12-20","sample","2023-12-13","2023-12-20",9866,2,"512023",1,1.3995,"REG",0.5285,0.4466,"REG",0.1682,0.1911,"REG",0.0699,0.2865,"REG",0.0992,0.7854,"REG",0.3114,0.05,"REG",0.0239,0.0278,"LOD",0.0173,0.0384,"REG",0.0225,0.0996,"REG",0.0283,0.0421,"REG",0.0191,0.1183,"REG",0.0446,0.0491,"LOD",0.035,0.2642,"REG",0.1069,0.3912,"REG",0.1066,0.1742,"REG",0.0884,0.0659,"REG",0.0302,0.1513,"REG",0.0664,0.0438,"LOD",0.0363,0.152,"REG",0.0654,0.086,"REG",0.0404,0.1079,"REG",0.0429,0.3919,"REG",0.0996,0.1312,"REG",0.06,0.7911,"REG",0.2686,0.8005,"REG",0.2947,2.1778,"REG",0.7986,0.3755,"ULOD",0.1402,0.4054,"REG",0.156,0.1328,"REG",0.0509,0.0442,"REG",0.0182,0.0133,"LOD",0.0086,0.0017,"ND",0.0028,0.0112,"REG",0.0038,0.0203,"LOD",0.0132,0.3792,"REG",0.1379,0.0379,"REG",0.0146,0.027,"REG",0.0053,0.251,"REG",0.0616,0.24132904732945273,1.04,1.686,"REG",3.1090999999999998,"REG","Winter"
"6","25th & Point Breeze","stationary","39.92771763, -75.1873965",39.92771763,-75.1873965,"#D39200","Industrial","Institution","Low","Auto body shop, junkyard","LowT/I","P726650","P726650 122123 122023 Point Breeze Mid DUP SS","P726650 122123 122023 Point Breeze Mid DUP SS.D","2023-12-21","2023-12-20","duplicate","2023-12-13","2023-12-20",9867,2,"512023",1,1.3776,"REG",0.5203,0.4402,"REG",0.1658,0.186,"REG",0.0681,0.2811,"REG",0.0974,0.7681,"REG",0.3046,0.0462,"REG",0.0231,0.0247,"LOD",0.0168,0.0384,"REG",0.0224,0.096,"REG",0.0279,0.0421,"REG",0.019,0.1098,"REG",0.0416,0.0491,"LOD",0.035,0.2511,"REG",0.1016,0.3777,"REG",0.1029,0.126,"REG",0.0654,0.0532,"REG",0.0255,0.1414,"REG",0.063,0.0383,"LOD",0.035,0.1318,"REG",0.0625,0.086,"REG",0.0404,0.1012,"REG",0.0409,0.3784,"REG",0.0963,0.1312,"REG",0.0599,0.7663,"REG",0.2604,0.79,"REG",0.2909,2.1582,"REG",0.7915,0.3901,"ULOD",0.1456,0.4161,"REG",0.1598,0.1328,"REG",0.0509,0.0442,"REG",0.0182,0.0133,"LOD",0.0086,0.0017,"ND",0.0028,0.0112,"REG",0.0038,0.0203,"LOD",0.0132,0.35,"REG",0.1274,0.0379,"REG",0.0146,0.027,"REG",0.0053,0.2413,"REG",0.0592,0.24130458913067612,1,1.6587,"REG",3.0529999999999995,"REG","Winter"
"6","25th & Point Breeze","stationary","39.92771763, -75.1873965",39.92771763,-75.1873965,"#D39200","Industrial","Institution","Low","Auto body shop, junkyard","LowT/I","P733864","P733864 022924 022124 Point Breeze Mid DUP SS","P733864 022924 022124 Point Breeze Mid DUP SS .D","2024-02-29","2024-02-21","duplicate","2024-02-21","2024-02-28",10101,2,"92024",1,0.6342,"REG",0.2396,0.4053,"REG",0.1527,0.0928,"REG",0.0341,0.1345,"REG",0.0496,0.4768,"REG",0.1891,0.0225,"LOD",0.0189,0.0151,"LOD",0.0153,0.0205,"LOD",0.0192,0.0521,"REG",0.0236,0.0262,"LOD",0.0165,0.0578,"REG",0.0235,0.024,"LOD",0.0305,0.1545,"REG",0.0626,0.2483,"REG",0.0677,0.0239,"REG",0.0226,0.0348,"REG",0.0189,0.0495,"REG",0.0352,0.0207,"LOD",0.0311,0.052,"LOD",0.0532,0.042,"LOD",0.0306,0.0494,"REG",0.0277,0.1316,"REG",0.0386,0.0924,"REG",0.0499,0.2898,"REG",0.1057,0.3655,"REG",0.1381,1.0371,"REG",0.3861,0.0702,"REG",0.0262,0.1765,"REG",0.077,0.0334,"REG",0.018,0.0048,"ND",0.008,0.0034,"ND",0.0057,0.0016,"ND",0.0027,5e-4,"ND",8e-4,0.0199,"REG",0.0129,0.2422,"REG",0.0887,0.0347,"REG",0.0134,0.0176,"REG",0.0038,0.0801,"REG",0.0197,0.23571452142880714,0.34,0.7686999999999999,"REG",1.7436,"REG",NA
"6","25th & Point Breeze","stationary","39.92771763, -75.1873965",39.92771763,-75.1873965,"#D39200","Industrial","Institution","Low","Auto body shop, junkyard","LowT/I","P733860","P733860 030124 022824 Point Breeze Mid SS","P733860 030124 022824 Point Breeze Mid SS.D","2024-03-01","2024-02-28","sample","2024-02-21","2024-02-28",10101,2,"92024",1,0.5989,"REG",0.2262,0.3929,"REG",0.1481,0.0879,"REG",0.0323,0.1293,"REG",0.048,0.4516,"REG",0.1791,0.0263,"LOD",0.0194,0.0121,"LOD",0.015,0.0205,"LOD",0.0192,0.0486,"REG",0.0233,0.0224,"LOD",0.0161,0.0578,"REG",0.0235,0.024,"LOD",0.0305,0.1673,"REG",0.0677,0.2351,"REG",0.0642,0.2077,"REG",0.1046,0.1008,"REG",0.0438,0.0592,"REG",0.0374,0.0154,"LOD",0.0305,0.0586,"LOD",0.0536,0.042,"LOD",0.0306,0.0494,"REG",0.0277,0.125,"REG",0.0372,0.0924,"REG",0.0499,0.2777,"REG",0.102,0.3249,"REG",0.1238,0.9617,"REG",0.3592,0.0738,"REG",0.0275,0.1661,"REG",0.0738,0.0448,"REG",0.0211,0.0048,"ND",0.008,0.0034,"ND",0.0057,0.0016,"ND",0.0027,5e-4,"ND",8e-4,0.0199,"REG",0.0129,0.2279,"REG",0.0836,0.0347,"REG",0.0134,0.0176,"REG",0.0038,0.066,"REG",0.0162,0.23571452142880714,0.28,0.7282,"REG",1.6605999999999999,"REG",NA
"6","25th & Point Breeze","stationary","39.92771763, -75.1873965",39.92771763,-75.1873965,"#D39200","Industrial","Institution","Low","Auto body shop, junkyard","LowT/I","P733893","P733893 042624 042424 Point Breeze Mid SS RENAME","P733893 042624 042424 Point Breeze Mid SS RENAME.D","2024-04-26","2024-04-24","sample","2024-04-17","2024-04-24",9783,2,"172024",1,0.6133,"REG",0.2317,0.2715,"REG",0.1026,0.0799,"REG",0.0294,0.1224,"REG",0.0462,0.3855,"REG",0.1529,0.0272,"LOD",0.02,0.0156,"LOD",0.0158,0.0211,"LOD",0.0198,0.0466,"REG",0.0239,0.0231,"LOD",0.0166,0.0681,"REG",0.0271,0.0248,"LOD",0.0315,0.1302,"REG",0.0528,0.1865,"REG",0.051,0.0426,"REG",0.029,0.0415,"REG",0.0214,0.0573,"REG",0.0378,0.0221,"LOD",0.0322,0.0562,"LOD",0.0551,0.0558,"REG",0.0338,0.0544,"REG",0.0293,0.1423,"REG",0.0412,0.0962,"REG",0.0517,0.3241,"REG",0.1169,0.4285,"REG",0.1607,1.1049,"REG",0.4109,0.1226,"REG",0.0458,0.312,"REG",0.1231,0.0397,"REG",0.0199,0.0137,"LOD",0.011,0.0035,"ND",0.0059,0.0017,"ND",0.0028,0.0075,"REG",0.0026,0.0185,"LOD",0.0131,0.353,"REG",0.1285,0.0287,"REG",0.0111,0.0136,"REG",0.0033,0.1509,"REG",0.037,0.24337650832591037,0.62,0.7356999999999999,"REG",1.4726000000000001,"REG",NA
"6","25th & Point Breeze","stationary","39.92771763, -75.1873965",39.92771763,-75.1873965,"#D39200","Industrial","Institution","Low","Auto body shop, junkyard","LowT/I","P733894","P733894 042724 042424 Point Breeze Mid DUP SS","P733894 042724 042424 Point Breeze Mid DUP SS.D","2024-04-27","2024-04-24","duplicate","2024-04-17","2024-04-24",9783,2,"172024",1,0.5549,"REG",0.2096,0.246,"REG",0.093,0.0747,"REG",0.0275,0.1116,"REG",0.0429,0.3463,"REG",0.1373,0.0272,"LOD",0.02,0.0156,"LOD",0.0158,0.0211,"LOD",0.0198,0.043,"LOD",0.0237,0.0193,"LOD",0.0163,0.0681,"REG",0.0271,0.0248,"LOD",0.0315,0.1237,"REG",0.0501,0.1729,"REG",0.0473,0.0523,"REG",0.0327,0.0415,"REG",0.0214,0.0524,"REG",0.0367,0.0221,"LOD",0.0322,0.0494,"LOD",0.0546,0.0558,"REG",0.0338,0.0544,"REG",0.0293,0.1286,"REG",0.0383,0.0962,"REG",0.0517,0.2992,"REG",0.1091,0.418,"REG",0.157,1.0465,"REG",0.39,0.1197,"REG",0.0447,0.2905,"REG",0.1156,0.0279,"REG",0.017,0.0069,"LOD",0.0102,0.0035,"ND",0.0059,0.0017,"ND",0.0028,0.0075,"REG",0.0026,0.0128,"LOD",0.0127,0.3383,"REG",0.1232,0.0191,"REG",0.0076,0.0136,"REG",0.0033,0.1655,"REG",0.0406,0.24337650832591037,0.68,0.6665,"REG",1.3335,"REG",NA
"6","25th & Point Breeze","stationary","39.92771763, -75.1873965",39.92771763,-75.1873965,"#D39200","Industrial","Institution","Low","Auto body shop, junkyard","LowT/I","P726618","P726618 060724 060524 Pt B Mid SS","P726618 060724 060524 Pt B Mid SS.D","2024-06-07","2024-06-05","sample","2024-05-29","2024-06-05",9366,2,"232024",1,0.7634,"REG",0.2883,0.1835,"REG",0.0697,0.1006,"REG",0.037,0.1453,"REG",0.0536,0.3973,"REG",0.1576,0.0241,"LOD",0.0203,0.0098,"LOD",0.0159,0.0184,"LOD",0.0203,0.0412,"LOD",0.0245,0.0199,"LOD",0.017,0.052,"REG",0.0221,0.0194,"LOD",0.0322,0.1009,"REG",0.041,0.1146,"REG",0.0315,0.0562,"REG",0.0347,0.0418,"REG",0.0218,0.0414,"LOD",0.0357,0.0231,"LOD",0.0337,0.0612,"LOD",0.0577,0.0453,"LOD",0.033,0.0533,"REG",0.0298,0.1068,"REG",0.0345,0.0754,"LOD",0.0489,0.2214,"REG",0.0867,0.2732,"REG",0.1067,0.7525,"REG",0.2867,0.0881,"REG",0.0329,0.2248,"REG",0.0942,0.0331,"REG",0.0187,0.0072,"LOD",0.0107,0.0732,"REG",0.029,0.0018,"ND",0.0029,0.0093,"REG",0.0032,0.0492,"REG",0.0181,0.1536,"REG",0.0576,0.02,"REG",0.008,0.0285,"REG",0.0056,0.0407,"REG",0.0101,0.25421229777411714,0.16,0.9087,"REG",1.5900999999999998,"REG",NA
"6","25th & Point Breeze","stationary","39.92771763, -75.1873965",39.92771763,-75.1873965,"#D39200","Industrial","Institution","Low","Auto body shop, junkyard","LowT/I","P726619","P726619 060724 060524 Pt B Mid DUP SS","P726619 060724 060524 Pt B Mid DUP SS.D","2024-06-07","2024-06-05","duplicate","2024-05-29","2024-06-05",9366,2,"232024",1,0.7176,"REG",0.2711,0.1835,"REG",0.0697,0.0953,"REG",0.035,0.1396,"REG",0.0518,0.3882,"REG",0.154,0.0201,"LOD",0.0199,0.0098,"LOD",0.0159,0.0184,"LOD",0.0203,0.0375,"LOD",0.0243,0.0199,"LOD",0.017,0.052,"REG",0.0221,0.0194,"LOD",0.0322,0.094,"REG",0.0382,0.1146,"REG",0.0315,0.0308,"REG",0.0258,0.0285,"REG",0.0177,0.0362,"LOD",0.0348,0.0173,"LOD",0.033,0.047,"LOD",0.0568,0.0388,"LOD",0.032,0.0497,"REG",0.0291,0.0997,"REG",0.0332,0.0754,"LOD",0.0489,0.2083,"REG",0.083,0.2842,"REG",0.1105,0.7525,"REG",0.2867,0.0989,"REG",0.0369,0.2248,"REG",0.0942,0.0209,"REG",0.0161,0.0072,"LOD",0.0107,0.0697,"REG",0.0277,0.0018,"ND",0.0029,0.0093,"REG",0.0032,0.0314,"REG",0.0152,0.1536,"REG",0.0576,0.02,"REG",0.008,0.0237,"REG",0.0048,0.0407,"REG",0.0101,0.25421229777411714,0.16,0.8572,"REG",1.5242,"REG",NA
"7","Morris & Point Breeze","stationary","39.93094655, -75.1829941",39.93094655,-75.1829941,"#FF61C3","Non-Industrial","Residential","Low",NA,"LowT/NoI","P726665","P726665 040224 032024 Point Breeze Far SS","P726665 040224 032024 Point Breeze Far SS.D","2024-04-02","2024-03-20","sample","2024-03-13","2024-03-20",9661,2,"122024",1,1.0913,"REG",0.4121,0.4593,"REG",0.173,0.154,"REG",0.0564,0.206,"REG",0.0728,0.7647,"REG",0.3032,0.0432,"REG",0.0229,0.0316,"REG",0.0182,0.035,"LOD",0.0221,0.0943,"REG",0.0281,0.0389,"REG",0.0188,0.1116,"REG",0.0423,0.0501,"LOD",0.0358,0.25,"REG",0.1011,0.4391,"REG",0.1196,0.0926,"REG",0.0501,0.0766,"REG",0.0344,0.089,"REG",0.0465,0.0572,"REG",0.0404,0.1157,"REG",0.0614,0.1066,"REG",0.0461,0.1339,"REG",0.0507,0.247,"REG",0.065,0.2295,"REG",0.0888,0.5658,"REG",0.1946,1.145,"REG",0.42,3.0432,"REG",1.1135,0.3867,"ULOD",0.1443,0.6068,"REG",0.2289,0.0502,"REG",0.0231,0.005,"ND",0.0084,0.0036,"ND",0.0059,0.0017,"ND",0.0028,0.0094,"REG",0.0032,0.0612,"REG",0.0202,0.3425,"REG",0.1248,0.028,"REG",0.0109,0.0228,"REG",0.0047,0.2304,"REG",0.0565,0.2464498893439997,0.93475,1.2973,"REG",2.6752999999999996,"REG",NA
"7","Morris & Point Breeze","stationary","39.93094655, -75.1829941",39.93094655,-75.1829941,"#FF61C3","Non-Industrial","Residential","Low",NA,"LowT/NoI","P733892","P733892 040224 032024 Point Breeze Far DUP SS","P733892 040224 032024 Point Breeze Far DUP SS.D","2024-04-02","2024-03-20","duplicate","2024-03-13","2024-03-20",9661,2,"122024",1,1.0987,"REG",0.4149,0.4593,"REG",0.173,0.154,"REG",0.0564,0.2115,"REG",0.0746,0.91,"REG",0.3608,0.0432,"REG",0.0229,0.0316,"REG",0.0182,0.0094,"ND",0.0156,0.0979,"REG",0.0285,0.0389,"REG",0.0188,0.1203,"REG",0.0454,0.0501,"LOD",0.0358,0.27,"REG",0.1092,0.4322,"REG",0.1178,0.1173,"REG",0.0614,0.0896,"REG",0.0395,0.1395,"REG",0.0626,0.0628,"REG",0.042,0.1364,"REG",0.0641,0.1066,"REG",0.0461,0.1477,"REG",0.0549,0.2539,"REG",0.0666,0.2174,"REG",0.085,0.5911,"REG",0.2029,1.1981,"REG",0.4393,3.1024,"REG",1.135,0.3755,"ULOD",0.1401,0.6286,"REG",0.2369,0.0502,"REG",0.0231,0.005,"ND",0.0084,0.0036,"ND",0.0059,0.0017,"ND",0.0028,0.0113,"REG",0.0039,0.0497,"REG",0.0179,0.3872,"REG",0.1408,0.0377,"REG",0.0145,0.0274,"REG",0.0054,0.255,"REG",0.0626,0.2464498893439997,1.03475,1.3102,"REG",2.8335,"REG",NA
"7","Morris & Point Breeze","stationary","39.93094655, -75.1829941",39.93094655,-75.1829941,"#FF61C3","Non-Industrial","Residential","Low",NA,"LowT/NoI","P733869","P733869 041224 041024 Point Breeze Far SS","P733869 041224 041024 Point Breeze Far SS.D","2024-04-12","2024-04-10","sample","2024-04-03","2024-04-10",10076,2,"152024",1,0.6876,"REG",0.2597,0.3132,"REG",0.1182,0.0924,"REG",0.0339,0.145,"REG",0.0529,0.4334,"REG",0.1719,0.0301,"LOD",0.02,0.0212,"LOD",0.016,0.024,"LOD",0.0197,0.0313,"LOD",0.0224,0.03,"REG",0.017,0.0744,"REG",0.0292,0.0301,"LOD",0.0313,0.1329,"REG",0.0538,0.2076,"REG",0.0567,0.0083,"REG",0.0198,0.0362,"REG",0.0194,0.0702,"REG",0.0403,0.0536,"LOD",0.0384,0.0877,"REG",0.0562,0.0601,"REG",0.034,0.0396,"LOD",0.0259,0.1117,"REG",0.0345,0.1051,"REG",0.0529,0.2542,"REG",0.0949,0.3143,"REG",0.1201,0.9216,"REG",0.3449,0.1858,"REG",0.0694,0.2507,"REG",0.1015,0.0271,"REG",0.0165,0.0133,"LOD",0.0107,0.0034,"ND",0.0057,0.0016,"ND",0.0027,0.0073,"REG",0.0026,0.0289,"REG",0.0141,0.1856,"REG",0.0686,0.0278,"REG",0.0108,0.0132,"REG",0.0032,0.0614,"REG",0.0151,0.23629936293691753,0.26,0.8326,"REG",1.6716,"REG",NA
"7","Morris & Point Breeze","stationary","39.93094655, -75.1829941",39.93094655,-75.1829941,"#FF61C3","Non-Industrial","Residential","Low",NA,"LowT/NoI","P733871","P733871 041224 041024 Point Breeze Far Dup SS","P733871 041224 041024 Point Breeze Far Dup SS.D","2024-04-12","2024-04-10","duplicate","2024-04-03","2024-04-10",10076,2,"152024",1,0.7727,"REG",0.2918,0.3381,"REG",0.1275,0.1073,"REG",0.0394,0.1606,"REG",0.0579,0.4799,"REG",0.1903,0.0377,"REG",0.0212,0.0061,"LOD",0.0147,0.0274,"LOD",0.0202,0.0348,"LOD",0.0226,0.0337,"REG",0.0175,0.091,"REG",0.0349,0.0361,"LOD",0.0322,0.1521,"REG",0.0616,0.2208,"REG",0.0603,0.0319,"REG",0.025,0.0445,"REG",0.0222,0.0847,"REG",0.0444,0.0644,"REG",0.0416,0.1009,"REG",0.0577,0.0601,"REG",0.034,0.0429,"LOD",0.0264,0.1183,"REG",0.0358,0.1168,"REG",0.0557,0.2784,"REG",0.1022,0.3245,"REG",0.1237,0.9594,"REG",0.3584,0.1779,"REG",0.0664,0.2612,"REG",0.105,0.0385,"REG",0.0194,0.0048,"ND",0.008,0.0034,"ND",0.0057,0.0016,"ND",0.0027,0.0091,"REG",0.0031,0.04,"REG",0.0158,0.2142,"REG",0.0788,0.0278,"REG",0.0108,0.0176,"REG",0.0038,0.0567,"REG",0.014,0.23629936293691753,0.24,0.9333,"REG",1.8586,"REG",NA
"8","24th & Ritner","stationary","39.92296389, -75.186874",39.92296389,-75.186874,"#F8766D","Non-Industrial","Residential","High","Fire station","HighT/NoI","P726648","P726648 071323 071223 Ritner 1WK SS","P726648 071323 071223 Ritner 1WK SS.D","2023-07-13","2023-07-12","sample","2023-07-05","2023-07-12",9079,2,"282023",1,0.6766,"REG",0.2556,0.2513,"REG",0.0951,0.1157,"REG",0.0424,0.1797,"REG",0.0647,0.4388,"REG",0.174,0.0418,"REG",0.0236,0.0269,"LOD",0.0183,0.0304,"LOD",0.0224,0.0773,"REG",0.0277,0.0291,"LOD",0.0184,0.0918,"REG",0.0355,0.0401,"LOD",0.0357,0.2052,"REG",0.083,0.268,"REG",0.0731,0.019,"REG",0.0235,0.0511,"REG",0.0252,0.0712,"REG",0.043,0.0439,"LOD",0.0385,0.1019,"LOD",0.0629,0.1068,"REG",0.0473,0.1026,"REG",0.0425,0.1689,"REG",0.0477,0.1798,"REG",0.0753,0.4164,"REG",0.1471,0.5535,"REG",0.206,1.306,"REG",0.4841,0.1027,"REG",0.0383,0.7884,"REG",0.2958,0.0506,"REG",0.0237,0.0065,"LOD",0.0109,0.0551,"REG",0.0224,0.0018,"ND",0.003,0.0121,"REG",0.0041,0.0184,"LOD",0.014,0.1902,"REG",0.0706,0.0721,"REG",0.0275,0.0098,"REG",0.003,0.042,"REG",0.0104,0.2622483071871771,0.16,0.8563,"REG",1.6621000000000001,"REG",NA
"8","24th & Ritner","stationary","39.92296389, -75.186874",39.92296389,-75.186874,"#F8766D","Non-Industrial","Residential","High","Fire station","HighT/NoI","P726649","P726649 071323 071223 Ritner 1WK SS DUP","P726649 071323 071223 Ritner 1WK SS DUP.D","2023-07-13","2023-07-12","duplicate","2023-07-05","2023-07-12",9079,2,"282023",1,0.6687,"REG",0.2526,0.2375,"REG",0.0899,0.1157,"REG",0.0424,0.1797,"REG",0.0647,0.4341,"REG",0.1722,0.0418,"REG",0.0236,0.0269,"LOD",0.0183,0.0342,"LOD",0.023,0.0734,"REG",0.0274,0.0333,"REG",0.0189,0.0918,"REG",0.0355,0.0401,"LOD",0.0357,0.2052,"REG",0.083,0.268,"REG",0.0731,0.0243,"REG",0.0246,0.0556,"REG",0.0269,0.0712,"REG",0.043,0.0439,"LOD",0.0385,0.1019,"LOD",0.0629,0.1068,"REG",0.0473,0.099,"REG",0.0414,0.1689,"REG",0.0477,0.1668,"REG",0.0717,0.4164,"REG",0.1471,0.5761,"REG",0.2141,1.3899,"REG",0.5143,0.1027,"REG",0.0383,0.7884,"REG",0.2958,0.0506,"REG",0.0237,0.0065,"LOD",0.0109,0.0587,"REG",0.0237,0.0018,"ND",0.003,5e-4,"ND",8e-4,0.0184,"LOD",0.014,0.1902,"REG",0.0706,0.0721,"REG",0.0275,0.0098,"REG",0.003,0.0472,"REG",0.0117,0.2622483071871771,0.18,0.8483999999999999,"REG",1.6357,"REG",NA
"8","24th & Ritner","stationary","39.92296389, -75.186874",39.92296389,-75.186874,"#F8766D","Non-Industrial","Residential","High","Fire station","HighT/NoI","P733893","P733893 092923 092723 Ritner SS","P733893 092923 092723 Ritner SS RENAME.D","2023-09-29","2023-09-27","sample","2023-09-20","2023-09-27",9988,2,"392023",1,0.565,"REG",0.2134,0.2816,"REG",0.1063,0.0847,"REG",0.0311,0.1208,"REG",0.0455,0.392,"REG",0.1554,0.019,"LOD",0.0187,0.0122,"LOD",0.0152,0.0121,"LOD",0.0186,0.0457,"REG",0.0234,0.0189,"LOD",0.0159,0.0501,"REG",0.0211,0.0238,"LOD",0.0308,0.1109,"REG",0.045,0.1541,"REG",0.0422,0.0266,"REG",0.0236,0.0386,"REG",0.0203,0.0448,"LOD",0.0345,0.0126,"LOD",0.0306,0.0339,"LOD",0.0528,0.0546,"REG",0.0331,0.0622,"REG",0.0306,0.1001,"REG",0.0324,0.0697,"LOD",0.0457,0.232,"REG",0.0885,0.3166,"REG",0.121,0.9154,"REG",0.3429,0.145,"REG",0.0541,0.2108,"REG",0.0883,0.0278,"REG",0.0168,0.0049,"ND",0.0081,0.0126,"REG",0.0084,0.0017,"ND",0.0028,5e-4,"ND",8e-4,0.032,"REG",0.0146,0.2881,"REG",0.1052,0.0374,"REG",0.0144,0.0178,"REG",0.0039,0.1621,"REG",0.0398,0.23838129565001812,0.68,0.6858,"REG",1.4441,"REG","Summer"
"8","24th & Ritner","stationary","39.92296389, -75.186874",39.92296389,-75.186874,"#F8766D","Non-Industrial","Residential","High","Fire station","HighT/NoI","P733894","P733894 092923 092723 Ritner dup SS","P733894 092923 092723 Ritner dup SS RENAME.D","2023-09-29","2023-09-27","duplicate","2023-09-20","2023-09-27",9988,2,"392023",1,0.5221,"REG",0.1972,0.2691,"REG",0.1016,0.0797,"REG",0.0293,0.1102,"REG",0.0423,0.3664,"REG",0.1453,0.019,"LOD",0.0187,0.0092,"LOD",0.0149,0.0121,"LOD",0.0186,0.0422,"LOD",0.0232,0.0189,"LOD",0.0159,0.0501,"REG",0.0211,0.0177,"LOD",0.0302,0.098,"REG",0.0398,0.1407,"REG",0.0386,0.0098,"ND",0.0163,0.0136,"REG",0.0135,0.0301,"LOD",0.032,0.0072,"LOD",0.0302,0.0273,"LOD",0.0525,0.0485,"LOD",0.032,0.0589,"REG",0.0299,0.0934,"REG",0.0311,0.0697,"LOD",0.0457,0.2076,"REG",0.0813,0.2858,"REG",0.1103,0.8772,"REG",0.3293,0.145,"REG",0.0541,0.2002,"REG",0.0849,0.0278,"REG",0.0168,0.0049,"ND",0.0081,0.0126,"REG",0.0084,0.0123,"REG",0.0051,5e-4,"ND",8e-4,0.0264,"REG",0.0138,0.2593,"REG",0.0949,0.0374,"REG",0.0144,0.0178,"REG",0.0039,0.1621,"REG",0.0398,0.23838129565001812,0.68,0.6323,"REG",1.3475,"REG","Summer"
"8","24th & Ritner","stationary","39.92296389, -75.186874",39.92296389,-75.186874,"#F8766D","Non-Industrial","Residential","High","Fire station","HighT/NoI","P733886","P733886 101223 100423 Ritner SS","P733886 101223 100423 Ritner SS.D","2023-10-12","2023-10-04","sample","2023-09-27","2023-10-04",10146,2,"402023",1,0.942,"REG",0.3558,0.3912,"REG",0.1474,0.1375,"REG",0.0504,0.2023,"REG",0.0713,0.5473,"REG",0.217,0.0411,"REG",0.0218,0.027,"LOD",0.0168,0.034,"LOD",0.0212,0.083,"REG",0.0261,0.0372,"REG",0.0179,0.106,"REG",0.0402,0.0418,"LOD",0.0329,0.2626,"REG",0.1062,0.3745,"REG",0.1021,0.1122,"REG",0.0587,0.1031,"REG",0.0447,0.1389,"REG",0.0617,0.0495,"LOD",0.0371,0.1446,"REG",0.0631,0.3345,"REG",0.1176,0.1443,"REG",0.0534,0.203,"REG",0.0544,0.2087,"REG",0.0815,0.4688,"REG",0.1625,0.6874,"REG",0.2536,1.9337,"REG",0.7098,0.3545,"ULOD",0.1323,0.6733,"REG",0.2529,0.0736,"REG",0.0302,0.0053,"REG",0.0098,0.0034,"ND",0.0057,0.0016,"ND",0.0027,5e-4,"ND",8e-4,0.0263,"REG",0.0136,0.2553,"REG",0.0934,0.0368,"REG",0.0142,0.0175,"REG",0.0038,0.0657,"REG",0.0162,0.23466906967794018,0.28,1.1442999999999999,"REG",2.2203,"REG","Summer"
"8","24th & Ritner","stationary","39.92296389, -75.186874",39.92296389,-75.186874,"#F8766D","Non-Industrial","Residential","High","Fire station","HighT/NoI","P726601","P726601 101223 100423 Ritner Dup SS","P726601 101223 100423 Ritner Dup SS.D","2023-10-12","2023-10-04","duplicate","2023-09-27","2023-10-04",10080,2,"402023",1,0.9906,"REG",0.3741,0.4123,"REG",0.1554,0.1434,"REG",0.0525,0.2089,"REG",0.0735,0.5762,"REG",0.2285,0.0414,"REG",0.0219,0.0302,"REG",0.0175,0.0342,"LOD",0.0213,0.087,"REG",0.0266,0.0412,"REG",0.0186,0.1066,"REG",0.0404,0.0481,"LOD",0.0343,0.2771,"REG",0.1121,0.4365,"REG",0.1189,0.0798,"REG",0.044,0.1699,"REG",0.0719,0.1447,"REG",0.0638,0.0499,"LOD",0.0373,0.1455,"REG",0.0635,0.3608,"REG",0.1264,0.1552,"REG",0.0568,0.2176,"REG",0.0578,0.2101,"REG",0.082,0.5202,"REG",0.1793,0.7733,"REG",0.2847,2.1164,"REG",0.7761,0.4788,"ULOD",0.1787,0.7091,"REG",0.266,0.0066,"ND",0.0109,0.0186,"REG",0.0116,0.0283,"REG",0.0128,0.0016,"ND",0.0027,0.0146,"REG",0.0049,0.0265,"REG",0.0137,0.2569,"REG",0.094,0.0464,"REG",0.0177,0.0176,"REG",0.0038,0.0898,"REG",0.0221,0.2362055933484505,0.38,1.1995,"REG",2.3314,"REG","Summer"
"8","24th & Ritner","stationary","39.92296389, -75.186874",39.92296389,-75.186874,"#F8766D","Non-Industrial","Residential","High","Fire station","HighT/NoI","P726658","P726658 011724 011024 Ritner SS","P726658 011724 011024 Ritner SS.D","2024-01-17","2024-01-10","sample","2024-01-03","2024-01-10",10067,2,"22024",1,0.6634,"REG",0.2506,0.6426,"REG",0.2419,0.1242,"REG",0.0455,0.1521,"REG",0.0552,0.6108,"REG",0.2422,0.0302,"LOD",0.02,0.0182,"LOD",0.0157,0.024,"LOD",0.0197,0.062,"REG",0.0243,0.0296,"REG",0.017,0.0737,"REG",0.0289,0.0301,"LOD",0.0313,0.2307,"REG",0.0933,0.3781,"REG",0.103,0.1906,"REG",0.0963,0.1287,"REG",0.0551,0.0775,"REG",0.0423,0.0236,"LOD",0.0317,0.0642,"LOD",0.0542,0.0963,"REG",0.0427,0.0902,"REG",0.0377,0.2682,"REG",0.0697,0.1461,"REG",0.0634,0.5766,"REG",0.1978,0.6724,"REG",0.2482,2.5184,"REG",0.9222,0.1331,"ULOD",0.0497,0.4256,"REG",0.163,0.0422,"REG",0.0204,0.0267,"REG",0.0133,0.0034,"ND",0.0057,0.0016,"ND",0.0027,5e-4,"ND",8e-4,0.0143,"LOD",0.0124,0.3001,"REG",0.1095,0.0325,"REG",0.0126,0.0163,"REG",0.0037,0.1083,"REG",0.0266,0.23651061696159545,0.458,0.8155,"REG",2.1931000000000003,"REG","Winter"
"8","24th & Ritner","stationary","39.92296389, -75.186874",39.92296389,-75.186874,"#F8766D","Non-Industrial","Residential","High","Fire station","HighT/NoI","P726661","P726661 011724 011024 Ritner DUP SS","P726661 011724 011024 Ritner DUP SS.D","2024-01-17","2024-01-10","duplicate","2024-01-03","2024-01-10",10067,2,"22024",1,0.635,"REG",0.2399,0.6364,"REG",0.2395,0.1142,"REG",0.0419,0.1417,"REG",0.0519,0.5981,"REG",0.2372,0.0264,"LOD",0.0194,0.0151,"LOD",0.0153,0.009,"ND",0.015,0.0586,"REG",0.0241,0.0259,"LOD",0.0165,0.0052,"ND",0.0086,0.0301,"LOD",0.0313,0.2051,"REG",0.083,0.3715,"REG",0.1012,0.0818,"REG",0.0449,0.0625,"REG",0.0288,0.063,"REG",0.0385,0.0236,"LOD",0.0317,0.0576,"LOD",0.0537,0.0963,"REG",0.0427,0.0836,"REG",0.0359,0.255,"REG",0.0666,0.1344,"REG",0.0603,0.5766,"REG",0.1978,0.6826,"REG",0.2519,2.4805,"REG",0.9085,0.1288,"ULOD",0.0481,0.4151,"REG",0.1592,0.0537,"REG",0.0238,0.0333,"REG",0.015,0.0034,"ND",0.0057,0.0016,"ND",0.0027,0.0073,"REG",0.0026,0.0143,"LOD",0.0124,0.2859,"REG",0.1044,0.0325,"REG",0.0126,0.0163,"REG",0.0037,0.1083,"REG",0.0266,0.23651061696159545,0.458,0.7767,"REG",2.1254,"REG","Winter"
"8","24th & Ritner","stationary","39.92296389, -75.186874",39.92296389,-75.186874,"#F8766D","Non-Industrial","Residential","High","Fire station","HighT/NoI","P733865","P733865 012524 011724 Ritner SS","P733865 012524 011724 Ritner SS.D","2024-01-25","2024-01-17","sample","2024-01-10","2024-01-17",9673,2,"32024",1,0.5871,"REG",0.2218,0.5589,"REG",0.2104,0.1034,"REG",0.0379,0.1311,"REG",0.0489,0.4421,"REG",0.1753,0.0235,"LOD",0.0197,0.0158,"LOD",0.016,0.0214,"LOD",0.0201,0.0537,"REG",0.0245,0.0191,"LOD",0.0164,0.0508,"REG",0.0215,0.0251,"LOD",0.0318,0.1801,"REG",0.0729,0.3384,"REG",0.0922,0.1245,"REG",0.0648,0.0823,"REG",0.0366,0.0555,"REG",0.0376,0.019,"LOD",0.0322,0.0531,"LOD",0.0554,0.0689,"REG",0.0368,0.0561,"REG",0.0298,0.1689,"REG",0.0471,0.0912,"REG",0.051,0.3732,"REG",0.1325,0.5938,"REG",0.22,1.6954,"REG",0.6239,0.229,"ULOD",0.0855,0.3232,"REG",0.1271,0.0915,"REG",0.0365,0.0208,"REG",0.0124,0.0036,"ND",0.0059,0.0017,"ND",0.0028,5e-4,"ND",8e-4,0.0149,"LOD",0.013,0.3867,"REG",0.1407,0.0338,"REG",0.0131,0.0124,"REG",0.0032,0.3146,"REG",0.0772,0.24614415186109595,1.278,0.7182,"REG",1.8225999999999998,"REG","Winter"
"8","24th & Ritner","stationary","39.92296389, -75.186874",39.92296389,-75.186874,"#F8766D","Non-Industrial","Residential","High","Fire station","HighT/NoI","P733866","P733866 012524 011724 Ritner DUP SS","P733866 012524 011724 Ritner DUP SS.D","2024-01-25","2024-01-17","duplicate","2024-01-10","2024-01-17",9673,2,"32024",1,0.5575,"REG",0.2106,0.4684,"REG",0.1765,0.0982,"REG",0.0361,0.1257,"REG",0.0473,0.4377,"REG",0.1736,0.0235,"LOD",0.0197,0.0032,"LOD",0.0152,0.0178,"LOD",0.0197,0.0537,"REG",0.0245,0.023,"LOD",0.0168,0.0508,"REG",0.0215,0.0251,"LOD",0.0318,0.1601,"REG",0.0648,0.3246,"REG",0.0885,0.2525,"REG",0.1265,0.1297,"REG",0.0556,0.0605,"REG",0.0388,0.019,"LOD",0.0322,0.0462,"LOD",0.055,0.0752,"REG",0.0382,0.0561,"REG",0.0298,0.1689,"REG",0.0471,0.1155,"REG",0.0566,0.3732,"REG",0.1325,0.562,"REG",0.2086,1.6561,"REG",0.6096,0.2447,"ULOD",0.0913,0.3232,"REG",0.1271,0.0558,"REG",0.0248,0.0208,"REG",0.0124,0.0036,"ND",0.0059,0.0017,"ND",0.0028,5e-4,"ND",8e-4,0.0149,"LOD",0.013,0.3867,"REG",0.1407,0.0338,"REG",0.0131,0.0124,"REG",0.0032,0.3293,"REG",0.0808,0.24614415186109595,1.3379999999999999,0.6832,"REG",1.6874999999999998,"REG","Winter"
"8","24th & Ritner","stationary","39.92296389, -75.186874",39.92296389,-75.186874,"#F8766D","Non-Industrial","Residential","High","Fire station","HighT/NoI","P733897","P733897 020824 013124 Ritner SS","P733897 020824 013124 Ritner SS.D","2024-02-08","2024-01-31","sample","2024-01-24","2024-01-31",10099,2,"52024",1,1.0021,"REG",0.3785,0.4301,"REG",0.162,0.1522,"REG",0.0558,0.2127,"REG",0.0747,0.5823,"REG",0.2309,0.0413,"REG",0.0219,0.0211,"LOD",0.016,0.041,"REG",0.0226,0.1077,"REG",0.0288,0.0374,"REG",0.018,0.099,"REG",0.0377,0.048,"LOD",0.0342,0.2056,"REG",0.0832,0.354,"REG",0.0965,0.0757,"REG",0.0422,0.0761,"REG",0.034,0.093,"REG",0.0468,0.0261,"LOD",0.032,0.0718,"LOD",0.0546,0.06,"REG",0.0339,0.0593,"REG",0.0298,0.2042,"REG",0.0547,0.1274,"REG",0.0584,0.4106,"REG",0.1438,0.4773,"REG",0.1779,1.226,"REG",0.4539,0.174,"REG",0.065,0.2391,"REG",0.0975,0.079,"REG",0.032,0.0116,"LOD",0.0104,0.0034,"ND",0.0057,0.0016,"ND",0.0027,0.0091,"REG",0.0031,0.0254,"REG",0.0136,0.3419,"REG",0.1245,0.044,"REG",0.0168,0.0264,"REG",0.0052,0.0519,"REG",0.0128,0.23576120219352223,0.22,1.2147999999999999,"REG",2.3794,"REG","Winter"
"8","24th & Ritner","stationary","39.92296389, -75.186874",39.92296389,-75.186874,"#F8766D","Non-Industrial","Residential","High","Fire station","HighT/NoI","P733898","P733898 020824 013124 Ritner DUP SS","P733898 020824 013124 Ritner DUP SS.D","2024-02-08","2024-01-31","duplicate","2024-01-24","2024-01-31",10099,2,"52024",1,0.8748,"REG",0.3304,0.4982,"REG",0.1876,0.1374,"REG",0.0503,0.1919,"REG",0.0679,0.6918,"REG",0.2743,0.0413,"REG",0.0219,0.0211,"LOD",0.016,0.041,"REG",0.0226,0.1042,"REG",0.0284,0.0336,"REG",0.0175,0.099,"REG",0.0377,0.048,"LOD",0.0342,0.2503,"REG",0.1013,0.486,"REG",0.1324,0.0569,"REG",0.0341,0.0554,"REG",0.0261,0.093,"REG",0.0468,0.0261,"LOD",0.032,0.0718,"LOD",0.0546,0.06,"REG",0.0339,0.0593,"REG",0.0298,0.2306,"REG",0.0608,0.1391,"REG",0.0615,0.4709,"REG",0.1633,0.4875,"REG",0.1815,1.3014,"REG",0.481,0.1955,"REG",0.073,0.2599,"REG",0.1046,0.1017,"REG",0.0398,0.0183,"REG",0.0115,0.0049,"LOD",0.0071,0.0016,"ND",0.0027,5e-4,"ND",8e-4,0.0254,"REG",0.0136,0.3562,"REG",0.1296,0.044,"REG",0.0168,0.022,"REG",0.0045,0.066,"REG",0.0162,0.23576120219352223,0.28,1.0667,"REG",2.3941,"REG","Winter"
"8","24th & Ritner","stationary","39.92296389, -75.186874",39.92296389,-75.186874,"#F8766D","Non-Industrial","Residential","High","Fire station","HighT/NoI","P726602","P726602 021524 020724 Ritner SS","P726602 021524 020724 Ritner SS.D","2024-02-15","2024-02-07","sample","2024-01-31","2024-02-07",10188,2,"62024",1,0.741,"REG",0.2799,0.6779,"REG",0.2551,0.1215,"REG",0.0445,0.1592,"REG",0.0574,0.6273,"REG",0.2487,0.0224,"LOD",0.0187,0.018,"LOD",0.0155,0.0203,"LOD",0.019,0.0517,"REG",0.0234,0.0333,"REG",0.0173,0.0736,"REG",0.0289,0.0297,"LOD",0.0309,0.2545,"REG",0.1029,0.4098,"REG",0.1117,0.0704,"REG",0.0398,0.0713,"REG",0.0321,0.0826,"REG",0.0435,0.0418,"LOD",0.035,0.1104,"REG",0.0583,0.0595,"REG",0.0336,0.0751,"REG",0.0335,0.1894,"REG",0.0512,0.1032,"REG",0.0521,0.419,"REG",0.1464,0.6644,"REG",0.2453,1.6079,"REG",0.5916,0.2478,"ULOD",0.0925,0.4436,"REG",0.1693,0.0065,"ND",0.0108,0.0115,"LOD",0.0103,0.0034,"ND",0.0056,0.0016,"ND",0.0027,0.009,"REG",0.0031,0.0089,"LOD",0.012,0.4237,"REG",0.1539,0.0436,"REG",0.0167,0.0262,"REG",0.0051,0.2197,"REG",0.053900000000000003,0.23370164712920896,0.94,0.9002,"REG",2.3269,"REG","Winter"
"8","24th & Ritner","stationary","39.92296389, -75.186874",39.92296389,-75.186874,"#F8766D","Non-Industrial","Residential","High","Fire station","HighT/NoI","P726604","P726604 021524 020724 Ritner DUP SS","P726604 021524 020724 Ritner DUP SS.D","2024-02-15","2024-02-07","duplicate","2024-01-31","2024-02-07",10188,2,"62024",1,0.7199,"REG",0.2719,0.6595,"REG",0.2482,0.1215,"REG",0.0445,0.154,"REG",0.0557,0.6189,"REG",0.2454,0.0224,"LOD",0.0187,0.018,"LOD",0.0155,0.0203,"LOD",0.019,0.0482,"REG",0.0231,0.0259,"LOD",0.0164,0.0736,"REG",0.0289,0.0238,"LOD",0.0302,0.2355,"REG",0.0953,0.4163,"REG",0.1134,0.019,"REG",0.0213,0.0345,"REG",0.0188,0.073,"REG",0.0408,0.0312,"LOD",0.0326,0.0973,"REG",0.0568,0.0595,"REG",0.0336,0.0719,"REG",0.0327,0.1828,"REG",0.0497,0.1148,"REG",0.0549,0.407,"REG",0.1426,0.6544,"REG",0.2416,1.5892,"REG",0.5849,0.2755,"ULOD",0.1028,0.4333,"REG",0.1656,0.0065,"ND",0.0108,0.0048,"ND",0.008,0.0034,"ND",0.0056,0.0016,"ND",0.0027,0.0072,"REG",0.0025,0.0089,"LOD",0.012,0.4096,"REG",0.1488,0.0436,"REG",0.0167,0.0262,"REG",0.0051,0.243,"REG",0.0596,0.23370164712920896,1.04,0.8739,"REG",2.2737999999999996,"REG","Winter"
"8","24th & Ritner","stationary","39.92296389, -75.186874",39.92296389,-75.186874,"#F8766D","Non-Industrial","Residential","High","Fire station","HighT/NoI","P726615","P726615 031524 030624 Ritner SS","P726615 031524 030624 Ritner SS.D","2024-03-15","2024-03-06","sample","2024-02-28","2024-03-06",10122,2,"102024",1,0.5688,"REG",0.2149,0.4137,"REG",0.1559,0.0877,"REG",0.0322,0.1186,"REG",0.0447,0.4355,"REG",0.1727,0.0225,"LOD",0.0188,0.012,"LOD",0.015,0.0198,"LOD",0.0191,0.0518,"REG",0.0235,0.0222,"LOD",0.0161,0.0571,"REG",0.0233,0.0239,"LOD",0.0304,0.1557,"REG",0.0631,0.2479,"REG",0.0676,0.0696,"REG",0.0395,0.0567,"REG",0.0266,0.0416,"LOD",0.0336,0.0225,"LOD",0.0313,0.0446,"LOD",0.0526,0.0599,"REG",0.0339,0.0522,"REG",0.0282,0.1304,"REG",0.0383,0.1145,"REG",0.055,0.2991,"REG",0.1085,0.3734,"REG",0.1409,1.0981,"REG",0.4079,0.1962,"ULOD",0.0732,0.2672,"REG",0.107,0.0593,"REG",0.0255,0.0158,"REG",0.0111,0.0034,"ND",0.0057,0.0016,"ND",0.0027,0.009,"REG",0.0031,0.0145,"LOD",0.0124,0.2559,"REG",0.0936,0.0267,"REG",0.0104,0.013,"REG",0.0032,0.107,"REG",0.0263,0.2352254871519839,0.45475000000000004,0.6874,"REG",1.6243,"REG",NA
"8","24th & Ritner","stationary","39.92296389, -75.186874",39.92296389,-75.186874,"#F8766D","Non-Industrial","Residential","High","Fire station","HighT/NoI","P726616","P726616 031524 030624 Ritner DUP SS","P726616 031524 030624 Ritner DUP SS.D","2024-03-15","2024-03-06","duplicate","2024-02-28","2024-03-06",10122,2,"102024",1,0.5759,"REG",0.2175,0.4075,"REG",0.1536,0.0877,"REG",0.0322,0.1238,"REG",0.0463,0.4397,"REG",0.1744,0.0225,"LOD",0.0188,0.0151,"LOD",0.0152,0.0198,"LOD",0.0191,0.0518,"REG",0.0235,0.0222,"LOD",0.0161,0.0571,"REG",0.0233,0.0239,"LOD",0.0304,0.1557,"REG",0.0631,0.2479,"REG",0.0676,0.2672,"REG",0.1336,0.0896,"REG",0.0393,0.0849,"REG",0.0443,0.0492,"LOD",0.037,0.1038,"REG",0.0578,0.0599,"REG",0.0339,0.0489,"REG",0.0275,0.1304,"REG",0.0383,0.1029,"REG",0.0522,0.2991,"REG",0.1085,0.3836,"REG",0.1445,1.1169,"REG",0.4147,0.1883,"ULOD",0.0703,0.2672,"REG",0.107,0.0593,"REG",0.0255,0.0158,"REG",0.0111,0.0034,"ND",0.0057,0.0016,"ND",0.0027,0.009,"REG",0.0031,0.0145,"LOD",0.0124,0.2701,"REG",0.0987,0.036,"REG",0.0138,0.013,"REG",0.0032,0.1117,"REG",0.0274,0.2352254871519839,0.47475,0.6997,"REG",1.6345999999999998,"REG",NA
"8","24th & Ritner","stationary","39.92296389, -75.186874",39.92296389,-75.186874,"#F8766D","Non-Industrial","Residential","High","Fire station","HighT/NoI","P733889","P733889 031624 031324 Ritner SS","P733889 031624 031324 Ritner SS.D","2024-03-16","2024-03-13","sample","2024-03-06","2024-03-13",9975,2,"112024",1,0.9567,"REG",0.3613,0.5326,"REG",0.2005,0.1341,"REG",0.0491,0.1837,"REG",0.0654,0.7875,"REG",0.3123,0.0304,"LOD",0.0202,0.0183,"LOD",0.0158,0.027,"LOD",0.0203,0.0737,"REG",0.0255,0.0301,"REG",0.0172,0.0831,"REG",0.0322,0.0364,"LOD",0.0325,0.255,"REG",0.1032,0.6726,"REG",0.1832,0.0324,"REG",0.0253,0.0617,"REG",0.0285,0.052,"REG",0.0361,0.0283,"LOD",0.0327,0.0519,"LOD",0.0538,0.1276,"REG",0.0515,0.093,"REG",0.0385,0.2726,"REG",0.0708,0.1987,"REG",0.0788,0.6091,"REG",0.2085,1.1295,"REG",0.4143,3.1193,"REG",1.141,0.5486,"ULOD",0.2048,0.5455,"REG",0.2064,0.1754,"REG",0.0662,0.0632,"REG",0.0239,0.0035,"ND",0.0058,0.0017,"ND",0.0028,0.0091,"REG",0.0031,0.0147,"LOD",0.0126,0.2741,"REG",0.1002,0.0459,"REG",0.0176,0.0132,"REG",0.0032,0.1276,"REG",0.0313,0.23869196801527628,0.5347500000000001,1.1404,"REG",2.5946000000000002,"REG",NA
"8","24th & Ritner","stationary","39.92296389, -75.186874",39.92296389,-75.186874,"#F8766D","Non-Industrial","Residential","High","Fire station","HighT/NoI","P733890","P733890 031624 031324 Ritner DUP SS","P733890 031624 031324 Ritner DUP SS.D","2024-03-16","2024-03-13","duplicate","2024-03-06","2024-03-13",9975,2,"112024",1,0.9424,"REG",0.3559,0.5138,"REG",0.1935,0.1341,"REG",0.0491,0.1837,"REG",0.0654,0.8302,"REG",0.3292,0.0304,"LOD",0.0202,0.0183,"LOD",0.0158,0.027,"LOD",0.0203,0.0702,"REG",0.0252,0.0339,"REG",0.0177,0.0914,"REG",0.0351,0.0364,"LOD",0.0325,0.255,"REG",0.1032,0.6726,"REG",0.1832,0.0133,"REG",0.0207,0.0533,"REG",0.0254,0.0422,"LOD",0.0341,0.0229,"LOD",0.0318,0.0452,"LOD",0.0534,0.1276,"REG",0.0515,0.0896,"REG",0.0376,0.2726,"REG",0.0708,0.1987,"REG",0.0788,0.6336,"REG",0.2166,1.1193,"REG",0.4105,3.0811,"REG",1.1271,0.5428,"ULOD",0.2026,0.5455,"REG",0.2064,0.1178,"REG",0.0455,0.0564,"REG",0.0218,0.0035,"ND",0.0058,0.0017,"ND",0.0028,0.0073,"REG",0.0026,0.0202,"LOD",0.0131,0.2741,"REG",0.1002,0.0459,"REG",0.0176,0.0177,"REG",0.0039,0.1229,"REG",0.0302,0.23869196801527628,0.51475,1.1261,"REG",2.6042,"REG",NA
"8","24th & Ritner","stationary","39.92296389, -75.186874",39.92296389,-75.186874,"#F8766D","Non-Industrial","Residential","High","Fire station","HighT/NoI","P726661","P726661 062124 061224 Ritner SS","P726661 062124 061224 Ritner SS.D","2024-06-21","2024-06-12","sample","2024-06-05","2024-06-12",9829,2,"242024",1,0.8364,"REG",0.3159,0.2321,"REG",0.0878,0.1112,"REG",0.0408,0.1705,"REG",0.0612,0.4306,"REG",0.1707,0.0384,"REG",0.0217,0.0186,"LOD",0.016,0.0281,"LOD",0.0207,0.0678,"REG",0.0253,0.0305,"REG",0.0174,0.1005,"REG",0.0383,0.037,"LOD",0.033,0.1815,"REG",0.0735,0.1974,"REG",0.053900000000000003,0.1892,"REG",0.0957,0.1034,"REG",0.0449,0.0742,"REG",0.0419,0.044,"LOD",0.0364,0.099,"REG",0.0586,0.1788,"REG",0.0672,0.0813,"REG",0.0356,0.1492,"REG",0.0426,0.1556,"REG",0.0666,0.335,"REG",0.1202,0.3543,"REG",0.1344,0.9883,"REG",0.3691,0.07,"REG",0.0261,0.3534,"REG",0.1375,0.0667,"REG",0.0281,0.0137,"LOD",0.011,0.0364,"REG",0.0156,0.0017,"ND",0.0028,5e-4,"ND",8e-4,0.03,"REG",0.0145,0.2049,"REG",0.0756,0.0285,"REG",0.0111,0.009,"REG",0.0028,0.0484,"REG",0.0119,0.24223749933384686,0.2,1.0069000000000001,"REG",1.7808000000000002,"REG",NA
"8","24th & Ritner","stationary","39.92296389, -75.186874",39.92296389,-75.186874,"#F8766D","Non-Industrial","Residential","High","Fire station","HighT/NoI","P726668","P726668 062124 061224 Ritner DUP SS","P726668 062124 061224 Ritner DUP SS.D","2024-06-21","2024-06-12","duplicate","2024-06-05","2024-06-12",9830,2,"242024",1,0.8364,"REG",0.3159,0.2257,"REG",0.0854,0.1061,"REG",0.0389,0.1705,"REG",0.0612,0.4262,"REG",0.169,0.0384,"REG",0.0217,0.0186,"LOD",0.016,0.0281,"LOD",0.0207,0.0678,"REG",0.0253,0.0305,"REG",0.0174,0.092,"REG",0.0353,0.0308,"LOD",0.0321,0.1749,"REG",0.0708,0.1974,"REG",0.053900000000000003,0.0632,"REG",0.037,0.061,"REG",0.0284,0.0593,"REG",0.0381,0.033,"LOD",0.034,0.0787,"LOD",0.0566,0.1788,"REG",0.0672,0.0779,"REG",0.0347,0.1492,"REG",0.0426,0.1436,"REG",0.0633,0.335,"REG",0.1202,0.3542,"REG",0.1344,0.9689,"REG",0.3622,0.0737,"REG",0.0275,0.3534,"REG",0.1375,0.0067,"ND",0.0112,0.0068,"LOD",0.0102,0.0364,"REG",0.0156,0.0017,"ND",0.0028,0.0107,"REG",0.0037,0.0243,"REG",0.0137,0.2049,"REG",0.0755,0.0285,"REG",0.0111,0.009,"REG",0.0028,0.0533,"REG",0.0131,0.24221285665843145,0.22,1.0069000000000001,"REG",1.7649000000000001,"REG",NA
"9","26th & Hartranft","stationary","39.91327125, -75.1922011",39.91327125,-75.1922011,"#93AA00","Industrial","Vacant","High","Diesel corridor, portable toilet supplier","HighT/I","P733888","P733888 102623 101823 26th St SS RENAME","P733888 102623 101823 26th St SS RENAME.D","2023-10-26","2023-10-18","sample","2023-10-11","2023-10-18",10001,2,"422023",1,0.9413,"REG",0.3555,0.3468,"REG",0.1308,0.1395,"REG",0.0511,0.2158,"REG",0.0758,0.4702,"REG",0.1864,0.0455,"REG",0.0228,0.0488,"REG",0.0214,0.0414,"REG",0.0228,0.0947,"REG",0.0275,0.0453,"REG",0.0194,0.1408,"REG",0.0526,0.0485,"LOD",0.0346,0.3051,"REG",0.1234,0.4066,"REG",0.1108,0.1138,"REG",0.0596,0.1087,"REG",0.047,0.1556,"REG",0.0677,0.1584,"REG",0.0775,0.2333,"REG",0.079,0.3333,"REG",0.1173,0.366,"REG",0.1255,0.3393,"REG",0.0868,0.3294,"REG",0.12,0.8658,"REG",0.2933,2.0511,"REG",0.7503,4.6472,"ULOD",1.6977,0.9838,"ULOD",0.3672,1.3251,"REG",0.493,0.0862,"REG",0.0345,0.0188,"REG",0.0117,0.0121,"LOD",0.0083,0.0016,"ND",0.0027,5e-4,"ND",8e-4,0.0211,"LOD",0.0132,0.3165,"REG",0.1154,0.0467,"REG",0.0179,0.0222,"REG",0.0045,0.1333,"REG",0.0327,0.23807143095214287,0.56,1.1571,"REG",2.1136,"REG","Summer"
"9","26th & Hartranft","stationary","39.91327125, -75.1922011",39.91327125,-75.1922011,"#93AA00","Industrial","Vacant","High","Diesel corridor, portable toilet supplier","HighT/I","P733889","P733889 102623 101823 26th St DUP SS RENAME","P733889 102623 101823 26th St DUP SS RENAME.D","2023-10-26","2023-10-18","duplicate","2023-10-11","2023-10-18",10001,2,"422023",1,1.0128,"REG",0.3825,0.3593,"REG",0.1355,0.1495,"REG",0.0547,0.2316,"REG",0.081,0.4829,"REG",0.1915,0.0493,"REG",0.0236,0.0518,"REG",0.0221,0.0448,"REG",0.0236,0.0982,"REG",0.0279,0.0528,"REG",0.0208,0.1492,"REG",0.0556,0.0545,"LOD",0.0358,0.3116,"REG",0.126,0.4133,"REG",0.1126,0.0995,"REG",0.053,0.1087,"REG",0.047,0.1507,"REG",0.066,0.1638,"REG",0.0798,0.2133,"REG",0.0753,0.3515,"REG",0.1234,0.3793,"REG",0.1299,0.346,"REG",0.0884,0.3529,"REG",0.1277,0.8902,"REG",0.3014,2.1536,"ULOD",0.7878,5.0281,"ULOD",1.8366,1.0243,"ULOD",0.3823,1.3883,"REG",0.5163,0.1092,"REG",0.0425,0.0188,"REG",0.0117,0.0121,"LOD",0.0083,0.0016,"ND",0.0027,5e-4,"ND",8e-4,0.0211,"LOD",0.0132,0.3597,"REG",0.1309,0.0467,"REG",0.0179,0.0222,"REG",0.0045,0.1428,"REG",0.0351,0.23807143095214287,0.6,1.2444,"REG",2.2361,"REG","Summer"
"9","26th & Hartranft","stationary","39.91327125, -75.1922011",39.91327125,-75.1922011,"#93AA00","Industrial","Vacant","High","Diesel corridor, portable toilet supplier","HighT/I","P733871","P733871 021624 021424 26th St SS","P733871 021624 021424 26th St SS.D","2024-02-16","2024-02-14","sample","2024-02-07","2024-02-14",10001,2,"72024",1,1.6619,"REG",0.6276,1.3842,"REG",0.5207,0.2887,"REG",0.1056,0.299,"REG",0.1033,0.9837,"REG",0.3901,0.0949,"REG",0.035,0.0793,"REG",0.0293,0.0655,"REG",0.0285,0.1368,"REG",0.0325,0.1019,"REG",0.0314,0.3083,"REG",0.1135,0.1394,"REG",0.06,0.814,"REG",0.3291,1.1174,"REG",0.3043,0.205,"REG",0.1033,0.1768,"REG",0.0748,0.2792,"REG",0.1131,0.2858,"REG",0.1324,0.4725,"REG",0.1312,0.4424,"REG",0.1538,0.4193,"REG",0.1432,0.7462,"REG",0.1865,0.658,"REG",0.2302,1.9022,"REG",0.6391,3.3433,"ULOD",1.2222,6.3613,"ULOD",2.3228,1.1514,"ULOD",0.4298,3.7042,"ULOD",1.3738,0.1372,"REG",0.0524,0.0252,"REG",0.013,0.0034,"ND",0.0057,0.0016,"ND",0.0027,0.0128,"REG",0.0043,0.009,"LOD",0.0122,0.4172,"REG",0.1516,0.0631,"REG",0.0241,0.04,"REG",0.0075,0.2428,"REG",0.0596,0.23807143095214287,1.02,1.9608999999999999,"REG",4.617500000000001,"REG","Winter"
"9","26th & Hartranft","stationary","39.91327125, -75.1922011",39.91327125,-75.1922011,"#93AA00","Industrial","Vacant","High","Diesel corridor, portable toilet supplier","HighT/I","P733873","P733873 021624 021424 26th St DUP SS","P733873 021624 021424 26th St DUP SS.D","2024-02-16","2024-02-14","duplicate","2024-02-07","2024-02-14",10001,2,"72024",1,1.4976,"REG",0.5656,1.3467,"REG",0.5066,0.2537,"REG",0.0928,0.2727,"REG",0.0946,0.9326,"REG",0.3698,0.0088,"ND",0.0147,0.0671,"REG",0.026,0.0586,"REG",0.0268,0.1228,"REG",0.0307,0.0792,"REG",0.0262,0.2666,"REG",0.0983,0.1151,"REG",0.0523,0.7689,"REG",0.3108,1.0841,"REG",0.2952,0.1955,"REG",0.0987,0.1685,"REG",0.0714,0.2549,"REG",0.1039,0.2696,"REG",0.1253,0.4125,"REG",0.1173,0.406,"REG",0.1416,0.4059,"REG",0.1388,0.7062,"REG",0.1766,0.611,"REG",0.2142,1.7925,"REG",0.6024,3.2612,"ULOD",1.1922,6.3041,"ULOD",2.3019,1.1789,"ULOD",0.44,3.4095,"ULOD",1.2646,0.1487,"REG",0.0565,0.0252,"REG",0.013,0.0034,"ND",0.0057,0.0016,"ND",0.0027,5e-4,"ND",8e-4,0.009,"LOD",0.0122,0.3741,"REG",0.136,0.0537,"REG",0.0205,0.04,"REG",0.0075,0.2285,"REG",0.0561,0.23807143095214287,0.96,1.7703,"REG",4.3033,"REG","Winter"
"9","26th & Hartranft","stationary","39.91327125, -75.1922011",39.91327125,-75.1922011,"#93AA00","Industrial","Vacant","High","Diesel corridor, portable toilet supplier","HighT/I","P733878","P733878 022924 022124 26th St SS","P733878 022924 022124 26th St SS.D","2024-02-29","2024-02-21","sample","2024-02-14","2024-02-21",10085,2,"82024",1,0.614,"REG",0.2319,0.5299,"REG",0.1995,0.1128,"REG",0.0414,0.1191,"REG",0.0449,0.3932,"REG",0.1559,0.0087,"ND",0.0146,0.0363,"REG",0.0186,0.0274,"LOD",0.0202,0.0557,"REG",0.0238,0.0337,"REG",0.0175,0.0992,"REG",0.0378,0.0601,"REG",0.0369,0.2379,"REG",0.0962,0.3413,"REG",0.093,0.1042,"REG",0.055,0.0927,"REG",0.0405,0.127,"REG",0.0577,0.128,"REG",0.065,0.2239,"REG",0.0769,0.3005,"REG",0.1063,0.1419,"REG",0.0527,0.1913,"REG",0.0517,0.2909,"REG",0.1074,0.4958,"REG",0.1714,0.9865,"REG",0.3622,2.2853,"REG",0.8375,0.1313,"REG",0.049,0.8448,"REG",0.3158,0.0563,"REG",0.0246,0.0116,"LOD",0.0105,0.0034,"ND",0.0057,0.0016,"ND",0.0027,5e-4,"ND",8e-4,0.0059,"ND",0.0099,0.2853,"REG",0.1042,0.0348,"REG",0.0134,0.0132,"REG",0.0032,0.0897,"REG",0.022,0.23608848596453952,0.38,0.7331,"REG",1.7690000000000001,"REG","Winter"
"9","26th & Hartranft","stationary","39.91327125, -75.1922011",39.91327125,-75.1922011,"#93AA00","Industrial","Vacant","High","Diesel corridor, portable toilet supplier","HighT/I","P733879","P733879 030124 022124 26th St DUP SS","P733879 030124 022124 26th St DUP SS.D","2024-03-01","2024-02-21","duplicate","2024-02-14","2024-02-21",10085,2,"82024",1,0.7131,"REG",0.2694,0.5918,"REG",0.2228,0.1277,"REG",0.0468,0.1399,"REG",0.0513,0.4523,"REG",0.1793,0.0087,"ND",0.0146,0.0181,"LOD",0.0156,0.0308,"LOD",0.0207,0.0661,"REG",0.0246,0.0412,"REG",0.0186,0.1157,"REG",0.0436,0.0661,"REG",0.0383,0.2635,"REG",0.1066,0.3743,"REG",0.102,0.2081,"REG",0.1047,0.1258,"REG",0.053900000000000003,0.1608,"REG",0.0694,0.1494,"REG",0.0737,0.2966,"REG",0.0916,0.3425,"REG",0.1203,0.1452,"REG",0.0537,0.2177,"REG",0.0578,0.3259,"REG",0.1188,0.5562,"REG",0.1911,0.956,"REG",0.3511,2.2098,"REG",0.8101,0.1434,"REG",0.0535,0.9074,"REG",0.3389,0.1019,"REG",0.0399,0.0183,"REG",0.0115,0.0034,"ND",0.0057,0.0016,"ND",0.0027,0.0091,"REG",0.0031,0.0059,"ND",0.0099,0.2711,"REG",0.0991,0.0348,"REG",0.0134,0.0132,"REG",0.0032,0.0992,"REG",0.0244,0.23608848596453952,0.42,0.853,"REG",2.0248,"REG","Winter"
"9","26th & Hartranft","stationary","39.91327125, -75.1922011",39.91327125,-75.1922011,"#93AA00","Industrial","Vacant","High","Diesel corridor, portable toilet supplier","HighT/I","P733845","P733845 060624 052924 26th SS","P733845 060624 052924 26TH SS.D","2024-06-06","2024-05-29","sample","2024-05-22","2024-05-29",9588,2,"222024",1,0.6265,"REG",0.2367,0.2575,"REG",0.0973,0.0879,"REG",0.0323,0.1364,"REG",0.0506,0.3792,"REG",0.1504,0.0473,"REG",0.0238,0.0477,"REG",0.0216,0.0432,"REG",0.0238,0.0805,"REG",0.0269,0.0392,"REG",0.019,0.103,"REG",0.0393,0.0506,"LOD",0.0361,0.1524,"REG",0.0617,0.1537,"REG",0.0421,0.1393,"REG",0.0719,0.08,"REG",0.0357,0.2338,"REG",0.0965,0.3552,"REG",0.1633,0.5326,"REG",0.1463,0.3603,"REG",0.1266,0.1978,"REG",0.0707,0.1391,"REG",0.0407,0.1595,"REG",0.0683,0.3053,"REG",0.1114,0.5129,"REG",0.191,1.2516,"REG",0.4638,0.1102,"REG",0.0411,0.6148,"REG",0.2319,0.0444,"REG",0.0214,0.0051,"ND",0.0085,0.027,"REG",0.0126,0.0017,"ND",0.0029,5e-4,"ND",8e-4,0.106,"REG",0.0304,0.1651,"REG",0.0616,0.0195,"REG",0.0078,0.0139,"REG",0.0034,0.0497,"REG",0.0122,0.2483262808669567,0.2,0.7628999999999999,"REG",1.4875,"REG",NA
"9","26th & Hartranft","stationary","39.91327125, -75.1922011",39.91327125,-75.1922011,"#93AA00","Industrial","Vacant","High","Diesel corridor, portable toilet supplier","HighT/I","P726605","P726605 060724 052924 26th DUP SS","P726605 060724 052924 26th DUP SS.D","2024-06-07","2024-05-29","duplicate","2024-05-22","2024-05-29",9588,2,"222024",1,0.6712,"REG",0.2535,0.251,"REG",0.0949,0.0931,"REG",0.0342,0.1474,"REG",0.0541,0.3926,"REG",0.1557,0.0473,"REG",0.0238,0.0509,"REG",0.0223,0.0432,"REG",0.0238,0.0842,"REG",0.0272,0.0392,"REG",0.019,0.1117,"REG",0.0423,0.0569,"LOD",0.0374,0.1524,"REG",0.0617,0.1537,"REG",0.0421,0.1492,"REG",0.0766,0.093,"REG",0.0409,0.244,"REG",0.1003,0.3608,"REG",0.1658,0.5257,"REG",0.1446,0.3793,"REG",0.1329,0.1909,"REG",0.0685,0.1391,"REG",0.0407,0.1718,"REG",0.0718,0.3307,"REG",0.1192,0.5129,"REG",0.191,1.2913,"REG",0.4781,0.1223,"REG",0.0456,0.6477,"REG",0.2439,0.0324,"REG",0.0183,0.0051,"ND",0.0085,0.0202,"REG",0.0106,0.0017,"ND",0.0029,0.011,"REG",0.0038,0.0307,"REG",0.0148,0.1651,"REG",0.0616,0.0195,"REG",0.0078,0.0139,"REG",0.0034,0.0497,"REG",0.0122,0.2483262808669567,0.2,0.8186,"REG",1.5553,"REG",NA
