"site_id","site","site_type","coordinates","lat","long","site_color","industrial_20","land_use","site_traffic","nearby_sources","ind_traf","tube_number","file_name_sampling","file_name","analysis_batch_date","sample_end_date","sample_type","start_date","end_date","time_difference","multiplier","week","sample_length","m_p_xylene_2","m_p_xylene_2_flag","m_p_xylene_2_unc","benzene","benzene_flag","benzene_unc","ethylbenzene","ethylbenzene_flag","ethylbenzene_unc","o_xylene","o_xylene_flag","o_xylene_unc","toluene","toluene_flag","toluene_unc","benzene_1_2_3_trimethyl","benzene_1_2_3_trimethyl_flag","benzene_1_2_3_trimethyl_unc","benzene_1_4_diethyl","benzene_1_4_diethyl_flag","benzene_1_4_diethyl_unc","benzene_1_ethyl_2_methyl","benzene_1_ethyl_2_methyl_flag","benzene_1_ethyl_2_methyl_unc","benzene_1_ethyl_3_methyl","benzene_1_ethyl_3_methyl_flag","benzene_1_ethyl_3_methyl_unc","benzene_1_ethyl_4_methyl","benzene_1_ethyl_4_methyl_flag","benzene_1_ethyl_4_methyl_unc","mesitylene","mesitylene_flag","mesitylene_unc","benzene_propyl","benzene_propyl_flag","benzene_propyl_unc","heptane","heptane_flag","heptane_unc","n_hexane","n_hexane_flag","n_hexane_unc","nonane","nonane_flag","nonane_unc","octane","octane_flag","octane_unc","decane","decane_flag","decane_unc","dodecane","dodecane_flag","dodecane_unc","undecane","undecane_flag","undecane_unc","pentane_2_3_4_trimethyl","pentane_2_3_4_trimethyl_flag","pentane_2_3_4_trimethyl_unc","pentane_2_4_dimethyl","pentane_2_4_dimethyl_flag","pentane_2_4_dimethyl_unc","hexane_2_methyl","hexane_2_methyl_flag","hexane_2_methyl_unc","heptane_3_methyl","heptane_3_methyl_flag","heptane_3_methyl_unc","hexane_3_methyl","hexane_3_methyl_flag","hexane_3_methyl_unc","pentane_3_methyl","pentane_3_methyl_flag","pentane_3_methyl_unc","pentane_2_methyl","pentane_2_methyl_flag","pentane_2_methyl_unc","butane_2_methyl","butane_2_methyl_flag","butane_2_methyl_unc","cyclohexane_methyl","cyclohexane_methyl_flag","cyclohexane_methyl_unc","x1_hexene","x1_hexene_flag","x1_hexene_unc","x2_pentene_z_cis","x2_pentene_z_cis_flag","x2_pentene_z_cis_unc","x1_3_butadiene_2_methyl","x1_3_butadiene_2_methyl_flag","x1_3_butadiene_2_methyl_unc","x2_hexanone","x2_hexanone_flag","x2_hexanone_unc","methyl_isobutyl_ketone","methyl_isobutyl_ketone_flag","methyl_isobutyl_ketone_unc","benzene_1_2_dichloro","benzene_1_2_dichloro_flag","benzene_1_2_dichloro_unc","carbon_tetrachloride","carbon_tetrachloride_flag","carbon_tetrachloride_unc","trichloromethane","trichloromethane_flag","trichloromethane_unc","tetrachloroethylene","tetrachloroethylene_flag","tetrachloroethylene_unc","trichloromonofluoromethane","trichloromonofluoromethane_flag","trichloromonofluoromethane_unc","conversion_factor","blank_corrected_value","xylenes","xylenes_flag","btex","btex_flag","season"
"1","Bartram’s Garden","stationary","39.92896, -75.212541",39.92896,-75.212541,"#A65628","Non-Industrial","Open Space","Low",NA,"LowT/NoI","P733856","P733856 071323 070523 Bartrams 1WK SS","P733856 071323 070523 Bartrams 1WK SS.D","2023-07-13","2023-07-05","sample","2023-06-28","2023-07-05",9991,2,"272023",1,1.21,"REG",0.457,0.929,"REG",0.351,0.261,"REG",0.096,0.366,"REG",0.151,1.005,"REG",0.399,0.075,"LOD",0.09,0.04,"ND",0.067,0.068,"LOD",0.092,0.054,"ND",0.09,0.148,"REG",0.085,0.451,"REG",0.173,0.089,"LOD",0.148,0.288,"REG",0.117,0.388,"REG",0.107,0.051,"ND",0.085,0.029,"ND",0.048,0.121,"LOD",0.18,0.165,"LOD",0.222,0.166,"ND",0.277,0.284,"REG",0.16,0.218,"REG",0.118,0.246,"REG",0.105,0.268,"LOD",0.204,0.55,"REG",0.252,0.651,"REG",0.269,1.898,"REG",0.744,0.141,"REG",0.053,0.508,"REG",0.25,0.04,"REG",0.048,0.014,"ND",0.023,0.332,"REG",0.128,0.007,"ND",0.011,0.002,"ND",0.003,0.1,"LOD",0.076,1.178,"REG",0.435,0.137,"REG",0.053,0.06,"REG",0.018,0.268,"REG",0.066,0.23830971684039443,0.2,1.576,"REG",3.771,"REG",NA
"1","Bartram’s Garden","stationary","39.92896, -75.212541",39.92896,-75.212541,"#A65628","Non-Industrial","Open Space","Low",NA,"LowT/NoI","P726645","P726645 071323 071223 Bartrams 1WK SS","P726645 071323 071223 Bartrams 1WK SS.D","2023-07-13","2023-07-12","sample","2023-07-05","2023-07-12",10105,2,"282023",1,1.595,"REG",0.603,0.543,"REG",0.206,0.301,"REG",0.111,0.452,"REG",0.175,1.105,"REG",0.438,0.111,"LOD",0.093,0.066,"LOD",0.082,0.101,"LOD",0.094,0.222,"REG",0.114,0.092,"LOD",0.078,0.243,"REG",0.103,0.088,"LOD",0.147,0.363,"REG",0.148,0.43,"REG",0.118,0.04,"REG",0.103,0.099,"REG",0.07,0.26,"REG",0.199,0.163,"LOD",0.219,0.501,"LOD",0.353,0.28,"REG",0.158,0.257,"REG",0.125,0.325,"REG",0.116,0.32,"LOD",0.211,0.791,"REG",0.316,0.787,"REG",0.313,2.276,"REG",0.873,0.154,"REG",0.058,0.669,"REG",0.297,0.022,"ND",0.038,0.014,"ND",0.023,0.382,"REG",0.148,0.007,"ND",0.011,0.002,"ND",0.003,0.132,"LOD",0.079,1.254,"REG",0.462,0.181,"REG",0.069,0.09,"REG",0.022,0.238,"REG",0.059,0.23562121533422872,0.18,2.047,"REG",3.996,"REG",NA
"1","Bartram’s Garden","stationary","39.92896, -75.212541",39.92896,-75.212541,"#A65628","Non-Industrial","Open Space","Low",NA,"LowT/NoI","P637224","P637224 072723 071923 Bartrams 1WK DS","P637224 072723 071923 Bartrams 1WK DS.D","2023-07-27","2023-07-19","sample","2023-07-12","2023-07-19",10113,14.3,"292023",1,2.818,"REG",1.064,1.041,"REG",0.392,0.461,"REG",0.169,0.807,"LOD",0.287,2.116,"REG",0.839,0.264,"LOD",0.12,0.04,"ND",0.066,0.24,"LOD",0.119,0.488,"LOD",0.137,0.131,"LOD",0.082,0.579,"LOD",0.218,0.071,"ND",0.119,0.853,"REG",0.345,1.128,"REG",0.307,0.256,"LOD",0.162,0.341,"LOD",0.153,0.469,"LOD",0.251,0.701,"LOD",0.378,0.857,"LOD",0.394,0.4,"LOD",0.186,0.386,"LOD",0.159,0.579,"LOD",0.166,0.77,"LOD",0.32,1.413,"LOD",0.504,2.556,"REG",0.942,6.596,"REG",2.422,0.697,"REG",0.26,1.494,"LOD",0.577,0.201,"LOD",0.087,0.014,"ND",0.023,0.639,"REG",0.246,0.274,"REG",0.088,0.002,"ND",0.003,0.236,"LOD",0.094,3.2,"REG",1.161,0.323,"REG",0.123,0.213,"REG",0.041,1.135,"REG",0.279,0.2354348245775122,0.858,3.625,"REG",7.243,"REG",NA
"1","Bartram’s Garden","stationary","39.92896, -75.212541",39.92896,-75.212541,"#A65628","Non-Industrial","Open Space","Low",NA,"LowT/NoI","P726608","P726608 072823 072623 Bartrams 1WK DS","P726608 072823 072623 Bartrams 1WK DS.D","2023-07-28","2023-07-26","sample","2023-07-19","2023-07-26",9912,14.3,"302023",1,3.098,"REG",1.17,1.062,"REG",0.4,0.627,"REG",0.229,0.988,"LOD",0.346,2.159,"REG",0.856,0.269,"LOD",0.122,0.041,"ND",0.068,0.122,"LOD",0.099,0.497,"LOD",0.14,0.134,"LOD",0.083,0.591,"LOD",0.223,0.215,"LOD",0.167,0.871,"REG",0.352,0.982,"REG",0.268,0.081,"LOD",0.111,0.208,"LOD",0.104,0.478,"LOD",0.256,0.444,"LOD",0.291,0.874,"LOD",0.403,0.408,"LOD",0.19,0.393,"LOD",0.161,0.591,"LOD",0.17,0.786,"LOD",0.327,1.802,"LOD",0.629,2.086,"REG",0.773,6.245,"REG",2.296,0.788,"REG",0.294,1.525,"LOD",0.589,0.205,"LOD",0.089,0.014,"ND",0.024,0.652,"REG",0.251,0.007,"ND",0.011,0.002,"ND",0.003,0.482,"LOD",0.146,3.265,"REG",1.184,0.329,"REG",0.125,0.218,"REG",0.041,1.158,"REG",0.284,0.2402090779814751,0.858,4.086,"REG",7.933999999999999,"REG",NA
"1","Bartram’s Garden","stationary","39.92896, -75.212541",39.92896,-75.212541,"#A65628","Non-Industrial","Open Space","Low",NA,"LowT/NoI","P726661","P726661 081023 080223 Bartrams 1WK SS","P726661 081023 080223 Bartrams 1WK SS.D","2023-08-10","2023-08-02","sample","2023-07-26","2023-08-02",10110,2,"312023",1,1.313,"REG",0.496,0.662,"REG",0.25,0.236,"REG",0.087,0.361,"REG",0.149,1.047,"REG",0.415,0.092,"LOD",0.09,0.066,"LOD",0.082,0.067,"LOD",0.091,0.053,"ND",0.089,0.162,"REG",0.086,0.196,"REG",0.088,0.088,"LOD",0.146,0.375,"REG",0.152,0.395,"REG",0.109,1.021,"REG",0.515,0.366,"REG",0.163,0.374,"REG",0.225,0.103,"ND",0.172,0.632,"REG",0.366,0.196,"LOD",0.143,0.189,"REG",0.111,0.27,"REG",0.107,0.254,"LOD",0.199,0.643,"REG",0.275,0.644,"REG",0.265,1.904,"REG",0.745,0.199,"REG",0.074,0.502,"REG",0.247,0.215,"REG",0.092,0.038,"LOD",0.031,0.447,"REG",0.172,0.062,"REG",0.024,0.002,"ND",0.003,0.165,"REG",0.083,1.343,"REG",0.494,0.181,"REG",0.069,0.09,"REG",0.022,0.424,"REG",0.104,0.23550468654326223,0.32,1.674,"REG",3.6189999999999998,"REG",NA
"1","Bartram’s Garden","stationary","39.92896, -75.212541",39.92896,-75.212541,"#A65628","Non-Industrial","Open Space","Low",NA,"LowT/NoI","P726659","P726659 081123 080923 Bartrams 1WK SS","P726659 081123 080923 Bartrams 1WK SS.D","2023-08-11","2023-08-09","sample","2023-08-02","2023-08-09",10048,2,"322023",1,1.414,"REG",0.534,0.646,"REG",0.245,0.259,"REG",0.096,0.386,"REG",0.156,0.958,"REG",0.38,0.112,"LOD",0.093,0.066,"LOD",0.083,0.085,"LOD",0.093,0.186,"LOD",0.112,0.089,"LOD",0.078,0.197,"REG",0.088,0.089,"LOD",0.147,0.404,"REG",0.164,0.444,"REG",0.122,0.58,"REG",0.305,0.272,"REG",0.127,0.32,"REG",0.213,0.269,"LOD",0.241,0.467,"LOD",0.352,0.169,"LOD",0.139,0.163,"LOD",0.106,0.299,"REG",0.112,0.31,"LOD",0.21,0.746,"REG",0.303,0.792,"REG",0.315,2.116,"REG",0.818,0.172,"REG",0.064,0.631,"REG",0.286,0.138,"REG",0.068,0.038,"LOD",0.031,0.295,"REG",0.115,0.083,"REG",0.029,0.002,"ND",0.003,0.067,"LOD",0.073,1.351,"REG",0.497,0.136,"REG",0.053,0.06,"REG",0.018,0.426,"REG",0.104,0.2369578404610252,0.32,1.7999999999999998,"REG",3.6630000000000003,"REG",NA
"1","Bartram’s Garden","stationary","39.92896, -75.212541",39.92896,-75.212541,"#A65628","Non-Industrial","Open Space","Low",NA,"LowT/NoI","P726620","P726620 082423 081623 Bartrams SS","P726620 082423 081623 Bartrams SS.D","2023-08-24","2023-08-16","sample","2023-08-09","2023-08-16",10197,1.3,"332023",1,1.674,"REG",0.633,0.523,"REG",0.199,0.332,"REG",0.122,0.466,"REG",0.179,1.16,"REG",0.46,0.107,"LOD",0.091,0.04,"ND",0.066,0.097,"LOD",0.093,0.25,"REG",0.115,0.091,"REG",0.077,0.202,"REG",0.089,0.114,"LOD",0.148,0.395,"REG",0.16,0.456,"REG",0.125,0.338,"REG",0.195,0.222,"REG",0.108,0.333,"REG",0.214,0.341,"REG",0.256,0.163,"ND",0.272,0.199,"REG",0.142,0.13,"REG",0.1,0.314,"REG",0.114,0.297,"REG",0.205,0.701,"REG",0.289,0.691,"REG",0.281,1.861,"REG",0.73,0.156,"REG",0.058,0.62,"REG",0.281,0.022,"ND",0.037,0.025,"LOD",0.029,0.357,"REG",0.138,0.007,"ND",0.011,0.002,"ND",0.003,0.149,"REG",0.081,1.097,"REG",0.406,0.145,"REG",0.056,0.096,"REG",0.022,0.256,"REG",0.063,0.2334953791264471,0.195,2.14,"REG",4.154999999999999,"REG","Summer"
"1","Bartram’s Garden","stationary","39.92896, -75.212541",39.92896,-75.212541,"#A65628","Non-Industrial","Open Space","Low",NA,"LowT/NoI","P733895","P733895 082523 082323 Bartrams SS","P733895 082523 082323 Bartrams SS.D","2023-08-25","2023-08-23","sample","2023-08-16","2023-08-23",9977,2,"342023",1,1.144,"REG",0.433,0.71,"REG",0.269,0.239,"REG",0.089,0.321,"REG",0.138,0.932,"REG",0.37,0.112,"LOD",0.094,0.04,"ND",0.067,0.085,"LOD",0.094,0.17,"LOD",0.112,0.071,"LOD",0.077,0.199,"REG",0.089,0.089,"LOD",0.148,0.353,"REG",0.143,0.283,"REG",0.079,1.285,"REG",0.644,0.761,"REG",0.323,0.493,"REG",0.26,0.61,"REG",0.346,0.897,"REG",0.404,0.114,"LOD",0.134,0.046,"ND",0.076,0.219,"REG",0.101,0.202,"LOD",0.195,0.451,"REG",0.229,0.399,"REG",0.192,1.122,"REG",0.492,0.107,"REG",0.04,0.297,"LOD",0.198,0.139,"REG",0.068,0.077,"REG",0.039,0.252,"REG",0.098,0.104,"REG",0.036,0.002,"ND",0.003,0.134,"LOD",0.08,1.089,"REG",0.404,0.137,"REG",0.053,0.091,"REG",0.022,0.242,"REG",0.06,0.23864411957024967,0.18,1.4649999999999999,"REG",3.3459999999999996,"REG","Summer"
"1","Bartram’s Garden","stationary","39.92896, -75.212541",39.92896,-75.212541,"#A65628","Non-Industrial","Open Space","Low",NA,"LowT/NoI","P733889","P733889 090723 083023 Bartrams SS","P733889 090723 083023 Bartrams SS.D","2023-09-07","2023-08-30","sample","2023-08-23","2023-08-30",10054,2,"352023",1,1.479,"REG",0.559,0.596,"REG",0.226,0.3,"REG",0.111,0.407,"REG",0.162,1.053,"REG",0.418,0.111,"LOD",0.093,0.083,"LOD",0.084,0.076,"LOD",0.092,0.206,"LOD",0.113,0.092,"LOD",0.078,0.244,"REG",0.103,0.116,"LOD",0.15,0.452,"REG",0.183,0.469,"REG",0.129,0.015,"REG",0.102,0.102,"REG",0.071,0.343,"REG",0.218,0.462,"REG",0.295,0.597,"REG",0.364,0.225,"LOD",0.149,0.213,"REG",0.116,0.38,"REG",0.127,0.378,"REG",0.222,0.845,"REG",0.331,0.713,"REG",0.289,2.204,"REG",0.848,0.183,"REG",0.068,0.757,"REG",0.325,0.213,"REG",0.091,0.03,"LOD",0.03,0.171,"REG",0.068,0.007,"ND",0.011,0.002,"ND",0.003,0.058,"LOD",0.073,1.261,"REG",0.465,0.136,"REG",0.053,0.06,"REG",0.018,0.346,"REG",0.085,0.2368164293766044,0.26,1.8860000000000001,"REG",3.835,"REG","Summer"
"1","Bartram’s Garden","stationary","39.92896, -75.212541",39.92896,-75.212541,"#A65628","Non-Industrial","Open Space","Low",NA,"LowT/NoI","P726607","P726607 090823 090623 Bartrams SS","P726607 090823 090623 Bartrams SS.D","2023-09-08","2023-09-06","sample","2023-08-30","2023-09-06",10207,2,"362023",1,1.214,"REG",0.459,0.567,"REG",0.215,0.254,"REG",0.094,0.356,"REG",0.147,0.943,"REG",0.374,0.11,"LOD",0.092,0.04,"ND",0.065,0.058,"LOD",0.089,0.169,"LOD",0.11,0.073,"LOD",0.075,0.161,"REG",0.077,0.085,"LOD",0.145,0.264,"REG",0.107,0.324,"REG",0.09,0.455,"REG",0.247,0.157,"REG",0.086,0.311,"REG",0.208,0.307,"LOD",0.247,0.547,"REG",0.354,0.139,"LOD",0.134,0.196,"REG",0.111,0.241,"REG",0.102,0.211,"LOD",0.192,0.538,"REG",0.247,0.526,"REG",0.228,1.447,"REG",0.591,0.13,"REG",0.049,0.373,"REG",0.212,0.022,"ND",0.037,0.086,"REG",0.04,0.321,"REG",0.124,0.049,"REG",0.02,0.002,"ND",0.003,0.254,"REG",0.097,1.153,"REG",0.427,0.179,"REG",0.069,0.089,"REG",0.022,0.236,"REG",0.058,0.2332666190802764,0.18,1.5699999999999998,"REG",3.3339999999999996,"REG","Summer"
"1","Bartram’s Garden","stationary","39.92896, -75.212541",39.92896,-75.212541,"#A65628","Non-Industrial","Open Space","Low",NA,"LowT/NoI","P733859","P733859 092923 092723 Bartrams SS","P733859 092923 092723 Bartrams SS RENAME.D","2023-09-29","2023-09-27","sample","2023-09-20","2023-09-27",10069,2,"392023",1,1.477,"REG",0.558,0.634,"REG",0.241,0.235,"REG",0.087,0.293,"REG",0.131,0.908,"REG",0.36,0.056,"LOD",0.088,0.04,"ND",0.066,0.025,"LOD",0.089,0.12,"LOD",0.109,0.055,"LOD",0.075,0.163,"REG",0.078,0.057,"LOD",0.145,0.214,"REG",0.088,0.352,"REG",0.097,0.051,"ND",0.085,0.029,"ND",0.048,0.118,"LOD",0.178,0.05,"LOD",0.209,0.13,"LOD",0.332,0.113,"LOD",0.132,0.145,"LOD",0.103,0.244,"REG",0.104,0.159,"LOD",0.188,0.546,"REG",0.251,0.712,"REG",0.288,2.134,"REG",0.824,0.284,"REG",0.106,0.42,"REG",0.226,0.023,"ND",0.038,0.014,"ND",0.023,0.053,"REG",0.028,0.007,"ND",0.011,0.002,"ND",0.003,0.158,"REG",0.082,1.708,"REG",0.624,0.136,"REG",0.053,0.12,"REG",0.026,0.797,"REG",0.196,0.2364636389862331,0.6,1.77,"REG",3.5470000000000006,"REG","Summer"
"1","Bartram’s Garden","stationary","39.92896, -75.212541",39.92896,-75.212541,"#A65628","Non-Industrial","Open Space","Low",NA,"LowT/NoI","P733897","P733897 101223 100423 Bartrams SS","P733897 101223 100423 Bartrams SS.D","2023-10-12","2023-10-04","sample","2023-09-27","2023-10-04",10123,2,"402023",1,2.596,"REG",0.981,0.897,"REG",0.339,0.406,"REG",0.149,0.564,"REG",0.209,1.576,"REG",0.625,0.092,"LOD",0.09,0.066,"LOD",0.082,0.084,"LOD",0.092,0.238,"REG",0.115,0.11,"LOD",0.079,0.239,"REG",0.101,0.117,"LOD",0.149,0.478,"REG",0.194,0.789,"REG",0.215,0.047,"REG",0.104,0.156,"REG",0.086,0.193,"LOD",0.187,0.086,"LOD",0.21,0.168,"LOD",0.331,0.28,"REG",0.158,0.243,"REG",0.122,0.429,"REG",0.136,0.326,"LOD",0.212,0.987,"REG",0.372,1.321,"REG",0.498,3.78,"REG",1.406,0.228,"REG",0.085,0.831,"REG",0.349,0.098,"REG",0.058,0.014,"ND",0.023,0.097,"REG",0.042,0.007,"ND",0.011,0.002,"ND",0.003,0.257,"REG",0.098,1.789,"REG",0.653,0.18,"REG",0.069,0.119,"REG",0.026,0.449,"REG",0.111,0.23520225041513199,0.34,3.16,"REG",6.039,"REG","Summer"
"1","Bartram’s Garden","stationary","39.92896, -75.212541",39.92896,-75.212541,"#A65628","Non-Industrial","Open Space","Low",NA,"LowT/NoI","P726604","P726604 101323 101123 Bartrams SS","P726604 101323 101123 Bartrams SS.D","2023-10-13","2023-10-11","sample","2023-10-04","2023-10-11",9990,1.99,"412023",1,2.926,"REG",1.105,1.083,"REG",0.409,0.452,"REG",0.166,0.637,"REG",0.233,1.749,"REG",0.693,0.112,"LOD",0.094,0.083,"LOD",0.085,0.101,"LOD",0.095,0.275,"REG",0.118,0.111,"LOD",0.08,0.322,"REG",0.129,0.148,"LOD",0.155,0.613,"REG",0.248,1.17,"REG",0.319,0.051,"ND",0.085,0.118,"REG",0.076,0.223,"LOD",0.194,0.086,"LOD",0.212,0.212,"LOD",0.337,0.395,"REG",0.186,0.285,"REG",0.133,0.596,"REG",0.17,0.548,"REG",0.262,1.344,"REG",0.482,1.908,"REG",0.708,5.885,"REG",2.165,0.63,"ULOD",0.431,1.132,"REG",0.451,0.177,"REG",0.08,0.073,"REG",0.038,0.097,"REG",0.042,0.007,"ND",0.011,0.03,"REG",0.011,0.393,"REG",0.125,1.803,"REG",0.659,0.227,"REG",0.087,0.12,"REG",0.026,0.799,"REG",0.196,0.238333571666905,0.597,3.563,"REG",6.8469999999999995,"REG","Summer"
"1","Bartram’s Garden","stationary","39.92896, -75.212541",39.92896,-75.212541,"#A65628","Non-Industrial","Open Space","Low",NA,"LowT/NoI","P733869","P733869 102623 101823 Bartrams SS RENAME","P733869 102623 101823 Bartrams SS RENAME.D","2023-10-26","2023-10-18","sample","2023-10-11","2023-10-18",10255,2,"422023",1,2.26,"REG",0.854,0.711,"REG",0.269,0.358,"REG",0.132,0.49,"REG",0.186,1.149,"REG",0.456,0.073,"LOD",0.088,0.049,"LOD",0.08,0.083,"LOD",0.091,0.202,"LOD",0.111,0.109,"LOD",0.078,0.235,"REG",0.1,0.087,"LOD",0.145,0.291,"REG",0.118,0.504,"REG",0.138,0.05,"ND",0.083,0.021,"REG",0.057,0.191,"LOD",0.184,0.084,"LOD",0.208,0.166,"LOD",0.327,0.193,"LOD",0.141,0.173,"LOD",0.107,0.344,"REG",0.119,0.214,"LOD",0.192,0.78,"REG",0.311,1.057,"REG",0.405,3.012,"REG",1.131,0.409,"REG",0.153,0.532,"REG",0.254,0.058,"REG",0.049,0.013,"ND",0.023,0.051,"REG",0.027,0.007,"ND",0.011,0.002,"ND",0.003,0.45,"REG",0.137,2.03,"REG",0.74,0.178,"REG",0.068,0.147,"REG",0.03,0.73,"REG",0.179,0.23217478117526877,0.56,2.75,"REG",4.968,"REG","Summer"
"1","Bartram’s Garden","stationary","39.92896, -75.212541",39.92896,-75.212541,"#A65628","Non-Industrial","Open Space","Low",NA,"LowT/NoI","P726601","P726601 102723 102523 Bartrams SS","P726601 102723 102523 Bartrams SS.D","2023-10-27","2023-10-25","sample","2023-10-18","2023-10-25",9883,2,"432023",1,2.565,"REG",0.969,0.717,"REG",0.272,0.393,"REG",0.145,0.554,"REG",0.207,1.403,"REG",0.557,0.076,"LOD",0.091,0.068,"LOD",0.084,0.069,"LOD",0.093,0.209,"LOD",0.115,0.113,"LOD",0.081,0.244,"REG",0.104,0.09,"LOD",0.15,0.516,"REG",0.209,0.761,"REG",0.208,0.174,"REG",0.135,0.14,"REG",0.082,0.198,"LOD",0.191,0.049,"LOD",0.212,0.173,"LOD",0.339,0.258,"REG",0.156,0.248,"REG",0.125,0.495,"REG",0.15,0.389,"REG",0.228,1.163,"REG",0.427,1.609,"REG",0.602,4.212,"REG",1.561,0.424,"ULOD",0.213,0.894,"REG",0.371,0.1,"REG",0.059,0.014,"ND",0.024,0.01,"ND",0.016,0.007,"ND",0.011,0.002,"ND",0.003,0.298,"REG",0.106,1.923,"REG",0.701,0.185,"REG",0.071,0.122,"REG",0.026,0.839,"REG",0.206,0.24091393108897918,0.62,3.1189999999999998,"REG",5.632,"REG","Summer"
"1","Bartram’s Garden","stationary","39.92896, -75.212541",39.92896,-75.212541,"#A65628","Non-Industrial","Open Space","Low",NA,"LowT/NoI","P726603","P726603 110923 110123 Bartrams SS","P726603 110923 110123 Bartrams SS.D","2023-11-09","2023-11-01","sample","2023-10-25","2023-11-01",10310,2,"442023",1,2.786,"REG",1.053,0.939,"REG",0.355,0.459,"REG",0.168,0.62,"REG",0.226,2.705,"REG",1.073,0.109,"LOD",0.091,0.039,"ND",0.065,0.099,"LOD",0.092,0.268,"REG",0.115,0.126,"LOD",0.08,0.274,"REG",0.112,0.145,"LOD",0.15,0.646,"REG",0.261,0.886,"REG",0.242,1.657,"REG",0.826,0.746,"REG",0.316,0.454,"REG",0.244,0.157,"LOD",0.215,0.417,"LOD",0.339,0.247,"REG",0.15,0.198,"REG",0.111,0.504,"REG",0.15,0.475,"REG",0.24,1.115,"REG",0.409,1.297,"REG",0.489,3.777,"REG",1.403,0.396,"REG",0.148,0.779,"REG",0.33,0.165,"REG",0.075,0.03,"LOD",0.029,0.009,"ND",0.016,0.007,"ND",0.011,0.002,"ND",0.003,0.217,"REG",0.09,1.756,"REG",0.641,0.173,"REG",0.066,0.176,"REG",0.035,0.701,"REG",0.172,0.23093621541730175,0.54,3.406,"REG",7.5089999999999995,"REG","Summer"
"1","Bartram’s Garden","stationary","39.92896, -75.212541",39.92896,-75.212541,"#A65628","Non-Industrial","Open Space","Low",NA,"LowT/NoI","P726645","P726645 111023 110823 Bartrams SS","P726645 111023 110823 Bartrams SS.D","2023-11-10","2023-11-08","sample","2023-11-01","2023-11-08",9905,2,"452023",1,3.902,"REG",1.473,1.361,"REG",0.513,0.631,"REG",0.231,0.853,"REG",0.302,2.524,"REG",1.001,0.151,"LOD",0.1,0.102,"LOD",0.087,0.137,"LOD",0.101,0.383,"REG",0.128,0.131,"LOD",0.083,0.368,"REG",0.145,0.18,"LOD",0.161,0.886,"REG",0.359,1.302,"REG",0.355,0.565,"REG",0.298,0.364,"REG",0.163,0.473,"REG",0.254,0.164,"LOD",0.224,0.435,"LOD",0.354,0.343,"REG",0.174,0.275,"REG",0.131,0.717,"REG",0.198,0.66,"REG",0.292,1.514,"REG",0.536,1.971,"REG",0.731,5.694,"REG",2.096,0.421,"ULOD",0.258,1.152,"REG",0.459,0.212,"REG",0.091,0.05,"REG",0.033,0.037,"LOD",0.024,0.007,"ND",0.011,0.002,"ND",0.003,0.631,"REG",0.18,1.919,"REG",0.7,0.18,"REG",0.069,0.243,"REG",0.046,0.405,"REG",0.099,0.2403788370471864,0.3,4.755,"REG",9.270999999999999,"REG",NA
"1","Bartram’s Garden","stationary","39.92896, -75.212541",39.92896,-75.212541,"#A65628","Non-Industrial","Open Space","Low",NA,"LowT/NoI","P733848","P733848 112423 111523 Bartrams SS","P733848 112423 111523 Bartrams SS.D","2023-11-24","2023-11-15","sample","2023-11-08","2023-11-15",10107,2,"462023",1,1.83,"REG",0.692,0.998,"REG",0.376,0.297,"REG",0.109,0.407,"REG",0.162,1.331,"REG",0.528,0.074,"LOD",0.089,0.04,"ND",0.066,0.067,"LOD",0.091,0.171,"LOD",0.111,0.073,"LOD",0.076,0.199,"REG",0.088,0.088,"LOD",0.147,0.45,"REG",0.182,0.765,"REG",0.209,0.479,"REG",0.258,0.26,"REG",0.122,0.239,"LOD",0.195,0.049,"LOD",0.208,0.257,"LOD",0.336,0.196,"LOD",0.143,0.162,"LOD",0.106,0.432,"REG",0.136,0.266,"LOD",0.202,0.94,"REG",0.358,1.252,"REG",0.474,3.653,"REG",1.36,0.585,"REG",0.218,0.586,"REG",0.271,0.129,"REG",0.066,0.03,"LOD",0.03,0.009,"LOD",0.019,0.007,"ND",0.011,0.002,"ND",0.003,0.254,"REG",0.097,1.612,"REG",0.59,0.176,"REG",0.068,0.119,"REG",0.026,0.926,"REG",0.228,0.23557458998242617,0.7,2.237,"REG",4.8629999999999995,"REG",NA
"1","Bartram’s Garden","stationary","39.92896, -75.212541",39.92896,-75.212541,"#A65628","Non-Industrial","Open Space","Low",NA,"LowT/NoI","P733865","P733865 112523 112223 Bartrams SS","P733865 112523 112223 Bartrams SS.D","2023-11-25","2023-11-22","sample","2023-11-15","2023-11-22",10171,2,"472023",1,3.525,"REG",1.332,1.266,"REG",0.477,0.551,"REG",0.202,0.763,"REG",0.272,2.284,"REG",0.906,0.147,"LOD",0.097,0.099,"LOD",0.085,0.117,"LOD",0.096,0.322,"REG",0.12,0.146,"REG",0.083,0.318,"REG",0.127,0.176,"LOD",0.157,0.941,"REG",0.381,1.407,"REG",0.383,0.575,"REG",0.302,0.393,"REG",0.173,0.377,"REG",0.225,0.16,"LOD",0.217,0.381,"LOD",0.341,0.362,"REG",0.176,0.282,"REG",0.131,0.833,"REG",0.223,0.697,"REG",0.299,1.818,"REG",0.633,2.026,"REG",0.75,5.677,"REG",2.089,0.619,"ULOD",0.288,1.371,"REG",0.534,0.245,"REG",0.101,0.049,"REG",0.032,0.009,"ND",0.016,0.007,"ND",0.011,0.002,"ND",0.003,0.319,"REG",0.109,1.602,"REG",0.586,0.175,"REG",0.067,0.178,"REG",0.035,0.947,"REG",0.233,0.2340922604416853,0.72,4.288,"REG",8.389,"REG",NA
"1","Bartram’s Garden","stationary","39.92896, -75.212541",39.92896,-75.212541,"#A65628","Non-Industrial","Open Space","Low",NA,"LowT/NoI","P733886","P733886 120823 112923 Bartrams SS","P733886 120823 112923 Bartrams SS.D","2023-12-08","2023-11-29","sample","2023-11-22","2023-11-29",9982,2,"482023",1,1.344,"REG",0.508,1.01,"REG",0.381,0.233,"REG",0.086,0.291,"REG",0.131,0.998,"REG",0.396,0.043,"ND",0.072,0.04,"ND",0.067,0.051,"LOD",0.091,0.121,"LOD",0.11,0.056,"LOD",0.076,0.123,"REG",0.068,0.059,"LOD",0.146,0.328,"REG",0.134,0.516,"REG",0.141,0.202,"REG",0.143,0.07,"REG",0.064,0.188,"LOD",0.189,0.113,"LOD",0.215,0.192,"LOD",0.337,0.114,"LOD",0.134,0.095,"LOD",0.097,0.274,"REG",0.109,0.22,"LOD",0.197,0.551,"REG",0.253,0.724,"REG",0.293,2.273,"REG",0.873,0.257,"REG",0.096,0.424,"REG",0.228,0.175,"REG",0.079,0.01,"LOD",0.028,0.009,"ND",0.016,0.007,"ND",0.011,0.002,"ND",0.003,0.154,"REG",0.082,1.814,"REG",0.662,0.183,"REG",0.07,0.091,"REG",0.022,0.483,"REG",0.119,0.23852458234345633,0.36,1.635,"REG",3.876,"REG",NA
"1","Bartram’s Garden","stationary","39.92896, -75.212541",39.92896,-75.212541,"#A65628","Non-Industrial","Open Space","Low",NA,"LowT/NoI","P726613","P726613 120923 120623 Bartrams SS","P726613 120923 120623 Bartrams SS.D","2023-12-09","2023-12-06","sample","2023-11-29","2023-12-06",10206,2,"492023",1,3.167,"REG",1.196,1.203,"REG",0.453,0.504,"REG",0.185,0.687,"REG",0.248,2.076,"REG",0.823,0.11,"LOD",0.092,0.082,"LOD",0.083,0.1,"LOD",0.093,0.27,"REG",0.116,0.109,"LOD",0.079,0.281,"REG",0.115,0.146,"LOD",0.152,0.788,"REG",0.319,1.172,"REG",0.319,0.223,"REG",0.149,0.183,"REG",0.095,0.295,"LOD",0.205,0.148,"LOD",0.215,0.272,"LOD",0.333,0.249,"REG",0.151,0.241,"REG",0.121,0.643,"REG",0.18,0.539,"REG",0.257,1.469,"REG",0.521,1.7,"REG",0.633,5.052,"REG",1.863,0.621,"ULOD",0.243,0.994,"REG",0.402,0.171,"REG",0.077,0.047,"REG",0.032,0.009,"ND",0.016,0.007,"ND",0.011,0.002,"ND",0.003,0.183,"REG",0.085,1.597,"REG",0.584,0.179,"REG",0.069,0.118,"REG",0.026,0.446,"REG",0.11,0.2332894749120499,0.34,3.854,"REG",7.637,"REG",NA
"1","Bartram’s Garden","stationary","39.92896, -75.212541",39.92896,-75.212541,"#A65628","Non-Industrial","Open Space","Low",NA,"LowT/NoI","P726654","P726654 122123 121323 Bartrams SS","P726654 122123 121323 Bartrams SS.D","2023-12-21","2023-12-13","sample","2023-12-06","2023-12-13",10178,2,"502023",1,4.851,"REG",1.832,1.344,"REG",0.506,0.719,"REG",0.263,1.025,"REG",0.358,2.586,"REG",1.025,0.183,"REG",0.103,0.132,"LOD",0.089,0.15,"LOD",0.101,0.407,"REG",0.128,0.164,"REG",0.085,0.443,"REG",0.17,0.205,"LOD",0.161,0.972,"REG",0.393,1.591,"REG",0.433,0.37,"REG",0.209,0.241,"REG",0.115,0.407,"REG",0.233,0.222,"LOD",0.228,0.398,"LOD",0.342,0.473,"REG",0.205,0.482,"REG",0.186,1.047,"REG",0.273,0.756,"REG",0.316,2.161,"REG",0.744,3.232,"REG",1.187,8.892,"REG",3.256,0.413,"ULOD",0.579,1.786,"REG",0.682,0.327,"REG",0.129,0.104,"REG",0.045,0.009,"ND",0.016,0.007,"ND",0.011,0.002,"ND",0.003,0.25,"REG",0.096,2.313,"REG",0.841,0.224,"REG",0.086,0.148,"REG",0.031,1.367,"REG",0.335,0.23393126163808026,1.04,5.8759999999999994,"REG",10.525,"REG","Winter"
"1","Bartram’s Garden","stationary","39.92896, -75.212541",39.92896,-75.212541,"#A65628","Non-Industrial","Open Space","Low",NA,"LowT/NoI","P733888","P733888 122123 122023 Bartrams SS","P733888 122123 122023 Bartrams SS.D","2023-12-21","2023-12-20","sample","2023-12-13","2023-12-20",9878,2,"512023",1,2.645,"REG",0.999,1.142,"REG",0.431,0.411,"REG",0.151,0.571,"REG",0.212,1.674,"REG",0.664,0.114,"LOD",0.095,0.085,"LOD",0.086,0.103,"LOD",0.096,0.244,"REG",0.117,0.131,"LOD",0.083,0.291,"REG",0.118,0.12,"LOD",0.153,0.6,"REG",0.243,1.068,"REG",0.291,0.332,"REG",0.194,0.209,"REG",0.105,0.362,"REG",0.225,0.191,"LOD",0.228,0.41,"LOD",0.352,0.258,"REG",0.157,0.29,"REG",0.135,0.664,"REG",0.186,0.445,"REG",0.239,1.366,"REG",0.49,2.233,"REG",0.825,6.103,"REG",2.244,0.426,"ULOD",0.471,0.984,"REG",0.401,0.336,"REG",0.133,0.146,"REG",0.058,0.01,"ND",0.016,0.007,"ND",0.011,0.002,"ND",0.003,0.223,"REG",0.093,2.382,"REG",0.866,0.185,"REG",0.071,0.153,"REG",0.031,2.6,"REG",0.638,0.24103587577975105,1.92,3.216,"REG",6.443,"REG","Winter"
"1","Bartram’s Garden","stationary","39.92896, -75.212541",39.92896,-75.212541,"#A65628","Non-Industrial","Open Space","Low",NA,"LowT/NoI","P726606","P726606 011624 011024 Bartrams SS","P726606 011624 011024 Bartrams SS.D","2024-01-16","2024-01-10","sample","2024-01-03","2024-01-10",10098,2,"22024",1,2.348,"REG",0.887,1.532,"REG",0.577,0.43,"REG",0.158,0.522,"REG",0.197,1.898,"REG",0.753,0.111,"LOD",0.093,0.066,"LOD",0.082,0.084,"LOD",0.092,0.219,"REG",0.114,0.108,"LOD",0.079,0.28,"REG",0.115,0.118,"LOD",0.15,0.655,"REG",0.265,1.003,"REG",0.274,0.354,"REG",0.202,0.253,"REG",0.12,0.309,"REG",0.209,0.089,"LOD",0.211,0.24,"LOD",0.335,0.336,"REG",0.171,0.261,"REG",0.126,0.771,"REG",0.209,0.517,"REG",0.253,1.713,"REG",0.599,1.575,"REG",0.589,5.791,"REG",2.13,0.117,"ULOD",0.08,1.118,"REG",0.445,0.145,"REG",0.07,0.191,"REG",0.071,0.009,"ND",0.016,0.007,"ND",0.011,0.002,"ND",0.003,0.119,"LOD",0.078,1.703,"REG",0.622,0.158,"REG",0.061,0.14,"REG",0.029,0.58,"REG",0.143,0.23578454951003971,0.438,2.87,"REG",6.73,"REG","Winter"
"1","Bartram’s Garden","stationary","39.92896, -75.212541",39.92896,-75.212541,"#A65628","Non-Industrial","Open Space","Low",NA,"LowT/NoI","P733850","P733850 012524 011724 Bartrams SS","P733850 012524 011724 Bartrams SS.D","2024-01-25","2024-01-17","sample","2024-01-10","2024-01-17",10204,2,"32024",1,1.686,"REG",0.637,1.536,"REG",0.579,0.319,"REG",0.118,0.383,"REG",0.154,1.375,"REG",0.545,0.042,"ND",0.071,0.04,"ND",0.066,0.066,"LOD",0.09,0.166,"LOD",0.11,0.089,"LOD",0.077,0.197,"REG",0.088,0.088,"LOD",0.146,0.544,"REG",0.221,0.877,"REG",0.239,0.815,"REG",0.415,0.384,"REG",0.17,0.306,"REG",0.208,0.162,"LOD",0.217,0.28,"LOD",0.334,0.25,"REG",0.151,0.218,"REG",0.116,0.576,"REG",0.165,0.404,"REG",0.226,1.303,"REG",0.468,1.275,"REG",0.482,4.875,"REG",1.799,0.214,"REG",0.08,0.899,"REG",0.37,0.144,"REG",0.069,0.057,"REG",0.034,0.009,"ND",0.016,0.007,"ND",0.011,0.002,"ND",0.003,0.118,"LOD",0.077,2.04,"REG",0.743,0.201,"REG",0.077,0.08,"REG",0.02,0.784,"REG",0.193,0.23333520001493344,0.598,2.069,"REG",5.299,"REG","Winter"
"1","Bartram’s Garden","stationary","39.92896, -75.212541",39.92896,-75.212541,"#A65628","Non-Industrial","Open Space","Low",NA,"LowT/NoI","P733877","P733877 012624 012424 Bartrams SS","P733877 012624 012424 Bartrams SS.D","2024-01-26","2024-01-24","sample","2024-01-17","2024-01-24",9822,2,"42024",1,2.319,"REG",0.876,1.515,"REG",0.571,0.398,"REG",0.146,0.514,"REG",0.195,1.772,"REG",0.702,0.114,"LOD",0.095,0.068,"LOD",0.085,0.087,"LOD",0.095,0.242,"REG",0.117,0.092,"LOD",0.08,0.204,"REG",0.091,0.121,"LOD",0.154,0.619,"REG",0.251,1.031,"REG",0.281,0.237,"REG",0.157,0.2,"REG",0.102,0.26,"LOD",0.204,0.13,"LOD",0.221,0.291,"LOD",0.347,0.346,"REG",0.176,0.185,"REG",0.112,0.654,"REG",0.184,0.476,"REG",0.247,1.455,"REG",0.518,1.693,"REG",0.632,4.723,"REG",1.746,0.446,"ULOD",0.23,1.192,"REG",0.473,0.23,"REG",0.097,0.078,"REG",0.039,0.01,"ND",0.016,0.007,"ND",0.011,0.002,"ND",0.003,0.088,"LOD",0.077,2.12,"REG",0.772,0.163,"REG",0.063,0.113,"REG",0.025,1.659,"REG",0.407,0.2424101385616352,1.218,2.833,"REG",6.518,"REG","Winter"
"1","Bartram’s Garden","stationary","39.92896, -75.212541",39.92896,-75.212541,"#A65628","Non-Industrial","Open Space","Low",NA,"LowT/NoI","P733891","P733891 020824 013124 Bartrams SS","P733891 020824 013124 Bartrams SS.D","2024-02-08","2024-01-31","sample","2024-01-24","2024-01-31",10094,2,"52024",1,4.412,"REG",1.666,1.296,"REG",0.488,0.683,"REG",0.25,0.946,"REG",0.332,2.656,"REG",1.053,0.185,"REG",0.104,0.099,"LOD",0.086,0.185,"REG",0.108,0.496,"REG",0.138,0.202,"REG",0.091,0.406,"REG",0.157,0.236,"LOD",0.168,0.948,"REG",0.384,1.668,"REG",0.454,0.15,"REG",0.126,0.279,"REG",0.129,0.429,"REG",0.24,0.107,"LOD",0.212,0.332,"LOD",0.34,0.308,"REG",0.164,0.229,"REG",0.119,0.891,"REG",0.237,0.65,"REG",0.287,1.733,"REG",0.606,1.432,"REG",0.538,4.257,"REG",1.577,0.372,"REG",0.139,1.045,"REG",0.42,0.39,"REG",0.151,0.033,"LOD",0.03,0.009,"ND",0.016,0.007,"ND",0.011,0.002,"ND",0.003,0.087,"LOD",0.075,1.614,"REG",0.591,0.215,"REG",0.083,0.179,"REG",0.035,0.344,"REG",0.085,0.23587798503590066,0.26,5.358,"REG",9.993,"REG","Winter"
"1","Bartram’s Garden","stationary","39.92896, -75.212541",39.92896,-75.212541,"#A65628","Non-Industrial","Open Space","Low",NA,"LowT/NoI","P726666","P726666 021524 020724 Bartrams SS","P726666 021524 020724 Bartrams SS.D","2024-02-15","2024-02-07","sample","2024-01-31","2024-02-07",10085,2,"62024",1,3.616,"REG",1.366,1.653,"REG",0.623,0.554,"REG",0.203,0.766,"REG",0.273,2.499,"REG",0.991,0.111,"LOD",0.093,0.066,"LOD",0.082,0.084,"LOD",0.093,0.239,"REG",0.115,0.129,"LOD",0.082,0.325,"REG",0.129,0.118,"LOD",0.15,0.923,"REG",0.373,1.25,"REG",0.34,0.076,"REG",0.108,0.143,"REG",0.083,0.26,"LOD",0.2,0.107,"LOD",0.212,0.29,"LOD",0.338,0.281,"REG",0.159,0.27,"REG",0.129,0.73,"REG",0.2,0.487,"REG",0.246,1.586,"REG",0.559,1.864,"REG",0.692,4.793,"REG",1.77,0.62,"REG",0.231,1.087,"REG",0.435,0.076,"REG",0.053,0.014,"ND",0.023,0.009,"ND",0.016,0.007,"ND",0.011,0.002,"ND",0.003,0.087,"LOD",0.075,2.873,"REG",1.042,0.215,"REG",0.083,0.149,"REG",0.031,1.459,"REG",0.358,0.23608848596453952,1.1,4.382,"REG",9.088000000000001,"REG","Winter"
"1","Bartram’s Garden","stationary","39.92896, -75.212541",39.92896,-75.212541,"#A65628","Non-Industrial","Open Space","Low",NA,"LowT/NoI","P733841","P733841 021624 021424 Bartrams SS","P733841 021624 021424 Bartrams SS.D","2024-02-16","2024-02-14","sample","2024-02-07","2024-02-14",10037,2,"72024",1,5.548,"REG",2.095,2.397,"REG",0.902,0.881,"REG",0.323,1.224,"REG",0.424,4.237,"REG",1.68,0.167,"LOD",0.102,0.117,"LOD",0.088,0.169,"LOD",0.105,0.447,"REG",0.133,0.222,"REG",0.095,0.653,"REG",0.245,0.237,"LOD",0.169,1.533,"REG",0.62,2.285,"REG",0.622,0.226,"REG",0.151,0.3,"REG",0.137,0.403,"REG",0.233,0.183,"LOD",0.224,0.462,"LOD",0.352,0.536,"REG",0.223,0.448,"REG",0.177,1.169,"REG",0.302,0.927,"REG",0.367,2.589,"REG",0.885,3.169,"REG",1.165,7.893,"REG",2.893,0.638,"ULOD",0.377,2.482,"REG",0.935,0.023,"ND",0.038,0.072,"REG",0.037,0.009,"ND",0.016,0.007,"ND",0.011,0.002,"ND",0.003,0.121,"REG",0.078,2.615,"REG",0.95,0.261,"REG",0.1,0.271,"REG",0.05,1.279,"REG",0.314,0.23721753322231554,0.96,6.772,"REG",14.287,"REG","Winter"
"1","Bartram’s Garden","stationary","39.92896, -75.212541",39.92896,-75.212541,"#A65628","Non-Industrial","Open Space","Low",NA,"LowT/NoI","P726649","P726649 022924 022124 Bartrams SS","P726649 022924 022124 Bartrams SS.D","2024-02-29","2024-02-21","sample","2024-02-14","2024-02-21",10089,2,"82024",1,1.588,"REG",0.6,1.395,"REG",0.526,0.274,"REG",0.101,0.335,"REG",0.142,1.338,"REG",0.531,0.056,"LOD",0.088,0.04,"ND",0.066,0.051,"LOD",0.09,0.103,"LOD",0.108,0.055,"LOD",0.075,0.162,"REG",0.078,0.059,"LOD",0.145,0.582,"REG",0.236,0.737,"REG",0.201,0.472,"REG",0.254,0.279,"REG",0.129,0.176,"LOD",0.185,0.07,"LOD",0.21,0.248,"LOD",0.336,0.14,"LOD",0.135,0.122,"LOD",0.1,0.296,"REG",0.111,0.214,"LOD",0.194,0.693,"REG",0.289,0.932,"REG",0.362,2.329,"REG",0.892,0.394,"REG",0.147,0.5,"REG",0.247,0.115,"REG",0.062,0.014,"LOD",0.028,0.009,"ND",0.016,0.055,"REG",0.022,0.002,"ND",0.003,0.087,"LOD",0.075,2.871,"REG",1.042,0.215,"REG",0.083,0.119,"REG",0.026,1.989,"REG",0.488,0.23599488363092289,1.5,1.923,"REG",4.930000000000001,"REG","Winter"
"1","Bartram’s Garden","stationary","39.92896, -75.212541",39.92896,-75.212541,"#A65628","Non-Industrial","Open Space","Low",NA,"LowT/NoI","P733882","P733882 030124 022824 Bartrams SS","P733882 030124 022824 Bartrams SS.D","2024-03-01","2024-02-28","sample","2024-02-21","2024-02-28",10107,2,"92024",1,3.057,"REG",1.155,1.274,"REG",0.48,0.467,"REG",0.172,0.651,"REG",0.236,1.955,"REG",0.775,0.043,"ND",0.072,0.083,"LOD",0.084,0.117,"LOD",0.096,0.273,"REG",0.117,0.128,"LOD",0.081,0.324,"REG",0.129,0.147,"LOD",0.153,0.79,"REG",0.32,1.014,"REG",0.277,0.718,"REG",0.369,0.394,"REG",0.174,0.372,"REG",0.225,0.182,"LOD",0.222,0.458,"LOD",0.349,0.224,"LOD",0.148,0.216,"REG",0.116,0.512,"REG",0.152,0.486,"REG",0.246,1.137,"REG",0.418,1.538,"REG",0.575,4.517,"REG",1.67,0.19,"REG",0.071,0.918,"REG",0.377,0.232,"REG",0.097,0.052,"REG",0.033,0.009,"ND",0.016,0.007,"ND",0.011,0.002,"ND",0.003,0.054,"LOD",0.072,1.433,"REG",0.526,0.169,"REG",0.065,0.119,"REG",0.026,0.371,"REG",0.091,0.23557458998242617,0.28,3.708,"REG",7.404,"REG",NA
"1","Bartram’s Garden","stationary","39.92896, -75.212541",39.92896,-75.212541,"#A65628","Non-Industrial","Open Space","Low",NA,"LowT/NoI","P733861","P733861 031524 030624 Bartrams SS","P733861 031524 030624 Bartrams SS.D","2024-03-15","2024-03-06","sample","2024-02-28","2024-03-06",10116,1,"102024",1,0.999,"REG",0.378,0.424,"REG",0.162,0.156,"REG",0.059,0.222,"REG",0.113,0.699,"REG",0.277,0.037,"LOD",0.087,0.025,"LOD",0.08,0.039,"LOD",0.089,0.102,"LOD",0.108,0.045,"LOD",0.074,0.119,"REG",0.067,0.058,"LOD",0.145,0.221,"REG",0.09,0.363,"REG",0.1,0.05,"ND",0.084,0.029,"ND",0.047,0.045,"LOD",0.172,0.008,"LOD",0.207,0.033,"LOD",0.329,0.126,"REG",0.133,0.093,"REG",0.095,0.224,"REG",0.1,0.182,"REG",0.19,0.51,"REG",0.241,0.566,"REG",0.241,1.583,"REG",0.637,0.187,"ULOD",0.082,0.342,"REG",0.206,0.028,"REG",0.046,0.014,"ND",0.023,0.009,"ND",0.016,0.007,"ND",0.011,0.015,"REG",0.006,0.07,"REG",0.073,0.85,"REG",0.32,0.063,"REG",0.026,0.043,"REG",0.017,0.311,"REG",0.076,0.23536500404827806,0.23475,1.221,"REG",2.5,"REG",NA
"1","Bartram’s Garden","stationary","39.92896, -75.212541",39.92896,-75.212541,"#A65628","Non-Industrial","Open Space","Low",NA,"LowT/NoI","P733848","P733848 031624 031324 Bartrams SS","P733848 031624 031324 Bartrams SS.D","2024-03-16","2024-03-13","sample","2024-03-06","2024-03-13",10002,2,"112024",1,2.559,"REG",0.967,1.118,"REG",0.421,0.386,"REG",0.142,0.521,"REG",0.197,1.934,"REG",0.767,0.093,"LOD",0.091,0.067,"LOD",0.083,0.098,"LOD",0.095,0.241,"REG",0.116,0.092,"LOD",0.078,0.243,"REG",0.103,0.148,"LOD",0.155,0.514,"REG",0.208,1.002,"REG",0.273,0.051,"ND",0.085,0.073,"REG",0.065,0.188,"LOD",0.188,0.046,"LOD",0.21,0.16,"LOD",0.335,0.312,"REG",0.166,0.203,"REG",0.114,0.541,"REG",0.159,0.377,"REG",0.223,1.141,"REG",0.419,1.549,"REG",0.579,4.454,"REG",1.648,0.402,"ULOD",0.269,0.832,"REG",0.35,0.207,"REG",0.089,0.084,"REG",0.04,0.009,"ND",0.016,0.007,"ND",0.011,0.03,"REG",0.011,0.188,"REG",0.087,1.81,"REG",0.661,0.178,"REG",0.068,0.15,"REG",0.031,0.608,"REG",0.149,0.2380476285695242,0.45475000000000004,3.08,"REG",6.518,"REG",NA
"1","Bartram’s Garden","stationary","39.92896, -75.212541",39.92896,-75.212541,"#A65628","Non-Industrial","Open Space","Low",NA,"LowT/NoI","P726642","P726642 040224 032024 Bartrams SS RR","P726642 040224 032024 Bartrams SS.D","2024-04-02","2024-03-20","sample","2024-03-13","2024-03-20",10376,2,"122024",1,3.124,"REG",1.18,0.943,"REG",0.356,0.476,"REG",0.175,0.656,"REG",0.237,2.312,"REG",0.917,0.162,"LOD",0.098,0.097,"LOD",0.083,0.144,"LOD",0.098,0.365,"REG",0.122,0.178,"REG",0.086,0.392,"REG",0.152,0.201,"LOD",0.158,0.623,"REG",0.252,0.852,"REG",0.233,0.525,"REG",0.277,0.296,"REG",0.135,0.4,"REG",0.229,0.153,"LOD",0.213,0.442,"LOD",0.339,0.3,"REG",0.16,0.366,"REG",0.152,0.574,"REG",0.164,0.522,"REG",0.251,1.292,"REG",0.464,2.085,"REG",0.772,5.523,"REG",2.032,0.437,"REG",0.163,1.373,"REG",0.533,0.022,"ND",0.036,0.026,"LOD",0.028,0.009,"ND",0.015,0.007,"ND",0.011,0.043,"REG",0.015,0.182,"REG",0.084,2.094,"REG",0.762,0.127,"REG",0.049,0.115,"REG",0.025,1.205,"REG",0.296,0.22946726878877996,0.93475,3.7800000000000002,"REG",7.511,"REG",NA
"1","Bartram’s Garden","stationary","39.92896, -75.212541",39.92896,-75.212541,"#A65628","Non-Industrial","Open Space","Low",NA,"LowT/NoI","P733856","P733856 041224 041024 Bartrams SS","P733856 041224 041024 Bartrams SS.D","2024-04-12","2024-04-10","sample","2024-04-03","2024-04-10",10028,2,"152024",1,1.978,"REG",0.747,0.767,"REG",0.29,0.295,"REG",0.109,0.404,"REG",0.161,1.513,"REG",0.6,0.112,"LOD",0.093,0.067,"LOD",0.083,0.068,"LOD",0.091,0.086,"LOD",0.109,0.092,"LOD",0.078,0.204,"REG",0.09,0.089,"LOD",0.148,0.363,"REG",0.147,0.478,"REG",0.131,0.051,"ND",0.085,0.073,"REG",0.065,0.24,"LOD",0.197,0.263,"LOD",0.24,0.308,"LOD",0.341,0.17,"LOD",0.14,0.095,"LOD",0.097,0.296,"REG",0.112,0.274,"LOD",0.204,0.698,"REG",0.29,0.717,"REG",0.29,2.126,"REG",0.822,0.266,"REG",0.099,0.675,"REG",0.299,0.094,"REG",0.057,0.019,"LOD",0.029,0.009,"ND",0.016,0.007,"ND",0.011,0.023,"REG",0.008,0.175,"REG",0.085,1.264,"REG",0.466,0.137,"REG",0.053,0.12,"REG",0.026,0.32,"REG",0.079,0.23743043288316523,0.24,2.382,"REG",4.957,"REG",NA
"1","Bartram’s Garden","stationary","39.92896, -75.212541",39.92896,-75.212541,"#A65628","Non-Industrial","Open Space","Low",NA,"LowT/NoI","P733880","P733880 042624 041724 Bartrams SS","P733880 042624 041724 Bartrams SS.D","2024-04-26","2024-04-17","sample","2024-04-10","2024-04-17",10185,2,"162024",1,1.978,"REG",0.747,0.716,"REG",0.271,0.269,"REG",0.099,0.42,"REG",0.166,1.033,"REG",0.41,0.11,"LOD",0.092,0.04,"ND",0.066,0.083,"LOD",0.092,0.186,"LOD",0.111,0.091,"LOD",0.077,0.282,"REG",0.115,0.088,"LOD",0.146,0.409,"REG",0.166,0.539,"REG",0.148,0.264,"REG",0.165,0.206,"REG",0.103,0.209,"LOD",0.189,0.111,"LOD",0.211,0.22,"LOD",0.331,0.195,"LOD",0.142,0.187,"REG",0.11,0.345,"REG",0.12,0.324,"LOD",0.21,0.785,"REG",0.313,1.202,"REG",0.456,3.148,"REG",1.179,0.446,"REG",0.166,0.83,"REG",0.348,0.092,"REG",0.056,0.019,"LOD",0.028,0.009,"ND",0.016,0.007,"ND",0.011,0.002,"ND",0.003,0.106,"LOD",0.076,2.044,"REG",0.745,0.134,"REG",0.052,0.089,"REG",0.022,0.657,"REG",0.161,0.23377048413867266,0.5,2.398,"REG",4.4159999999999995,"REG",NA
"1","Bartram’s Garden","stationary","39.92896, -75.212541",39.92896,-75.212541,"#A65628","Non-Industrial","Open Space","Low",NA,"LowT/NoI","P726669","P726669 042724 042424 Bartrams SS","P726669 042724 042424 Bartrams SS.D","2024-04-27","2024-04-24","sample","2024-04-17","2024-04-24",9810,2,"172024",1,1.39,"REG",0.525,0.682,"REG",0.258,0.191,"REG",0.071,0.297,"REG",0.133,0.86,"REG",0.341,0.044,"ND",0.074,0.041,"ND",0.068,0.052,"LOD",0.092,0.141,"LOD",0.113,0.057,"LOD",0.077,0.209,"REG",0.092,0.061,"LOD",0.149,0.317,"REG",0.129,0.344,"REG",0.095,0.223,"REG",0.152,0.134,"REG",0.081,0.246,"LOD",0.201,0.115,"LOD",0.219,0.272,"LOD",0.346,0.144,"LOD",0.139,0.111,"LOD",0.1,0.247,"REG",0.106,0.224,"LOD",0.2,0.611,"REG",0.27,0.732,"REG",0.296,1.968,"REG",0.77,0.239,"REG",0.089,0.647,"REG",0.293,0.096,"REG",0.059,0.02,"LOD",0.029,0.01,"ND",0.016,0.007,"ND",0.011,0.002,"ND",0.003,0.076,"LOD",0.076,2.122,"REG",0.773,0.093,"REG",0.037,0.062,"REG",0.019,0.9,"REG",0.221,0.24270666472501337,0.66,1.6869999999999998,"REG",3.4200000000000004,"REG",NA
"1","Bartram’s Garden","stationary","39.92896, -75.212541",39.92896,-75.212541,"#A65628","Non-Industrial","Open Space","Low",NA,"LowT/NoI","P726605","P726605 051124 050124 Bartrams SS.D","P726605 051124 050124 Bartrams SS.D","2024-05-11","2024-05-01","sample","2024-04-24","2024-05-01",10184,2,"182024",1,2.729,"REG",1.031,0.863,"REG",0.326,0.396,"REG",0.145,0.572,"REG",0.211,1.554,"REG",0.616,0.128,"LOD",0.094,0.099,"LOD",0.085,0.1,"LOD",0.093,0.254,"REG",0.115,0.146,"REG",0.083,0.318,"REG",0.127,0.146,"LOD",0.152,0.67,"REG",0.271,0.752,"REG",0.205,0.677,"REG",0.35,0.396,"REG",0.174,0.493,"REG",0.257,0.222,"LOD",0.228,0.565,"REG",0.357,0.222,"LOD",0.146,0.335,"REG",0.144,0.456,"REG",0.141,0.486,"REG",0.244,1.031,"REG",0.385,0.675,"REG",0.275,4.747,"REG",1.753,0.534,"REG",0.199,1.038,"REG",0.417,0.163,"REG",0.075,0.017,"LOD",0.028,0.009,"ND",0.016,0.007,"ND",0.011,0.037,"REG",0.013,0.118,"REG",0.077,2.133,"REG",0.776,0.125,"REG",0.049,0.089,"REG",0.022,0.26,"REG",0.064,0.23379343882093295,0.198,3.301,"REG",6.114,"REG",NA
"1","Bartram’s Garden","stationary","39.92896, -75.212541",39.92896,-75.212541,"#A65628","Non-Industrial","Open Space","Low",NA,"LowT/NoI","P726618","P726618 051224 050824 Bartrams SS","P726618 051224 050824 Bartrams SS.D","2024-05-12","2024-05-08","sample","2024-05-01","2024-05-08",10241,2,"192024",1,2.533,"REG",0.957,0.916,"REG",0.346,0.352,"REG",0.129,0.546,"REG",0.203,1.514,"REG",0.6,0.109,"LOD",0.091,0.065,"LOD",0.081,0.099,"LOD",0.093,0.202,"LOD",0.111,0.109,"LOD",0.078,0.236,"REG",0.1,0.117,"LOD",0.147,0.434,"REG",0.176,0.518,"REG",0.142,0.234,"REG",0.153,0.185,"REG",0.095,0.269,"LOD",0.199,0.147,"LOD",0.215,0.354,"LOD",0.337,0.166,"LOD",0.137,0.2,"REG",0.112,0.347,"REG",0.119,0.322,"LOD",0.209,0.781,"REG",0.311,0.494,"REG",0.218,3.344,"REG",1.249,0.293,"REG",0.109,0.702,"REG",0.306,0.085,"REG",0.054,0.017,"LOD",0.028,0.009,"ND",0.016,0.007,"ND",0.011,0.002,"ND",0.003,0.183,"REG",0.085,2.033,"REG",0.74,0.125,"REG",0.049,0.118,"REG",0.026,0.233,"REG",0.057,0.2324921766382561,0.178,3.0789999999999997,"REG",5.861,"REG",NA
"1","Bartram’s Garden","stationary","39.92896, -75.212541",39.92896,-75.212541,"#A65628","Non-Industrial","Open Space","Low",NA,"LowT/NoI","P726664","P726664 052324 051524 Bartrams SS","P726664 052324 051524 Bartrams SS.D","2024-05-23","2024-05-15","sample","2024-05-08","2024-05-15",10155,2,"202024",1,1.73,"REG",0.654,0.727,"REG",0.275,0.227,"REG",0.084,0.348,"REG",0.145,0.927,"REG",0.368,0.073,"LOD",0.088,0.04,"ND",0.066,0.067,"LOD",0.09,0.153,"LOD",0.11,0.091,"LOD",0.077,0.198,"REG",0.088,0.088,"LOD",0.146,0.333,"REG",0.136,0.407,"REG",0.112,0.236,"REG",0.154,0.148,"REG",0.084,0.187,"LOD",0.186,0.148,"LOD",0.217,0.315,"LOD",0.337,0.195,"LOD",0.142,0.121,"LOD",0.099,0.323,"REG",0.116,0.271,"LOD",0.201,0.738,"REG",0.3,1.246,"REG",0.472,3.173,"REG",1.189,0.384,"REG",0.143,0.791,"REG",0.335,0.022,"ND",0.037,0.014,"ND",0.023,0.072,"REG",0.033,0.007,"ND",0.011,0.002,"ND",0.003,0.118,"REG",0.077,2.496,"REG",0.907,0.126,"REG",0.049,0.089,"REG",0.022,0.998,"REG",0.245,0.23446109118191838,0.758,2.078,"REG",3.9589999999999996,"REG",NA
"1","Bartram’s Garden","stationary","39.92896, -75.212541",39.92896,-75.212541,"#A65628","Non-Industrial","Open Space","Low",NA,"LowT/NoI","P733841","P733841 052424 052224 Bartrams SS","P733841 052424 052224 Bartrams SS.D","2024-05-24","2024-05-22","sample","2024-05-15","2024-05-22",9848,2,"212024",1,2.508,"REG",0.948,0.628,"REG",0.238,0.322,"REG",0.119,0.499,"REG",0.19,1.298,"REG",0.515,0.044,"ND",0.073,0.051,"LOD",0.083,0.103,"LOD",0.097,0.245,"REG",0.117,0.132,"LOD",0.084,0.287,"REG",0.117,0.121,"LOD",0.153,0.478,"REG",0.194,0.658,"REG",0.18,0.116,"REG",0.119,0.152,"REG",0.086,0.279,"LOD",0.207,0.106,"ND",0.177,0.368,"LOD",0.35,0.287,"REG",0.163,0.18,"LOD",0.111,0.472,"REG",0.145,0.391,"REG",0.228,1.015,"REG",0.383,1.725,"REG",0.643,4.636,"REG",1.714,0.426,"ULOD",0.188,1.202,"REG",0.476,0.088,"REG",0.056,0.014,"ND",0.024,0.01,"ND",0.016,0.007,"ND",0.011,0.038,"REG",0.013,0.122,"REG",0.079,2.114,"REG",0.77,0.13,"REG",0.051,0.092,"REG",0.022,0.758,"REG",0.186,0.2417701442884221,0.558,3.007,"REG",5.255,"REG",NA
"1","Bartram’s Garden","stationary","39.92896, -75.212541",39.92896,-75.212541,"#A65628","Non-Industrial","Open Space","Low",NA,"LowT/NoI","P733888","P733888 060624 052924 Bartrams SS","P733888 060624 052924 Bartrams SS.D","2024-06-06","2024-05-29","sample","2024-05-22","2024-05-29",10289,2,"222024",1,1.449,"REG",0.548,0.592,"REG",0.225,0.208,"REG",0.077,0.307,"REG",0.133,1.145,"REG",0.454,0.042,"ND",0.07,0.039,"ND",0.065,0.05,"LOD",0.088,0.134,"LOD",0.107,0.071,"LOD",0.075,0.153,"REG",0.075,0.058,"LOD",0.142,0.377,"REG",0.153,0.368,"REG",0.101,0.244,"REG",0.156,0.178,"REG",0.093,0.247,"LOD",0.194,0.219,"LOD",0.226,0.439,"LOD",0.342,0.11,"LOD",0.129,0.146,"LOD",0.102,0.266,"REG",0.105,0.214,"LOD",0.191,0.583,"REG",0.257,0.806,"REG",0.319,2.218,"REG",0.852,0.191,"REG",0.071,0.698,"REG",0.304,0.257,"REG",0.105,0.019,"LOD",0.028,0.177,"REG",0.07,0.007,"ND",0.011,0.002,"ND",0.003,0.204,"REG",0.088,1.056,"REG",0.392,0.133,"REG",0.052,0.088,"REG",0.022,0.286,"REG",0.07,0.23140755962215773,0.22,1.756,"REG",3.701,"REG",NA
"1","Bartram’s Garden","stationary","39.92896, -75.212541",39.92896,-75.212541,"#A65628","Non-Industrial","Open Space","Low",NA,"LowT/NoI","P726608","P726608 060724 060524 Bartrams SS","P726608 060724 060524 Bartrams SS.D","2024-06-07","2024-06-05","sample","2024-05-29","2024-06-05",10071,2,"232024",1,1.419,"REG",0.536,0.486,"REG",0.185,0.212,"REG",0.079,0.292,"REG",0.13,0.803,"REG",0.319,0.073,"LOD",0.089,0.04,"ND",0.066,0.051,"LOD",0.09,0.12,"LOD",0.109,0.055,"LOD",0.075,0.157,"REG",0.077,0.059,"LOD",0.145,0.28,"REG",0.114,0.329,"REG",0.091,0.051,"REG",0.105,0.085,"REG",0.067,0.111,"LOD",0.177,0.112,"LOD",0.214,0.279,"LOD",0.338,0.113,"LOD",0.132,0.149,"LOD",0.104,0.271,"REG",0.108,0.218,"LOD",0.195,0.546,"REG",0.251,0.752,"REG",0.301,2.067,"REG",0.801,0.24,"REG",0.089,0.714,"REG",0.311,0.106,"REG",0.06,0.014,"ND",0.023,0.199,"REG",0.079,0.007,"ND",0.011,0.028,"REG",0.01,0.143,"REG",0.081,0.989,"REG",0.369,0.136,"REG",0.053,0.06,"REG",0.018,0.266,"REG",0.066,0.23641667966958407,0.2,1.711,"REG",3.2119999999999997,"REG",NA
"1","Bartram’s Garden","stationary","39.92896, -75.212541",39.92896,-75.212541,"#A65628","Non-Industrial","Open Space","Low",NA,"LowT/NoI","P726647","P726647 062124 061224 Bartrams SS","P726647 062124 061224 Bartrams SS.D","2024-06-21","2024-06-12","sample","2024-06-05","2024-06-12",9899,2,"242024",1,1.85,"REG",0.699,0.514,"REG",0.196,0.26,"REG",0.096,0.366,"REG",0.151,0.882,"REG",0.35,0.093,"LOD",0.092,0.041,"ND",0.068,0.068,"LOD",0.093,0.174,"LOD",0.113,0.074,"LOD",0.078,0.242,"REG",0.103,0.09,"LOD",0.15,0.338,"REG",0.137,0.335,"REG",0.092,0.607,"REG",0.317,0.283,"REG",0.132,0.228,"LOD",0.196,0.114,"LOD",0.217,0.327,"LOD",0.346,0.143,"LOD",0.138,0.11,"LOD",0.1,0.276,"REG",0.11,0.278,"LOD",0.207,0.555,"REG",0.255,0.509,"REG",0.225,1.56,"REG",0.632,0.123,"REG",0.046,0.512,"REG",0.253,0.228,"REG",0.096,0.039,"LOD",0.031,0.248,"REG",0.097,0.007,"ND",0.011,0.036,"REG",0.013,0.145,"REG",0.082,1.371,"REG",0.505,0.138,"REG",0.054,0.092,"REG",0.022,0.243,"REG",0.06,0.24052453590790798,0.18,2.216,"REG",3.8720000000000003,"REG",NA
"1","Bartram’s Garden","stationary","39.92896, -75.212541",39.92896,-75.212541,"#A65628","Non-Industrial","Open Space","Low",NA,"LowT/NoI","P726666","P726666 062124 061924 Bartrams SS","P726666 062124 061924 Bartrams SS.D","2024-06-21","2024-06-19","sample","2024-06-12","2024-06-19",10125,2,"252024",1,1.381,"REG",0.522,0.404,"REG",0.155,0.19,"REG",0.071,0.312,"REG",0.135,0.767,"REG",0.304,0.11,"LOD",0.092,0.04,"ND",0.066,0.067,"LOD",0.091,0.153,"LOD",0.11,0.072,"LOD",0.076,0.196,"REG",0.088,0.059,"LOD",0.145,0.304,"REG",0.124,0.327,"REG",0.09,0.273,"REG",0.168,0.162,"REG",0.088,0.251,"LOD",0.197,0.111,"LOD",0.212,0.278,"LOD",0.336,0.14,"LOD",0.135,0.094,"LOD",0.095,0.216,"REG",0.099,0.217,"LOD",0.194,0.493,"REG",0.237,0.498,"REG",0.22,1.525,"REG",0.618,0.135,"REG",0.05,0.584,"REG",0.271,0.066,"REG",0.051,0.014,"ND",0.023,0.351,"REG",0.136,0.007,"ND",0.011,0.028,"REG",0.01,0.043,"LOD",0.072,1.252,"REG",0.461,0.09,"REG",0.036,0.06,"REG",0.018,0.238,"REG",0.059,0.23515579071134626,0.18,1.693,"REG",3.054,"REG",NA
"1","Bartram’s Garden","stationary","39.92896, -75.212541",39.92896,-75.212541,"#A65628","Non-Industrial","Open Space","Low",NA,"LowT/NoI","P726670","P726670 062724 061924 Bartrams SS","P726670 062724 061924 Bartrams SS.D","2024-06-27","2024-06-19","sample","2024-06-19","2024-06-26",10060,2,"262024",1,1.02,"REG",0.386,0.308,"REG",0.119,0.148,"REG",0.056,0.223,"REG",0.114,0.725,"REG",0.288,0.055,"LOD",0.088,0.04,"ND",0.066,0.051,"LOD",0.09,0.069,"LOD",0.108,0.055,"LOD",0.075,0.116,"REG",0.066,0.059,"LOD",0.146,0.28,"REG",0.114,0.259,"REG",0.072,0.299,"REG",0.179,0.163,"REG",0.089,0.28,"LOD",0.204,0.15,"LOD",0.219,0.364,"LOD",0.343,0.085,"LOD",0.13,0.045,"ND",0.076,0.163,"LOD",0.093,0.164,"LOD",0.189,0.348,"REG",0.207,0.357,"REG",0.18,1.001,"REG",0.454,0.001,"ND",0.001,0.336,"REG",0.206,0.067,"REG",0.052,0.014,"ND",0.023,0.362,"REG",0.14,0.007,"ND",0.011,0.002,"ND",0.003,0.043,"LOD",0.072,1.08,"REG",0.401,0.091,"REG",0.036,0.06,"REG",0.018,0.372,"REG",0.092,0.2366751869733977,0.28,1.243,"REG",2.4239999999999995,"REG",NA
"2","Essington & Mingo","stationary","39.90131732, -75.2250262",39.90131732,-75.2250262,"#F781BF","Industrial","Industrial","High","Auto body shop, junkyard","HighT/I","P733857","P733857 071323 070523 Essington 1WK SS","P733857 071323 070523 Essington 1WK.D","2023-07-13","2023-07-05","sample","2023-06-28","2023-07-05",10018,1,"272023",1,3.851,"REG",1.455,1.066,"REG",0.402,0.704,"REG",0.258,1.105,"REG",0.384,2.795,"REG",1.108,0.158,"REG",0.1,0.092,"REG",0.086,0.144,"REG",0.101,0.413,"REG",0.13,0.139,"REG",0.083,0.348,"REG",0.137,0.178,"REG",0.159,0.551,"REG",0.223,0.669,"REG",0.183,0.04,"REG",0.104,0.197,"REG",0.1,0.177,"REG",0.186,0.164,"REG",0.222,0.378,"REG",0.345,0.509,"REG",0.216,0.313,"REG",0.14,0.491,"REG",0.148,0.432,"REG",0.235,1.072,"REG",0.399,1.281,"REG",0.484,3.569,"REG",1.33,0.243,"REG",0.091,0.612,"REG",0.28,0.138,"REG",0.068,0.007,"REG",0.028,0.208,"REG",0.082,0.052,"REG",0.021,0.002,"ND",0.003,0.033,"LOD",0.072,1.175,"REG",0.434,0.114,"REG",0.045,0.06,"REG",0.018,0.307,"REG",0.076,0.23766743670916163,0.23,4.9559999999999995,"REG",9.521,"REG",NA
"2","Essington & Mingo","stationary","39.90131732, -75.2250262",39.90131732,-75.2250262,"#F781BF","Industrial","Industrial","High","Auto body shop, junkyard","HighT/I","P726644","P726644 071323 071223 Essington  1WK SS","P726644 071323 071223 Essington  1WK SS.D","2023-07-13","2023-07-12","sample","2023-07-05","2023-07-12",10068,2,"282023",1,2.493,"REG",0.942,0.645,"REG",0.244,0.453,"REG",0.166,0.703,"REG",0.253,1.428,"REG",0.566,0.043,"ND",0.072,0.083,"LOD",0.084,0.118,"LOD",0.097,0.308,"REG",0.12,0.111,"LOD",0.08,0.285,"REG",0.116,0.118,"LOD",0.15,0.364,"REG",0.148,0.455,"REG",0.125,0.051,"ND",0.085,0.08,"REG",0.066,0.176,"LOD",0.185,0.201,"LOD",0.226,0.418,"LOD",0.347,0.281,"REG",0.159,0.298,"REG",0.136,0.38,"REG",0.126,0.321,"LOD",0.211,0.844,"REG",0.331,1.149,"REG",0.438,3.084,"REG",1.158,0.201,"REG",0.075,0.588,"REG",0.273,0.197,"REG",0.086,0.017,"LOD",0.028,0.129,"REG",0.053,0.007,"ND",0.011,0.06,"REG",0.02,0.066,"LOD",0.073,1.259,"REG",0.464,0.091,"REG",0.036,0.12,"REG",0.026,0.266,"REG",0.066,0.23648712564088015,0.2,3.1959999999999997,"REG",5.722,"REG",NA
"2","Essington & Mingo","stationary","39.90131732, -75.2250262",39.90131732,-75.2250262,"#F781BF","Industrial","Industrial","High","Auto body shop, junkyard","HighT/I","P637225","P637225 072723 071923 Essington 1WK DS","P637225 072723 071923 Essington 1WK DS.D","2023-07-27","2023-07-19","sample","2023-07-12","2023-07-19",10113,14.3,"292023",1,3.037,"REG",1.147,1.182,"REG",0.445,0.614,"REG",0.225,0.807,"LOD",0.287,2.23,"REG",0.884,0.132,"LOD",0.095,0.119,"LOD",0.088,0.12,"LOD",0.097,0.366,"LOD",0.124,0.393,"LOD",0.129,0.29,"LOD",0.117,0.21,"LOD",0.163,0.666,"REG",0.27,0.962,"REG",0.262,0.08,"LOD",0.109,0.341,"LOD",0.153,0.469,"LOD",0.251,0.435,"LOD",0.285,0.556,"LOD",0.358,0.063,"ND",0.105,0.386,"LOD",0.159,0.579,"LOD",0.166,0.77,"LOD",0.32,1.413,"LOD",0.504,2.812,"REG",1.035,8.019,"REG",2.939,0.833,"REG",0.311,1.196,"LOD",0.472,0.201,"LOD",0.087,0.014,"ND",0.023,0.316,"REG",0.123,0.007,"ND",0.011,0.106,"REG",0.035,0.035,"ND",0.059,2.56,"REG",0.93,0.323,"REG",0.123,0.007,"ND",0.012,1.135,"REG",0.279,0.2354348245775122,0.858,3.844,"REG",7.87,"REG",NA
"2","Essington & Mingo","stationary","39.90131732, -75.2250262",39.90131732,-75.2250262,"#F781BF","Industrial","Industrial","High","Auto body shop, junkyard","HighT/I","P726609","P726609 072823 072623 Essington 1WK DS","P726609 072823 072623 Essington 1WK DS.D","2023-07-28","2023-07-26","sample","2023-07-19","2023-07-26",9924,14.3,"302023",1,3.318,"REG",1.253,1.204,"REG",0.454,0.626,"REG",0.229,0.987,"LOD",0.346,2.272,"REG",0.901,0.269,"LOD",0.122,0.041,"ND",0.068,0.244,"LOD",0.121,0.373,"LOD",0.127,0.134,"LOD",0.083,0.59,"LOD",0.222,0.215,"LOD",0.166,0.869,"REG",0.352,0.811,"REG",0.221,0.261,"LOD",0.165,0.348,"LOD",0.156,0.478,"LOD",0.255,0.443,"LOD",0.291,0.873,"LOD",0.402,0.408,"LOD",0.19,0.295,"LOD",0.136,0.591,"LOD",0.17,0.785,"LOD",0.327,1.441,"LOD",0.513,2.865,"REG",1.055,7.205,"REG",2.644,0.972,"REG",0.363,1.218,"LOD",0.481,0.205,"LOD",0.089,0.014,"ND",0.024,0.256,"LOD",0.1,0.007,"ND",0.011,0.108,"REG",0.036,0.241,"LOD",0.096,3.261,"REG",1.183,0.006,"ND",0.01,0.217,"REG",0.041,1.157,"REG",0.284,0.23991861960423025,0.858,4.305,"REG",8.407,"REG",NA
"2","Essington & Mingo","stationary","39.90131732, -75.2250262",39.90131732,-75.2250262,"#F781BF","Industrial","Industrial","High","Auto body shop, junkyard","HighT/I","P726662","P726662 081023 080223 Essington 1WK SS","P726662 081023 080223 Essington 1WK SS.D","2023-08-10","2023-08-02","sample","2023-07-26","2023-08-02",10104,2,"312023",1,1.835,"REG",0.693,0.662,"REG",0.251,0.322,"REG",0.119,0.475,"REG",0.182,1.254,"REG",0.497,0.111,"LOD",0.093,0.066,"LOD",0.082,0.084,"LOD",0.092,0.219,"REG",0.114,0.089,"LOD",0.077,0.196,"REG",0.088,0.118,"LOD",0.15,0.375,"REG",0.152,0.489,"REG",0.134,0.28,"REG",0.172,0.173,"REG",0.092,0.234,"LOD",0.194,0.23,"LOD",0.231,0.38,"LOD",0.343,0.196,"LOD",0.143,0.229,"REG",0.119,0.352,"REG",0.121,0.254,"LOD",0.199,0.841,"REG",0.329,1.038,"REG",0.399,2.968,"REG",1.116,0.338,"REG",0.126,0.628,"REG",0.284,0.137,"REG",0.068,0.014,"ND",0.023,0.176,"REG",0.07,0.007,"ND",0.011,0.059,"REG",0.02,0.132,"LOD",0.079,1.344,"REG",0.494,0.135,"REG",0.053,0.09,"REG",0.022,0.424,"REG",0.104,0.23564453493194584,0.32,2.31,"REG",4.548,"REG",NA
"2","Essington & Mingo","stationary","39.90131732, -75.2250262",39.90131732,-75.2250262,"#F781BF","Industrial","Industrial","High","Auto body shop, junkyard","HighT/I","P726660","P726660 081123 080923 Essington 1WK SS","P726660 081123 080923 Essington 1WK SS.D","2023-08-11","2023-08-09","sample","2023-08-02","2023-08-09",10049,2,"322023",1,1.475,"REG",0.558,0.725,"REG",0.274,0.281,"REG",0.104,0.386,"REG",0.156,1.021,"REG",0.405,0.043,"ND",0.072,0.04,"ND",0.066,0.067,"LOD",0.091,0.169,"LOD",0.111,0.071,"LOD",0.076,0.156,"REG",0.077,0.089,"LOD",0.147,0.482,"REG",0.196,0.398,"REG",0.109,0.356,"REG",0.204,0.213,"REG",0.106,0.236,"LOD",0.196,0.231,"LOD",0.233,0.806,"REG",0.389,0.197,"LOD",0.143,0.271,"REG",0.129,0.381,"REG",0.127,0.255,"LOD",0.201,0.895,"REG",0.346,0.935,"REG",0.364,2.65,"REG",1.004,0.221,"REG",0.083,0.547,"REG",0.261,0.177,"REG",0.08,0.038,"LOD",0.031,0.123,"REG",0.051,0.007,"ND",0.011,0.002,"ND",0.003,0.035,"ND",0.06,1.351,"REG",0.497,0.136,"REG",0.053,0.06,"REG",0.018,0.426,"REG",0.104,0.23693426022015932,0.32,1.8610000000000002,"REG",3.8880000000000003,"REG",NA
"2","Essington & Mingo","stationary","39.90131732, -75.2250262",39.90131732,-75.2250262,"#F781BF","Industrial","Industrial","High","Auto body shop, junkyard","HighT/I","P726641","P726641 082423 081623 Essington SS","P726641 082423 081623 Essington SS.D","2023-08-24","2023-08-16","sample","2023-08-09","2023-08-16",10199,1.3,"332023",1,2.187,"REG",0.826,0.625,"REG",0.237,0.415,"REG",0.152,0.582,"REG",0.215,1.435,"REG",0.569,0.119,"REG",0.093,0.04,"ND",0.066,0.097,"LOD",0.093,0.272,"REG",0.116,0.103,"REG",0.078,0.228,"REG",0.097,0.133,"LOD",0.15,0.597,"REG",0.242,0.576,"REG",0.158,0.529,"REG",0.28,0.308,"REG",0.14,0.333,"REG",0.214,0.34,"REG",0.256,0.163,"ND",0.272,0.217,"REG",0.145,0.226,"REG",0.118,0.505,"REG",0.15,0.332,"REG",0.212,1.179,"REG",0.43,1.129,"REG",0.43,3.016,"REG",1.133,0.314,"REG",0.117,0.727,"REG",0.314,0.144,"REG",0.069,0.037,"REG",0.03,0.252,"REG",0.098,0.007,"ND",0.011,0.002,"ND",0.003,0.064,"LOD",0.072,1.212,"REG",0.447,0.145,"REG",0.056,0.288,"REG",0.054,0.443,"REG",0.109,0.23344959122976577,0.338,2.7689999999999997,"REG",5.244,"REG","Summer"
"2","Essington & Mingo","stationary","39.90131732, -75.2250262",39.90131732,-75.2250262,"#F781BF","Industrial","Industrial","High","Auto body shop, junkyard","HighT/I","P733896","P733896 082523 082323 Essington SS","P733896 082523 082323 Essington SS.D","2023-08-25","2023-08-23","sample","2023-08-16","2023-08-23",9985,2,"342023",1,1.95,"REG",0.737,0.85,"REG",0.321,0.369,"REG",0.136,0.526,"REG",0.198,1.478,"REG",0.586,0.149,"LOD",0.099,0.04,"ND",0.067,0.119,"LOD",0.098,0.256,"REG",0.117,0.09,"LOD",0.078,0.239,"REG",0.102,0.119,"LOD",0.151,0.38,"REG",0.154,0.494,"REG",0.135,0.158,"REG",0.129,0.156,"REG",0.087,0.265,"LOD",0.202,0.534,"REG",0.319,0.512,"LOD",0.357,0.199,"LOD",0.144,0.177,"LOD",0.109,0.383,"REG",0.127,0.312,"LOD",0.211,0.851,"REG",0.334,0.869,"REG",0.341,2.331,"REG",0.893,0.246,"REG",0.092,0.508,"REG",0.251,0.023,"ND",0.038,0.038,"LOD",0.031,0.105,"REG",0.045,0.007,"ND",0.011,0.002,"ND",0.003,0.067,"LOD",0.074,1.088,"REG",0.404,0.137,"REG",0.053,0.091,"REG",0.022,0.215,"REG",0.053,0.23845291747144529,0.16,2.476,"REG",5.173,"REG","Summer"
"2","Essington & Mingo","stationary","39.90131732, -75.2250262",39.90131732,-75.2250262,"#F781BF","Industrial","Industrial","High","Auto body shop, junkyard","HighT/I","P733890","P733890 090723 083023 Essington SS","P733890 090723 083023 Essington SS.D","2023-09-07","2023-08-30","sample","2023-08-23","2023-08-30",10043,2,"352023",1,1.604,"REG",0.607,0.596,"REG",0.226,0.301,"REG",0.111,0.43,"REG",0.169,1.07,"REG",0.424,0.112,"LOD",0.093,0.066,"LOD",0.083,0.059,"LOD",0.091,0.189,"LOD",0.113,0.092,"LOD",0.078,0.204,"REG",0.09,0.116,"LOD",0.15,0.399,"REG",0.162,0.564,"REG",0.154,0.051,"ND",0.085,0.082,"REG",0.067,0.231,"LOD",0.194,0.275,"LOD",0.242,0.428,"LOD",0.348,0.282,"REG",0.159,0.294,"REG",0.135,0.435,"REG",0.137,0.378,"REG",0.223,0.995,"REG",0.375,1.47,"REG",0.551,3.744,"REG",1.393,0.33,"REG",0.123,0.716,"REG",0.312,0.174,"REG",0.079,0.03,"LOD",0.03,0.099,"REG",0.042,0.05,"REG",0.021,0.002,"ND",0.003,0.025,"LOD",0.072,1.262,"REG",0.465,0.136,"REG",0.053,0.09,"REG",0.022,0.293,"REG",0.072,0.2370758121031944,0.22,2.0340000000000003,"REG",4.0009999999999994,"REG","Summer"
"2","Essington & Mingo","stationary","39.90131732, -75.2250262",39.90131732,-75.2250262,"#F781BF","Industrial","Industrial","High","Auto body shop, junkyard","HighT/I","P726611","P726611 090823 090623 Essington SS","P726611 090823 090623 Essington SS.D","2023-09-08","2023-09-06","sample","2023-08-30","2023-09-06",10153,2,"362023",1,1.862,"REG",0.703,0.649,"REG",0.246,0.34,"REG",0.125,0.515,"REG",0.194,1.39,"REG",0.551,0.129,"LOD",0.095,0.082,"LOD",0.083,0.075,"LOD",0.091,0.238,"REG",0.114,0.11,"LOD",0.079,0.242,"REG",0.102,0.115,"LOD",0.149,0.395,"REG",0.16,0.442,"REG",0.121,0.162,"REG",0.129,0.139,"REG",0.081,0.228,"LOD",0.193,0.272,"LOD",0.24,0.423,"LOD",0.345,0.167,"LOD",0.138,0.197,"REG",0.112,0.35,"REG",0.12,0.32,"LOD",0.21,0.788,"REG",0.314,0.742,"REG",0.297,2.314,"REG",0.886,0.145,"REG",0.054,0.541,"REG",0.258,0.022,"ND",0.037,0.106,"REG",0.046,0.089,"REG",0.039,0.007,"ND",0.011,0.002,"ND",0.003,0.09,"LOD",0.075,1.07,"REG",0.397,0.09,"REG",0.036,0.119,"REG",0.026,0.211,"REG",0.052,0.23450727676079788,0.16,2.3770000000000002,"REG",4.755999999999999,"REG","Summer"
"2","Essington & Mingo","stationary","39.90131732, -75.2250262",39.90131732,-75.2250262,"#F781BF","Industrial","Industrial","High","Auto body shop, junkyard","HighT/I","P733860","P733860 092923 092723 Essington SS","P733860 092923 092723 Essington SS RENAME.D","2023-09-29","2023-09-27","sample","2023-09-20","2023-09-27",10050,2,"392023",1,2.713,"REG",1.025,0.834,"REG",0.315,0.409,"REG",0.15,0.566,"REG",0.21,1.564,"REG",0.62,0.093,"LOD",0.091,0.04,"ND",0.066,0.059,"LOD",0.091,0.223,"REG",0.114,0.111,"LOD",0.08,0.245,"REG",0.103,0.116,"LOD",0.15,0.531,"REG",0.215,0.96,"REG",0.262,0.051,"ND",0.085,0.121,"REG",0.076,0.146,"LOD",0.182,0.05,"LOD",0.209,0.166,"ND",0.276,0.31,"REG",0.165,0.389,"REG",0.16,0.571,"REG",0.165,0.378,"REG",0.223,1.243,"REG",0.451,2.476,"REG",0.913,7.148,"REG",2.622,0.621,"ULOD",0.452,1.01,"REG",0.408,0.174,"REG",0.078,0.088,"REG",0.041,0.035,"REG",0.023,0.007,"ND",0.011,0.002,"ND",0.003,0.091,"LOD",0.075,1.621,"REG",0.593,0.136,"REG",0.053,0.12,"REG",0.026,0.852,"REG",0.209,0.2369106846718787,0.64,3.279,"REG",6.085999999999999,"REG","Summer"
"2","Essington & Mingo","stationary","39.90131732, -75.2250262",39.90131732,-75.2250262,"#F781BF","Industrial","Industrial","High","Auto body shop, junkyard","HighT/I","P733898","P733898 101223 100423 Essington SS","P733898 101223 100423 Essington SS.D","2023-10-12","2023-10-04","sample","2023-09-27","2023-10-04",10123,2,"402023",1,3.882,"REG",1.466,1.154,"REG",0.435,0.555,"REG",0.204,0.812,"REG",0.288,2.178,"REG",0.864,0.129,"LOD",0.095,0.099,"LOD",0.086,0.117,"LOD",0.096,0.324,"REG",0.12,0.091,"LOD",0.077,0.36,"REG",0.142,0.147,"LOD",0.153,0.739,"REG",0.299,1.137,"REG",0.31,0.318,"REG",0.187,0.31,"REG",0.141,0.306,"REG",0.209,0.197,"LOD",0.225,0.337,"LOD",0.339,0.392,"REG",0.184,0.337,"REG",0.145,0.726,"REG",0.199,0.543,"REG",0.259,1.58,"REG",0.557,2.178,"REG",0.805,5.969,"REG",2.195,0.625,"ULOD",0.302,1.04,"REG",0.418,0.293,"REG",0.117,0.034,"REG",0.03,0.052,"REG",0.027,0.007,"ND",0.011,0.002,"ND",0.003,0.126,"LOD",0.078,1.699,"REG",0.621,0.18,"REG",0.069,0.149,"REG",0.031,0.423,"REG",0.104,0.23520225041513199,0.32,4.694,"REG",8.581,"REG","Summer"
"2","Essington & Mingo","stationary","39.90131732, -75.2250262",39.90131732,-75.2250262,"#F781BF","Industrial","Industrial","High","Auto body shop, junkyard","HighT/I","P726605","P726605 101323 101123 Essington SS","P726605 101323 101123 Essington SS.D","2023-10-13","2023-10-11","sample","2023-10-04","2023-10-11",9990,1.99,"412023",1,3.204,"REG",1.21,1.143,"REG",0.431,0.452,"REG",0.166,0.637,"REG",0.233,1.94,"REG",0.77,0.093,"LOD",0.092,0.04,"ND",0.067,0.101,"LOD",0.095,0.223,"REG",0.115,0.111,"LOD",0.08,0.241,"REG",0.102,0.118,"LOD",0.151,0.587,"REG",0.238,1.006,"REG",0.274,0.219,"REG",0.149,0.215,"REG",0.107,0.195,"LOD",0.189,0.123,"LOD",0.217,0.212,"LOD",0.337,0.31,"REG",0.166,0.326,"REG",0.143,0.569,"REG",0.165,0.383,"REG",0.225,1.294,"REG",0.467,2.196,"REG",0.812,5.818,"REG",2.141,0.63,"ULOD",0.37,0.838,"REG",0.352,0.023,"ND",0.038,0.034,"REG",0.03,0.009,"ND",0.016,0.007,"ND",0.011,0.002,"ND",0.003,0.126,"LOD",0.079,1.984,"REG",0.723,0.182,"REG",0.07,0.18,"REG",0.035,0.746,"REG",0.183,0.238333571666905,0.5572,3.841,"REG",7.376000000000001,"REG","Summer"
"2","Essington & Mingo","stationary","39.90131732, -75.2250262",39.90131732,-75.2250262,"#F781BF","Industrial","Industrial","High","Auto body shop, junkyard","HighT/I","P733870","P733870 102623 101823 Essington SS RENAME","P733870 102623 101823 Essington SS RENAME.D","2023-10-26","2023-10-18","sample","2023-10-11","2023-10-18",10050,2,"422023",1,4.126,"REG",1.558,0.924,"REG",0.349,0.624,"REG",0.229,0.795,"REG",0.283,1.987,"REG",0.788,0.112,"LOD",0.093,0.083,"LOD",0.085,0.101,"LOD",0.095,0.054,"ND",0.089,0.332,"REG",0.116,0.322,"REG",0.128,0.118,"LOD",0.15,0.534,"REG",0.216,0.842,"REG",0.23,0.051,"ND",0.085,0.099,"REG",0.071,0.223,"LOD",0.193,0.161,"LOD",0.22,0.254,"LOD",0.337,0.282,"REG",0.159,0.298,"REG",0.136,0.65,"REG",0.182,0.383,"REG",0.224,1.442,"REG",0.513,2.014,"REG",0.747,5.611,"REG",2.066,0.417,"ULOD",0.304,0.837,"REG",0.351,0.098,"REG",0.058,0.015,"REG",0.028,0.009,"ND",0.016,0.007,"ND",0.011,0.002,"ND",0.003,0.193,"REG",0.087,2.162,"REG",0.787,0.182,"REG",0.07,0.24,"REG",0.045,0.746,"REG",0.183,0.2369106846718787,0.56,4.921,"REG",8.456000000000001,"REG","Summer"
"2","Essington & Mingo","stationary","39.90131732, -75.2250262",39.90131732,-75.2250262,"#F781BF","Industrial","Industrial","High","Auto body shop, junkyard","HighT/I","P726613","P726613 102723 102523 Essington SS","P726613 102723 102523 Essington SS.D","2023-10-27","2023-10-25","sample","2023-10-18","2023-10-25",10089,2,"432023",1,3.373,"REG",1.274,0.841,"REG",0.318,0.493,"REG",0.181,0.656,"REG",0.238,1.804,"REG",0.715,0.092,"LOD",0.091,0.04,"ND",0.066,0.084,"LOD",0.092,0.222,"REG",0.114,0.11,"LOD",0.079,0.239,"REG",0.101,0.088,"LOD",0.147,0.558,"REG",0.226,0.792,"REG",0.216,0.295,"REG",0.178,0.234,"REG",0.113,0.25,"LOD",0.198,0.16,"LOD",0.219,0.338,"LOD",0.341,0.253,"REG",0.153,0.325,"REG",0.142,0.593,"REG",0.17,0.327,"LOD",0.212,1.338,"REG",0.48,1.971,"REG",0.731,5.257,"REG",1.937,0.415,"ULOD",0.31,0.75,"REG",0.322,0.098,"REG",0.058,0.015,"REG",0.028,0.009,"ND",0.016,0.007,"ND",0.011,0.052,"REG",0.018,0.159,"REG",0.082,1.884,"REG",0.687,0.136,"REG",0.053,0.179,"REG",0.035,0.769,"REG",0.189,0.23599488363092289,0.58,4.029,"REG",7.167,"REG","Summer"
"2","Essington & Mingo","stationary","39.90131732, -75.2250262",39.90131732,-75.2250262,"#F781BF","Industrial","Industrial","High","Auto body shop, junkyard","HighT/I","P726605","P726605 110923 110123 Essington SS","P726605 110923 110123 Essington SS.D","2023-11-09","2023-11-01","sample","2023-10-25","2023-11-01",10315,2,"442023",1,3.386,"REG",1.279,1.016,"REG",0.383,0.522,"REG",0.191,0.686,"REG",0.247,2.859,"REG",1.134,0.127,"LOD",0.093,0.081,"LOD",0.082,0.115,"LOD",0.094,0.284,"REG",0.116,0.108,"LOD",0.078,0.274,"REG",0.112,0.145,"LOD",0.15,0.825,"REG",0.334,1,"REG",0.273,0.761,"REG",0.389,0.519,"REG",0.224,0.371,"REG",0.222,0.23,"LOD",0.228,0.458,"LOD",0.343,0.247,"REG",0.15,0.238,"REG",0.12,0.609,"REG",0.172,0.527,"REG",0.253,1.356,"REG",0.484,1.542,"REG",0.576,4.231,"REG",1.566,0.404,"ULOD",0.217,0.943,"REG",0.384,0.165,"REG",0.075,0.048,"REG",0.032,0.009,"ND",0.016,0.007,"ND",0.011,0.066,"REG",0.022,0.087,"LOD",0.073,1.755,"REG",0.641,0.128,"REG",0.05,0.234,"REG",0.044,0.674,"REG",0.166,0.23082427348059922,0.52,4.072,"REG",8.469000000000001,"REG","Summer"
"2","Essington & Mingo","stationary","39.90131732, -75.2250262",39.90131732,-75.2250262,"#F781BF","Industrial","Industrial","High","Auto body shop, junkyard","HighT/I","P726646","P726646 111023 110823 Essington SS","P726646 111023 110823 Essington SS.D","2023-11-10","2023-11-08","sample","2023-11-01","2023-11-08",9899,2,"452023",1,4.592,"REG",1.735,1.503,"REG",0.566,0.719,"REG",0.264,0.969,"REG",0.34,3.19,"REG",1.265,0.17,"LOD",0.103,0.102,"LOD",0.087,0.137,"LOD",0.101,0.383,"REG",0.128,0.169,"REG",0.088,0.368,"REG",0.145,0.18,"LOD",0.161,0.967,"REG",0.391,1.398,"REG",0.381,2.104,"REG",1.046,0.698,"REG",0.297,0.789,"REG",0.354,0.354,"LOD",0.265,1.253,"REG",0.464,0.372,"REG",0.181,0.344,"REG",0.148,0.856,"REG",0.229,0.661,"REG",0.292,1.818,"REG",0.634,2.739,"REG",1.009,7.529,"REG",2.761,0.421,"ULOD",0.34,1.11,"REG",0.444,0.452,"REG",0.173,0.089,"REG",0.042,0.037,"LOD",0.024,0.007,"ND",0.011,0.061,"REG",0.02,0.226,"REG",0.094,1.92,"REG",0.7,0.18,"REG",0.069,0.304,"REG",0.056,0.811,"REG",0.199,0.24052453590790798,0.6,5.561,"REG",10.972999999999999,"REG",NA
"2","Essington & Mingo","stationary","39.90131732, -75.2250262",39.90131732,-75.2250262,"#F781BF","Industrial","Industrial","High","Auto body shop, junkyard","HighT/I","P733899","P733899 112423 111523 Essington SS","P733899 112423 111523 Essington SS.D","2023-11-24","2023-11-15","sample","2023-11-08","2023-11-15",10111,2,"462023",1,3.362,"REG",1.27,1.392,"REG",0.525,0.511,"REG",0.187,0.678,"REG",0.245,2.108,"REG",0.836,0.111,"LOD",0.093,0.083,"LOD",0.084,0.101,"LOD",0.094,0.273,"REG",0.117,0.092,"LOD",0.078,0.239,"REG",0.101,0.118,"LOD",0.149,0.79,"REG",0.32,1.206,"REG",0.329,0.85,"REG",0.432,0.587,"REG",0.251,0.323,"REG",0.213,0.16,"LOD",0.219,0.384,"LOD",0.343,0.308,"REG",0.164,0.256,"REG",0.125,0.757,"REG",0.206,0.484,"REG",0.245,1.681,"REG",0.588,2.11,"REG",0.781,5.777,"REG",2.125,0.623,"ULOD",0.381,0.961,"REG",0.392,0.364,"REG",0.142,0.087,"REG",0.041,0.009,"ND",0.016,0.007,"ND",0.011,0.002,"ND",0.003,0.122,"LOD",0.078,1.701,"REG",0.622,0.176,"REG",0.068,0.179,"REG",0.035,1.032,"REG",0.253,0.23548139461501147,0.78,4.04,"REG",8.051,"REG",NA
"2","Essington & Mingo","stationary","39.90131732, -75.2250262",39.90131732,-75.2250262,"#F781BF","Industrial","Industrial","High","Auto body shop, junkyard","HighT/I","P733866","P733866 112523 112223 Essington SS","P733866 112523 112223 Essington SS.D","2023-11-25","2023-11-22","sample","2023-11-15","2023-11-22",10164,2,"472023",1,3.711,"REG",1.401,1.346,"REG",0.507,0.572,"REG",0.21,0.786,"REG",0.28,2.649,"REG",1.05,0.128,"LOD",0.095,0.099,"LOD",0.085,0.117,"LOD",0.096,0.322,"REG",0.12,0.128,"LOD",0.081,0.319,"REG",0.127,0.146,"LOD",0.152,0.916,"REG",0.371,1.547,"REG",0.421,0.501,"REG",0.268,0.354,"REG",0.158,0.349,"REG",0.218,0.16,"LOD",0.218,0.423,"LOD",0.345,0.418,"REG",0.19,0.402,"REG",0.163,0.941,"REG",0.248,0.59,"REG",0.271,2.213,"REG",0.761,3.343,"REG",1.228,9.049,"REG",3.313,0.62,"ULOD",0.534,1.331,"REG",0.519,0.284,"REG",0.114,0.068,"REG",0.036,0.027,"LOD",0.021,0.007,"ND",0.011,0.002,"ND",0.003,0.089,"LOD",0.075,1.603,"REG",0.586,0.175,"REG",0.067,0.326,"REG",0.06,1,"REG",0.246,0.23425348100672774,0.76,4.497,"REG",9.064,"REG",NA
"2","Essington & Mingo","stationary","39.90131732, -75.2250262",39.90131732,-75.2250262,"#F781BF","Industrial","Industrial","High","Auto body shop, junkyard","HighT/I","P733891","P733891 120823 112923 Essington SS","P733891 120823 112923 Essington SS.D","2023-12-08","2023-11-29","sample","2023-11-22","2023-11-29",9985,2,"482023",1,2.461,"REG",0.93,1.19,"REG",0.449,0.385,"REG",0.142,0.496,"REG",0.189,1.559,"REG",0.618,0.093,"LOD",0.092,0.051,"LOD",0.082,0.068,"LOD",0.092,0.19,"LOD",0.113,0.074,"LOD",0.077,0.205,"REG",0.091,0.089,"LOD",0.148,0.514,"REG",0.208,0.798,"REG",0.218,0.403,"REG",0.224,0.187,"REG",0.097,0.216,"LOD",0.193,0.151,"LOD",0.22,0.277,"LOD",0.34,0.199,"LOD",0.144,0.191,"REG",0.112,0.465,"REG",0.143,0.33,"LOD",0.214,1.051,"REG",0.393,1.484,"REG",0.557,4.424,"REG",1.637,0.631,"REG",0.235,0.635,"REG",0.288,0.214,"REG",0.091,0.029,"LOD",0.03,0.009,"ND",0.016,0.007,"ND",0.011,0.002,"ND",0.003,0.087,"LOD",0.075,1.813,"REG",0.662,0.183,"REG",0.07,0.121,"REG",0.026,0.509,"REG",0.125,0.23845291747144529,0.38,2.957,"REG",6.090999999999999,"REG",NA
"2","Essington & Mingo","stationary","39.90131732, -75.2250262",39.90131732,-75.2250262,"#F781BF","Industrial","Industrial","High","Auto body shop, junkyard","HighT/I","P726614","P726614 120923 120623 Essington SS","P726614 120923 120623 Essington SS.D","2023-12-09","2023-12-06","sample","2023-11-29","2023-12-06",10209,2,"492023",1,3.591,"REG",1.356,1.418,"REG",0.534,0.568,"REG",0.208,0.754,"REG",0.269,2.546,"REG",1.01,0.128,"LOD",0.094,0.033,"LOD",0.08,0.116,"LOD",0.095,0.321,"REG",0.119,0.146,"REG",0.083,0.321,"REG",0.128,0.146,"LOD",0.152,0.865,"REG",0.35,1.517,"REG",0.413,0.247,"REG",0.158,0.183,"REG",0.095,0.434,"REG",0.24,0.295,"LOD",0.245,0.48,"LOD",0.348,0.278,"REG",0.157,0.294,"REG",0.134,0.803,"REG",0.216,0.538,"REG",0.257,1.762,"REG",0.614,2.373,"REG",0.876,7.221,"REG",2.648,0.621,"ULOD",0.433,1.035,"REG",0.416,0.287,"REG",0.115,0.085,"REG",0.04,0.009,"ND",0.016,0.007,"ND",0.011,0.002,"ND",0.003,0.052,"LOD",0.072,1.596,"REG",0.584,0.179,"REG",0.069,0.207,"REG",0.039,0.446,"REG",0.11,0.2332209208494839,0.34,4.345000000000001,"REG",8.876999999999999,"REG",NA
"2","Essington & Mingo","stationary","39.90131732, -75.2250262",39.90131732,-75.2250262,"#F781BF","Industrial","Industrial","High","Auto body shop, junkyard","HighT/I","P726663","P726663 122123 121323 Essington SS","P726663 122123 121323 Essington SS.D","2023-12-21","2023-12-13","sample","2023-12-06","2023-12-13",10185,2,"502023",1,5.486,"REG",2.072,1.598,"REG",0.602,0.804,"REG",0.294,1.159,"REG",0.402,3.56,"REG",1.412,0.202,"REG",0.107,0.131,"LOD",0.089,0.167,"LOD",0.104,0.44,"REG",0.131,0.182,"REG",0.088,0.483,"REG",0.184,0.205,"LOD",0.161,1.231,"REG",0.498,2.051,"REG",0.559,0.321,"REG",0.188,0.298,"REG",0.136,0.407,"REG",0.233,0.296,"LOD",0.245,0.439,"LOD",0.345,0.528,"REG",0.22,0.696,"REG",0.252,1.475,"REG",0.376,0.81,"REG",0.331,2.993,"REG",1.018,5.111,"REG",1.872,13.171,"ULOD",5.078,0.413,"ULOD",0.96,2.117,"REG",0.801,0.326,"REG",0.129,0.198,"REG",0.074,0.009,"ND",0.016,0.007,"ND",0.011,0.052,"REG",0.018,0.085,"LOD",0.074,2.489,"REG",0.905,0.224,"REG",0.086,0.267,"REG",0.05,1.392,"REG",0.342,0.23377048413867266,1.06,6.645,"REG",12.607000000000001,"REG","Winter"
"2","Essington & Mingo","stationary","39.90131732, -75.2250262",39.90131732,-75.2250262,"#F781BF","Industrial","Industrial","High","Auto body shop, junkyard","HighT/I","P733856","P733856 122123 122023 Essington SS","P733856 122123 122023 Essington SS.D","2023-12-21","2023-12-20","sample","2023-12-13","2023-12-20",9870,2,"512023",1,3.338,"REG",1.261,1.264,"REG",0.477,0.499,"REG",0.183,0.687,"REG",0.249,2.228,"REG",0.883,0.114,"LOD",0.095,0.085,"LOD",0.086,0.103,"LOD",0.097,0.262,"REG",0.118,0.094,"LOD",0.079,0.249,"REG",0.105,0.121,"LOD",0.153,0.68,"REG",0.275,1.188,"REG",0.324,0.205,"REG",0.145,0.13,"REG",0.079,0.391,"REG",0.233,0.229,"LOD",0.235,0.453,"LOD",0.356,0.373,"REG",0.182,0.484,"REG",0.188,0.858,"REG",0.23,0.446,"REG",0.24,1.772,"REG",0.619,3.809,"REG",1.398,9.782,"REG",3.58,0.426,"ULOD",0.823,1.199,"REG",0.475,0.176,"REG",0.08,0.107,"REG",0.046,0.01,"ND",0.016,0.007,"ND",0.011,0.061,"REG",0.02,0.054,"LOD",0.074,2.568,"REG",0.933,0.185,"REG",0.071,0.275,"REG",0.052,2.629,"REG",0.645,0.24123124427075798,1.94,4.025,"REG",8.016,"REG","Winter"
"2","Essington & Mingo","stationary","39.90131732, -75.2250262",39.90131732,-75.2250262,"#F781BF","Industrial","Industrial","High","Auto body shop, junkyard","HighT/I","P726607","P726607 011624 011024 Essington SS","P726607 011624 011024 Essington SS.D","2024-01-16","2024-01-10","sample","2024-01-03","2024-01-10",10082,2,"22024",1,4.657,"REG",1.759,2.07,"REG",0.779,0.797,"REG",0.292,1.021,"REG",0.357,4,"REG",1.586,0.185,"REG",0.104,0.116,"LOD",0.088,0.135,"LOD",0.099,0.373,"REG",0.125,0.182,"REG",0.088,0.402,"REG",0.156,0.207,"LOD",0.163,1.18,"REG",0.477,1.82,"REG",0.496,1.073,"REG",0.54,0.543,"REG",0.234,0.45,"REG",0.246,0.164,"LOD",0.22,0.453,"LOD",0.349,0.674,"REG",0.263,0.572,"REG",0.213,1.64,"REG",0.416,0.79,"REG",0.327,3.649,"REG",1.235,4.195,"REG",1.538,14.857,"REG",5.428,0.117,"ULOD",0.266,1.916,"REG",0.729,0.341,"REG",0.134,0.153,"REG",0.059,0.009,"ND",0.016,0.007,"ND",0.011,0.052,"REG",0.018,0.053,"LOD",0.073,1.885,"REG",0.688,0.158,"REG",0.061,0.23,"REG",0.043,0.608,"REG",0.149,0.23615873645629648,0.458,5.678,"REG",12.545000000000002,"REG","Winter"
"2","Essington & Mingo","stationary","39.90131732, -75.2250262",39.90131732,-75.2250262,"#F781BF","Industrial","Industrial","High","Auto body shop, junkyard","HighT/I","P733851","P733851 012524 011724 Essington SS","P733851 012524 011724 Essington SS.D","2024-01-25","2024-01-17","sample","2024-01-10","2024-01-17",10216,2,"32024",1,2.29,"REG",0.865,1.319,"REG",0.497,0.383,"REG",0.141,0.494,"REG",0.187,1.609,"REG",0.638,0.042,"ND",0.071,0.04,"ND",0.065,0.066,"LOD",0.09,0.182,"LOD",0.11,0.071,"LOD",0.075,0.156,"REG",0.076,0.088,"LOD",0.145,0.543,"REG",0.22,0.876,"REG",0.239,0.325,"REG",0.189,0.212,"REG",0.105,0.166,"LOD",0.182,0.088,"LOD",0.208,0.196,"LOD",0.329,0.249,"REG",0.151,0.204,"REG",0.113,0.629,"REG",0.177,0.35,"REG",0.214,1.399,"REG",0.498,1.876,"REG",0.696,5.264,"REG",1.939,0.429,"ULOD",0.237,0.774,"REG",0.329,0.26,"REG",0.106,0.014,"ND",0.023,0.009,"ND",0.016,0.007,"ND",0.011,0.044,"REG",0.015,0.052,"LOD",0.072,2.393,"REG",0.87,0.156,"REG",0.061,0.109,"REG",0.024,1.699,"REG",0.417,0.23306111794757056,1.298,2.784,"REG",6.095,"REG","Winter"
"2","Essington & Mingo","stationary","39.90131732, -75.2250262",39.90131732,-75.2250262,"#F781BF","Industrial","Industrial","High","Auto body shop, junkyard","HighT/I","P733879","P733879 012624 012424 Essington SS","P733879 012624 012424 Essington SS.D","2024-01-26","2024-01-24","sample","2024-01-17","2024-01-24",9810,2,"42024",1,3.428,"REG",1.295,1.924,"REG",0.724,0.575,"REG",0.211,0.654,"REG",0.239,2.738,"REG",1.086,0.133,"LOD",0.098,0.085,"LOD",0.086,0.121,"LOD",0.099,0.313,"REG",0.123,0.13,"LOD",0.084,0.288,"REG",0.118,0.152,"LOD",0.158,0.916,"REG",0.371,1.535,"REG",0.418,0.466,"REG",0.253,0.399,"REG",0.177,0.318,"REG",0.216,0.169,"LOD",0.226,0.291,"LOD",0.347,0.462,"REG",0.205,0.268,"REG",0.13,0.905,"REG",0.241,0.588,"REG",0.275,2.119,"REG",0.732,3.095,"REG",1.138,8.698,"REG",3.186,0.446,"ULOD",0.423,1.495,"REG",0.579,0.432,"REG",0.166,0.137,"REG",0.055,0.01,"ND",0.016,0.007,"ND",0.011,0.046,"REG",0.016,0.02,"LOD",0.073,2.307,"REG",0.839,0.163,"REG",0.063,0.206,"REG",0.04,1.77,"REG",0.434,0.24270666472501337,1.298,4.082,"REG",9.318999999999999,"REG","Winter"
"2","Essington & Mingo","stationary","39.90131732, -75.2250262",39.90131732,-75.2250262,"#F781BF","Industrial","Industrial","High","Auto body shop, junkyard","HighT/I","P733892","P733892 020824 013124 Essington SS","P733892 020824 013124 Essington SS.D","2024-02-08","2024-01-31","sample","2024-01-24","2024-01-31",10099,2,"52024",1,5.33,"REG",2.013,1.631,"REG",0.614,0.833,"REG",0.305,1.149,"REG",0.399,3.639,"REG",1.443,0.185,"REG",0.104,0.116,"LOD",0.088,0.202,"REG",0.111,0.581,"REG",0.147,0.22,"REG",0.094,0.487,"REG",0.185,0.295,"REG",0.181,1.419,"REG",0.574,2.225,"REG",0.606,0.422,"REG",0.232,0.471,"REG",0.205,0.541,"REG",0.272,0.219,"LOD",0.229,0.332,"LOD",0.34,0.336,"REG",0.171,0.351,"REG",0.149,1.297,"REG",0.333,0.868,"REG",0.349,1.881,"REG",0.653,2.542,"REG",0.937,7.712,"REG",2.827,0.634,"ULOD",0.274,1.379,"REG",0.537,0.389,"REG",0.151,0.071,"REG",0.037,0.009,"ND",0.016,0.007,"ND",0.011,0.045,"REG",0.015,0.087,"LOD",0.075,2.062,"REG",0.751,0.169,"REG",0.065,0.269,"REG",0.05,0.424,"REG",0.104,0.23576120219352223,0.32,6.479,"REG",12.582,"REG","Winter"
"2","Essington & Mingo","stationary","39.90131732, -75.2250262",39.90131732,-75.2250262,"#F781BF","Industrial","Industrial","High","Auto body shop, junkyard","HighT/I","P726667","P726667 021524 020724 Essington SS","P726667 021524 020724 Essington SS.D","2024-02-15","2024-02-07","sample","2024-01-31","2024-02-07",10081,2,"62024",1,4.233,"REG",1.598,2.367,"REG",0.891,0.662,"REG",0.243,0.902,"REG",0.318,3.63,"REG",1.439,0.13,"LOD",0.095,0.083,"LOD",0.084,0.101,"LOD",0.094,0.291,"REG",0.118,0.147,"REG",0.084,0.366,"REG",0.144,0.148,"LOD",0.154,1.185,"REG",0.48,1.856,"REG",0.505,0.348,"REG",0.2,0.279,"REG",0.129,0.289,"REG",0.205,0.182,"LOD",0.223,0.417,"LOD",0.347,0.365,"REG",0.178,0.392,"REG",0.16,1.028,"REG",0.269,0.542,"REG",0.259,2.181,"REG",0.751,3.048,"REG",1.121,7.592,"REG",2.784,0.635,"ULOD",0.463,1.255,"REG",0.493,0.312,"REG",0.124,0.072,"REG",0.037,0.009,"ND",0.016,0.007,"ND",0.011,0.06,"REG",0.02,0.087,"LOD",0.075,2.873,"REG",1.043,0.215,"REG",0.083,0.21,"REG",0.04,1.433,"REG",0.352,0.23618216257835345,1.08,5.135,"REG",11.793999999999999,"REG","Winter"
"2","Essington & Mingo","stationary","39.90131732, -75.2250262",39.90131732,-75.2250262,"#F781BF","Industrial","Industrial","High","Auto body shop, junkyard","HighT/I","P733843","P733843 021624 021424 Essington SS","P733843 021624 021424 Essington SS.D","2024-02-16","2024-02-14","sample","2024-02-07","2024-02-14",10037,2,"72024",1,4.9,"REG",1.85,2.696,"REG",1.014,0.773,"REG",0.283,1.065,"REG",0.371,4.572,"REG",1.813,0.148,"LOD",0.098,0.1,"LOD",0.086,0.152,"LOD",0.102,0.395,"REG",0.128,0.204,"REG",0.092,0.53,"REG",0.201,0.208,"LOD",0.164,1.981,"REG",0.801,2.285,"REG",0.622,2.639,"REG",1.31,1.987,"REG",0.831,0.46,"REG",0.249,0.295,"LOD",0.247,0.589,"REG",0.364,0.423,"REG",0.192,0.435,"REG",0.173,1.06,"REG",0.277,0.763,"REG",0.319,2.34,"REG",0.803,3.35,"REG",1.23,8.428,"REG",3.088,0.638,"ULOD",0.48,1.851,"REG",0.706,0.234,"REG",0.098,0.072,"REG",0.037,0.009,"ND",0.016,0.007,"ND",0.011,0.002,"ND",0.003,0.054,"LOD",0.073,2.706,"REG",0.983,0.261,"REG",0.1,0.3,"REG",0.056,1.306,"REG",0.32,0.23721753322231554,0.98,5.965,"REG",14.006,"REG","Winter"
"2","Essington & Mingo","stationary","39.90131732, -75.2250262",39.90131732,-75.2250262,"#F781BF","Industrial","Industrial","High","Auto body shop, junkyard","HighT/I","P733880","P733880 030124 022124 Essington SS","P733880 030124 022124 Essington SS.D","2024-03-01","2024-02-21","sample","2024-02-14","2024-02-21",10090,2,"82024",1,2.509,"REG",0.948,1.534,"REG",0.578,0.382,"REG",0.14,0.539,"REG",0.201,1.688,"REG",0.669,0.111,"LOD",0.093,0.066,"LOD",0.082,0.044,"ND",0.074,0.205,"LOD",0.113,0.092,"LOD",0.078,0.244,"REG",0.103,0.088,"LOD",0.147,0.66,"REG",0.267,0.9,"REG",0.245,0.967,"REG",0.489,0.414,"REG",0.182,0.289,"REG",0.205,0.406,"REG",0.277,0.375,"LOD",0.343,0.168,"LOD",0.139,0.189,"REG",0.111,0.432,"REG",0.136,0.323,"LOD",0.212,0.941,"REG",0.359,1.29,"REG",0.487,3.926,"REG",1.458,0.246,"REG",0.091,0.584,"REG",0.271,0.155,"REG",0.073,0.052,"REG",0.033,0.009,"ND",0.016,0.007,"ND",0.011,0.045,"REG",0.015,0.186,"REG",0.086,1.794,"REG",0.655,0.169,"REG",0.065,0.179,"REG",0.035,0.504,"REG",0.124,0.23597149464344705,0.38,3.048,"REG",6.651999999999999,"REG","Winter"
"2","Essington & Mingo","stationary","39.90131732, -75.2250262",39.90131732,-75.2250262,"#F781BF","Industrial","Industrial","High","Auto body shop, junkyard","HighT/I","P733885","P733885 030124 022824 Essington SS","P733885 030124 022824 Essington SS.D","2024-03-01","2024-02-28","sample","2024-02-21","2024-02-28",10106,2,"92024",1,3.609,"REG",1.363,1.551,"REG",0.584,0.532,"REG",0.195,0.787,"REG",0.28,2.669,"REG",1.058,0.166,"LOD",0.101,0.099,"LOD",0.086,0.134,"LOD",0.099,0.324,"REG",0.121,0.165,"REG",0.086,0.406,"REG",0.157,0.177,"LOD",0.158,0.947,"REG",0.383,1.201,"REG",0.327,0.446,"REG",0.243,0.355,"REG",0.159,0.372,"REG",0.225,0.219,"LOD",0.229,0.543,"REG",0.357,0.392,"REG",0.184,0.351,"REG",0.149,0.674,"REG",0.187,0.595,"REG",0.272,1.533,"REG",0.541,2.611,"REG",0.962,7.108,"REG",2.608,0.315,"REG",0.117,1.21,"REG",0.477,0.232,"REG",0.097,0.052,"REG",0.033,0.009,"ND",0.016,0.007,"ND",0.011,0.045,"REG",0.015,0.087,"LOD",0.075,1.612,"REG",0.59,0.169,"REG",0.065,0.149,"REG",0.031,0.344,"REG",0.085,0.2355979003515121,0.26,4.396,"REG",9.148000000000001,"REG",NA
"2","Essington & Mingo","stationary","39.90131732, -75.2250262",39.90131732,-75.2250262,"#F781BF","Industrial","Industrial","High","Auto body shop, junkyard","HighT/I","P733863","P733863 031524 030624 Essington SS","P733863 031524 030624 Essington SS.D","2024-03-15","2024-03-06","sample","2024-02-28","2024-03-06",10115,1,"102024",1,5.411,"REG",2.044,0.819,"REG",0.31,0.725,"REG",0.265,1.147,"REG",0.398,3.172,"REG",1.258,0.147,"REG",0.098,0.099,"REG",0.086,0.139,"REG",0.1,0.442,"REG",0.132,0.155,"REG",0.085,0.423,"REG",0.163,0.191,"REG",0.16,1.41,"REG",0.57,2.559,"REG",0.697,0.044,"REG",0.103,0.342,"REG",0.154,0.088,"LOD",0.175,0.064,"LOD",0.208,0.095,"LOD",0.329,0.322,"REG",0.167,0.302,"REG",0.136,1.304,"REG",0.335,0.97,"REG",0.379,2.783,"REG",0.948,3.569,"ULOD",1.375,6.594,"ULOD",3.797,0.187,"ULOD",0.492,1.847,"REG",0.704,0.204,"REG",0.088,0.083,"REG",0.04,0.009,"ND",0.016,0.007,"ND",0.011,0.022,"REG",0.008,0.054,"LOD",0.072,0.85,"REG",0.32,0.085,"REG",0.034,0.058,"REG",0.018,0.337,"REG",0.083,0.23538827295624132,0.25475000000000003,6.558,"REG",11.274,"REG",NA
"2","Essington & Mingo","stationary","39.90131732, -75.2250262",39.90131732,-75.2250262,"#F781BF","Industrial","Industrial","High","Auto body shop, junkyard","HighT/I","P733849","P733849 031624 031324 Essington SS","P733849 031624 031324 Essington SS.D","2024-03-16","2024-03-13","sample","2024-03-06","2024-03-13",10003,2,"112024",1,4.201,"REG",1.587,1.357,"REG",0.511,0.581,"REG",0.213,0.817,"REG",0.29,3.232,"REG",1.282,0.131,"LOD",0.096,0.083,"LOD",0.085,0.116,"LOD",0.097,0.31,"REG",0.12,0.111,"LOD",0.08,0.325,"REG",0.13,0.148,"LOD",0.155,0.989,"REG",0.4,1.777,"REG",0.484,0.051,"ND",0.085,0.19,"REG",0.098,0.188,"LOD",0.188,0.121,"LOD",0.216,0.16,"LOD",0.335,0.396,"REG",0.186,0.298,"REG",0.136,1.005,"REG",0.264,0.706,"REG",0.304,2.24,"REG",0.77,2.922,"REG",1.075,8.011,"REG",2.936,0.402,"ULOD",0.442,1.508,"REG",0.583,0.246,"REG",0.102,0.123,"REG",0.051,0.009,"ND",0.016,0.007,"ND",0.011,0.045,"REG",0.015,0.055,"LOD",0.073,1.901,"REG",0.693,0.178,"REG",0.068,0.18,"REG",0.035,0.635,"REG",0.156,0.2380238309459543,0.47475,5.018,"REG",10.187999999999999,"REG",NA
"2","Essington & Mingo","stationary","39.90131732, -75.2250262",39.90131732,-75.2250262,"#F781BF","Industrial","Industrial","High","Auto body shop, junkyard","HighT/I","P726643","P726643 040324 032024 Essington SS RR","P726643 040324 032024 Essington SS RR.D","2024-04-03","2024-03-20","sample","2024-03-13","2024-03-20",10379,2,"122024",1,3.183,"REG",1.202,1.077,"REG",0.406,0.434,"REG",0.159,0.612,"REG",0.223,2.512,"REG",0.996,0.108,"LOD",0.09,0.038,"ND",0.064,0.079,"LOD",0.09,0.232,"REG",0.112,0.089,"LOD",0.075,0.234,"REG",0.099,0.115,"LOD",0.146,0.623,"REG",0.252,0.739,"REG",0.202,0.765,"REG",0.391,0.371,"REG",0.164,0.263,"LOD",0.196,0.153,"LOD",0.213,0.36,"LOD",0.333,0.218,"LOD",0.144,0.3,"REG",0.134,0.442,"REG",0.137,0.363,"REG",0.215,1.051,"REG",0.39,1.737,"REG",0.646,4.81,"REG",1.775,0.593,"ULOD",0.231,0.965,"REG",0.392,0.123,"REG",0.063,0.026,"LOD",0.028,0.009,"ND",0.015,0.007,"ND",0.011,0.05,"REG",0.017,0.117,"LOD",0.076,2.267,"REG",0.825,0.127,"REG",0.049,0.115,"REG",0.025,1.488,"REG",0.365,0.22940094237907127,1.15475,3.795,"REG",7.818,"REG",NA
"2","Essington & Mingo","stationary","39.90131732, -75.2250262",39.90131732,-75.2250262,"#F781BF","Industrial","Industrial","High","Auto body shop, junkyard","HighT/I","P733857","P733857 041224 041024 Essington SS","P733857 041224 041024 Essington SS.D","2024-04-12","2024-04-10","sample","2024-04-03","2024-04-10",10034,2,"152024",1,2.595,"REG",0.98,1.224,"REG",0.461,0.338,"REG",0.124,0.518,"REG",0.195,1.56,"REG",0.619,0.112,"LOD",0.093,0.083,"LOD",0.085,0.085,"LOD",0.093,0.103,"LOD",0.109,0.111,"LOD",0.08,0.286,"REG",0.117,0.119,"LOD",0.151,0.494,"REG",0.2,0.641,"REG",0.175,0.243,"REG",0.157,0.208,"REG",0.104,0.24,"LOD",0.197,0.187,"LOD",0.225,0.265,"LOD",0.338,0.198,"LOD",0.144,0.163,"LOD",0.107,0.432,"REG",0.136,0.493,"REG",0.248,1.046,"REG",0.391,1.328,"REG",0.501,3.663,"REG",1.364,0.551,"REG",0.206,0.927,"REG",0.381,0.172,"REG",0.078,0.038,"LOD",0.031,0.009,"ND",0.016,0.007,"ND",0.011,0.037,"REG",0.013,0.075,"LOD",0.074,1.263,"REG",0.466,0.136,"REG",0.053,0.12,"REG",0.026,0.32,"REG",0.079,0.23728845734028114,0.24,3.1130000000000004,"REG",6.235,"REG",NA
"2","Essington & Mingo","stationary","39.90131732, -75.2250262",39.90131732,-75.2250262,"#F781BF","Industrial","Industrial","High","Auto body shop, junkyard","HighT/I","P733881","P733881 042624 041724 Essington SS","P733881 042624 041724 Essington SS.D","2024-04-26","2024-04-17","sample","2024-04-10","2024-04-17",10179,2,"162024",1,2.283,"REG",0.863,0.716,"REG",0.271,0.29,"REG",0.107,0.443,"REG",0.172,1.333,"REG",0.529,0.091,"LOD",0.09,0.066,"LOD",0.082,0.067,"LOD",0.09,0.17,"LOD",0.11,0.073,"LOD",0.076,0.241,"REG",0.102,0.088,"LOD",0.146,0.435,"REG",0.177,0.516,"REG",0.141,0.043,"REG",0.103,0.129,"REG",0.078,0.181,"LOD",0.184,0.111,"LOD",0.211,0.178,"LOD",0.33,0.195,"LOD",0.142,0.214,"REG",0.115,0.399,"REG",0.13,0.324,"LOD",0.21,0.933,"REG",0.356,1.31,"REG",0.494,3.282,"REG",1.227,0.379,"REG",0.142,0.955,"REG",0.39,0.092,"REG",0.056,0.019,"LOD",0.028,0.009,"ND",0.016,0.007,"ND",0.011,0.044,"REG",0.015,0.041,"LOD",0.072,2.045,"REG",0.745,0.134,"REG",0.052,0.119,"REG",0.026,0.657,"REG",0.161,0.23390827988529136,0.5,2.726,"REG",5.0649999999999995,"REG",NA
"2","Essington & Mingo","stationary","39.90131732, -75.2250262",39.90131732,-75.2250262,"#F781BF","Industrial","Industrial","High","Auto body shop, junkyard","HighT/I","P726670","P726670 042724 042424 Essington SS","P726670 042724 042424 Essington SS.D","2024-04-27","2024-04-24","sample","2024-04-17","2024-04-24",9785,2,"172024",1,2.09,"REG",0.79,0.765,"REG",0.289,0.28,"REG",0.103,0.438,"REG",0.172,1.272,"REG",0.505,0.095,"LOD",0.094,0.041,"ND",0.069,0.069,"LOD",0.094,0.176,"LOD",0.115,0.076,"LOD",0.079,0.251,"REG",0.106,0.091,"LOD",0.151,0.425,"REG",0.173,0.537,"REG",0.147,0.478,"REG",0.259,0.234,"REG",0.114,0.218,"LOD",0.196,0.116,"LOD",0.22,0.229,"LOD",0.345,0.174,"LOD",0.143,0.209,"REG",0.117,0.359,"REG",0.124,0.337,"LOD",0.219,0.817,"REG",0.326,1.252,"REG",0.475,3.345,"REG",1.252,0.56,"REG",0.209,0.777,"REG",0.334,0.096,"REG",0.059,0.014,"ND",0.024,0.01,"ND",0.016,0.007,"ND",0.011,0.031,"REG",0.011,0.043,"LOD",0.074,2.128,"REG",0.775,0.14,"REG",0.054,0.062,"REG",0.019,0.957,"REG",0.235,0.24332676351071855,0.7,2.528,"REG",4.845,"REG",NA
"2","Essington & Mingo","stationary","39.90131732, -75.2250262",39.90131732,-75.2250262,"#F781BF","Industrial","Industrial","High","Auto body shop, junkyard","HighT/I","P733866","P733866 051124 050124 Essington SS","P733866 051124 050124 Essington SS.D","2024-05-11","2024-05-01","sample","2024-04-24","2024-05-01",10210,2,"182024",1,3.755,"REG",1.418,0.9,"REG",0.34,0.481,"REG",0.176,0.749,"REG",0.268,2.053,"REG",0.814,0.165,"LOD",0.1,0.115,"LOD",0.087,0.116,"LOD",0.095,0.287,"REG",0.117,0.164,"REG",0.085,0.397,"REG",0.154,0.146,"LOD",0.152,0.979,"REG",0.396,1.026,"REG",0.28,1.85,"REG",0.921,1.12,"REG",0.471,0.52,"REG",0.265,0.405,"REG",0.274,0.647,"REG",0.365,0.278,"REG",0.157,0.361,"REG",0.151,0.642,"REG",0.18,0.592,"REG",0.271,1.42,"REG",0.505,1.027,"REG",0.395,6.839,"REG",2.51,0.62,"ULOD",0.286,1.408,"REG",0.546,0.124,"REG",0.064,0.036,"LOD",0.03,0.009,"ND",0.016,0.007,"ND",0.011,0.059,"REG",0.02,0.052,"LOD",0.072,2.039,"REG",0.743,0.125,"REG",0.049,0.089,"REG",0.022,0.233,"REG",0.057,0.2331980784478336,0.178,4.504,"REG",7.938,"REG",NA
"2","Essington & Mingo","stationary","39.90131732, -75.2250262",39.90131732,-75.2250262,"#F781BF","Industrial","Industrial","High","Auto body shop, junkyard","HighT/I","P726620","P726620 051224 050824 Essington SS","P726620 051224 050824 Essington SS.D","2024-05-12","2024-05-08","sample","2024-05-01","2024-05-08",10243,2,"192024",1,3.137,"REG",1.185,0.936,"REG",0.353,0.416,"REG",0.152,0.658,"REG",0.238,1.796,"REG",0.712,0.146,"LOD",0.096,0.082,"LOD",0.083,0.099,"LOD",0.093,0.236,"REG",0.113,0.127,"LOD",0.08,0.316,"REG",0.126,0.117,"LOD",0.147,0.614,"REG",0.249,0.679,"REG",0.185,0.819,"REG",0.418,0.413,"REG",0.181,0.379,"REG",0.225,0.221,"LOD",0.227,0.52,"LOD",0.35,0.221,"LOD",0.146,0.279,"REG",0.13,0.453,"REG",0.14,0.429,"REG",0.231,1.025,"REG",0.382,0.777,"REG",0.309,5.047,"REG",1.861,0.449,"REG",0.168,0.949,"REG",0.387,0.162,"REG",0.075,0.036,"LOD",0.03,0.009,"ND",0.016,0.007,"ND",0.011,0.066,"REG",0.022,0.085,"REG",0.073,2.033,"REG",0.74,0.124,"REG",0.049,0.176,"REG",0.035,0.258,"REG",0.064,0.23244678130941923,0.198,3.795,"REG",6.9430000000000005,"REG",NA
"2","Essington & Mingo","stationary","39.90131732, -75.2250262",39.90131732,-75.2250262,"#F781BF","Industrial","Industrial","High","Auto body shop, junkyard","HighT/I","P726665","P726665 052324 051524 Essington SS","P726665 052324 051524 Essington SS.D","2024-05-23","2024-05-15","sample","2024-05-08","2024-05-15",10151,2,"202024",1,2.189,"REG",0.827,1.672,"REG",0.63,0.27,"REG",0.099,0.394,"REG",0.158,1.48,"REG",0.587,0.074,"LOD",0.088,0.04,"ND",0.066,0.05,"LOD",0.089,0.136,"LOD",0.109,0.073,"LOD",0.076,0.198,"REG",0.088,0.088,"LOD",0.146,0.359,"REG",0.146,0.431,"REG",0.118,0.015,"REG",0.101,0.09,"REG",0.068,0.132,"LOD",0.178,0.111,"LOD",0.212,0.231,"LOD",0.332,0.167,"LOD",0.138,0.121,"LOD",0.099,0.404,"REG",0.13,0.271,"LOD",0.202,0.936,"REG",0.357,1.353,"REG",0.51,3.638,"REG",1.354,0.413,"ULOD",0.158,0.75,"REG",0.322,0.047,"REG",0.048,0.017,"LOD",0.028,0.045,"REG",0.026,0.007,"ND",0.011,0.002,"ND",0.003,0.02,"LOD",0.071,2.318,"REG",0.843,0.126,"REG",0.049,0.119,"REG",0.026,0.92,"REG",0.226,0.23455348053909772,0.698,2.583,"REG",6.005000000000001,"REG",NA
"2","Essington & Mingo","stationary","39.90131732, -75.2250262",39.90131732,-75.2250262,"#F781BF","Industrial","Industrial","High","Auto body shop, junkyard","HighT/I","P733843","P733843 052424 052224 Essington SS","P733843 052424 052224 Essington SS.D","2024-05-24","2024-05-22","sample","2024-05-15","2024-05-22",9850,2,"212024",1,3.137,"REG",1.185,0.791,"REG",0.299,0.388,"REG",0.142,0.591,"REG",0.219,1.639,"REG",0.65,0.114,"LOD",0.095,0.068,"LOD",0.085,0.103,"LOD",0.097,0.228,"REG",0.117,0.113,"LOD",0.081,0.245,"REG",0.104,0.121,"LOD",0.153,0.612,"REG",0.248,0.706,"REG",0.193,0.599,"REG",0.314,0.33,"REG",0.15,0.308,"REG",0.213,0.229,"LOD",0.236,0.455,"LOD",0.357,0.287,"REG",0.163,0.194,"REG",0.114,0.527,"REG",0.157,0.391,"REG",0.228,1.218,"REG",0.444,1.872,"REG",0.695,5.044,"REG",1.861,0.426,"ULOD",0.2,1.245,"REG",0.491,0.128,"REG",0.066,0.037,"LOD",0.031,0.084,"REG",0.037,0.007,"ND",0.011,0.002,"ND",0.003,0.258,"REG",0.099,2.206,"REG",0.803,0.13,"REG",0.051,0.122,"REG",0.026,0.73,"REG",0.179,0.24172105390379503,0.538,3.7279999999999998,"REG",6.546,"REG",NA
"2","Essington & Mingo","stationary","39.90131732, -75.2250262",39.90131732,-75.2250262,"#F781BF","Industrial","Industrial","High","Auto body shop, junkyard","HighT/I","P733889","P733889 060624 052924 Essington SS","P733889 060624 052924 Essington SS.D","2024-06-06","2024-05-29","sample","2024-05-22","2024-05-29",10291,2,"222024",1,2.141,"REG",0.809,0.669,"REG",0.253,0.292,"REG",0.108,0.44,"REG",0.171,1.674,"REG",0.664,0.09,"LOD",0.089,0.039,"ND",0.065,0.066,"LOD",0.089,0.151,"LOD",0.108,0.071,"LOD",0.075,0.153,"REG",0.075,0.087,"LOD",0.144,0.479,"REG",0.194,0.436,"REG",0.12,0.39,"REG",0.217,0.254,"REG",0.12,0.191,"LOD",0.184,0.183,"LOD",0.219,0.315,"LOD",0.333,0.11,"LOD",0.129,0.186,"REG",0.109,0.345,"REG",0.119,0.267,"LOD",0.199,0.777,"REG",0.31,1.087,"REG",0.415,2.936,"REG",1.104,0.241,"REG",0.09,0.698,"REG",0.304,0.296,"REG",0.118,0.037,"LOD",0.03,0.07,"REG",0.033,0.007,"ND",0.011,0.002,"ND",0.003,0.075,"LOD",0.073,1.056,"REG",0.392,0.133,"REG",0.052,0.088,"REG",0.022,0.312,"REG",0.077,0.2313625868188107,0.24,2.581,"REG",5.216,"REG",NA
"2","Essington & Mingo","stationary","39.90131732, -75.2250262",39.90131732,-75.2250262,"#F781BF","Industrial","Industrial","High","Auto body shop, junkyard","HighT/I","P726609","P726609 060724 060524 Essington SS","P726609 060724 060524 Essington SS.D","2024-06-07","2024-06-05","sample","2024-05-29","2024-06-05",10073,2,"232024",1,2.28,"REG",0.861,0.624,"REG",0.237,0.298,"REG",0.11,0.472,"REG",0.181,1.297,"REG",0.514,0.11,"LOD",0.093,0.05,"LOD",0.081,0.084,"LOD",0.093,0.188,"LOD",0.112,0.073,"LOD",0.076,0.238,"REG",0.101,0.089,"LOD",0.147,0.805,"REG",0.325,0.399,"REG",0.11,0.1,"REG",0.113,0.104,"REG",0.072,0.14,"LOD",0.18,0.112,"LOD",0.214,0.237,"LOD",0.336,0.169,"LOD",0.139,0.23,"REG",0.119,1.004,"REG",0.263,0.273,"LOD",0.203,2.233,"REG",0.768,1.003,"REG",0.387,2.799,"REG",1.057,0.322,"REG",0.12,0.839,"REG",0.351,0.145,"REG",0.07,0.019,"LOD",0.028,0.081,"REG",0.036,0.007,"ND",0.011,0.043,"REG",0.015,0.143,"REG",0.081,0.988,"REG",0.369,0.136,"REG",0.053,0.09,"REG",0.022,0.266,"REG",0.066,0.2363697390005342,0.2,2.752,"REG",4.971,"REG",NA
"2","Essington & Mingo","stationary","39.90131732, -75.2250262",39.90131732,-75.2250262,"#F781BF","Industrial","Industrial","High","Auto body shop, junkyard","HighT/I","P726648","P726648 062124 061224 Essington SS","P726648 062124 061224 Essington SS.D","2024-06-21","2024-06-12","sample","2024-06-05","2024-06-12",9900,2,"242024",1,3.04,"REG",1.148,0.595,"REG",0.226,0.413,"REG",0.152,0.596,"REG",0.22,1.611,"REG",0.639,0.093,"LOD",0.092,0.051,"LOD",0.083,0.068,"LOD",0.093,0.209,"LOD",0.115,0.093,"LOD",0.079,0.242,"REG",0.103,0.09,"LOD",0.15,0.498,"REG",0.202,0.453,"REG",0.124,0.43,"REG",0.237,0.264,"REG",0.124,0.199,"LOD",0.191,0.114,"LOD",0.217,0.327,"LOD",0.346,0.2,"LOD",0.146,0.152,"LOD",0.105,0.441,"REG",0.139,0.278,"LOD",0.207,1.01,"REG",0.381,0.802,"REG",0.319,2.374,"REG",0.909,0.197,"REG",0.073,0.598,"REG",0.277,0.108,"REG",0.061,0.02,"LOD",0.029,0.073,"REG",0.034,0.007,"ND",0.011,0.059,"REG",0.02,0.044,"LOD",0.073,1.371,"REG",0.505,0.138,"REG",0.054,0.152,"REG",0.031,0.27,"REG",0.067,0.2405002405002405,0.2,3.636,"REG",6.255,"REG",NA
"2","Essington & Mingo","stationary","39.90131732, -75.2250262",39.90131732,-75.2250262,"#F781BF","Industrial","Industrial","High","Auto body shop, junkyard","HighT/I","P726665","P726665 062124 061924 Essington SS","P726665 062124 061924 Essington SS.D","2024-06-21","2024-06-19","sample","2024-06-12","2024-06-19",10120,2,"252024",1,1.687,"REG",0.637,0.444,"REG",0.17,0.233,"REG",0.086,0.38,"REG",0.154,1.005,"REG",0.399,0.091,"LOD",0.09,0.04,"ND",0.066,0.067,"LOD",0.091,0.153,"LOD",0.11,0.072,"LOD",0.076,0.196,"REG",0.088,0.059,"LOD",0.145,0.357,"REG",0.145,0.304,"REG",0.084,0.174,"REG",0.133,0.162,"REG",0.088,0.139,"LOD",0.179,0.111,"LOD",0.212,0.236,"LOD",0.334,0.14,"LOD",0.135,0.094,"LOD",0.096,0.243,"REG",0.103,0.217,"LOD",0.194,0.543,"REG",0.25,0.462,"REG",0.209,1.327,"REG",0.554,0.112,"REG",0.042,0.459,"REG",0.236,0.066,"REG",0.051,0.014,"ND",0.023,0.153,"REG",0.062,0.007,"ND",0.011,0.002,"ND",0.003,0.01,"LOD",0.071,1.163,"REG",0.43,0.09,"REG",0.036,0.06,"REG",0.018,0.211,"REG",0.052,0.2352719744024092,0.16,2.067,"REG",3.7489999999999997,"REG",NA
"2","Essington & Mingo","stationary","39.90131732, -75.2250262",39.90131732,-75.2250262,"#F781BF","Industrial","Industrial","High","Auto body shop, junkyard","HighT/I","P733843","P733843 062724 061924 Essington SS","P733843 062724 061924 Essington SS.D","2024-06-27","2024-06-19","sample","2024-06-19","2024-06-26",10062,2,"262024",1,1.451,"REG",0.548,0.407,"REG",0.156,0.212,"REG",0.079,0.314,"REG",0.136,0.9,"REG",0.357,0.073,"LOD",0.089,0.04,"ND",0.066,0.067,"LOD",0.091,0.086,"LOD",0.108,0.055,"LOD",0.075,0.116,"REG",0.066,0.059,"LOD",0.146,0.332,"REG",0.135,0.306,"REG",0.085,0.373,"REG",0.211,0.182,"REG",0.095,0.196,"LOD",0.189,0.112,"LOD",0.214,0.237,"LOD",0.336,0.113,"LOD",0.132,0.081,"LOD",0.095,0.217,"REG",0.1,0.164,"LOD",0.189,0.497,"REG",0.239,0.465,"REG",0.21,1.334,"REG",0.557,0.106,"REG",0.04,0.378,"REG",0.216,0.067,"REG",0.052,0.014,"ND",0.023,0.199,"REG",0.079,0.007,"ND",0.011,0.002,"ND",0.003,0.01,"LOD",0.072,1.17,"REG",0.432,0.091,"REG",0.036,0.06,"REG",0.018,0.346,"REG",0.085,0.2366281436048878,0.26,1.7650000000000001,"REG",3.284,"REG",NA
"3","61st & Passyunk","stationary","39.91820446, -75.2085474",39.91820446,-75.2085474,"#00A0B0","Industrial","Industrial","High","Auto body shop, junkyard, gas station","HighT/I","P733880","P733880 071323 070523 61st & Passyunk 1WK SS","P733880 071323 070523 61st _ Passyunk 1WK SS.D","2023-07-13","2023-07-05","sample","2023-06-28","2023-07-05",10010,2,"272023",1,2.508,"REG",0.947,1.107,"REG",0.418,0.477,"REG",0.175,0.73,"REG",0.262,1.74,"REG",0.69,0.168,"LOD",0.102,0.134,"LOD",0.091,0.136,"LOD",0.1,0.362,"REG",0.125,0.13,"LOD",0.082,0.368,"REG",0.145,0.178,"LOD",0.159,0.631,"REG",0.255,0.786,"REG",0.215,0.016,"REG",0.103,0.216,"REG",0.107,0.291,"REG",0.207,0.164,"LOD",0.222,0.463,"LOD",0.352,0.424,"REG",0.193,0.3,"REG",0.136,0.546,"REG",0.16,0.542,"REG",0.26,1.198,"REG",0.437,1.3,"REG",0.491,3.706,"REG",1.379,0.204,"REG",0.076,1.098,"REG",0.439,0.198,"REG",0.086,0.017,"LOD",0.028,0.157,"REG",0.063,0.062,"REG",0.024,0.002,"ND",0.003,0.067,"LOD",0.074,1.176,"REG",0.435,0.091,"REG",0.037,0.09,"REG",0.022,0.24,"REG",0.06,0.2378573807145236,0.18,3.238,"REG",6.561999999999999,"REG",NA
"3","61st & Passyunk","stationary","39.91820446, -75.2085474",39.91820446,-75.2085474,"#00A0B0","Industrial","Industrial","High","Auto body shop, junkyard, gas station","HighT/I","P637226","P637226 072723 071923 61st & Passyunk 1WK DS","P637226 072723 071923 61st _ Passyunk 1WK DS.D","2023-07-27","2023-07-19","sample","2023-07-12","2023-07-19",10095,14.3,"292023",1,3.701,"REG",1.398,1.184,"REG",0.446,0.615,"REG",0.225,1.132,"LOD",0.393,2.575,"REG",1.021,0.264,"LOD",0.12,0.04,"ND",0.066,0.24,"LOD",0.119,0.611,"LOD",0.151,0.131,"LOD",0.082,0.58,"LOD",0.219,0.211,"LOD",0.164,1.229,"REG",0.497,1.463,"REG",0.399,0.434,"LOD",0.237,0.48,"LOD",0.208,0.67,"LOD",0.313,0.702,"LOD",0.378,0.165,"ND",0.274,0.602,"LOD",0.242,0.676,"LOD",0.245,0.968,"LOD",0.254,1.161,"LOD",0.439,2.124,"LOD",0.732,3.585,"REG",1.316,9.46,"REG",3.463,1.031,"REG",0.385,2.395,"REG",0.903,0.202,"LOD",0.087,0.014,"ND",0.023,0.317,"REG",0.123,0.007,"ND",0.011,0.002,"ND",0.003,0.035,"ND",0.06,3.205,"REG",1.163,0.323,"REG",0.123,0.214,"REG",0.041,0.947,"REG",0.233,0.2358546192127173,0.7150000000000001,4.833,"REG",9.207,"REG",NA
"3","61st & Passyunk","stationary","39.91820446, -75.2085474",39.91820446,-75.2085474,"#00A0B0","Industrial","Industrial","High","Auto body shop, junkyard, gas station","HighT/I","P726610","P726610 072823 072623 61st & Passyunk 1WK DS","P726610 072823 072623 61st _ Passyunk 1WK DS.D","2023-07-28","2023-07-26","sample","2023-07-19","2023-07-26",9923,14.3,"302023",1,10.017,"REG",3.783,1.636,"REG",0.616,1.564,"REG",0.572,2.962,"REG",1.008,5.739,"REG",2.276,0.672,"LOD",0.231,0.041,"ND",0.068,0.489,"LOD",0.187,1.491,"LOD",0.283,0.535,"LOD",0.163,1.476,"REG",0.543,0.644,"LOD",0.282,2.012,"REG",0.814,2.166,"REG",0.59,0.621,"LOD",0.324,0.769,"REG",0.326,0.887,"LOD",0.388,0.443,"LOD",0.291,1.18,"LOD",0.45,1.224,"LOD",0.438,0.983,"LOD",0.344,1.772,"REG",0.448,1.973,"LOD",0.705,3.961,"REG",1.339,5.47,"REG",2.003,15.43,"REG",5.637,1.418,"REG",0.529,3.655,"REG",1.365,0.491,"LOD",0.187,0.117,"LOD",0.049,0.256,"LOD",0.1,0.007,"ND",0.011,0.108,"REG",0.036,0.241,"LOD",0.096,3.261,"REG",1.183,0.329,"REG",0.125,0.217,"REG",0.041,1.157,"REG",0.284,0.23994279763704335,0.858,12.979,"REG",21.918,"REG",NA
"3","61st & Passyunk","stationary","39.91820446, -75.2085474",39.91820446,-75.2085474,"#00A0B0","Industrial","Industrial","High","Auto body shop, junkyard, gas station","HighT/I","P726663","P726663 081023 080223 61st & Passyunk 1WK SS","P726663 081023 080223 61st & Passyunk 1WK SS.D","2023-08-10","2023-08-02","sample","2023-07-26","2023-08-02",10105,2,"312023",1,4.38,"REG",1.654,0.899,"REG",0.34,0.752,"REG",0.275,1.22,"REG",0.423,2.745,"REG",1.089,0.259,"REG",0.119,0.215,"REG",0.105,0.201,"REG",0.111,0.054,"ND",0.089,0.584,"REG",0.174,0.52,"REG",0.197,0.265,"LOD",0.174,0.951,"REG",0.384,1.279,"REG",0.349,0.429,"REG",0.235,0.386,"REG",0.171,0.375,"REG",0.225,0.304,"LOD",0.248,0.591,"REG",0.362,0.616,"REG",0.246,0.459,"REG",0.179,0.946,"REG",0.25,0.906,"REG",0.361,2.077,"REG",0.717,2.361,"REG",0.872,6.755,"REG",2.48,0.564,"REG",0.211,1.548,"REG",0.596,0.294,"REG",0.117,0.095,"REG",0.043,0.167,"REG",0.067,0.007,"ND",0.011,0.045,"REG",0.015,0.099,"LOD",0.076,1.254,"REG",0.462,0.135,"REG",0.053,0.09,"REG",0.022,0.371,"REG",0.091,0.23562121533422872,0.28,5.6,"REG",9.996,"REG",NA
"3","61st & Passyunk","stationary","39.91820446, -75.2085474",39.91820446,-75.2085474,"#00A0B0","Industrial","Industrial","High","Auto body shop, junkyard, gas station","HighT/I","P733841","P733841 081123 080923 61st & Passyunk 1WK SS","P733841 081123 080923 61st & Passyunk 1WK SS.D","2023-08-11","2023-08-09","sample","2023-08-02","2023-08-09",10048,2,"322023",1,2.74,"REG",1.035,0.765,"REG",0.289,0.497,"REG",0.182,0.75,"REG",0.268,1.772,"REG",0.702,0.167,"LOD",0.101,0.04,"ND",0.066,0.135,"LOD",0.099,0.358,"REG",0.124,0.126,"LOD",0.081,0.36,"REG",0.142,0.148,"LOD",0.154,0.588,"REG",0.238,0.725,"REG",0.198,0.356,"REG",0.204,0.272,"REG",0.127,0.292,"LOD",0.207,0.231,"LOD",0.233,0.424,"LOD",0.348,0.338,"REG",0.171,0.258,"REG",0.126,0.544,"REG",0.159,0.529,"REG",0.256,1.243,"REG",0.451,1.331,"REG",0.502,3.92,"REG",1.456,0.321,"REG",0.12,1.01,"REG",0.409,0.138,"REG",0.068,0.077,"REG",0.038,0.241,"REG",0.094,0.007,"ND",0.011,0.002,"ND",0.003,0.067,"LOD",0.073,1.441,"REG",0.529,0.136,"REG",0.053,0.09,"REG",0.022,0.612,"REG",0.151,0.2369578404610252,0.46,3.49,"REG",6.524,"REG",NA
"3","61st & Passyunk","stationary","39.91820446, -75.2085474",39.91820446,-75.2085474,"#00A0B0","Industrial","Industrial","High","Auto body shop, junkyard, gas station","HighT/I","P726642","P726642 082423 081623 61st & Passyunk SS","P726642 082423 081623 61st & Passyunk SS.D","2023-08-24","2023-08-16","sample","2023-08-09","2023-08-16",10196,1.3,"332023",1,3.096,"REG",1.17,0.688,"REG",0.261,0.595,"REG",0.218,0.873,"REG",0.308,1.998,"REG",0.793,0.226,"REG",0.112,0.04,"ND",0.066,0.173,"REG",0.105,0.481,"REG",0.135,0.163,"REG",0.085,0.438,"REG",0.168,0.247,"REG",0.169,0.783,"REG",0.317,0.846,"REG",0.231,1.038,"REG",0.523,0.557,"REG",0.239,0.569,"REG",0.28,0.532,"REG",0.316,0.868,"REG",0.394,0.379,"REG",0.18,0.252,"REG",0.124,0.627,"REG",0.177,0.613,"REG",0.276,1.37,"REG",0.489,1.36,"REG",0.512,3.702,"REG",1.377,0.26,"REG",0.097,1.213,"REG",0.478,0.194,"REG",0.084,0.049,"REG",0.032,0.141,"REG",0.057,0.093,"REG",0.032,0.002,"ND",0.003,0.085,"LOD",0.074,1.097,"REG",0.406,0.116,"REG",0.045,0.115,"REG",0.025,0.256,"REG",0.063,0.2335182798109436,0.195,3.9690000000000003,"REG",7.25,"REG","Summer"
"3","61st & Passyunk","stationary","39.91820446, -75.2085474",39.91820446,-75.2085474,"#00A0B0","Industrial","Industrial","High","Auto body shop, junkyard, gas station","HighT/I","P733897","P733897 082523 082323 61st & Passyunk SS","P733897 082523 082323 61st & Passyunk SS.D","2023-08-25","2023-08-23","sample","2023-08-16","2023-08-23",9986,2,"342023",1,3.75,"REG",1.416,0.97,"REG",0.366,0.717,"REG",0.263,1.029,"REG",0.359,2.457,"REG",0.974,0.262,"REG",0.12,0.218,"REG",0.106,0.221,"REG",0.116,0.584,"REG",0.149,0.183,"REG",0.089,0.526,"REG",0.2,0.268,"LOD",0.176,0.777,"REG",0.314,0.871,"REG",0.238,0.608,"REG",0.318,0.449,"REG",0.196,0.436,"REG",0.243,0.534,"REG",0.319,0.811,"REG",0.392,0.425,"REG",0.193,0.273,"REG",0.13,0.684,"REG",0.19,0.752,"REG",0.317,1.502,"REG",0.532,1.376,"REG",0.518,3.743,"REG",1.393,0.216,"REG",0.081,1.143,"REG",0.455,0.178,"REG",0.08,0.038,"LOD",0.031,0.087,"REG",0.038,0.007,"ND",0.011,0.002,"ND",0.003,0.1,"LOD",0.076,1.088,"REG",0.404,0.091,"REG",0.037,0.212,"REG",0.041,0.214,"REG",0.053,0.23842903874948737,0.16,4.779,"REG",8.922999999999998,"REG","Summer"
"3","61st & Passyunk","stationary","39.91820446, -75.2085474",39.91820446,-75.2085474,"#00A0B0","Industrial","Industrial","High","Auto body shop, junkyard, gas station","HighT/I","P733861","P733861 090723 083023 61st and Passyunk SS","P733861 090723 083023 61st and Passyunk SS.D","2023-09-07","2023-08-30","sample","2023-08-23","2023-08-30",10040,2,"352023",1,2.099,"REG",0.793,0.617,"REG",0.234,0.387,"REG",0.142,0.567,"REG",0.21,1.246,"REG",0.494,0.167,"LOD",0.101,0.133,"LOD",0.091,0.093,"LOD",0.094,0.292,"REG",0.119,0.129,"LOD",0.082,0.367,"REG",0.144,0.146,"LOD",0.154,0.557,"REG",0.226,0.61,"REG",0.167,0.051,"ND",0.085,0.121,"REG",0.076,0.316,"REG",0.212,0.35,"LOD",0.261,0.471,"LOD",0.352,0.31,"REG",0.165,0.226,"REG",0.119,0.544,"REG",0.159,0.598,"REG",0.274,1.344,"REG",0.482,1.218,"REG",0.462,3.344,"REG",1.25,0.232,"REG",0.087,1.432,"REG",0.555,0.095,"REG",0.057,0.03,"LOD",0.03,0.099,"REG",0.042,0.007,"ND",0.011,0.002,"ND",0.003,0.025,"LOD",0.072,1.172,"REG",0.433,0.091,"REG",0.036,0.06,"REG",0.018,0.347,"REG",0.085,0.23714665148928096,0.26,2.6660000000000004,"REG",4.916,"REG","Summer"
"3","61st & Passyunk","stationary","39.91820446, -75.2085474",39.91820446,-75.2085474,"#00A0B0","Industrial","Industrial","High","Auto body shop, junkyard, gas station","HighT/I","P726664","P726664 090823 090623 61st and Passyunk SS","P726664 090823 090623 61st and Passyunk SS.D","2023-09-08","2023-09-06","sample","2023-08-30","2023-09-06",10126,2,"362023",1,4.56,"REG",1.722,0.927,"REG",0.35,0.792,"REG",0.29,1.306,"REG",0.451,2.882,"REG",1.143,0.276,"REG",0.123,0.232,"REG",0.109,0.209,"REG",0.113,0.63,"REG",0.153,0.238,"REG",0.097,0.647,"REG",0.242,0.292,"REG",0.18,0.944,"REG",0.382,1.185,"REG",0.323,0.163,"REG",0.129,0.293,"REG",0.135,0.369,"REG",0.223,0.272,"LOD",0.24,0.509,"LOD",0.353,0.615,"REG",0.245,0.453,"REG",0.177,0.971,"REG",0.255,0.973,"REG",0.38,2.122,"REG",0.732,2.243,"REG",0.829,5.967,"REG",2.194,0.333,"REG",0.125,1.586,"REG",0.61,0.022,"ND",0.038,0.049,"REG",0.032,0.089,"REG",0.039,0.091,"REG",0.032,0.002,"ND",0.003,0.124,"LOD",0.078,1.162,"REG",0.43,0.09,"REG",0.036,0.09,"REG",0.022,0.211,"REG",0.052,0.23513256774169275,0.16,5.866,"REG",10.466999999999999,"REG","Summer"
"3","61st & Passyunk","stationary","39.91820446, -75.2085474",39.91820446,-75.2085474,"#00A0B0","Industrial","Industrial","High","Auto body shop, junkyard, gas station","HighT/I","P733877","P733877 092923 092723 61st and Passyunk SS","P733877 092923 092723 61st and Passyunk SS RENAME.D","2023-09-29","2023-09-27","sample","2023-09-20","2023-09-27",10024,2,"392023",1,5.039,"REG",1.903,0.936,"REG",0.353,0.691,"REG",0.253,1.092,"REG",0.38,2.432,"REG",0.964,0.186,"REG",0.105,0.15,"LOD",0.093,0.144,"LOD",0.101,0.482,"REG",0.137,0.185,"REG",0.089,0.531,"REG",0.201,0.205,"LOD",0.164,0.743,"REG",0.301,0.916,"REG",0.25,0.089,"REG",0.111,0.277,"REG",0.129,0.288,"REG",0.206,0.125,"LOD",0.216,0.344,"LOD",0.343,0.48,"REG",0.208,0.444,"REG",0.175,0.763,"REG",0.207,0.763,"REG",0.32,1.645,"REG",0.578,2.086,"REG",0.772,5.693,"REG",2.095,0.492,"REG",0.184,1.434,"REG",0.557,0.023,"ND",0.038,0.03,"LOD",0.03,0.035,"REG",0.023,0.007,"ND",0.011,0.002,"ND",0.003,0.091,"LOD",0.076,1.716,"REG",0.627,0.137,"REG",0.053,0.09,"REG",0.022,0.828,"REG",0.203,0.2375251776688329,0.62,6.131,"REG",10.19,"REG","Summer"
"3","61st & Passyunk","stationary","39.91820446, -75.2085474",39.91820446,-75.2085474,"#00A0B0","Industrial","Industrial","High","Auto body shop, junkyard, gas station","HighT/I","P733899","P733899 101223 100423 61st and Passyunk SS","P733899 101223 100423 61st and Passyunk SS.D","2023-10-12","2023-10-04","sample","2023-09-27","2023-10-04",10124,2,"402023",1,5.381,"REG",2.032,1.331,"REG",0.502,0.77,"REG",0.282,1.173,"REG",0.407,2.733,"REG",1.083,0.221,"REG",0.111,0.165,"REG",0.096,0.201,"REG",0.111,0.511,"REG",0.139,0.202,"REG",0.091,0.562,"REG",0.212,0.265,"LOD",0.174,0.922,"REG",0.373,1.369,"REG",0.373,0.195,"REG",0.14,0.31,"REG",0.141,0.39,"REG",0.229,0.234,"LOD",0.232,0.379,"LOD",0.342,0.559,"REG",0.229,0.391,"REG",0.16,0.861,"REG",0.229,0.869,"REG",0.349,1.925,"REG",0.668,2.357,"REG",0.87,6.433,"REG",2.363,0.58,"REG",0.217,1.583,"REG",0.609,0.254,"REG",0.104,0.014,"ND",0.023,0.009,"ND",0.016,0.007,"ND",0.011,0.002,"ND",0.003,0.126,"LOD",0.078,1.609,"REG",0.589,0.18,"REG",0.069,0.149,"REG",0.031,0.37,"REG",0.091,0.23517901826870613,0.28,6.554,"REG",11.388,"REG","Summer"
"3","61st & Passyunk","stationary","39.91820446, -75.2085474",39.91820446,-75.2085474,"#00A0B0","Industrial","Industrial","High","Auto body shop, junkyard, gas station","HighT/I","P726606","P726606 101323 101123 61st and Passyunk SS","P726606 101323 101123 61st and Passyunk SS.D","2023-10-13","2023-10-11","sample","2023-10-04","2023-10-11",9988,1.99,"412023",1,5.18,"REG",1.956,1.362,"REG",0.513,0.733,"REG",0.268,1.092,"REG",0.38,2.963,"REG",1.175,0.186,"REG",0.105,0.15,"LOD",0.094,0.169,"LOD",0.106,0.447,"REG",0.133,0.204,"REG",0.092,0.526,"REG",0.2,0.208,"LOD",0.164,1.246,"REG",0.504,2.06,"REG",0.561,0.244,"REG",0.158,0.389,"REG",0.172,0.336,"REG",0.218,0.199,"LOD",0.228,0.339,"LOD",0.344,0.762,"REG",0.29,0.557,"REG",0.209,1.113,"REG",0.289,0.986,"REG",0.385,2.44,"REG",0.836,3.385,"REG",1.243,9.564,"REG",3.501,0.63,"ULOD",0.546,2.312,"REG",0.873,0.023,"ND",0.038,0.111,"REG",0.047,0.061,"REG",0.03,0.007,"ND",0.011,0.002,"ND",0.003,0.126,"LOD",0.079,1.804,"REG",0.659,0.228,"REG",0.087,0.15,"REG",0.031,0.666,"REG",0.163,0.23838129565001812,0.4975,6.272,"REG",11.33,"REG","Summer"
"3","61st & Passyunk","stationary","39.91820446, -75.2085474",39.91820446,-75.2085474,"#00A0B0","Industrial","Industrial","High","Auto body shop, junkyard, gas station","HighT/I","P733871","P733871 102623 101823 61st & Passyunk SS RENAME","P733871 102623 101823 61st and Passyunk SS RENAME.D","2023-10-26","2023-10-18","sample","2023-10-11","2023-10-18",10052,2,"422023",1,11.093,"REG",4.189,1.619,"REG",0.61,1.618,"REG",0.591,2.431,"REG",0.829,4.97,"REG",1.971,0.352,"REG",0.142,0.04,"ND",0.066,0.321,"REG",0.14,0.961,"REG",0.2,0.424,"REG",0.136,1.055,"REG",0.39,0.415,"REG",0.212,1.665,"REG",0.673,3.086,"REG",0.84,0.246,"REG",0.159,0.448,"REG",0.195,0.421,"REG",0.238,0.199,"LOD",0.226,0.382,"LOD",0.345,1.127,"REG",0.406,0.936,"REG",0.329,1.873,"REG",0.473,1.422,"REG",0.522,3.978,"REG",1.345,6.977,"REG",2.553,13.358,"ULOD",7.415,0.417,"ULOD",1.136,2.94,"REG",1.102,0.453,"REG",0.173,0.264,"REG",0.095,0.043,"REG",0.025,0.007,"ND",0.011,0.052,"REG",0.018,0.226,"REG",0.093,2.071,"REG",0.754,0.182,"REG",0.07,0.18,"REG",0.035,0.719,"REG",0.176,0.23686354764747122,0.54,13.524000000000001,"REG",21.730999999999998,"REG","Summer"
"3","61st & Passyunk","stationary","39.91820446, -75.2085474",39.91820446,-75.2085474,"#00A0B0","Industrial","Industrial","High","Auto body shop, junkyard, gas station","HighT/I","P726614","P726614 102723 102523 61st and Passyunk SS","P726614 102723 102523 61st and Passyunk SS.D","2023-10-27","2023-10-25","sample","2023-10-18","2023-10-25",10088,2,"432023",1,8.657,"REG",3.269,1.376,"REG",0.518,1.289,"REG",0.472,1.811,"REG",0.62,4.078,"REG",1.617,0.277,"REG",0.123,0.216,"REG",0.105,0.235,"REG",0.118,0.718,"REG",0.165,0.331,"REG",0.116,0.848,"REG",0.315,0.325,"REG",0.188,1.633,"REG",0.66,2.516,"REG",0.685,0.245,"REG",0.158,0.446,"REG",0.194,0.447,"REG",0.245,0.385,"REG",0.27,0.507,"LOD",0.354,0.898,"REG",0.332,0.73,"REG",0.262,1.622,"REG",0.411,1.199,"REG",0.451,3.617,"REG",1.225,5.232,"REG",1.916,13.31,"ULOD",5.059,0.415,"ULOD",0.582,3.138,"REG",1.175,0.333,"REG",0.131,0.111,"REG",0.047,0.015,"LOD",0.02,0.007,"ND",0.011,0.002,"ND",0.003,0.159,"REG",0.082,1.974,"REG",0.72,0.181,"REG",0.07,0.119,"REG",0.026,0.716,"REG",0.176,0.23601827725539065,0.54,10.468,"REG",17.211,"REG","Summer"
"3","61st & Passyunk","stationary","39.91820446, -75.2085474",39.91820446,-75.2085474,"#00A0B0","Industrial","Industrial","High","Auto body shop, junkyard, gas station","HighT/I","P726606","P726606 110923 110123 61st and Passyunk SS","P726606 110923 110123 61st and Passyunk SS.D","2023-11-09","2023-11-01","sample","2023-10-25","2023-11-01",10317,2,"442023",1,8.191,"REG",3.093,1.5,"REG",0.565,1.216,"REG",0.445,1.748,"REG",0.599,5.097,"REG",2.021,0.307,"REG",0.129,0.243,"REG",0.11,0.263,"REG",0.123,0.769,"REG",0.171,0.306,"REG",0.11,0.79,"REG",0.294,0.376,"REG",0.199,1.979,"REG",0.8,2.89,"REG",0.787,1.341,"REG",0.671,1.01,"REG",0.425,0.592,"REG",0.286,0.376,"REG",0.264,0.665,"REG",0.364,0.823,"REG",0.308,0.555,"REG",0.207,1.642,"REG",0.416,1.646,"REG",0.594,3.536,"REG",1.197,4.415,"REG",1.618,12.429,"REG",4.544,0.404,"ULOD",0.469,2.704,"REG",1.015,0.472,"REG",0.18,0.16,"REG",0.062,0.035,"LOD",0.023,0.007,"ND",0.011,0.058,"REG",0.02,0.087,"LOD",0.073,1.755,"REG",0.64,0.172,"REG",0.066,0.205,"REG",0.039,0.7,"REG",0.172,0.23077952708659313,0.54,9.939,"REG",17.752000000000002,"REG","Summer"
"3","61st & Passyunk","stationary","39.91820446, -75.2085474",39.91820446,-75.2085474,"#00A0B0","Industrial","Industrial","High","Auto body shop, junkyard, gas station","HighT/I","P726650","P726650 111023 110823 61st and Passyunk SS","P726650 111023 110823 61st and Passyunk SS.D","2023-11-10","2023-11-08","sample","2023-11-01","2023-11-08",9899,2,"452023",1,11.699,"REG",4.418,1.987,"REG",0.748,1.75,"REG",0.64,2.514,"REG",0.857,6.09,"REG",2.414,0.434,"REG",0.163,0.041,"ND",0.068,0.394,"REG",0.16,1.133,"REG",0.227,0.468,"REG",0.147,1.155,"REG",0.426,0.512,"REG",0.241,2.463,"REG",0.996,3.487,"REG",0.95,0.868,"REG",0.442,0.934,"REG",0.394,0.76,"REG",0.344,0.354,"LOD",0.265,0.951,"REG",0.414,1.201,"REG",0.431,0.73,"REG",0.263,2.125,"REG",0.535,2.16,"REG",0.767,4.443,"REG",1.5,5.405,"REG",1.979,13.565,"ULOD",5.403,0.421,"ULOD",0.477,3.544,"REG",1.324,0.731,"REG",0.274,0.187,"REG",0.07,0.046,"REG",0.026,0.007,"ND",0.011,0.061,"REG",0.02,0.361,"REG",0.119,1.829,"REG",0.667,0.18,"REG",0.069,0.243,"REG",0.046,0.757,"REG",0.186,0.24052453590790798,0.56,14.213,"REG",24.04,"REG",NA
"3","61st & Passyunk","stationary","39.91820446, -75.2085474",39.91820446,-75.2085474,"#00A0B0","Industrial","Industrial","High","Auto body shop, junkyard, gas station","HighT/I","P733850","P733850 112423 111523 61st & Passyunk SS","P733850 112423 111523 61st & Passyunk SS.D","2023-11-24","2023-11-15","sample","2023-11-08","2023-11-15",10132,2,"462023",1,8.402,"REG",3.173,1.764,"REG",0.664,1.238,"REG",0.453,1.803,"REG",0.617,4.62,"REG",1.832,0.313,"REG",0.131,0.231,"REG",0.109,0.285,"REG",0.13,0.783,"REG",0.174,0.311,"REG",0.112,0.805,"REG",0.299,0.382,"REG",0.202,1.962,"REG",0.793,3.013,"REG",0.82,1.317,"REG",0.659,0.99,"REG",0.417,0.602,"REG",0.291,0.197,"LOD",0.224,0.593,"REG",0.361,0.978,"REG",0.357,0.646,"REG",0.236,1.888,"REG",0.476,1.676,"REG",0.605,4.045,"REG",1.367,4.995,"REG",1.829,13.65,"REG",4.989,0.622,"ULOD",0.557,3.213,"REG",1.202,0.48,"REG",0.183,0.163,"REG",0.063,0.036,"LOD",0.023,0.007,"ND",0.011,0.002,"ND",0.003,0.122,"LOD",0.078,1.608,"REG",0.588,0.176,"REG",0.067,0.208,"REG",0.04,0.977,"REG",0.24,0.23499332618953625,0.74,10.204999999999998,"REG",17.827,"REG",NA
"3","61st & Passyunk","stationary","39.91820446, -75.2085474",39.91820446,-75.2085474,"#00A0B0","Industrial","Industrial","High","Auto body shop, junkyard, gas station","HighT/I","P733867","P733867 112523 112223 61st & Passyunk SS","P733867 112523 112223 61st & Passyunk SS.D","2023-11-25","2023-11-22","sample","2023-11-15","2023-11-22",10146,2,"472023",1,9.796,"REG",3.699,1.939,"REG",0.73,1.429,"REG",0.523,2.116,"REG",0.722,5.42,"REG",2.149,0.368,"REG",0.145,0.281,"REG",0.12,0.318,"REG",0.138,0.901,"REG",0.19,0.366,"REG",0.123,0.965,"REG",0.357,0.44,"REG",0.218,2.221,"REG",0.898,3.263,"REG",0.889,0.798,"REG",0.407,0.854,"REG",0.361,0.63,"REG",0.3,0.271,"LOD",0.24,0.634,"REG",0.366,1.256,"REG",0.448,0.82,"REG",0.291,2.262,"REG",0.568,2.216,"REG",0.785,4.827,"REG",1.627,5.309,"REG",1.944,14.558,"REG",5.32,0.621,"ULOD",0.607,4,"REG",1.492,0.519,"REG",0.197,0.163,"REG",0.063,0.009,"ND",0.016,0.007,"ND",0.011,0.002,"ND",0.003,0.122,"LOD",0.078,1.517,"REG",0.556,0.22,"REG",0.084,0.237,"REG",0.045,0.923,"REG",0.226,0.23466906967794018,0.7,11.911999999999999,"REG",20.7,"REG",NA
"3","61st & Passyunk","stationary","39.91820446, -75.2085474",39.91820446,-75.2085474,"#00A0B0","Industrial","Industrial","High","Auto body shop, junkyard, gas station","HighT/I","P733892","P733892 120823 112923 61st & Passyunk SS","P733892 120823 112923 61st & Passyunk SS.D","2023-12-08","2023-11-29","sample","2023-11-22","2023-11-29",9986,2,"482023",1,8.512,"REG",3.215,1.749,"REG",0.659,1.168,"REG",0.427,1.8,"REG",0.617,4.546,"REG",1.803,0.28,"REG",0.124,0.184,"REG",0.1,0.237,"REG",0.12,0.743,"REG",0.169,0.297,"REG",0.109,0.78,"REG",0.29,0.328,"REG",0.19,1.785,"REG",0.722,2.704,"REG",0.736,0.728,"REG",0.375,0.616,"REG",0.264,0.358,"REG",0.223,0.151,"LOD",0.22,0.362,"LOD",0.345,0.879,"REG",0.327,0.601,"REG",0.223,1.669,"REG",0.423,1.376,"REG",0.508,3.453,"REG",1.17,4.453,"REG",1.632,13.433,"REG",4.91,0.635,"ULOD",0.493,2.286,"REG",0.863,0.372,"REG",0.145,0.145,"REG",0.057,0.009,"ND",0.016,0.007,"ND",0.011,0.002,"ND",0.003,0.087,"LOD",0.075,1.723,"REG",0.63,0.183,"REG",0.07,0.091,"REG",0.022,0.75,"REG",0.184,0.23842903874948737,0.56,10.312000000000001,"REG",17.775000000000002,"REG",NA
"3","61st & Passyunk","stationary","39.91820446, -75.2085474",39.91820446,-75.2085474,"#00A0B0","Industrial","Industrial","High","Auto body shop, junkyard, gas station","HighT/I","P726618","P726618 120923 120623 61st & Passyunk SS","P726618 120923 120623 61st & Passyunk SS.D","2023-12-09","2023-12-06","sample","2023-11-29","2023-12-06",10210,2,"492023",1,7.719,"REG",2.915,1.75,"REG",0.659,1.121,"REG",0.41,1.626,"REG",0.558,4.588,"REG",1.819,0.274,"REG",0.122,0.18,"REG",0.098,0.233,"REG",0.117,0.693,"REG",0.161,0.291,"REG",0.107,0.722,"REG",0.269,0.321,"REG",0.186,1.797,"REG",0.727,2.921,"REG",0.795,0.541,"REG",0.286,0.508,"REG",0.219,0.601,"REG",0.29,0.332,"LOD",0.254,0.689,"REG",0.37,0.666,"REG",0.26,0.548,"REG",0.205,1.632,"REG",0.414,1.4,"REG",0.514,3.475,"REG",1.177,4.461,"REG",1.635,13.138,"ULOD",4.85,0.621,"ULOD",0.575,2.484,"REG",0.935,0.442,"REG",0.169,0.141,"REG",0.056,0.027,"LOD",0.021,0.007,"ND",0.011,0.002,"ND",0.003,0.085,"LOD",0.074,1.596,"REG",0.584,0.179,"REG",0.069,0.148,"REG",0.03,0.446,"REG",0.11,0.2331980784478336,0.34,9.345,"REG",16.804000000000002,"REG",NA
"3","61st & Passyunk","stationary","39.91820446, -75.2085474",39.91820446,-75.2085474,"#00A0B0","Industrial","Industrial","High","Auto body shop, junkyard, gas station","HighT/I","P726664","P726664 122123 121323 61st & Passyunk SS","P726664 122123 121323 61st & Passyunk SS.D","2023-12-21","2023-12-13","sample","2023-12-06","2023-12-13",10181,2,"502023",1,10.998,"REG",4.153,1.932,"REG",0.727,1.571,"REG",0.575,2.326,"REG",0.794,5.593,"REG",2.218,0.458,"REG",0.169,0.329,"REG",0.132,0.366,"REG",0.151,0.965,"REG",0.2,0.438,"REG",0.139,1.086,"REG",0.401,0.468,"REG",0.226,2.244,"REG",0.907,3.46,"REG",0.942,1.008,"REG",0.509,0.758,"REG",0.321,0.965,"REG",0.414,0.518,"REG",0.311,0.984,"REG",0.412,1.196,"REG",0.428,1.125,"REG",0.39,2.549,"REG",0.638,1.944,"REG",0.693,5.302,"REG",1.786,7.102,"ULOD",2.727,13.176,"ULOD",7.388,0.413,"ULOD",1.088,4.816,"REG",1.793,0.482,"REG",0.184,0.255,"REG",0.092,0.036,"LOD",0.023,0.007,"ND",0.011,0.052,"REG",0.018,0.118,"LOD",0.077,2.311,"REG",0.841,0.224,"REG",0.086,0.178,"REG",0.035,1.393,"REG",0.342,0.23386232992362058,1.06,13.324,"REG",22.42,"REG","Winter"
"3","61st & Passyunk","stationary","39.91820446, -75.2085474",39.91820446,-75.2085474,"#00A0B0","Industrial","Industrial","High","Auto body shop, junkyard, gas station","HighT/I","P733889","P733889 122123 122023 61st & Passyunk SS","P733889 122123 122023 61st & Passyunk SS.D","2023-12-21","2023-12-20","sample","2023-12-13","2023-12-20",9869,2,"512023",1,8.99,"REG",3.395,1.851,"REG",0.697,1.269,"REG",0.464,1.89,"REG",0.647,4.893,"REG",1.94,0.34,"REG",0.14,0.254,"REG",0.115,0.292,"REG",0.133,0.839,"REG",0.183,0.338,"REG",0.118,0.872,"REG",0.323,0.392,"REG",0.207,1.832,"REG",0.741,3.212,"REG",0.874,0.863,"REG",0.44,0.623,"REG",0.266,0.708,"REG",0.328,0.382,"LOD",0.273,0.799,"REG",0.394,1.205,"REG",0.432,1.022,"REG",0.357,2.215,"REG",0.557,1.448,"REG",0.532,4.254,"REG",1.437,7.033,"REG",2.573,13.592,"ULOD",7.398,0.426,"ULOD",1.292,3.427,"REG",1.281,0.618,"REG",0.233,0.439,"REG",0.154,0.055,"REG",0.029,0.007,"ND",0.011,0.053,"REG",0.018,0.088,"LOD",0.076,2.293,"REG",0.834,0.185,"REG",0.071,0.214,"REG",0.041,2.738,"REG",0.672,0.24125568760283525,2.02,10.88,"REG",18.893,"REG","Winter"
"3","61st & Passyunk","stationary","39.91820446, -75.2085474",39.91820446,-75.2085474,"#00A0B0","Industrial","Industrial","High","Auto body shop, junkyard, gas station","HighT/I","P726609","P726609 011624 011024 61st & Passyunk SS","P726609 011624 011024 61st & Passyunk SS.D","2024-01-16","2024-01-10","sample","2024-01-03","2024-01-10",10082,2,"22024",1,9.975,"REG",3.767,2.505,"REG",0.943,1.679,"REG",0.614,2.109,"REG",0.72,6.195,"ULOD",2.507,0.37,"REG",0.146,0.266,"REG",0.116,0.303,"REG",0.135,0.835,"REG",0.181,0.366,"REG",0.123,0.971,"REG",0.359,0.414,"REG",0.211,2.255,"REG",0.912,3.429,"REG",0.934,0.998,"REG",0.504,0.871,"REG",0.368,0.619,"REG",0.297,0.277,"LOD",0.242,0.579,"REG",0.361,1.517,"REG",0.534,0.924,"REG",0.325,2.967,"REG",0.742,1.881,"REG",0.673,6.276,"REG",2.111,5.881,"REG",2.153,19.718,"ULOD",8.002,0.117,"ULOD",0.323,4.516,"REG",1.682,0.459,"REG",0.176,0.229,"REG",0.084,0.009,"ND",0.016,0.007,"ND",0.011,0.052,"REG",0.018,0.086,"LOD",0.075,1.706,"REG",0.623,0.158,"REG",0.061,0.14,"REG",0.029,0.634,"REG",0.156,0.23615873645629648,0.47800000000000004,12.084,"REG",22.463,"REG","Winter"
"3","61st & Passyunk","stationary","39.91820446, -75.2085474",39.91820446,-75.2085474,"#00A0B0","Industrial","Industrial","High","Auto body shop, junkyard, gas station","HighT/I","P733853","P733853 012524 011724 61st & Passyunk SS","P733853 012524 011724 61st & Passyunk SS.D","2024-01-25","2024-01-17","sample","2024-01-10","2024-01-17",10223,2,"32024",1,4.684,"REG",1.769,1.533,"REG",0.577,0.743,"REG",0.272,1.03,"REG",0.359,2.925,"REG",1.16,0.182,"REG",0.103,0.115,"LOD",0.087,0.166,"LOD",0.103,0.469,"REG",0.134,0.179,"REG",0.088,0.437,"REG",0.168,0.233,"LOD",0.166,1.164,"REG",0.471,2.14,"REG",0.583,0.545,"REG",0.287,0.44,"REG",0.192,0.278,"LOD",0.201,0.088,"LOD",0.208,0.238,"LOD",0.331,0.776,"REG",0.293,0.404,"REG",0.163,1.323,"REG",0.339,0.995,"REG",0.386,2.816,"REG",0.959,3.678,"REG",1.349,11.04,"REG",4.038,0.428,"ULOD",0.408,2.096,"REG",0.794,0.298,"REG",0.119,0.094,"REG",0.042,0.009,"ND",0.016,0.007,"ND",0.011,0.002,"ND",0.003,0.052,"LOD",0.072,2.302,"REG",0.837,0.156,"REG",0.061,0.079,"REG",0.02,1.62,"REG",0.397,0.23290153388950222,1.238,5.714,"REG",10.915000000000001,"REG","Winter"
"3","61st & Passyunk","stationary","39.91820446, -75.2085474",39.91820446,-75.2085474,"#00A0B0","Industrial","Industrial","High","Auto body shop, junkyard, gas station","HighT/I","P733880","P733880 012624 012424 61st & Passyunk SS","P733880 012624 012424 61st & Passyunk SS.D","2024-01-26","2024-01-24","sample","2024-01-17","2024-01-24",9801,2,"42024",1,5.644,"REG",2.132,2.068,"REG",0.778,0.93,"REG",0.34,1.237,"REG",0.429,3.346,"REG",1.327,0.266,"REG",0.122,0.051,"LOD",0.083,0.207,"REG",0.115,0.595,"REG",0.151,0.206,"REG",0.094,0.581,"REG",0.219,0.304,"REG",0.186,1.457,"REG",0.589,2.376,"REG",0.647,0.645,"REG",0.336,0.538,"REG",0.232,0.579,"REG",0.287,0.208,"LOD",0.233,0.552,"LOD",0.367,0.867,"REG",0.324,0.38,"REG",0.159,1.575,"REG",0.401,1.206,"REG",0.455,3.396,"REG",1.152,4.168,"REG",1.528,12.063,"REG",4.411,0.447,"ULOD",0.483,3.351,"REG",1.254,0.432,"REG",0.166,0.157,"REG",0.061,0.01,"ND",0.016,0.007,"ND",0.011,0.039,"REG",0.013,0.055,"LOD",0.075,2.125,"REG",0.774,0.163,"REG",0.063,0.083,"REG",0.021,1.635,"REG",0.401,0.2429295358588288,1.198,6.881,"REG",13.225,"REG","Winter"
"3","61st & Passyunk","stationary","39.91820446, -75.2085474",39.91820446,-75.2085474,"#00A0B0","Industrial","Industrial","High","Auto body shop, junkyard, gas station","HighT/I","P733893","P733893 020824 013124 61st & Passyunk SS","P733893 020824 013124 61st & Passyunk SS.D","2024-02-08","2024-01-31","sample","2024-01-24","2024-01-31",10102,2,"52024",1,8.641,"REG",3.264,1.887,"REG",0.71,1.284,"REG",0.47,1.849,"REG",0.633,4.749,"REG",1.883,0.388,"REG",0.15,0.04,"ND",0.066,0.369,"REG",0.152,0.956,"REG",0.199,0.404,"REG",0.131,0.892,"REG",0.331,0.472,"REG",0.228,1.811,"REG",0.732,3.527,"REG",0.96,0.397,"REG",0.221,0.586,"REG",0.251,0.709,"REG",0.326,0.293,"LOD",0.246,0.543,"REG",0.357,0.673,"REG",0.263,0.445,"REG",0.175,1.81,"REG",0.457,1.466,"REG",0.536,3.958,"REG",1.338,3.149,"REG",1.158,9.969,"REG",3.648,0.634,"ULOD",0.285,2.215,"REG",0.837,0.467,"REG",0.179,0.091,"REG",0.042,0.014,"LOD",0.02,0.007,"ND",0.011,0.002,"ND",0.003,0.087,"LOD",0.075,2.24,"REG",0.815,0.214,"REG",0.082,0.149,"REG",0.031,0.397,"REG",0.098,0.23569118797786387,0.3,10.49,"REG",18.41,"REG","Winter"
"3","61st & Passyunk","stationary","39.91820446, -75.2085474",39.91820446,-75.2085474,"#00A0B0","Industrial","Industrial","High","Auto body shop, junkyard, gas station","HighT/I","P726668","P726668 021524 020724 61st & Passyunk SS","P726668 021524 020724 61st & Passyunk SS.D","2024-02-15","2024-02-07","sample","2024-01-31","2024-02-07",10077,2,"62024",1,9.401,"REG",3.55,2.744,"REG",1.033,1.352,"REG",0.495,2.035,"REG",0.695,5.939,"REG",2.355,0.278,"REG",0.123,0.199,"REG",0.102,0.252,"REG",0.122,0.719,"REG",0.165,0.386,"REG",0.128,0.935,"REG",0.347,0.325,"REG",0.188,2.183,"REG",0.882,3.303,"REG",0.899,0.373,"REG",0.211,0.511,"REG",0.221,0.373,"REG",0.225,0.182,"LOD",0.223,0.503,"LOD",0.354,0.787,"REG",0.298,0.663,"REG",0.241,1.842,"REG",0.465,1.196,"REG",0.45,3.869,"REG",1.308,4.915,"REG",1.8,12.392,"REG",4.53,0.635,"ULOD",0.52,2.682,"REG",1.008,0.312,"REG",0.124,0.11,"REG",0.047,0.009,"ND",0.016,0.007,"ND",0.011,0.052,"REG",0.018,0.054,"LOD",0.073,2.695,"REG",0.979,0.215,"REG",0.083,0.269,"REG",0.05,1.434,"REG",0.352,0.23627591356081978,1.08,11.436,"REG",21.471,"REG","Winter"
"3","61st & Passyunk","stationary","39.91820446, -75.2085474",39.91820446,-75.2085474,"#00A0B0","Industrial","Industrial","High","Auto body shop, junkyard, gas station","HighT/I","P733845","P733845 021624 021424 61st and Passyunk SS","P733845 021624 021424 61st and Passyunk SS.D","2024-02-16","2024-02-14","sample","2024-02-07","2024-02-14",10039,2,"72024",1,11.566,"REG",4.368,4.962,"REG",1.867,1.746,"REG",0.639,2.475,"REG",0.844,7.495,"REG",2.972,0.409,"REG",0.156,0.317,"REG",0.13,0.354,"REG",0.148,0.996,"REG",0.205,0.499,"REG",0.153,1.469,"REG",0.541,0.564,"REG",0.256,3.297,"REG",1.333,5.164,"REG",1.406,0.674,"REG",0.348,0.726,"REG",0.308,0.827,"REG",0.367,0.483,"REG",0.302,1.141,"REG",0.441,1.325,"REG",0.471,1.06,"REG",0.369,2.692,"REG",0.674,2.406,"REG",0.849,6.024,"REG",2.027,7.202,"ULOD",2.977,13.375,"ULOD",7.059,0.638,"ULOD",0.925,7.829,"REG",2.907,0.589,"REG",0.222,0.168,"REG",0.064,0.009,"ND",0.016,0.007,"ND",0.011,0.067,"REG",0.023,0.054,"LOD",0.073,2.525,"REG",0.917,0.261,"REG",0.1,0.33,"REG",0.06,1.306,"REG",0.32,0.2371702740265346,0.98,14.041,"REG",28.244000000000003,"REG","Winter"
"3","61st & Passyunk","stationary","39.91820446, -75.2085474",39.91820446,-75.2085474,"#00A0B0","Industrial","Industrial","High","Auto body shop, junkyard, gas station","HighT/I","P726651","P726651 022924 022124 61st and Passyunk SS","P726651 022924 022124 61st and Passyunk SS.D","2024-02-29","2024-02-21","sample","2024-02-14","2024-02-21",10091,2,"82024",1,7.423,"REG",2.803,2.048,"REG",0.771,1.092,"REG",0.399,1.58,"REG",0.542,4.405,"REG",1.747,0.24,"REG",0.115,0.182,"REG",0.099,0.218,"REG",0.115,0.649,"REG",0.156,0.276,"REG",0.105,0.69,"REG",0.258,0.325,"REG",0.188,1.865,"REG",0.754,2.576,"REG",0.701,2.279,"REG",1.132,1.244,"REG",0.522,0.513,"REG",0.264,0.182,"LOD",0.223,0.502,"LOD",0.354,0.617,"REG",0.246,0.527,"REG",0.2,1.217,"REG",0.314,1.304,"REG",0.484,2.575,"REG",0.88,3.977,"REG",1.458,11.51,"REG",4.209,0.478,"REG",0.179,1.715,"REG",0.657,0.022,"ND",0.038,0.11,"REG",0.047,0.009,"ND",0.016,0.007,"ND",0.011,0.002,"ND",0.003,0.12,"REG",0.078,1.704,"REG",0.623,0.169,"REG",0.065,0.09,"REG",0.022,0.557,"REG",0.137,0.23594811029158466,0.42,9.003,"REG",16.548000000000002,"REG","Winter"
"3","61st & Passyunk","stationary","39.91820446, -75.2085474",39.91820446,-75.2085474,"#00A0B0","Industrial","Industrial","High","Auto body shop, junkyard, gas station","HighT/I","P733883","P733883 030124 022824 61st and Passyunk SS","P733883 030124 022824 61st and Passyunk SS.D","2024-03-01","2024-02-28","sample","2024-02-21","2024-02-28",10105,2,"92024",1,5.388,"REG",2.035,1.828,"REG",0.688,0.768,"REG",0.281,1.148,"REG",0.399,3.066,"REG",1.216,0.24,"REG",0.115,0.166,"REG",0.096,0.184,"REG",0.108,0.512,"REG",0.14,0.22,"REG",0.094,0.608,"REG",0.229,0.265,"LOD",0.174,1.104,"REG",0.446,1.48,"REG",0.403,0.323,"REG",0.189,0.374,"REG",0.166,0.428,"REG",0.24,0.293,"LOD",0.246,0.585,"REG",0.361,0.42,"REG",0.191,0.337,"REG",0.145,0.809,"REG",0.218,0.921,"REG",0.365,1.781,"REG",0.621,2.361,"REG",0.872,6.511,"REG",2.391,0.262,"REG",0.098,1.629,"REG",0.626,0.272,"REG",0.11,0.071,"REG",0.037,0.009,"ND",0.016,0.007,"ND",0.011,0.002,"ND",0.003,0.054,"LOD",0.072,1.433,"REG",0.526,0.169,"REG",0.065,0.119,"REG",0.026,0.371,"REG",0.091,0.23562121533422872,0.28,6.536,"REG",12.198,"REG",NA
"3","61st & Passyunk","stationary","39.91820446, -75.2085474",39.91820446,-75.2085474,"#00A0B0","Industrial","Industrial","High","Auto body shop, junkyard, gas station","HighT/I","P726603","P726603 031524 030624 61st and Passyunk SS","P726603 031524 030624 61st and Passyunk SS RR.D","2024-03-15","2024-03-06","sample","2024-02-28","2024-03-06",10118,2,"102024",1,5.471,"REG",2.066,2.546,"REG",0.958,0.788,"REG",0.289,1.147,"REG",0.398,3.449,"REG",1.368,0.203,"REG",0.107,0.149,"LOD",0.093,0.181,"REG",0.107,0.545,"REG",0.143,0.238,"REG",0.097,0.564,"REG",0.213,0.264,"LOD",0.174,1.423,"REG",0.575,1.919,"REG",0.523,1.402,"REG",0.701,0.842,"REG",0.356,0.438,"REG",0.242,0.269,"LOD",0.24,0.495,"LOD",0.352,0.644,"REG",0.254,0.524,"REG",0.198,1.129,"REG",0.293,0.969,"REG",0.379,2.412,"REG",0.826,2.889,"REG",1.063,8.185,"REG",2.999,0.398,"ULOD",0.325,1.784,"REG",0.681,0.517,"REG",0.196,0.102,"REG",0.045,0.009,"ND",0.016,0.195,"REG",0.063,0.044,"REG",0.015,0.153,"REG",0.082,1.969,"REG",0.717,0.176,"REG",0.067,0.118,"REG",0.026,0.654,"REG",0.161,0.2353184800308738,0.49475,6.618,"REG",13.401,"REG",NA
"3","61st & Passyunk","stationary","39.91820446, -75.2085474",39.91820446,-75.2085474,"#00A0B0","Industrial","Industrial","High","Auto body shop, junkyard, gas station","HighT/I","P733850","P733850 031624 031324 61st and Passyunk Rename","P733850 031624 031324 61st and Passyunk Rename.D","2024-03-16","2024-03-13","sample","2024-03-06","2024-03-13",10001,1,"112024",1,9.532,"REG",3.6,2.016,"REG",0.759,1.384,"REG",0.506,2.017,"REG",0.689,4.756,"ULOD",2.302,0.317,"REG",0.133,0.234,"REG",0.11,0.327,"REG",0.142,0.982,"REG",0.203,0.408,"REG",0.133,0.981,"REG",0.363,0.462,"REG",0.226,2.074,"REG",0.839,3.786,"REG",1.031,0.382,"REG",0.215,0.589,"REG",0.252,0.443,"REG",0.245,0.215,"REG",0.231,0.437,"REG",0.35,1.204,"REG",0.431,0.66,"REG",0.241,2.125,"REG",0.535,1.888,"REG",0.676,4.489,"REG",1.515,3.609,"ULOD",2.148,6.67,"ULOD",6.152,0.189,"ULOD",0.747,3.115,"REG",1.167,0.602,"REG",0.227,0.248,"REG",0.09,0.009,"ND",0.016,0.007,"ND",0.011,0.048,"REG",0.016,0.072,"REG",0.074,1.765,"REG",0.645,0.201,"REG",0.077,0.134,"REG",0.028,0.662,"REG",0.162,0.23807143095214287,0.49475,11.549,"REG",19.705000000000002,"REG",NA
"3","61st & Passyunk","stationary","39.91820446, -75.2085474",39.91820446,-75.2085474,"#00A0B0","Industrial","Industrial","High","Auto body shop, junkyard, gas station","HighT/I","P726644","P726644 040224 032024 61st & Passyunk SS","P726644 040224 032024 61st & Passyunk SS.D","2024-04-02","2024-03-20","sample","2024-03-13","2024-03-20",10381,2,"122024",1,8.765,"REG",3.31,1.558,"REG",0.587,1.229,"REG",0.449,1.8,"REG",0.616,4.906,"REG",1.945,0.323,"REG",0.133,0.242,"REG",0.11,0.307,"REG",0.134,0.88,"REG",0.186,0.393,"REG",0.128,0.905,"REG",0.335,0.43,"REG",0.213,1.667,"REG",0.674,2.391,"REG",0.651,0.524,"REG",0.277,0.577,"REG",0.247,0.537,"REG",0.268,0.226,"LOD",0.226,0.565,"REG",0.351,0.9,"REG",0.332,0.905,"REG",0.318,1.6,"REG",0.406,1.474,"REG",0.538,3.554,"REG",1.203,6.02,"REG",2.203,15.803,"REG",5.773,0.593,"ULOD",0.519,3.612,"REG",1.348,0.351,"REG",0.137,0.063,"REG",0.034,0.009,"ND",0.015,0.007,"ND",0.011,0.043,"REG",0.015,0.085,"LOD",0.073,2.092,"REG",0.762,0.127,"REG",0.049,0.144,"REG",0.029,1.179,"REG",0.289,0.22935674606997217,0.9147500000000001,10.565000000000001,"REG",18.258,"REG",NA
"3","61st & Passyunk","stationary","39.91820446, -75.2085474",39.91820446,-75.2085474,"#00A0B0","Industrial","Industrial","High","Auto body shop, junkyard, gas station","HighT/I","P733859","P733859 041224 041024 61st & Passyunk SS","P733859 041224 041024 61st & Passyunk SS.D","2024-04-12","2024-04-10","sample","2024-04-03","2024-04-10",10041,2,"152024",1,6.667,"REG",2.518,1.342,"REG",0.506,0.922,"REG",0.337,1.427,"REG",0.492,3.045,"REG",1.207,0.334,"REG",0.137,0.283,"REG",0.121,0.27,"REG",0.127,0.361,"REG",0.124,0.332,"REG",0.116,0.857,"REG",0.318,0.356,"REG",0.196,1.231,"REG",0.498,1.787,"REG",0.487,0.268,"REG",0.167,0.402,"REG",0.178,0.523,"REG",0.268,0.338,"LOD",0.258,0.605,"REG",0.365,0.677,"REG",0.264,0.367,"REG",0.154,1.112,"REG",0.289,1.314,"REG",0.488,2.489,"REG",0.852,2.804,"REG",1.032,8.341,"REG",3.056,0.629,"ULOD",0.537,2.4,"REG",0.905,0.251,"REG",0.103,0.058,"REG",0.034,0.009,"ND",0.016,0.007,"ND",0.011,0.037,"REG",0.013,0.108,"LOD",0.077,1.172,"REG",0.433,0.136,"REG",0.053,0.09,"REG",0.022,0.32,"REG",0.079,0.23712303365724338,0.24,8.094,"REG",13.402999999999999,"REG",NA
"3","61st & Passyunk","stationary","39.91820446, -75.2085474",39.91820446,-75.2085474,"#00A0B0","Industrial","Industrial","High","Auto body shop, junkyard, gas station","HighT/I","P733882","P733882 042624 041724 61st and Passyunk SS","P733882 042624 041724 61st and Passyunk SS.D","2024-04-26","2024-04-17","sample","2024-04-10","2024-04-17",10174,2,"162024",1,4.782,"REG",1.806,0.972,"REG",0.366,0.653,"REG",0.239,1.004,"REG",0.351,2.248,"REG",0.891,0.183,"REG",0.103,0.148,"LOD",0.092,0.167,"LOD",0.104,0.441,"REG",0.131,0.201,"REG",0.091,0.524,"REG",0.198,0.205,"LOD",0.162,0.903,"REG",0.365,1.094,"REG",0.298,1.148,"REG",0.576,0.569,"REG",0.244,0.46,"REG",0.248,0.259,"LOD",0.236,0.471,"LOD",0.348,0.473,"REG",0.205,0.375,"REG",0.155,0.749,"REG",0.204,0.702,"REG",0.301,1.621,"REG",0.569,2.341,"REG",0.864,6.121,"REG",2.249,0.621,"ULOD",0.27,1.745,"REG",0.667,0.248,"REG",0.102,0.057,"REG",0.034,0.009,"ND",0.016,0.007,"ND",0.011,0.002,"ND",0.003,0.041,"LOD",0.072,2.047,"REG",0.746,0.09,"REG",0.036,0.089,"REG",0.022,0.657,"REG",0.161,0.23402323382665433,0.5,5.786,"REG",9.659,"REG",NA
"3","61st & Passyunk","stationary","39.91820446, -75.2085474",39.91820446,-75.2085474,"#00A0B0","Industrial","Industrial","High","Auto body shop, junkyard, gas station","HighT/I","P726666","P726666 042724 042424 61st and Passyunk SS","P726666 042724 042424 61st and Passyunk SS.D","2024-04-27","2024-04-24","sample","2024-04-17","2024-04-24",9802,2,"172024",1,4.553,"REG",1.719,0.947,"REG",0.357,0.59,"REG",0.216,0.949,"REG",0.334,2.104,"REG",0.834,0.229,"REG",0.115,0.154,"LOD",0.096,0.156,"LOD",0.105,0.422,"REG",0.133,0.189,"REG",0.091,0.543,"REG",0.206,0.213,"LOD",0.168,0.775,"REG",0.314,0.944,"REG",0.257,0.325,"REG",0.191,0.333,"REG",0.15,0.42,"REG",0.241,0.231,"LOD",0.238,0.402,"LOD",0.354,0.433,"REG",0.197,0.334,"REG",0.146,0.721,"REG",0.199,0.673,"REG",0.297,1.581,"REG",0.558,1.987,"REG",0.737,5.188,"REG",1.914,0.494,"REG",0.184,1.682,"REG",0.646,0.136,"REG",0.068,0.039,"LOD",0.032,0.01,"ND",0.016,0.007,"ND",0.011,0.031,"REG",0.011,0.077,"LOD",0.076,2.124,"REG",0.774,0.14,"REG",0.054,0.062,"REG",0.019,0.901,"REG",0.221,0.2429047521885718,0.66,5.502,"REG",9.142999999999999,"REG",NA
"3","61st & Passyunk","stationary","39.91820446, -75.2085474",39.91820446,-75.2085474,"#00A0B0","Industrial","Industrial","High","Auto body shop, junkyard, gas station","HighT/I","P726606","P726606 051124 050124 61st SS.D","P726606 051124 050124 61st SS.D","2024-05-11","2024-05-01","sample","2024-04-24","2024-05-01",10191,2,"182024",1,4.917,"REG",1.857,0.979,"REG",0.37,0.63,"REG",0.231,0.997,"REG",0.348,2.135,"REG",0.847,0.238,"REG",0.114,0.197,"REG",0.101,0.183,"REG",0.107,0.457,"REG",0.133,0.236,"REG",0.097,0.679,"REG",0.254,0.234,"LOD",0.167,1.111,"REG",0.449,1.328,"REG",0.362,0.603,"REG",0.315,0.453,"REG",0.197,0.66,"REG",0.309,0.481,"REG",0.298,0.816,"REG",0.387,0.472,"REG",0.204,0.522,"REG",0.198,0.885,"REG",0.235,1.025,"REG",0.396,2.06,"REG",0.711,1.348,"REG",0.508,8.96,"REG",3.28,0.621,"ULOD",0.295,2.281,"REG",0.861,0.163,"REG",0.075,0.014,"ND",0.023,0.009,"ND",0.016,0.007,"ND",0.011,0.052,"REG",0.018,0.052,"LOD",0.072,2.043,"REG",0.744,0.125,"REG",0.049,0.089,"REG",0.022,0.234,"REG",0.058,0.23363285064786388,0.178,5.914,"REG",9.658,"REG",NA
"3","61st & Passyunk","stationary","39.91820446, -75.2085474",39.91820446,-75.2085474,"#00A0B0","Industrial","Industrial","High","Auto body shop, junkyard, gas station","HighT/I","P726641","P726641 051224 050824 61st SS","P726641 051224 050824 61st SS.D","2024-05-12","2024-05-08","sample","2024-05-01","2024-05-08",10251,2,"192024",1,4.616,"REG",1.743,1.344,"REG",0.506,0.627,"REG",0.23,0.991,"REG",0.347,2.404,"REG",0.953,0.2,"REG",0.106,0.147,"LOD",0.092,0.165,"LOD",0.103,0.438,"REG",0.13,0.199,"REG",0.09,0.555,"REG",0.209,0.204,"LOD",0.16,0.007,"ND",0.012,0.953,"REG",0.26,0.672,"REG",0.347,0.393,"REG",0.173,0.518,"REG",0.264,0.257,"LOD",0.235,0.561,"REG",0.354,0.359,"REG",0.175,0.386,"REG",0.158,0.64,"REG",0.179,0.59,"REG",0.27,1.463,"REG",0.518,0.952,"REG",0.369,6.353,"REG",2.333,0.563,"REG",0.21,1.402,"REG",0.544,0.124,"REG",0.064,0.036,"LOD",0.03,0.009,"ND",0.016,0.007,"ND",0.011,0.051,"REG",0.017,0.085,"REG",0.073,2.12,"REG",0.771,0.124,"REG",0.049,0.117,"REG",0.026,0.232,"REG",0.057,0.23226537712929285,0.178,5.606999999999999,"REG",9.982,"REG",NA
"3","61st & Passyunk","stationary","39.91820446, -75.2085474",39.91820446,-75.2085474,"#00A0B0","Industrial","Industrial","High","Auto body shop, junkyard, gas station","HighT/I","P733847","P733847 052324 051524 61st SS","P733847 052324 051524 61st SS.D","2024-05-23","2024-05-15","sample","2024-05-08","2024-05-15",10145,2,"202024",1,2.954,"REG",1.116,0.905,"REG",0.342,0.376,"REG",0.139,0.597,"REG",0.219,1.529,"REG",0.606,0.129,"LOD",0.095,0.082,"LOD",0.083,0.1,"LOD",0.094,0.289,"REG",0.117,0.146,"REG",0.083,0.359,"REG",0.141,0.147,"LOD",0.153,0.568,"REG",0.23,0.732,"REG",0.2,0.532,"REG",0.282,0.282,"REG",0.131,0.299,"REG",0.207,0.223,"LOD",0.229,0.441,"LOD",0.347,0.363,"REG",0.177,0.215,"REG",0.116,0.566,"REG",0.164,0.434,"REG",0.233,1.281,"REG",0.462,2.067,"REG",0.765,5.294,"REG",1.951,0.414,"ULOD",0.17,1.375,"REG",0.535,0.086,"REG",0.055,0.036,"LOD",0.03,0.009,"ND",0.016,0.055,"REG",0.022,0.037,"REG",0.013,0.053,"LOD",0.072,2.32,"REG",0.844,0.126,"REG",0.049,0.06,"REG",0.018,0.973,"REG",0.239,0.23469220117815487,0.738,3.551,"REG",6.361000000000001,"REG",NA
"3","61st & Passyunk","stationary","39.91820446, -75.2085474",39.91820446,-75.2085474,"#00A0B0","Industrial","Industrial","High","Auto body shop, junkyard, gas station","HighT/I","P733863","P733863 052424 052224 61st SS","P733863 052424 052224 61st SS.D","2024-05-24","2024-05-22","sample","2024-05-15","2024-05-22",9850,2,"212024",1,3.294,"REG",1.244,0.831,"REG",0.314,0.432,"REG",0.158,0.684,"REG",0.248,1.704,"REG",0.676,0.151,"LOD",0.1,0.085,"LOD",0.086,0.12,"LOD",0.099,0.298,"REG",0.121,0.132,"LOD",0.083,0.37,"REG",0.146,0.151,"LOD",0.157,0.666,"REG",0.27,0.873,"REG",0.238,0.345,"REG",0.2,0.291,"REG",0.135,0.424,"REG",0.241,0.306,"LOD",0.253,0.584,"REG",0.369,0.431,"REG",0.196,0.235,"REG",0.122,0.638,"REG",0.18,0.502,"REG",0.253,1.421,"REG",0.507,2.349,"REG",0.867,6.202,"REG",2.281,0.426,"ULOD",0.238,1.717,"REG",0.658,0.088,"REG",0.056,0.037,"LOD",0.031,0.084,"REG",0.037,0.007,"ND",0.011,0.002,"ND",0.003,0.054,"LOD",0.075,2.022,"REG",0.737,0.13,"REG",0.051,0.092,"REG",0.022,0.703,"REG",0.172,0.24172105390379503,0.518,3.978,"REG",6.945,"REG",NA
"3","61st & Passyunk","stationary","39.91820446, -75.2085474",39.91820446,-75.2085474,"#00A0B0","Industrial","Industrial","High","Auto body shop, junkyard, gas station","HighT/I","P733890","P733890 060724 052924 61st SS","P733890 060724 052924 61st SS.D","2024-06-07","2024-05-29","sample","2024-05-22","2024-05-29",10292,2,"222024",1,3.135,"REG",1.184,0.805,"REG",0.304,0.419,"REG",0.154,0.685,"REG",0.246,1.877,"REG",0.744,0.144,"LOD",0.096,0.098,"LOD",0.084,0.116,"LOD",0.095,0.285,"REG",0.116,0.125,"LOD",0.08,0.352,"REG",0.138,0.145,"LOD",0.15,0.633,"REG",0.257,0.733,"REG",0.2,0.293,"REG",0.176,0.253,"REG",0.12,0.329,"REG",0.212,0.183,"LOD",0.219,0.398,"LOD",0.339,0.275,"REG",0.156,0.318,"REG",0.139,0.584,"REG",0.167,0.534,"REG",0.255,1.263,"REG",0.455,1.755,"REG",0.652,4.697,"REG",1.734,0.386,"REG",0.144,1.52,"REG",0.586,0.142,"REG",0.069,0.019,"LOD",0.028,0.07,"REG",0.033,0.007,"ND",0.011,0.042,"REG",0.014,0.139,"REG",0.079,0.968,"REG",0.36,0.089,"REG",0.036,0.146,"REG",0.03,0.26,"REG",0.064,0.2313401069716655,0.2,3.82,"REG",6.920999999999999,"REG",NA
"3","61st & Passyunk","stationary","39.91820446, -75.2085474",39.91820446,-75.2085474,"#00A0B0","Industrial","Industrial","High","Auto body shop, junkyard, gas station","HighT/I","P726614","P726614 060724 060524 61st SS","P726614 060724 060524 61st SS.D","2024-06-07","2024-06-05","sample","2024-05-29","2024-06-05",10069,2,"232024",1,3.881,"REG",1.466,0.704,"REG",0.266,0.493,"REG",0.181,0.813,"REG",0.289,1.839,"REG",0.729,0.166,"LOD",0.101,0.1,"LOD",0.086,0.135,"LOD",0.099,0.343,"REG",0.123,0.146,"REG",0.084,0.441,"REG",0.17,0.148,"LOD",0.154,0.726,"REG",0.294,0.796,"REG",0.217,0.2,"REG",0.142,0.24,"REG",0.115,0.28,"LOD",0.204,0.15,"LOD",0.218,0.364,"LOD",0.343,0.337,"REG",0.171,0.339,"REG",0.146,0.651,"REG",0.182,0.6,"REG",0.274,1.39,"REG",0.496,1.829,"REG",0.68,4.934,"REG",1.821,0.287,"REG",0.107,1.847,"REG",0.704,0.145,"REG",0.07,0.019,"LOD",0.028,0.099,"REG",0.042,0.007,"ND",0.011,0.043,"REG",0.015,0.109,"REG",0.077,0.899,"REG",0.337,0.091,"REG",0.036,0.06,"REG",0.018,0.239,"REG",0.059,0.2364636389862331,0.18,4.694,"REG",7.7299999999999995,"REG",NA
"3","61st & Passyunk","stationary","39.91820446, -75.2085474",39.91820446,-75.2085474,"#00A0B0","Industrial","Industrial","High","Auto body shop, junkyard, gas station","HighT/I","P726650","P726650 062124 061224 61st SS","P726650 062124 061224 61st SS.D","2024-06-21","2024-06-12","sample","2024-06-05","2024-06-12",9874,2,"242024",1,5.276,"REG",1.992,0.859,"REG",0.325,0.7,"REG",0.257,1.153,"REG",0.4,2.622,"REG",1.04,0.226,"REG",0.114,0.153,"LOD",0.095,0.172,"LOD",0.107,0.489,"REG",0.139,0.205,"REG",0.093,0.575,"REG",0.217,0.241,"LOD",0.172,0.874,"REG",0.354,1.026,"REG",0.28,1.064,"REG",0.536,0.54,"REG",0.233,0.43,"REG",0.243,0.267,"LOD",0.244,0.544,"LOD",0.364,0.516,"REG",0.219,0.29,"REG",0.135,0.775,"REG",0.211,0.779,"REG",0.326,1.67,"REG",0.586,1.646,"REG",0.614,4.692,"REG",1.734,0.387,"REG",0.145,1.456,"REG",0.565,0.308,"REG",0.123,0.059,"REG",0.035,0.073,"REG",0.034,0.007,"ND",0.011,0.051,"REG",0.017,0.078,"LOD",0.076,1.283,"REG",0.473,0.139,"REG",0.054,0.092,"REG",0.022,0.271,"REG",0.067,0.2411335204529452,0.2,6.429,"REG",10.610000000000001,"REG",NA
"3","61st & Passyunk","stationary","39.91820446, -75.2085474",39.91820446,-75.2085474,"#00A0B0","Industrial","Industrial","High","Auto body shop, junkyard, gas station","HighT/I","P726664","P726664 062124 061924 61st SS","P726664 062124 061924 61st SS.D","2024-06-21","2024-06-19","sample","2024-06-12","2024-06-19",10143,2,"252024",1,2.723,"REG",1.028,0.561,"REG",0.213,0.361,"REG",0.132,0.604,"REG",0.222,1.24,"REG",0.492,0.165,"LOD",0.1,0.115,"LOD",0.087,0.134,"LOD",0.099,0.272,"REG",0.117,0.127,"LOD",0.081,0.398,"REG",0.154,0.147,"LOD",0.153,0.538,"REG",0.218,0.558,"REG",0.153,0.42,"REG",0.231,0.296,"REG",0.136,0.307,"LOD",0.208,0.223,"LOD",0.229,0.446,"LOD",0.347,0.335,"REG",0.17,0.161,"LOD",0.105,0.458,"REG",0.141,0.542,"REG",0.259,0.986,"REG",0.372,0.889,"REG",0.348,2.383,"REG",0.91,0.143,"REG",0.053,1.209,"REG",0.477,0.066,"REG",0.051,0.019,"LOD",0.028,0.152,"REG",0.061,0.007,"ND",0.011,0.002,"ND",0.003,0.043,"LOD",0.072,1.16,"REG",0.429,0.09,"REG",0.036,0.06,"REG",0.018,0.211,"REG",0.052,0.23473847786181418,0.16,3.327,"REG",5.489,"REG",NA
"3","61st & Passyunk","stationary","39.91820446, -75.2085474",39.91820446,-75.2085474,"#00A0B0","Industrial","Industrial","High","Auto body shop, junkyard, gas station","HighT/I","P733847","P733847 062724 061924 61st SS","P733847 062724 061924 61st SS.D","2024-06-27","2024-06-19","sample","2024-06-19","2024-06-26",10071,2,"262024",1,3.542,"REG",1.338,0.486,"REG",0.185,0.514,"REG",0.188,0.699,"REG",0.252,1.663,"REG",0.659,0.221,"REG",0.111,0.166,"REG",0.096,0.185,"REG",0.108,0.257,"REG",0.116,0.165,"REG",0.086,0.441,"REG",0.17,0.177,"LOD",0.158,0.752,"REG",0.305,0.796,"REG",0.217,0.522,"REG",0.277,0.375,"REG",0.166,0.478,"REG",0.254,0.224,"LOD",0.231,0.491,"LOD",0.353,0.563,"REG",0.23,0.203,"REG",0.114,0.597,"REG",0.17,0.819,"REG",0.335,1.34,"REG",0.481,1.29,"REG",0.487,3.333,"REG",1.246,0.261,"REG",0.097,1.301,"REG",0.509,0.145,"REG",0.07,0.038,"LOD",0.031,0.171,"REG",0.069,0.007,"ND",0.011,0.043,"REG",0.015,0.043,"LOD",0.072,1.168,"REG",0.432,0.091,"REG",0.036,0.12,"REG",0.026,0.346,"REG",0.085,0.23641667966958407,0.26,4.241,"REG",6.904,"REG",NA
"4","28th & Passyunk","stationary","39.92061091, -75.1955879",39.92061091,-75.1955879,"#E41A1C","Industrial","Vacant","High","Oil terminal, gas station, former refinery site, natural gas terminal","HighT/I","P733881","P733881 071323 070523 28th & Passyunk 1WK SS","P733881 071323 070523 28th _ Passyunk 1WK SS.D","2023-07-13","2023-07-05","sample","2023-06-28","2023-07-05",10007,2,"272023",1,3.871,"REG",1.462,1.187,"REG",0.448,0.651,"REG",0.238,0.981,"REG",0.344,1.452,"REG",0.576,0.298,"REG",0.129,0.117,"LOD",0.088,0.22,"REG",0.116,0.5,"REG",0.139,0.204,"REG",0.092,0.778,"REG",0.29,0.327,"REG",0.19,1.899,"REG",0.768,1.656,"REG",0.451,0.165,"REG",0.131,0.684,"REG",0.291,0.489,"REG",0.258,0.315,"LOD",0.253,0.676,"REG",0.374,1.754,"REG",0.614,0.777,"REG",0.277,1.365,"REG",0.35,2.245,"REG",0.795,3.496,"REG",1.185,3.432,"REG",1.26,7.464,"REG",2.737,0.253,"REG",0.095,8.491,"REG",3.152,0.198,"REG",0.086,0.014,"ND",0.023,0.103,"REG",0.044,0.007,"ND",0.011,0.002,"ND",0.003,0.034,"LOD",0.072,1.085,"REG",0.403,0.091,"REG",0.037,0.06,"REG",0.018,0.187,"REG",0.047,0.23792868801362857,0.14,4.852,"REG",8.142,"REG",NA
"4","28th & Passyunk","stationary","39.92061091, -75.1955879",39.92061091,-75.1955879,"#E41A1C","Industrial","Vacant","High","Oil terminal, gas station, former refinery site, natural gas terminal","HighT/I","P726646","P726646 071323 071223 28th & Passyunk 1WK SS","P726646 071323 071223 28th & Passyunk 1WK SS.D","2023-07-13","2023-07-12","sample","2023-07-05","2023-07-12",10076,2,"282023",1,12.303,"REG",4.646,1.417,"REG",0.534,1.81,"REG",0.662,2.969,"REG",1.01,3.257,"REG",1.291,0.926,"REG",0.307,0.996,"REG",0.329,0.69,"REG",0.248,1.575,"REG",0.296,0.81,"REG",0.231,2.805,"REG",1.029,1.064,"REG",0.424,4.51,"REG",1.823,4.373,"REG",1.191,0.957,"REG",0.485,1.606,"REG",0.672,0.086,"ND",0.143,0.948,"REG",0.476,1.898,"REG",0.586,2.866,"REG",0.989,1.963,"REG",0.668,5.396,"REG",1.343,7.957,"REG",2.75,13.64,"REG",4.576,10.764,"ULOD",4.997,19.939,"ULOD",10.879,0.593,"ULOD",0.419,12.586,"ULOD",11.277,0.982,"REG",0.366,0.036,"REG",0.03,0.093,"REG",0.04,0.007,"ND",0.011,0.002,"ND",0.003,0.035,"ND",0.06,1.078,"REG",0.4,0.006,"ND",0.009,0.09,"REG",0.022,0.239,"REG",0.059,0.23629936293691753,0.18,15.272,"REG",21.756,"REG",NA
"4","28th & Passyunk","stationary","39.92061091, -75.1955879",39.92061091,-75.1955879,"#E41A1C","Industrial","Vacant","High","Oil terminal, gas station, former refinery site, natural gas terminal","HighT/I","P637227","P637227 072723 071923 28th & Passyunk 1WK DS","P637227 072723 071923 28th & Passyunk 1WK DS.D","2023-07-27","2023-07-19","sample","2023-07-12","2023-07-19",10090,14.3,"292023",1,33.569,"REG",12.677,3.731,"REG",1.404,5.077,"REG",1.856,8.576,"REG",2.91,10.417,"REG",4.13,0.043,"ND",0.072,0.04,"ND",0.066,2.042,"REG",0.693,4.767,"REG",0.843,2.235,"REG",0.608,7.838,"REG",2.873,4.011,"REG",1.512,12.098,"REG",4.89,9.956,"REG",2.711,4.682,"REG",2.318,0.029,"ND",0.048,6.907,"REG",2.705,6.306,"REG",2.853,13.846,"REG",3.547,0.063,"ND",0.105,8.408,"REG",2.838,12.778,"REG",3.175,24.142,"REG",8.327,37.894,"REG",12.706,44.831,"REG",16.382,96.528,"REG",35.228,3.708,"REG",1.384,89.867,"ULOD",39.757,1.043,"REG",0.388,0.115,"LOD",0.048,0.252,"LOD",0.099,0.007,"ND",0.011,0.002,"ND",0.003,0.035,"ND",0.06,0.045,"ND",0.075,0.006,"ND",0.009,0.427,"REG",0.077,0.948,"REG",0.233,0.23597149464344705,0.7150000000000001,42.145,"REG",61.370000000000005,"REG",NA
"4","28th & Passyunk","stationary","39.92061091, -75.1955879",39.92061091,-75.1955879,"#E41A1C","Industrial","Vacant","High","Oil terminal, gas station, former refinery site, natural gas terminal","HighT/I","P726612","P726612 072823 072623 28th & Passyunk 1WK DS","P726612 072823 072623 28th _ Passyunk 1WK DS.D","2023-07-28","2023-07-26","sample","2023-07-19","2023-07-26",9924,14.3,"302023",1,16.268,"REG",6.144,1.779,"REG",0.67,1.721,"REG",0.629,4.277,"REG",1.453,4.006,"REG",1.588,1.748,"REG",0.563,1.688,"REG",0.547,1.099,"LOD",0.38,2.734,"REG",0.492,0.935,"LOD",0.263,4.427,"REG",1.623,1.073,"LOD",0.428,3.917,"REG",1.584,3.689,"REG",1.005,1.881,"REG",0.936,1.751,"REG",0.733,2.523,"REG",1.001,3.156,"REG",1.44,5.786,"REG",1.513,3.672,"REG",1.263,2.162,"REG",0.735,4.134,"REG",1.03,6.725,"REG",2.326,10.442,"REG",3.505,13.804,"REG",5.046,31.874,"REG",11.636,1.679,"REG",0.627,19.492,"REG",7.228,0.491,"LOD",0.187,0.014,"ND",0.024,0.256,"LOD",0.1,0.007,"ND",0.011,0.002,"ND",0.003,0.241,"LOD",0.096,3.261,"REG",1.183,0.329,"REG",0.125,0.217,"REG",0.041,1.157,"REG",0.284,0.23991861960423025,0.858,20.545,"REG",28.051000000000002,"REG",NA
"4","28th & Passyunk","stationary","39.92061091, -75.1955879",39.92061091,-75.1955879,"#E41A1C","Industrial","Vacant","High","Oil terminal, gas station, former refinery site, natural gas terminal","HighT/I","P726651","P726651 081023 080223 28th & Passyunk 1WK SS","P726651 081023 080223 28th & Passyunk 1WK SS.D","2023-08-10","2023-08-02","sample","2023-07-26","2023-08-02",10105,2,"312023",1,3.583,"REG",1.353,1.097,"REG",0.413,0.516,"REG",0.189,0.972,"REG",0.34,1.428,"REG",0.566,0.043,"ND",0.072,0.315,"REG",0.128,0.218,"REG",0.115,0.492,"REG",0.137,0.235,"REG",0.097,0.804,"REG",0.299,0.295,"REG",0.181,1.736,"REG",0.702,1.488,"REG",0.405,1.393,"REG",0.696,0.983,"REG",0.414,0.88,"REG",0.384,0.826,"REG",0.426,1.476,"REG",0.5,1.681,"REG",0.589,0.999,"REG",0.349,1.73,"REG",0.438,2.484,"REG",0.875,4.6,"REG",1.552,4.758,"REG",1.743,10.741,"REG",3.929,0.545,"REG",0.204,9.58,"REG",3.555,0.372,"REG",0.145,0.038,"LOD",0.031,0.131,"REG",0.054,0.007,"ND",0.011,0.002,"ND",0.003,0.035,"ND",0.06,1.344,"REG",0.494,0.181,"REG",0.069,0.09,"REG",0.022,0.424,"REG",0.104,0.23562121533422872,0.32,4.555,"REG",7.596,"REG",NA
"4","28th & Passyunk","stationary","39.92061091, -75.1955879",39.92061091,-75.1955879,"#E41A1C","Industrial","Vacant","High","Oil terminal, gas station, former refinery site, natural gas terminal","HighT/I","P733845","P733845 081123 080923 28th & Passyunk 1WK SS","P733845 081123 080923 28th _ Passyunk 1WK SS.D","2023-08-11","2023-08-09","sample","2023-08-02","2023-08-09",10046,2,"322023",1,13.414,"REG",5.066,1.501,"REG",0.565,1.88,"REG",0.687,3.182,"REG",1.083,3.113,"REG",1.234,0.043,"ND",0.072,1.133,"REG",0.372,0.759,"REG",0.27,2.04,"REG",0.374,0.938,"REG",0.264,3.052,"REG",1.119,1.186,"REG",0.468,3.431,"REG",1.387,3.368,"REG",0.917,1.376,"REG",0.688,1.609,"REG",0.673,1.337,"REG",0.55,1.618,"REG",0.759,3.267,"REG",0.896,3.608,"REG",1.241,1.86,"REG",0.634,4.079,"REG",1.017,7.97,"REG",2.754,10.397,"REG",3.49,9.752,"REG",3.566,20.027,"ULOD",8.386,0.621,"ULOD",0.351,12.624,"ULOD",5.946,0.65,"REG",0.244,0.077,"REG",0.038,0.177,"REG",0.07,0.007,"ND",0.011,0.002,"ND",0.003,0.033,"LOD",0.072,1.351,"REG",0.497,0.182,"REG",0.07,0.007,"ND",0.012,0.612,"REG",0.151,0.23700501502611798,0.46,16.596,"REG",23.09,"REG",NA
"4","28th & Passyunk","stationary","39.92061091, -75.1955879",39.92061091,-75.1955879,"#E41A1C","Industrial","Vacant","High","Oil terminal, gas station, former refinery site, natural gas terminal","HighT/I","P726649","P726649 082423 081623 28th & Passyunk SS","P726649 082423 081623 28th & Passyunk SS.D","2023-08-24","2023-08-16","sample","2023-08-09","2023-08-16",10197,1.3,"332023",1,5.171,"REG",1.953,0.752,"REG",0.284,0.733,"REG",0.268,1.456,"REG",0.501,1.661,"REG",0.658,0.043,"ND",0.071,0.715,"REG",0.243,0.41,"REG",0.163,0.91,"REG",0.191,0.423,"REG",0.135,1.482,"REG",0.545,0.475,"REG",0.228,2.097,"REG",0.848,1.58,"REG",0.43,1.691,"REG",0.842,1.215,"REG",0.51,1.274,"REG",0.526,1.301,"REG",0.621,2.144,"REG",0.637,1.715,"REG",0.6,0.765,"REG",0.273,1.968,"REG",0.496,3.486,"REG",1.215,4.874,"REG",1.643,3.848,"REG",1.412,8.623,"REG",3.158,0.297,"REG",0.111,8.084,"ULOD",3.031,0.32,"REG",0.126,0.037,"REG",0.03,0.112,"REG",0.047,0.007,"ND",0.011,0.002,"ND",0.003,0.064,"LOD",0.072,1.039,"REG",0.386,0.116,"REG",0.045,0.096,"REG",0.022,0.239,"REG",0.059,0.2334953791264471,0.18200000000000002,6.627000000000001,"REG",9.773,"REG","Summer"
"4","28th & Passyunk","stationary","39.92061091, -75.1955879",39.92061091,-75.1955879,"#E41A1C","Industrial","Vacant","High","Oil terminal, gas station, former refinery site, natural gas terminal","HighT/I","P733898","P733898 082523 082323 28th & Passyunk SS","P733898 082523 082323 28th _ Passyunk SS.D","2023-08-25","2023-08-23","sample","2023-08-16","2023-08-23",9984,2,"342023",1,4.837,"REG",1.827,1.99,"REG",0.749,0.913,"REG",0.334,1.304,"REG",0.45,2.939,"REG",1.166,0.043,"ND",0.072,0.452,"REG",0.166,0.322,"REG",0.141,0.757,"REG",0.171,0.294,"REG",0.109,1.06,"REG",0.392,0.358,"REG",0.198,1.916,"REG",0.775,1.483,"REG",0.404,1.76,"REG",0.877,1.346,"REG",0.565,1.431,"REG",0.585,1.59,"REG",0.748,2.433,"REG",0.705,1.475,"REG",0.52,0.683,"REG",0.248,1.505,"REG",0.383,2.624,"REG",0.923,3.804,"REG",1.287,3.186,"REG",1.171,7.509,"REG",2.754,0.441,"REG",0.165,6.944,"REG",2.579,0.654,"REG",0.246,0.077,"REG",0.039,0.169,"REG",0.068,0.007,"ND",0.011,0.002,"ND",0.003,0.134,"LOD",0.08,2.086,"REG",0.759,0.274,"REG",0.104,0.151,"REG",0.031,0.483,"REG",0.119,0.238476800976801,0.36,6.141,"REG",11.983,"REG","Summer"
"4","28th & Passyunk","stationary","39.92061091, -75.1955879",39.92061091,-75.1955879,"#E41A1C","Industrial","Vacant","High","Oil terminal, gas station, former refinery site, natural gas terminal","HighT/I","P733863","P733863 090723 083023 28th and Passyunk SS","P733863 090723 083023 28th and Passyunk SS.D","2023-09-07","2023-08-30","sample","2023-08-23","2023-08-30",10039,2,"352023",1,19.88,"REG",7.508,1.929,"REG",0.726,3.501,"REG",1.28,3.933,"REG",1.337,3.706,"REG",1.469,1.858,"REG",0.598,2.251,"REG",0.726,1.292,"REG",0.443,3.024,"REG",0.541,1.811,"REG",0.494,5.305,"REG",1.945,2.579,"REG",0.978,6.537,"REG",2.642,7.422,"REG",2.021,1.433,"REG",0.716,2.313,"REG",0.966,0.086,"ND",0.144,1.776,"REG",0.828,2.509,"REG",0.721,5.867,"REG",2.012,3.27,"REG",1.107,8.164,"ULOD",2.3,13.355,"REG",4.609,14.935,"ULOD",7.346,10.761,"ULOD",7.42,20.063,"ULOD",17.599,0.621,"ULOD",0.676,12.633,"ULOD",10.039,1.475,"REG",0.547,0.126,"REG",0.052,0.108,"REG",0.045,0.007,"ND",0.011,0.002,"ND",0.003,0.035,"ND",0.06,1.082,"REG",0.401,0.006,"ND",0.009,0.09,"REG",0.022,0.347,"REG",0.085,0.2371702740265346,0.26,23.813,"REG",32.949,"REG","Summer"
"4","28th & Passyunk","stationary","39.92061091, -75.1955879",39.92061091,-75.1955879,"#E41A1C","Industrial","Vacant","High","Oil terminal, gas station, former refinery site, natural gas terminal","HighT/I","P726666","P726666 090823 090623 28th and Passyunk SS","P726666 090823 090623 28th and Passyunk SS.D","2023-09-08","2023-09-06","sample","2023-08-30","2023-09-06",10097,2,"362023",1,8.717,"REG",3.292,1.107,"REG",0.418,1.245,"REG",0.455,2.192,"REG",0.748,2.7,"REG",1.071,0.721,"REG",0.245,0.829,"REG",0.277,0.512,"REG",0.194,1.281,"REG",0.249,0.625,"REG",0.184,2.069,"REG",0.76,0.676,"REG",0.292,3.749,"REG",1.516,3.726,"REG",1.014,0.831,"REG",0.423,1.355,"REG",0.568,0.961,"REG",0.413,1.094,"REG",0.535,1.988,"REG",0.604,2.748,"REG",0.949,1.306,"REG",0.45,4.032,"REG",1.005,5.766,"REG",1.996,9.652,"REG",3.24,8.659,"REG",3.166,19.948,"ULOD",7.746,0.618,"ULOD",0.27,12.56,"ULOD",5.295,0.565,"REG",0.214,0.068,"REG",0.036,0.089,"REG",0.039,0.007,"ND",0.011,0.002,"ND",0.003,0.091,"LOD",0.075,1.076,"REG",0.399,0.006,"ND",0.009,0.06,"REG",0.018,0.212,"REG",0.052,0.23580790145116184,0.16,10.909,"REG",15.961000000000002,"REG","Summer"
"4","28th & Passyunk","stationary","39.92061091, -75.1955879",39.92061091,-75.1955879,"#E41A1C","Industrial","Vacant","High","Oil terminal, gas station, former refinery site, natural gas terminal","HighT/I","P733880","P733880 092923 092723 28th and Passyunk SS","P733880 092923 092723 28th and Passyunk SS RENAME.D","2023-09-29","2023-09-27","sample","2023-09-20","2023-09-27",9999,2,"392023",1,2.944,"REG",1.112,0.899,"REG",0.339,0.411,"REG",0.151,0.615,"REG",0.226,1.395,"REG",0.553,0.112,"LOD",0.094,0.083,"LOD",0.085,0.076,"LOD",0.092,0.276,"REG",0.118,0.13,"LOD",0.082,0.328,"REG",0.131,0.117,"LOD",0.151,0.666,"REG",0.269,0.613,"REG",0.167,0.539,"REG",0.286,0.686,"REG",0.292,0.232,"LOD",0.196,0.125,"LOD",0.217,0.26,"LOD",0.339,0.51,"REG",0.216,0.5,"REG",0.192,0.519,"REG",0.154,0.6,"REG",0.275,1.3,"REG",0.468,1.802,"REG",0.67,4.7,"REG",1.737,0.624,"ULOD",0.261,1.775,"REG",0.679,0.023,"ND",0.038,0.03,"LOD",0.03,0.009,"ND",0.016,0.007,"ND",0.011,0.002,"ND",0.003,0.125,"LOD",0.079,1.629,"REG",0.596,0.137,"REG",0.053,0.09,"REG",0.022,0.856,"REG",0.21,0.23811905000023811,0.64,3.559,"REG",6.264,"REG","Summer"
"4","28th & Passyunk","stationary","39.92061091, -75.1955879",39.92061091,-75.1955879,"#E41A1C","Industrial","Vacant","High","Oil terminal, gas station, former refinery site, natural gas terminal","HighT/I","P733900","P733900 101323 100423 28th and Passyunk SS RR","P733900 101323 100423 28th and Passyunk SS RR.D","2023-10-13","2023-10-04","sample","2023-09-27","2023-10-04",10128,2,"402023",1,5.379,"REG",2.031,1.271,"REG",0.479,0.662,"REG",0.243,1.172,"REG",0.407,2.003,"REG",0.794,0.258,"REG",0.118,0.248,"REG",0.113,0.234,"REG",0.118,0.528,"REG",0.141,0.275,"REG",0.104,0.805,"REG",0.299,0.265,"LOD",0.174,1.653,"REG",0.668,2.436,"REG",0.663,0.54,"REG",0.286,0.617,"REG",0.264,0.502,"REG",0.26,0.42,"REG",0.28,0.673,"REG",0.37,2.432,"REG",0.842,0.916,"REG",0.322,1.616,"REG",0.41,1.9,"REG",0.679,3.997,"REG",1.351,5.461,"REG",1.999,13.788,"REG",5.039,0.624,"ULOD",0.622,6.298,"REG",2.34,0.332,"REG",0.131,0.034,"REG",0.03,0.079,"REG",0.036,0.007,"ND",0.011,0.002,"ND",0.003,0.125,"LOD",0.078,1.609,"REG",0.589,0.18,"REG",0.069,0.178,"REG",0.035,0.396,"REG",0.097,0.2350861355600692,0.3,6.550999999999999,"REG",10.487,"REG","Summer"
"4","28th & Passyunk","stationary","39.92061091, -75.1955879",39.92061091,-75.1955879,"#E41A1C","Industrial","Vacant","High","Oil terminal, gas station, former refinery site, natural gas terminal","HighT/I","P726607","P726607 101323 101123 28th and Passyunk SS","P726607 101323 101123 28th and Passyunk SS.D","2023-10-13","2023-10-11","sample","2023-10-04","2023-10-11",9985,1.99,"412023",1,9.845,"REG",3.718,1.541,"REG",0.58,0.993,"REG",0.363,1.98,"REG",0.677,3.028,"REG",1.201,0.446,"REG",0.167,0.04,"ND",0.067,0.372,"REG",0.153,0.928,"REG",0.195,0.499,"REG",0.154,1.547,"REG",0.569,0.386,"REG",0.204,2.721,"REG",1.1,4.73,"REG",1.288,0.966,"REG",0.489,1.01,"REG",0.425,0.591,"REG",0.289,0.348,"LOD",0.262,0.636,"REG",0.37,2.596,"REG",0.897,1.549,"REG",0.531,3.047,"REG",0.761,3.505,"REG",1.222,7.321,"REG",2.461,10.807,"ULOD",4.056,20.071,"ULOD",10.356,0.63,"ULOD",1.301,8.968,"REG",3.329,0.768,"REG",0.288,0.169,"REG",0.065,0.052,"REG",0.028,0.007,"ND",0.011,0.002,"ND",0.003,0.126,"LOD",0.079,1.714,"REG",0.627,0.273,"REG",0.104,0.15,"REG",0.031,0.587,"REG",0.144,0.23845291747144529,0.4378,11.825000000000001,"REG",17.387,"REG","Summer"
"4","28th & Passyunk","stationary","39.92061091, -75.1955879",39.92061091,-75.1955879,"#E41A1C","Industrial","Vacant","High","Oil terminal, gas station, former refinery site, natural gas terminal","HighT/I","P733841","P733841 102623 101823 28th & Passyunk SS RENAME","P733841 102623 101823 28th and Passyunk SS RENAME.D","2023-10-26","2023-10-18","sample","2023-10-11","2023-10-18",10051,2,"422023",1,4.681,"REG",1.768,1.083,"REG",0.408,0.603,"REG",0.221,1.022,"REG",0.357,1.763,"REG",0.699,0.186,"REG",0.105,0.183,"REG",0.099,0.152,"LOD",0.102,0.412,"REG",0.129,0.222,"REG",0.095,0.648,"REG",0.243,0.178,"LOD",0.158,1.06,"REG",0.429,1.543,"REG",0.421,0.221,"REG",0.149,0.37,"REG",0.164,0.364,"REG",0.223,0.424,"REG",0.282,0.424,"LOD",0.348,1.521,"REG",0.536,1.004,"REG",0.351,1.22,"REG",0.315,1.367,"REG",0.505,2.934,"REG",0.998,4.388,"REG",1.608,11.556,"REG",4.226,0.417,"ULOD",0.571,3.739,"REG",1.396,0.217,"REG",0.092,0.034,"REG",0.03,0.009,"ND",0.016,0.007,"ND",0.011,0.002,"ND",0.003,0.159,"REG",0.083,2.162,"REG",0.787,0.182,"REG",0.07,0.15,"REG",0.031,0.692,"REG",0.17,0.2368871138147827,0.52,5.703,"REG",9.152,"REG","Summer"
"4","28th & Passyunk","stationary","39.92061091, -75.1955879",39.92061091,-75.1955879,"#E41A1C","Industrial","Vacant","High","Oil terminal, gas station, former refinery site, natural gas terminal","HighT/I","P726618","P726618 102723 102523 28th and Passyunk SS","P726618 102723 102523 28th and Passyunk SS.D","2023-10-27","2023-10-25","sample","2023-10-18","2023-10-25",10089,2,"432023",1,26.226,"REG",9.904,7.807,"ULOD",3.525,10.047,"REG",3.673,13.58,"ULOD",4.722,0.004,"ND",0.007,1.627,"REG",0.525,1.476,"REG",0.48,1.512,"REG",0.516,3.419,"ULOD",0.861,2.022,"REG",0.551,7.183,"REG",2.633,2.304,"REG",0.876,10.413,"ULOD",6.583,9.293,"ULOD",7.99,0.051,"ND",0.084,3.708,"ULOD",1.62,0.086,"ND",0.143,0.459,"REG",0.293,0.93,"REG",0.406,5.613,"ULOD",2.165,2.704,"ULOD",1.685,5.413,"ULOD",4.54,10.896,"ULOD",5.545,9.907,"ULOD",13.287,7.167,"ULOD",25.638,13.309,"ULOD",67.95,0.415,"ULOD",8.377,8.376,"ULOD",17.474,4.608,"REG",1.704,2.057,"REG",0.71,0.009,"ND",0.016,0.007,"ND",0.011,0.002,"ND",0.003,0.093,"LOD",0.075,0.045,"ND",0.075,0.006,"ND",0.009,0.149,"REG",0.031,0.003,"ND",0.006,0.23599488363092289,0,39.806,"ULOD",57.664,"ULOD","Summer"
"4","28th & Passyunk","stationary","39.92061091, -75.1955879",39.92061091,-75.1955879,"#E41A1C","Industrial","Vacant","High","Oil terminal, gas station, former refinery site, natural gas terminal","HighT/I","P726607","P726607 110923 110123 28th and Passyunk SS","P726607 110923 110123 28th and Passyunk SS.D","2023-11-09","2023-11-01","sample","2023-10-25","2023-11-01",10316,2,"442023",1,36.01,"ULOD",19.26,6.223,"REG",2.341,7.004,"REG",2.56,10.315,"REG",3.5,9.294,"ULOD",6.459,1.953,"REG",0.627,1.866,"REG",0.603,1.66,"REG",0.565,4.882,"REG",0.862,2.247,"REG",0.611,6.826,"REG",2.502,2.426,"REG",0.921,14.641,"REG",5.919,13.642,"ULOD",6.244,3.593,"REG",1.78,5.276,"REG",2.202,2.16,"REG",0.861,0.851,"REG",0.434,2.235,"REG",0.655,5.49,"ULOD",2.277,2.644,"ULOD",1.279,5.297,"ULOD",3.415,15.979,"ULOD",6.247,9.689,"ULOD",9.828,7.009,"ULOD",13.689,13.016,"ULOD",34.701,0.404,"ULOD",1.508,8.196,"ULOD",12.883,3.578,"REG",1.324,0.571,"REG",0.199,0.009,"ND",0.016,0.007,"ND",0.011,0.002,"ND",0.003,0.087,"LOD",0.073,0.044,"ND",0.073,0.005,"ND",0.009,0.73,"REG",0.131,0.7,"REG",0.172,0.23080189811481008,0.54,46.324999999999996,"ULOD",68.846,"ULOD","Summer"
"4","28th & Passyunk","stationary","39.92061091, -75.1955879",39.92061091,-75.1955879,"#E41A1C","Industrial","Vacant","High","Oil terminal, gas station, former refinery site, natural gas terminal","HighT/I","P726660","P726660 111023 110823 28th and Passyunk SS","P726660 111023 110823 28th and Passyunk SS.D","2023-11-10","2023-11-08","sample","2023-11-01","2023-11-08",9900,2,"452023",1,37.523,"ULOD",22.8,9.045,"REG",3.402,9.008,"REG",3.293,11.325,"REG",3.842,9.685,"ULOD",5.645,2.902,"REG",0.928,2.654,"REG",0.855,2.294,"REG",0.777,5.227,"ULOD",1.141,3.073,"REG",0.833,9.389,"REG",3.441,3.972,"REG",1.498,15.977,"ULOD",7.754,14.215,"ULOD",7.993,4.93,"REG",2.441,5.832,"ULOD",2.942,3.914,"REG",1.54,1.609,"REG",0.756,3.836,"REG",1.034,5.72,"ULOD",3.057,2.755,"ULOD",2.079,5.519,"ULOD",5.361,16.65,"ULOD",8.902,10.097,"ULOD",15.233,7.303,"ULOD",22.097,13.563,"ULOD",57.64,0.421,"ULOD",5.503,8.54,"ULOD",16.575,5.407,"REG",2,1.023,"REG",0.354,0.01,"ND",0.016,0.007,"ND",0.011,0.002,"ND",0.003,0.192,"REG",0.088,0.046,"ND",0.076,0.006,"ND",0.01,0.182,"REG",0.036,0.757,"REG",0.186,0.2405002405002405,0.56,48.848,"ULOD",76.586,"ULOD",NA
"4","28th & Passyunk","stationary","39.92061091, -75.1955879",39.92061091,-75.1955879,"#E41A1C","Industrial","Vacant","High","Oil terminal, gas station, former refinery site, natural gas terminal","HighT/I","P733853","P733853 112423 111523 28th & Passyunk SS","P733853 112423 111523 28th & Passyunk SS.D","2023-11-24","2023-11-15","sample","2023-11-08","2023-11-15",10135,2,"462023",1,9.103,"REG",3.438,2.689,"REG",1.012,1.131,"REG",0.414,1.847,"REG",0.632,3.78,"REG",1.499,0.442,"REG",0.165,0.33,"REG",0.132,0.301,"REG",0.134,0.783,"REG",0.174,0.384,"REG",0.127,1.249,"REG",0.461,0.411,"REG",0.21,2.484,"REG",1.004,3.754,"REG",1.022,1.563,"REG",0.779,1.412,"REG",0.592,1.078,"REG",0.454,0.271,"LOD",0.24,0.93,"REG",0.405,1.341,"REG",0.476,0.982,"REG",0.343,2.777,"REG",0.695,3.303,"REG",1.153,6.46,"REG",2.172,8.454,"REG",3.092,19.873,"ULOD",7.765,0.621,"ULOD",0.87,8.092,"REG",3.004,0.519,"REG",0.197,0.125,"REG",0.051,0.027,"LOD",0.021,0.007,"ND",0.011,0.002,"ND",0.003,0.089,"LOD",0.075,1.518,"REG",0.556,0.176,"REG",0.067,0.119,"REG",0.026,0.95,"REG",0.233,0.23492376723753144,0.72,10.95,"REG",18.55,"REG",NA
"4","28th & Passyunk","stationary","39.92061091, -75.1955879",39.92061091,-75.1955879,"#E41A1C","Industrial","Vacant","High","Oil terminal, gas station, former refinery site, natural gas terminal","HighT/I","P733875","P733875 112523 112223 28th & Passyunk SS","P733875 112523 112223 28th & Passyunk SS.D","2023-11-25","2023-11-22","sample","2023-11-15","2023-11-22",10142,2,"472023",1,20.219,"REG",7.636,4.183,"REG",1.574,2.458,"REG",0.898,3.94,"REG",1.339,6.149,"REG",2.438,1.159,"REG",0.379,0.957,"REG",0.317,0.786,"REG",0.279,1.956,"REG",0.359,0.969,"REG",0.272,3.349,"REG",1.228,1.087,"REG",0.432,5.976,"REG",2.416,8.779,"REG",2.39,2.793,"REG",1.385,2.697,"REG",1.127,2.617,"REG",1.037,0.902,"REG",0.456,2.105,"REG",0.629,3.378,"REG",1.163,2.891,"REG",0.979,7.327,"REG",1.822,9.804,"REG",3.385,14.783,"ULOD",5.537,10.693,"ULOD",7.777,19.859,"ULOD",19.618,0.621,"ULOD",2.566,12.504,"ULOD",7.249,1.455,"REG",0.54,0.277,"REG",0.1,0.009,"ND",0.016,0.007,"ND",0.011,0.002,"ND",0.003,0.089,"LOD",0.075,1.428,"REG",0.524,0.266,"REG",0.102,0.832,"REG",0.149,0.949,"REG",0.233,0.23476162304795714,0.72,24.159000000000002,"REG",36.949,"REG",NA
"4","28th & Passyunk","stationary","39.92061091, -75.1955879",39.92061091,-75.1955879,"#E41A1C","Industrial","Vacant","High","Oil terminal, gas station, former refinery site, natural gas terminal","HighT/I","P733893","P733893 120823 112923 28th & Passyunk SS","P733893 120823 112923 28th & Passyunk SS.D","2023-12-08","2023-11-29","sample","2023-11-22","2023-11-29",9989,2,"482023",1,4.446,"REG",1.679,1.349,"REG",0.508,0.515,"REG",0.189,0.908,"REG",0.319,1.719,"REG",0.682,0.262,"REG",0.12,0.167,"REG",0.097,0.153,"LOD",0.103,0.449,"REG",0.134,0.223,"REG",0.095,0.697,"REG",0.261,0.209,"LOD",0.165,1.016,"REG",0.411,1.432,"REG",0.39,1.103,"REG",0.555,0.792,"REG",0.335,0.841,"REG",0.372,0.302,"LOD",0.249,0.747,"REG",0.384,0.425,"REG",0.193,0.464,"REG",0.182,0.93,"REG",0.246,1.211,"REG",0.455,2.052,"REG",0.709,2.895,"REG",1.065,8.187,"REG",3,0.635,"ULOD",0.385,2.37,"REG",0.894,0.023,"ND",0.038,0.029,"LOD",0.03,0.009,"ND",0.016,0.007,"ND",0.011,0.002,"ND",0.003,0.087,"LOD",0.075,1.812,"REG",0.662,0.183,"REG",0.07,0.09,"REG",0.022,0.535,"REG",0.131,0.23835743126963468,0.4,5.354,"REG",8.937,"REG",NA
"4","28th & Passyunk","stationary","39.92061091, -75.1955879",39.92061091,-75.1955879,"#E41A1C","Industrial","Vacant","High","Oil terminal, gas station, former refinery site, natural gas terminal","HighT/I","P726642","P726642 120923 120623 28th & Passyunk SS","P726642 120923 120623 28th & Passyunk SS.D","2023-12-09","2023-12-06","sample","2023-11-29","2023-12-06",10208,2,"492023",1,9.117,"REG",3.443,2.181,"REG",0.821,1.184,"REG",0.433,1.693,"REG",0.581,3.285,"REG",1.302,0.64,"REG",0.221,0.475,"REG",0.172,0.382,"REG",0.155,0.98,"REG",0.202,0.454,"REG",0.143,1.686,"REG",0.62,0.554,"REG",0.252,2.419,"REG",0.978,3.29,"REG",0.896,2.107,"REG",1.047,1.118,"REG",0.47,2.158,"REG",0.86,0.996,"REG",0.494,2.108,"REG",0.628,0.888,"REG",0.328,0.909,"REG",0.319,2.355,"REG",0.591,2.692,"REG",0.945,5.385,"REG",1.813,6.8,"REG",2.488,13.141,"ULOD",6.721,0.621,"ULOD",0.725,5.839,"REG",2.171,0.558,"REG",0.211,0.104,"REG",0.045,0.009,"ND",0.016,0.007,"ND",0.011,0.002,"ND",0.003,0.085,"LOD",0.074,1.507,"REG",0.552,0.179,"REG",0.069,0.148,"REG",0.03,0.446,"REG",0.11,0.23324376772652636,0.34,10.81,"REG",17.46,"REG",NA
"4","28th & Passyunk","stationary","39.92061091, -75.1955879",39.92061091,-75.1955879,"#E41A1C","Industrial","Vacant","High","Oil terminal, gas station, former refinery site, natural gas terminal","HighT/I","P726666","P726666 122123 121323 28th & Passyunk SS","P726666 122123 121323 28th & Passyunk SS.D","2023-12-21","2023-12-13","sample","2023-12-06","2023-12-13",10180,2,"502023",1,11.608,"REG",4.383,2.089,"REG",0.786,1.529,"REG",0.559,2.169,"REG",0.741,3.767,"REG",1.493,0.879,"REG",0.292,0.707,"REG",0.24,0.516,"REG",0.195,1.305,"REG",0.252,0.619,"REG",0.182,2.133,"REG",0.783,0.731,"REG",0.309,2.582,"REG",1.044,3.899,"REG",1.062,2.211,"REG",1.098,1.121,"REG",0.471,3.167,"REG",1.249,1.48,"REG",0.699,3.077,"REG",0.85,1.28,"REG",0.456,1.514,"REG",0.518,3.221,"REG",0.804,3.077,"REG",1.076,6.922,"REG",2.327,7.102,"ULOD",4.141,13.177,"ULOD",10.492,0.413,"ULOD",1.485,8.305,"ULOD",3.375,0.637,"REG",0.24,0.217,"REG",0.08,0.009,"ND",0.016,0.007,"ND",0.011,0.037,"REG",0.013,0.085,"LOD",0.074,2.312,"REG",0.841,0.224,"REG",0.086,0.148,"REG",0.031,1.393,"REG",0.342,0.23388530264758164,1.06,13.777000000000001,"REG",21.162000000000003,"REG","Winter"
"4","28th & Passyunk","stationary","39.92061091, -75.1955879",39.92061091,-75.1955879,"#E41A1C","Industrial","Vacant","High","Oil terminal, gas station, former refinery site, natural gas terminal","HighT/I","P733847","P733847 122123 122023 28th & Passyunk SS","P733847 122123 122023 28th & Passyunk SS.D","2023-12-21","2023-12-20","sample","2023-12-13","2023-12-20",9868,2,"512023",1,5.914,"REG",2.233,1.568,"REG",0.591,0.785,"REG",0.287,1.173,"REG",0.407,2.407,"REG",0.954,0.435,"REG",0.164,0.407,"REG",0.154,0.258,"REG",0.125,0.682,"REG",0.162,0.32,"REG",0.115,1.038,"REG",0.384,0.332,"REG",0.192,1.619,"REG",0.655,2.498,"REG",0.68,1.015,"REG",0.512,0.584,"REG",0.25,1.599,"REG",0.649,0.954,"REG",0.48,1.879,"REG",0.586,1.119,"REG",0.404,1.368,"REG",0.471,1.938,"REG",0.489,1.615,"REG",0.586,4.203,"REG",1.42,7.327,"ULOD",2.868,13.594,"ULOD",7.349,0.426,"ULOD",1.57,5.398,"REG",2.008,0.337,"REG",0.133,0.244,"REG",0.089,0.01,"ND",0.016,0.007,"ND",0.011,0.002,"ND",0.003,0.088,"LOD",0.076,2.569,"REG",0.934,0.185,"REG",0.071,0.153,"REG",0.031,2.684,"REG",0.658,0.24128013588897257,1.98,7.087,"REG",11.847,"REG","Winter"
"4","28th & Passyunk","stationary","39.92061091, -75.1955879",39.92061091,-75.1955879,"#E41A1C","Industrial","Vacant","High","Oil terminal, gas station, former refinery site, natural gas terminal","HighT/I","P726610","P726610 011624 011024 28th & Passyunk SS","P726610 011624 011024 28th & Passyunk SS.D","2024-01-16","2024-01-10","sample","2024-01-03","2024-01-10",10083,2,"22024",1,4.902,"REG",1.851,2.109,"REG",0.794,0.754,"REG",0.276,1.089,"REG",0.379,2.934,"REG",1.164,0.333,"REG",0.137,0.266,"REG",0.116,0.202,"REG",0.112,0.51,"REG",0.139,0.256,"REG",0.101,0.809,"REG",0.301,0.295,"REG",0.181,1.678,"REG",0.679,2.309,"REG",0.629,1.593,"REG",0.795,0.851,"REG",0.36,1.182,"REG",0.493,0.538,"REG",0.319,1.086,"REG",0.431,0.955,"REG",0.35,0.951,"REG",0.333,2.181,"REG",0.548,1.663,"REG",0.601,5.036,"REG",1.697,5.557,"REG",2.034,18.784,"REG",6.86,0.117,"ULOD",0.318,5.563,"REG",2.069,0.263,"REG",0.107,0.096,"REG",0.043,0.009,"ND",0.016,0.007,"ND",0.011,0.03,"REG",0.011,0.053,"LOD",0.073,1.796,"REG",0.656,0.158,"REG",0.061,0.111,"REG",0.024,0.607,"REG",0.149,0.23613531498089668,0.458,5.991,"REG",11.788000000000002,"REG","Winter"
"4","28th & Passyunk","stationary","39.92061091, -75.1955879",39.92061091,-75.1955879,"#E41A1C","Industrial","Vacant","High","Oil terminal, gas station, former refinery site, natural gas terminal","HighT/I","P733857","P733857 012524 011724 28th & Passyunk SS","P733857 012524 011724 28th & Passyunk SS.D","2024-01-25","2024-01-17","sample","2024-01-10","2024-01-17",10351,2,"32024",1,2.38,"REG",0.899,1.437,"REG",0.541,0.399,"REG",0.146,0.51,"REG",0.192,1.449,"REG",0.574,0.144,"LOD",0.095,0.113,"LOD",0.086,0.098,"LOD",0.092,0.247,"REG",0.113,0.106,"LOD",0.077,0.313,"REG",0.125,0.144,"LOD",0.149,0.741,"REG",0.3,1.16,"REG",0.316,0.466,"REG",0.251,0.322,"REG",0.145,0.466,"REG",0.247,0.196,"LOD",0.221,0.564,"REG",0.352,0.41,"REG",0.187,0.294,"REG",0.133,0.726,"REG",0.198,0.717,"REG",0.303,1.67,"REG",0.584,2.515,"REG",0.927,6.947,"REG",2.549,0.423,"ULOD",0.317,2.479,"REG",0.933,0.022,"ND",0.036,0.056,"REG",0.033,0.009,"ND",0.015,0.007,"ND",0.011,0.002,"ND",0.003,0.052,"LOD",0.071,2.711,"REG",0.985,0.154,"REG",0.06,0.108,"REG",0.024,1.936,"REG",0.475,0.23002148400660621,1.498,2.8899999999999997,"REG",6.175,"REG","Winter"
"4","28th & Passyunk","stationary","39.92061091, -75.1955879",39.92061091,-75.1955879,"#E41A1C","Industrial","Vacant","High","Oil terminal, gas station, former refinery site, natural gas terminal","HighT/I","P733881","P733881 012624 012424 28th & Passyunk SS","P733881 012624 012424 28th & Passyunk SS.D","2024-01-26","2024-01-24","sample","2024-01-17","2024-01-24",9678,2,"42024",1,3.602,"REG",1.361,1.743,"REG",0.657,0.561,"REG",0.205,0.781,"REG",0.279,2.626,"REG",1.041,0.251,"REG",0.12,0.19,"REG",0.103,0.158,"LOD",0.106,0.407,"REG",0.132,0.171,"REG",0.089,0.546,"REG",0.207,0.215,"LOD",0.17,1.011,"REG",0.409,1.872,"REG",0.51,0.833,"REG",0.426,0.586,"REG",0.251,0.851,"REG",0.378,0.249,"LOD",0.243,0.823,"REG",0.403,0.702,"REG",0.274,0.441,"REG",0.176,1.228,"REG",0.317,1.278,"REG",0.479,2.871,"REG",0.979,3.922,"REG",1.439,10.621,"REG",3.886,0.453,"ULOD",0.413,4.704,"REG",1.752,0.356,"REG",0.14,0.1,"REG",0.045,0.01,"ND",0.016,0.007,"ND",0.011,0.031,"REG",0.011,0.055,"LOD",0.076,2.058,"REG",0.75,0.165,"REG",0.064,0.302,"REG",0.056,1.739,"REG",0.426,0.2460169850126453,1.258,4.383,"REG",9.313,"REG","Winter"
"4","28th & Passyunk","stationary","39.92061091, -75.1955879",39.92061091,-75.1955879,"#E41A1C","Industrial","Vacant","High","Oil terminal, gas station, former refinery site, natural gas terminal","HighT/I","P733894","P733894 020824 013124 28th & Passyunk SS","P733894 020824 013124 28th & Passyunk SS.D","2024-02-08","2024-01-31","sample","2024-01-24","2024-01-31",10099,2,"52024",1,5.299,"REG",2.001,1.77,"REG",0.666,0.747,"REG",0.274,0.764,"REG",0.273,2.306,"REG",0.914,0.37,"REG",0.146,0.232,"REG",0.109,0.285,"REG",0.13,0.615,"REG",0.152,0.239,"REG",0.098,0.771,"REG",0.287,0.354,"REG",0.195,1.497,"REG",0.605,2.132,"REG",0.581,0.422,"REG",0.232,0.471,"REG",0.205,0.878,"REG",0.383,0.405,"REG",0.277,0.881,"REG",0.398,0.42,"REG",0.192,0.432,"REG",0.172,1.324,"REG",0.339,0.759,"REG",0.317,2.227,"REG",0.766,2.72,"REG",1.002,8.576,"REG",3.141,0.634,"ULOD",0.344,2.593,"REG",0.975,0.35,"REG",0.137,0.052,"REG",0.033,0.009,"ND",0.016,0.007,"ND",0.011,0.002,"ND",0.003,0.12,"REG",0.078,2.062,"REG",0.751,0.215,"REG",0.082,0.269,"REG",0.05,0.424,"REG",0.104,0.23576120219352223,0.32,6.063000000000001,"REG",10.886,"REG","Winter"
"4","28th & Passyunk","stationary","39.92061091, -75.1955879",39.92061091,-75.1955879,"#E41A1C","Industrial","Vacant","High","Oil terminal, gas station, former refinery site, natural gas terminal","HighT/I","P726669","P726669 021524 020724 28th & Passyunk SS","P726669 021524 020724 28th & Passyunk SS.D","2024-02-15","2024-02-07","sample","2024-01-31","2024-02-07",10101,2,"62024",1,4.194,"REG",1.584,2.422,"REG",0.911,0.64,"REG",0.234,0.81,"REG",0.287,2.496,"REG",0.99,0.222,"REG",0.111,0.166,"REG",0.096,0.117,"LOD",0.096,0.324,"REG",0.121,0.202,"REG",0.091,0.69,"REG",0.258,0.236,"LOD",0.168,1.811,"REG",0.732,2.224,"REG",0.606,0.62,"REG",0.323,0.49,"REG",0.212,0.709,"REG",0.326,0.48,"REG",0.3,1.05,"REG",0.425,0.063,"ND",0.105,0.608,"REG",0.224,1.378,"REG",0.352,1.194,"REG",0.449,3.265,"REG",1.108,4.867,"REG",1.783,10.169,"REG",3.721,0.634,"ULOD",0.482,7.949,"REG",2.951,0.233,"REG",0.097,0.052,"REG",0.033,0.009,"ND",0.016,0.007,"ND",0.011,0.037,"REG",0.013,0.087,"LOD",0.075,2.599,"REG",0.944,0.214,"REG",0.082,0.209,"REG",0.04,1.324,"REG",0.325,0.23571452142880714,1,5.004,"REG",10.562,"REG","Winter"
"4","28th & Passyunk","stationary","39.92061091, -75.1955879",39.92061091,-75.1955879,"#E41A1C","Industrial","Vacant","High","Oil terminal, gas station, former refinery site, natural gas terminal","HighT/I","P733847","P733847 021624 021424 28th and Passyunk SS","P733847 021624 021424 28th and Passyunk SS.D","2024-02-16","2024-02-14","sample","2024-02-07","2024-02-14",10012,2,"72024",1,23.855,"REG",9.009,6.77,"REG",2.547,4.136,"REG",1.512,3.599,"REG",1.224,5.161,"REG",2.046,1.751,"REG",0.564,1.488,"REG",0.484,0.864,"REG",0.304,1.861,"REG",0.344,1.723,"REG",0.471,5.933,"REG",2.175,2.529,"REG",0.96,7.585,"REG",3.066,10.365,"REG",2.822,3.145,"REG",1.559,1.895,"REG",0.793,4.175,"ULOD",1.784,2.778,"REG",1.271,6.125,"REG",1.597,0.064,"ND",0.106,2.724,"ULOD",1.02,5.456,"ULOD",1.886,8.232,"ULOD",2.901,9.984,"ULOD",6.228,7.221,"ULOD",9.962,13.412,"ULOD",19.457,0.639,"ULOD",2.156,8.442,"ULOD",20.818,1.262,"REG",0.469,0.13,"REG",0.053,0.009,"ND",0.016,0.007,"ND",0.011,0.002,"ND",0.003,0.036,"ND",0.06,2.351,"REG",0.855,0.353,"REG",0.135,0.211,"REG",0.041,1.336,"REG",0.328,0.23780986625573122,1,27.454,"REG",43.521,"REG","Winter"
"4","28th & Passyunk","stationary","39.92061091, -75.1955879",39.92061091,-75.1955879,"#E41A1C","Industrial","Vacant","High","Oil terminal, gas station, former refinery site, natural gas terminal","HighT/I","P726652","P726652 022924 022124 28th and Passyunk SS","P726652 022924 022124 28th and Passyunk SS.D","2024-02-29","2024-02-21","sample","2024-02-14","2024-02-21",10093,2,"82024",1,2.355,"REG",0.889,1.494,"REG",0.563,0.403,"REG",0.148,0.448,"REG",0.174,1.258,"REG",0.499,0.185,"REG",0.104,0.166,"REG",0.096,0.084,"LOD",0.092,0.205,"LOD",0.113,0.147,"REG",0.084,0.446,"REG",0.171,0.265,"LOD",0.175,0.712,"REG",0.288,1.039,"REG",0.283,0.373,"REG",0.21,0.279,"REG",0.129,0.485,"REG",0.255,0.331,"LOD",0.256,0.671,"REG",0.371,0.063,"ND",0.105,0.324,"REG",0.142,0.54,"REG",0.158,0.759,"REG",0.318,1.337,"REG",0.479,2.328,"REG",0.86,5.654,"REG",2.081,0.313,"REG",0.117,3.599,"REG",1.344,0.154,"REG",0.073,0.014,"ND",0.023,0.009,"ND",0.016,0.007,"ND",0.011,0.002,"ND",0.003,0.054,"LOD",0.073,1.704,"REG",0.623,0.169,"REG",0.065,0.09,"REG",0.022,0.557,"REG",0.137,0.23590135548918867,0.42,2.803,"REG",5.958,"REG","Winter"
"4","28th & Passyunk","stationary","39.92061091, -75.1955879",39.92061091,-75.1955879,"#E41A1C","Industrial","Vacant","High","Oil terminal, gas station, former refinery site, natural gas terminal","HighT/I","P733857","P733857 030124 022824 28th and Passyunk SS","P733857 030124 022824 28th and Passyunk SS.D","2024-03-01","2024-02-28","sample","2024-02-21","2024-02-28",10103,2,"92024",1,5.42,"REG",2.047,1.966,"REG",0.74,0.661,"REG",0.242,0.99,"REG",0.346,1.892,"REG",0.75,0.369,"REG",0.146,0.315,"REG",0.128,0.218,"REG",0.115,0.529,"REG",0.142,0.294,"REG",0.108,0.933,"REG",0.346,0.354,"REG",0.195,1.706,"REG",0.69,2.224,"REG",0.606,0.793,"REG",0.405,0.606,"REG",0.259,1.187,"REG",0.495,1.225,"REG",0.591,1.809,"REG",0.566,0.729,"REG",0.279,0.864,"REG",0.305,1.513,"REG",0.385,1.955,"REG",0.698,3.611,"REG",1.222,5.797,"REG",2.122,14.288,"REG",5.221,0.634,"ULOD",0.248,4.642,"REG",1.728,0.428,"REG",0.165,0.071,"REG",0.037,0.009,"ND",0.016,0.007,"ND",0.011,0.037,"REG",0.013,0.054,"LOD",0.073,1.434,"REG",0.526,0.169,"REG",0.065,0.119,"REG",0.026,0.371,"REG",0.091,0.23566785914603394,0.28,6.41,"REG",10.929,"REG",NA
"4","28th & Passyunk","stationary","39.92061091, -75.1955879",39.92061091,-75.1955879,"#E41A1C","Industrial","Vacant","High","Oil terminal, gas station, former refinery site, natural gas terminal","HighT/I","P726606","P726606 031524 030624 28th and Passyunk SS","P726606 031524 030624 28th and Passyunk SS.D","2024-03-15","2024-03-06","sample","2024-02-28","2024-03-06",10118,2,"102024",1,3.204,"REG",1.21,1.263,"REG",0.476,0.445,"REG",0.163,0.628,"REG",0.229,1.547,"REG",0.614,0.184,"REG",0.104,0.165,"REG",0.096,0.147,"LOD",0.101,0.357,"REG",0.123,0.183,"REG",0.088,0.564,"REG",0.213,0.206,"LOD",0.162,0.874,"REG",0.353,1.269,"REG",0.346,0.193,"REG",0.139,0.265,"REG",0.124,0.523,"REG",0.267,0.529,"REG",0.316,0.749,"REG",0.38,0.616,"REG",0.245,0.349,"REG",0.148,0.886,"REG",0.235,1.132,"REG",0.43,2.115,"REG",0.729,2.424,"REG",0.895,6.526,"REG",2.397,0.398,"ULOD",0.322,2.828,"REG",1.061,0.204,"REG",0.088,0.014,"ND",0.023,0.009,"ND",0.016,0.007,"ND",0.011,0.029,"REG",0.01,0.087,"LOD",0.075,1.789,"REG",0.653,0.13,"REG",0.051,0.088,"REG",0.022,0.601,"REG",0.148,0.2353184800308738,0.45475000000000004,3.8320000000000003,"REG",7.087,"REG",NA
"4","28th & Passyunk","stationary","39.92061091, -75.1955879",39.92061091,-75.1955879,"#E41A1C","Industrial","Vacant","High","Oil terminal, gas station, former refinery site, natural gas terminal","HighT/I","P733851","P733851 031624 031324 28th and Passyunk SS","P733851 031624 031324 28th and Passyunk SS.D","2024-03-16","2024-03-13","sample","2024-03-06","2024-03-13",9999,2,"112024",1,8.077,"REG",3.05,2.216,"REG",0.834,1.015,"REG",0.371,1.48,"REG",0.509,3.987,"REG",1.581,0.317,"REG",0.133,0.284,"REG",0.121,0.268,"REG",0.127,0.741,"REG",0.169,0.259,"REG",0.102,1.022,"REG",0.378,0.447,"REG",0.221,2.101,"REG",0.849,5.115,"REG",1.393,0.644,"REG",0.335,0.638,"REG",0.272,0.699,"REG",0.324,0.686,"REG",0.373,0.885,"REG",0.402,1.444,"REG",0.511,0.803,"REG",0.286,2.536,"REG",0.636,2.356,"REG",0.832,5.789,"REG",1.949,7.226,"ULOD",3.396,13.386,"ULOD",9.422,0.403,"ULOD",1.088,5.356,"REG",1.992,1.037,"REG",0.386,0.296,"REG",0.106,0.009,"ND",0.016,0.007,"ND",0.011,0.03,"REG",0.011,0.055,"LOD",0.073,1.901,"REG",0.693,0.223,"REG",0.085,0.15,"REG",0.031,0.635,"REG",0.156,0.23811905000023811,0.47475,9.557,"REG",16.775,"REG",NA
"4","28th & Passyunk","stationary","39.92061091, -75.1955879",39.92061091,-75.1955879,"#E41A1C","Industrial","Vacant","High","Oil terminal, gas station, former refinery site, natural gas terminal","HighT/I","P726647","P726647 040224 032024 28th & Passyunk SS","P726647 040224 032024 28th & Passyunk SS.D","2024-04-02","2024-03-20","sample","2024-03-13","2024-03-20",10385,2,"122024",1,17.057,"REG",6.442,2.403,"REG",0.904,2.273,"REG",0.831,2.92,"REG",0.994,4.997,"REG",1.981,0.736,"REG",0.249,0.725,"REG",0.245,0.584,"REG",0.214,1.66,"REG",0.309,0.803,"REG",0.228,2.364,"REG",0.868,0.975,"REG",0.391,4.212,"REG",1.703,7.459,"REG",2.031,1.703,"REG",0.848,1.589,"REG",0.665,1.302,"REG",0.535,0.842,"REG",0.43,1.673,"REG",0.533,2.236,"REG",0.775,2.297,"REG",0.78,4.73,"REG",1.178,5.126,"REG",1.776,10.82,"REG",3.631,10.438,"ULOD",7.669,19.353,"ULOD",19.238,0.593,"ULOD",1.463,12.199,"ULOD",5.008,0.809,"REG",0.302,0.118,"REG",0.049,0.009,"ND",0.015,0.007,"ND",0.011,0.043,"REG",0.015,0.117,"LOD",0.076,2.266,"REG",0.824,0.215,"REG",0.083,0.086,"REG",0.021,1.539,"REG",0.378,0.22926840452117295,1.19475,19.976999999999997,"REG",29.65,"REG",NA
"4","28th & Passyunk","stationary","39.92061091, -75.1955879",39.92061091,-75.1955879,"#E41A1C","Industrial","Vacant","High","Oil terminal, gas station, former refinery site, natural gas terminal","HighT/I","P733860","P733860 041224 041024 28th & Passyunk SS","P733860 041224 041024 28th & Passyunk SS.D","2024-04-12","2024-04-10","sample","2024-04-03","2024-04-10",10048,2,"152024",1,7.217,"REG",2.726,1.361,"REG",0.513,0.835,"REG",0.305,1.403,"REG",0.484,1.766,"REG",0.7,0.576,"REG",0.203,0.533,"REG",0.189,0.371,"REG",0.153,0.412,"REG",0.129,0.498,"REG",0.153,1.631,"REG",0.6,0.504,"REG",0.237,1.888,"REG",0.764,2.675,"REG",0.729,0.565,"REG",0.298,0.635,"REG",0.271,1.116,"REG",0.469,0.787,"REG",0.412,1.283,"REG",0.465,1.183,"REG",0.425,0.611,"REG",0.225,2.199,"REG",0.553,2.735,"REG",0.96,5.223,"REG",1.759,5.14,"REG",1.883,13.748,"REG",5.024,0.629,"ULOD",0.524,5.806,"REG",2.159,0.409,"REG",0.158,0.057,"REG",0.034,0.009,"ND",0.016,0.007,"ND",0.011,0.03,"REG",0.011,0.041,"LOD",0.072,1.171,"REG",0.433,0.136,"REG",0.053,0.09,"REG",0.022,0.32,"REG",0.079,0.2369578404610252,0.24,8.62,"REG",12.581999999999999,"REG",NA
"4","28th & Passyunk","stationary","39.92061091, -75.1955879",39.92061091,-75.1955879,"#E41A1C","Industrial","Vacant","High","Oil terminal, gas station, former refinery site, natural gas terminal","HighT/I","P733883","P733883 042624 041724 28th and Passyunk SS","P733883 042624 041724 28th and Passyunk SS.D","2024-04-26","2024-04-17","sample","2024-04-10","2024-04-17",10170,2,"162024",1,5.18,"REG",1.956,0.991,"REG",0.374,0.611,"REG",0.224,0.982,"REG",0.344,1.397,"REG",0.554,0.404,"REG",0.154,0.362,"REG",0.141,0.25,"REG",0.121,0.526,"REG",0.141,0.31,"REG",0.111,1.087,"REG",0.402,0.322,"REG",0.187,1.371,"REG",0.555,1.857,"REG",0.506,0.559,"REG",0.294,0.474,"REG",0.206,0.935,"REG",0.403,0.63,"REG",0.35,1.017,"REG",0.417,0.807,"REG",0.303,0.724,"REG",0.26,1.555,"REG",0.395,1.783,"REG",0.641,3.735,"REG",1.263,5.434,"REG",1.989,13.121,"REG",4.796,0.621,"ULOD",0.421,5.611,"REG",2.087,0.287,"REG",0.115,0.057,"REG",0.034,0.009,"ND",0.016,0.007,"ND",0.011,0.002,"ND",0.003,0.041,"LOD",0.072,2.047,"REG",0.746,0.135,"REG",0.052,0.089,"REG",0.022,0.71,"REG",0.174,0.234115278363066,0.54,6.162,"REG",9.160999999999998,"REG",NA
"4","28th & Passyunk","stationary","39.92061091, -75.1955879",39.92061091,-75.1955879,"#E41A1C","Industrial","Vacant","High","Oil terminal, gas station, former refinery site, natural gas terminal","HighT/I","P733867","P733867 042724 042424 28th and Passyunk SS","P733867 042724 042424 28th and Passyunk SS.D","2024-04-27","2024-04-24","sample","2024-04-17","2024-04-24",9801,2,"172024",1,6.988,"REG",2.639,1.375,"REG",0.518,0.811,"REG",0.297,1.206,"REG",0.418,1.417,"REG",0.562,0.571,"REG",0.202,0.495,"REG",0.179,0.328,"REG",0.143,0.774,"REG",0.175,0.416,"REG",0.136,1.588,"REG",0.584,0.517,"REG",0.244,1.72,"REG",0.696,2.431,"REG",0.662,1.191,"REG",0.599,0.69,"REG",0.294,1.752,"REG",0.707,0.883,"REG",0.452,1.707,"REG",0.552,0.751,"REG",0.288,0.835,"REG",0.297,2.059,"REG",0.519,2.299,"REG",0.814,4.895,"REG",1.651,7.077,"REG",2.589,17.314,"REG",6.324,0.644,"ULOD",0.689,6.125,"REG",2.277,0.419,"REG",0.162,0.059,"REG",0.035,0.01,"ND",0.016,0.007,"ND",0.011,0.031,"REG",0.011,0.043,"LOD",0.074,2.125,"REG",0.774,0.14,"REG",0.054,0.062,"REG",0.019,0.901,"REG",0.221,0.2429295358588288,0.66,8.194,"REG",11.797,"REG",NA
"4","28th & Passyunk","stationary","39.92061091, -75.1955879",39.92061091,-75.1955879,"#E41A1C","Industrial","Vacant","High","Oil terminal, gas station, former refinery site, natural gas terminal","HighT/I","P726607","P726607 051324 050124 28th SS.D","P726607 051324 050124 28th SS.D","2024-05-13","2024-05-01","sample","2024-04-24","2024-05-01",10190,2,"182024",1,35.786,"REG",13.514,3.997,"REG",1.504,4.125,"REG",1.508,6.644,"REG",2.255,7.392,"REG",2.931,2.343,"REG",0.751,2.217,"REG",0.715,1.53,"REG",0.523,3.775,"REG",0.67,2.275,"REG",0.618,7.071,"REG",2.592,2.046,"REG",0.781,8.999,"REG",3.638,10.414,"REG",2.835,7.025,"ULOD",3.622,4.676,"REG",1.952,6.984,"REG",2.734,5.026,"REG",2.277,8.428,"REG",2.174,2.89,"REG",0.997,3.975,"REG",1.344,8.043,"ULOD",2.02,10.788,"REG",3.725,14.714,"ULOD",5.988,10.643,"ULOD",4.293,19.766,"ULOD",27.532,0.621,"ULOD",2.068,12.445,"ULOD",7.845,1.6,"REG",0.593,0.225,"REG",0.082,0.009,"ND",0.016,0.007,"ND",0.011,0.118,"REG",0.039,0.348,"REG",0.115,3.376,"REG",1.224,0.349,"REG",0.133,0.178,"REG",0.035,0.47,"REG",0.116,0.23365577830739753,0.358,42.43,"REG",57.943999999999996,"REG",NA
"4","28th & Passyunk","stationary","39.92061091, -75.1955879",39.92061091,-75.1955879,"#E41A1C","Industrial","Vacant","High","Oil terminal, gas station, former refinery site, natural gas terminal","HighT/I","P726642","P726642 051224 050824 28th SS","P726642 051224 050824 28th SS.D","2024-05-12","2024-05-08","sample","2024-05-01","2024-05-08",10252,2,"192024",1,4.797,"REG",1.812,1.305,"REG",0.492,0.521,"REG",0.191,0.991,"REG",0.346,1.763,"REG",0.699,0.346,"REG",0.139,0.294,"REG",0.122,0.215,"REG",0.113,0.488,"REG",0.136,0.271,"REG",0.103,0.915,"REG",0.339,0.233,"LOD",0.166,1.284,"REG",0.519,1.664,"REG",0.453,1.038,"REG",0.523,0.583,"REG",0.25,1.238,"REG",0.512,0.881,"REG",0.447,1.518,"REG",0.505,0.663,"REG",0.259,1.038,"REG",0.361,1.252,"REG",0.322,1.447,"REG",0.53,2.974,"REG",1.011,2.504,"REG",0.923,15.652,"REG",5.718,0.618,"ULOD",0.597,4.124,"REG",1.537,0.278,"REG",0.112,0.054,"REG",0.033,0.009,"ND",0.016,0.007,"ND",0.011,0.002,"ND",0.003,0.085,"REG",0.073,1.943,"REG",0.708,0.124,"REG",0.049,0.088,"REG",0.022,0.232,"REG",0.057,0.23224272151310776,0.178,5.787999999999999,"REG",9.376999999999999,"REG",NA
"4","28th & Passyunk","stationary","39.92061091, -75.1955879",39.92061091,-75.1955879,"#E41A1C","Industrial","Vacant","High","Oil terminal, gas station, former refinery site, natural gas terminal","HighT/I","P733849","P733849 052324 051524 28th SS","P733849 052324 051524 28th SS.D","2024-05-23","2024-05-15","sample","2024-05-08","2024-05-15",10145,2,"202024",1,3.809,"REG",1.439,0.905,"REG",0.342,0.398,"REG",0.146,0.709,"REG",0.255,1.118,"REG",0.443,0.368,"REG",0.145,0.281,"REG",0.12,0.201,"REG",0.111,0.408,"REG",0.128,0.274,"REG",0.104,0.884,"REG",0.328,0.323,"REG",0.187,1.663,"REG",0.673,2.029,"REG",0.553,0.926,"REG",0.469,0.551,"REG",0.236,1.614,"REG",0.653,1.448,"REG",0.685,2.332,"REG",0.679,0.726,"REG",0.278,0.686,"REG",0.248,2.047,"REG",0.515,2.384,"REG",0.841,5.468,"REG",1.841,7.127,"ULOD",3.128,13.236,"ULOD",7.419,0.414,"ULOD",0.586,8.334,"ULOD",5.61,0.281,"REG",0.113,0.055,"REG",0.034,0.009,"ND",0.016,0.007,"ND",0.011,0.002,"ND",0.003,0.053,"LOD",0.072,2.231,"REG",0.812,0.126,"REG",0.049,0.089,"REG",0.022,0.867,"REG",0.213,0.23469220117815487,0.658,4.518,"REG",6.939,"REG",NA
"4","28th & Passyunk","stationary","39.92061091, -75.1955879",39.92061091,-75.1955879,"#E41A1C","Industrial","Vacant","High","Oil terminal, gas station, former refinery site, natural gas terminal","HighT/I","P733871","P733871 052424 052224 28th SS","P733871 052424 052224 28th SS.D","2024-05-24","2024-05-22","sample","2024-05-15","2024-05-22",9851,2,"212024",1,3.199,"REG",1.208,0.73,"REG",0.276,0.366,"REG",0.135,0.637,"REG",0.233,2.453,"REG",0.973,0.208,"REG",0.11,0.153,"LOD",0.095,0.138,"LOD",0.102,0.298,"REG",0.121,0.17,"REG",0.088,0.495,"REG",0.189,0.151,"LOD",0.157,0.934,"REG",0.378,1.255,"REG",0.342,0.599,"REG",0.314,0.429,"REG",0.188,0.741,"REG",0.339,0.65,"REG",0.362,1.146,"REG",0.446,0.633,"REG",0.252,0.554,"REG",0.209,1.497,"REG",0.382,1.06,"REG",0.409,3.145,"REG",1.069,4.661,"REG",1.708,11.654,"REG",4.262,0.426,"ULOD",0.438,4.506,"REG",1.679,0.209,"REG",0.09,0.057,"REG",0.034,0.056,"REG",0.029,0.007,"ND",0.011,0.038,"REG",0.013,0.054,"LOD",0.075,1.93,"REG",0.704,0.13,"REG",0.051,0.092,"REG",0.022,0.622,"REG",0.153,0.2416965161864157,0.458,3.836,"REG",7.385,"REG",NA
"4","28th & Passyunk","stationary","39.92061091, -75.1955879",39.92061091,-75.1955879,"#E41A1C","Industrial","Vacant","High","Oil terminal, gas station, former refinery site, natural gas terminal","HighT/I","P733891","P733891 060624 052924 28th SS","P733891 060624 052924 28th SS.D","2024-06-06","2024-05-29","sample","2024-05-22","2024-05-29",10297,2,"222024",1,2.832,"REG",1.07,0.727,"REG",0.275,0.292,"REG",0.108,0.618,"REG",0.225,1.175,"REG",0.466,0.271,"REG",0.12,0.228,"REG",0.107,0.165,"LOD",0.103,0.335,"REG",0.12,0.197,"REG",0.089,0.789,"REG",0.293,0.174,"LOD",0.155,1.018,"REG",0.412,1.212,"REG",0.33,0.704,"REG",0.362,0.423,"REG",0.186,1.074,"REG",0.452,0.987,"REG",0.49,1.639,"REG",0.528,0.687,"REG",0.266,0.861,"REG",0.304,1.38,"REG",0.352,1.602,"REG",0.58,3.204,"REG",1.087,4.913,"REG",1.799,12.062,"REG",4.41,0.618,"ULOD",0.289,5.214,"REG",1.939,0.296,"REG",0.118,0.019,"LOD",0.028,0.061,"REG",0.03,0.007,"ND",0.011,0.002,"ND",0.003,0.075,"LOD",0.072,0.967,"REG",0.36,0.133,"REG",0.052,0.087,"REG",0.022,0.286,"REG",0.07,0.23122777323029825,0.22,3.4499999999999997,"REG",5.644,"REG",NA
"4","28th & Passyunk","stationary","39.92061091, -75.1955879",39.92061091,-75.1955879,"#E41A1C","Industrial","Vacant","High","Oil terminal, gas station, former refinery site, natural gas terminal","HighT/I","P726615","P726615 060724 060524 28th SS","P726615 060724 060524 28th SS.D","2024-06-07","2024-06-05","sample","2024-05-29","2024-06-05",10069,2,"232024",1,2.404,"REG",0.908,0.625,"REG",0.237,0.255,"REG",0.095,0.518,"REG",0.195,0.883,"REG",0.35,0.043,"ND",0.072,0.15,"LOD",0.093,0.135,"LOD",0.099,0.257,"REG",0.116,0.146,"REG",0.084,0.523,"REG",0.198,0.118,"LOD",0.15,0.779,"REG",0.315,1.029,"REG",0.281,0.299,"REG",0.179,0.24,"REG",0.115,0.534,"REG",0.271,0.486,"REG",0.302,0.872,"REG",0.398,0.534,"REG",0.222,0.636,"REG",0.233,1.031,"REG",0.27,1.147,"REG",0.434,2.432,"REG",0.833,3.984,"REG",1.461,9.868,"REG",3.611,0.632,"ULOD",0.347,3.988,"REG",1.488,0.263,"REG",0.107,0.038,"LOD",0.031,0.063,"REG",0.031,0.007,"ND",0.011,0.036,"REG",0.012,0.109,"REG",0.077,0.899,"REG",0.337,0.136,"REG",0.053,0.21,"REG",0.04,0.239,"REG",0.059,0.2364636389862331,0.18,2.9219999999999997,"REG",4.685,"REG",NA
"4","28th & Passyunk","stationary","39.92061091, -75.1955879",39.92061091,-75.1955879,"#E41A1C","Industrial","Vacant","High","Oil terminal, gas station, former refinery site, natural gas terminal","HighT/I","P726652","P726652 062124 061224 28th SS","P726652 062124 061224 28th SS.D","2024-06-21","2024-06-12","sample","2024-06-05","2024-06-12",9861,2,"242024",1,12.386,"REG",4.677,0.82,"REG",0.31,1.494,"REG",0.546,1.664,"REG",0.571,1.455,"REG",0.577,0.718,"REG",0.245,0.679,"REG",0.232,0.464,"REG",0.18,1.347,"REG",0.26,0.676,"REG",0.198,2.403,"REG",0.882,0.786,"REG",0.329,1.894,"REG",0.766,1.67,"REG",0.455,1.091,"REG",0.549,0.916,"REG",0.386,1.294,"REG",0.535,1.069,"REG",0.527,1.711,"REG",0.552,1.062,"REG",0.386,0.705,"REG",0.255,1.912,"REG",0.482,2.787,"REG",0.978,4.46,"REG",1.505,3.921,"REG",1.438,10.689,"REG",3.911,0.529,"REG",0.197,4.93,"REG",1.835,0.309,"REG",0.123,0.039,"LOD",0.031,0.064,"REG",0.031,0.007,"ND",0.011,0.036,"REG",0.013,0.044,"LOD",0.074,1.285,"REG",0.474,0.139,"REG",0.054,0.061,"REG",0.019,0.244,"REG",0.06,0.2414514127322159,0.18,14.049999999999999,"REG",17.819000000000003,"REG",NA
"4","28th & Passyunk","stationary","39.92061091, -75.1955879",39.92061091,-75.1955879,"#E41A1C","Industrial","Vacant","High","Oil terminal, gas station, former refinery site, natural gas terminal","HighT/I","P726660","P726660 062124 061924 28th SS","P726660 062124 061924 28th SS.D","2024-06-21","2024-06-19","sample","2024-06-12","2024-06-19",10151,2,"252024",1,4.918,"REG",1.857,0.816,"REG",0.308,0.596,"REG",0.218,0.919,"REG",0.323,1.192,"REG",0.473,0.043,"ND",0.071,0.379,"REG",0.145,0.251,"REG",0.121,0.493,"REG",0.137,0.31,"REG",0.111,1.124,"REG",0.415,0.323,"REG",0.187,1.684,"REG",0.681,1.669,"REG",0.455,0.912,"REG",0.462,0.756,"REG",0.32,1.173,"REG",0.489,1.224,"REG",0.589,1.704,"REG",0.544,1.032,"REG",0.375,0.591,"REG",0.219,1.642,"REG",0.416,2.274,"REG",0.805,3.988,"REG",1.348,3.702,"REG",1.358,9.921,"REG",3.63,0.465,"REG",0.174,6.33,"REG",2.352,0.022,"ND",0.038,0.038,"LOD",0.03,0.116,"REG",0.048,0.007,"ND",0.011,0.028,"REG",0.01,0.01,"LOD",0.071,1.159,"REG",0.428,0.09,"REG",0.036,0.03,"REG",0.016,0.211,"REG",0.052,0.23455348053909772,0.16,5.837,"REG",8.441,"REG",NA
"4","28th & Passyunk","stationary","39.92061091, -75.1955879",39.92061091,-75.1955879,"#E41A1C","Industrial","Vacant","High","Oil terminal, gas station, former refinery site, natural gas terminal","HighT/I","P733848","P733848 062724 061924 28th SS","P733848 062724 061924 28th SS.D","2024-06-27","2024-06-19","sample","2024-06-19","2024-06-26",10080,2,"262024",1,1.694,"REG",0.64,0.406,"REG",0.156,0.212,"REG",0.079,0.336,"REG",0.142,0.739,"REG",0.293,0.147,"LOD",0.098,0.116,"LOD",0.088,0.101,"LOD",0.094,0.12,"LOD",0.109,0.091,"LOD",0.078,0.319,"REG",0.127,0.059,"LOD",0.145,0.516,"REG",0.209,0.515,"REG",0.141,0.298,"REG",0.179,0.22,"REG",0.108,0.393,"REG",0.23,0.299,"LOD",0.247,0.533,"LOD",0.357,0.421,"REG",0.192,0.27,"REG",0.129,0.434,"REG",0.136,0.655,"REG",0.289,1.091,"REG",0.404,1.289,"REG",0.487,2.997,"REG",1.127,0.199,"REG",0.074,1.845,"REG",0.703,0.067,"REG",0.051,0.014,"ND",0.023,0.108,"REG",0.045,0.007,"ND",0.011,0.002,"ND",0.003,0.01,"LOD",0.072,1.078,"REG",0.4,0.09,"REG",0.036,0.03,"REG",0.016,0.319,"REG",0.079,0.2362055933484505,0.24,2.03,"REG",3.387,"REG",NA
"5","28th & Point Breeze","stationary","39.92624784, -75.1923165",39.92624784,-75.1923165,"#FF7F00","Non-Industrial","Residential","Low","Laundromat","LowT/NoI","P733882","P733882 071323 070523 Point Breeze Near 1WK SS","P733882 071323 070523 Point Breeze Near 1WK SS.D","2023-07-13","2023-07-05","sample","2023-06-28","2023-07-05",10405,2,"272023",1,1.817,"REG",0.686,1.027,"REG",0.387,0.355,"REG",0.13,0.505,"REG",0.19,1.212,"REG",0.48,0.144,"LOD",0.095,0.032,"LOD",0.078,0.114,"LOD",0.094,0.249,"REG",0.113,0.107,"LOD",0.077,0.315,"REG",0.125,0.143,"LOD",0.149,0.505,"REG",0.205,0.508,"REG",0.139,0.049,"ND",0.082,0.114,"REG",0.073,0.28,"REG",0.199,0.231,"LOD",0.226,0.446,"LOD",0.339,0.544,"REG",0.223,0.236,"REG",0.118,0.42,"REG",0.132,0.522,"REG",0.25,0.961,"REG",0.362,1.042,"REG",0.399,2.597,"REG",0.983,0.133,"REG",0.05,1.544,"REG",0.594,0.114,"REG",0.061,0.053,"REG",0.032,0.134,"REG",0.055,0.007,"ND",0.011,0.002,"ND",0.003,0.064,"LOD",0.071,1.131,"REG",0.418,0.088,"REG",0.035,0.058,"REG",0.018,0.206,"REG",0.051,0.22882771561291507,0.16,2.322,"REG",4.9159999999999995,"REG",NA
"5","28th & Point Breeze","stationary","39.92624784, -75.1923165",39.92624784,-75.1923165,"#FF7F00","Non-Industrial","Residential","Low","Laundromat","LowT/NoI","P726650","P726650 071323 071223 Point Breeze Near 1WK SS","P726650 071323 071223 Point Breeze Near 1WK SS.D","2023-07-13","2023-07-12","sample","2023-07-05","2023-07-12",9711,2,"282023",1,2.521,"REG",0.952,0.668,"REG",0.253,0.425,"REG",0.156,0.682,"REG",0.248,1.397,"REG",0.554,0.192,"REG",0.108,0.155,"LOD",0.097,0.14,"LOD",0.103,0.338,"REG",0.126,0.153,"REG",0.087,0.464,"REG",0.178,0.184,"LOD",0.164,0.65,"REG",0.263,0.69,"REG",0.189,0.068,"REG",0.111,0.223,"REG",0.11,0.388,"REG",0.234,0.364,"REG",0.27,0.74,"REG",0.391,0.525,"REG",0.222,0.351,"REG",0.151,0.591,"REG",0.171,0.729,"REG",0.313,1.39,"REG",0.499,1.414,"REG",0.533,3.889,"REG",1.447,0.222,"REG",0.083,2.089,"REG",0.793,0.204,"REG",0.089,0.017,"LOD",0.029,0.134,"REG",0.055,0.007,"ND",0.011,0.002,"ND",0.003,0.103,"LOD",0.079,1.119,"REG",0.415,0.141,"REG",0.055,0.062,"REG",0.019,0.22,"REG",0.054,0.24518096807253434,0.16,3.203,"REG",5.693,"REG",NA
"5","28th & Point Breeze","stationary","39.92624784, -75.1923165",39.92624784,-75.1923165,"#FF7F00","Non-Industrial","Residential","Low","Laundromat","LowT/NoI","P637229","P637229 072723 071923 Point Breeze Near 1WK DS","P637229 072723 071923 Point Breeze Near 1WK DS.D","2023-07-27","2023-07-19","sample","2023-07-12","2023-07-19",10053,14.3,"292023",1,7.904,"REG",2.985,1.473,"REG",0.555,1.235,"REG",0.452,2.111,"REG",0.721,3.156,"REG",1.251,0.664,"LOD",0.228,0.595,"LOD",0.207,0.482,"LOD",0.185,1.104,"LOD",0.221,0.528,"LOD",0.16,1.748,"REG",0.642,0.636,"LOD",0.278,2.175,"REG",0.879,1.97,"REG",0.537,0.79,"LOD",0.404,0.897,"REG",0.379,1.279,"LOD",0.529,1.241,"LOD",0.597,2.378,"LOD",0.69,1.41,"LOD",0.499,0.97,"LOD",0.34,1.749,"REG",0.443,2.73,"REG",0.958,4.265,"REG",1.44,5.657,"REG",2.071,13.798,"REG",5.042,0.868,"REG",0.324,9.321,"REG",3.459,0.203,"LOD",0.087,0.014,"ND",0.023,0.318,"REG",0.123,0.007,"ND",0.011,0.107,"REG",0.036,0.238,"LOD",0.094,3.219,"REG",1.168,0.325,"REG",0.124,0.214,"REG",0.041,0.951,"REG",0.234,0.2368399861685448,0.7150000000000001,10.015,"REG",15.879000000000001,"REG",NA
"5","28th & Point Breeze","stationary","39.92624784, -75.1923165",39.92624784,-75.1923165,"#FF7F00","Non-Industrial","Residential","Low","Laundromat","LowT/NoI","P726614","P726614 072823 072623 Point Breeze Near 1WK DS","P726614 072823 072623 Point Breeze Near 1WK DS.D","2023-07-28","2023-07-26","sample","2023-07-19","2023-07-26",9926,14.3,"302023",1,5.996,"REG",2.264,1.348,"REG",0.508,0.938,"REG",0.343,1.645,"REG",0.564,2.503,"REG",0.993,0.403,"LOD",0.155,0.041,"ND",0.068,0.366,"LOD",0.152,0.621,"LOD",0.154,0.267,"LOD",0.104,0.885,"REG",0.328,0.215,"LOD",0.166,1.441,"REG",0.582,1.319,"REG",0.359,0.621,"LOD",0.324,0.628,"REG",0.268,0.886,"LOD",0.388,0.714,"LOD",0.385,1.487,"LOD",0.506,1.02,"LOD",0.372,0.688,"LOD",0.25,0.984,"LOD",0.259,1.577,"LOD",0.574,2.52,"REG",0.863,3.385,"REG",1.244,9.138,"REG",3.346,1.033,"REG",0.386,4.263,"REG",1.589,0.205,"LOD",0.089,0.014,"ND",0.024,0.256,"LOD",0.1,0.007,"ND",0.011,0.108,"REG",0.036,0.241,"LOD",0.096,3.26,"REG",1.183,0.329,"REG",0.125,0.217,"REG",0.041,1.156,"REG",0.284,0.23987027815357453,0.858,7.641,"REG",12.43,"REG",NA
"5","28th & Point Breeze","stationary","39.92624784, -75.1923165",39.92624784,-75.1923165,"#FF7F00","Non-Industrial","Residential","Low","Laundromat","LowT/NoI","P726652","P726652 081023 080223 Point Breeze Near 1WK SS","P726652 081023 080223 Point Breeze Near 1WK SS.D","2023-08-10","2023-08-02","sample","2023-07-26","2023-08-02",10102,2,"312023",1,1.928,"REG",0.728,0.682,"REG",0.258,0.322,"REG",0.119,0.52,"REG",0.196,1.175,"REG",0.466,0.148,"LOD",0.098,0.116,"LOD",0.088,0.117,"LOD",0.096,0.253,"REG",0.116,0.107,"LOD",0.079,0.318,"REG",0.127,0.147,"LOD",0.153,0.532,"REG",0.216,0.558,"REG",0.153,0.478,"REG",0.258,0.289,"REG",0.133,0.403,"REG",0.233,0.379,"REG",0.268,0.633,"REG",0.366,0.392,"REG",0.184,0.297,"REG",0.135,0.46,"REG",0.142,0.58,"REG",0.269,1.088,"REG",0.403,1.145,"REG",0.436,3.168,"REG",1.187,0.243,"REG",0.091,1.548,"REG",0.597,0.022,"ND",0.038,0.038,"LOD",0.031,0.167,"REG",0.067,0.007,"ND",0.011,0.002,"ND",0.003,0.099,"LOD",0.076,1.254,"REG",0.462,0.181,"REG",0.069,0.09,"REG",0.022,0.371,"REG",0.091,0.23569118797786387,0.28,2.448,"REG",4.627000000000001,"REG",NA
"5","28th & Point Breeze","stationary","39.92624784, -75.1923165",39.92624784,-75.1923165,"#FF7F00","Non-Industrial","Residential","Low","Laundromat","LowT/NoI","P733847","P733847 081123 080923 Point Breeze Near 1WK SS","P733847 081123 080923 Point Breeze Near 1WK SS.D","2023-08-11","2023-08-09","sample","2023-08-02","2023-08-09",10062,2,"322023",1,2.52,"REG",0.952,0.724,"REG",0.274,0.41,"REG",0.151,0.613,"REG",0.225,1.036,"REG",0.411,0.223,"REG",0.112,0.183,"REG",0.099,0.151,"LOD",0.102,0.34,"REG",0.122,0.163,"REG",0.086,0.523,"REG",0.198,0.207,"LOD",0.163,0.666,"REG",0.27,0.607,"REG",0.166,0.405,"REG",0.225,0.368,"REG",0.164,0.432,"REG",0.241,0.456,"REG",0.292,0.72,"REG",0.378,0.647,"REG",0.255,0.379,"REG",0.157,0.625,"REG",0.177,0.965,"REG",0.378,1.589,"REG",0.56,1.545,"REG",0.578,3.848,"REG",1.43,0.34,"REG",0.127,2.311,"REG",0.872,0.023,"ND",0.038,0.038,"LOD",0.031,0.24,"REG",0.094,0.007,"ND",0.011,0.002,"ND",0.003,0.1,"LOD",0.076,1.349,"REG",0.496,0.182,"REG",0.07,0.06,"REG",0.018,0.558,"REG",0.137,0.2366281436048878,0.42,3.133,"REG",5.302999999999999,"REG",NA
"5","28th & Point Breeze","stationary","39.92624784, -75.1923165",39.92624784,-75.1923165,"#FF7F00","Non-Industrial","Residential","Low","Laundromat","LowT/NoI","P733859","P733859 082423 081623 Point Breeze Near SS","P733859 082423 081623 Point Breeze Near SS.D","2023-08-24","2023-08-16","sample","2023-08-09","2023-08-16",10200,1.3,"332023",1,2.306,"REG",0.871,0.625,"REG",0.237,0.429,"REG",0.158,0.626,"REG",0.228,1.435,"REG",0.569,0.167,"REG",0.1,0.04,"ND",0.066,0.141,"REG",0.099,0.349,"REG",0.122,0.139,"REG",0.082,0.385,"REG",0.15,0.19,"REG",0.159,0.664,"REG",0.269,0.591,"REG",0.161,0.544,"REG",0.287,0.358,"REG",0.16,0.478,"REG",0.253,0.652,"REG",0.359,0.163,"ND",0.272,0.559,"REG",0.228,0.269,"REG",0.127,0.505,"REG",0.15,0.753,"REG",0.314,1.178,"REG",0.43,1.06,"REG",0.406,2.802,"REG",1.057,0.188,"REG",0.07,1.563,"REG",0.601,0.144,"REG",0.069,0.025,"LOD",0.029,0.141,"REG",0.057,0.007,"ND",0.011,0.002,"ND",0.003,0.127,"REG",0.078,1.038,"REG",0.386,0.145,"REG",0.056,0.096,"REG",0.022,0.221,"REG",0.054,0.2334267040149393,0.169,2.932,"REG",5.421,"REG","Summer"
"5","28th & Point Breeze","stationary","39.92624784, -75.1923165",39.92624784,-75.1923165,"#FF7F00","Non-Industrial","Residential","Low","Laundromat","LowT/NoI","P733879","P733879 082523 082323 Point Breeze Near SS","P733879 082523 082323 Point Breeze Near SS.D","2023-08-25","2023-08-23","sample","2023-08-16","2023-08-23",10015,2,"342023",1,3.244,"REG",1.225,0.947,"REG",0.357,0.65,"REG",0.238,0.866,"REG",0.306,2.194,"REG",0.87,0.205,"REG",0.109,0.167,"REG",0.097,0.169,"LOD",0.106,0.428,"REG",0.131,0.164,"REG",0.086,0.402,"REG",0.156,0.208,"LOD",0.164,0.775,"REG",0.314,0.633,"REG",0.173,2.402,"REG",1.193,1.497,"REG",0.627,0.633,"REG",0.302,0.833,"REG",0.43,1.064,"REG",0.429,0.537,"REG",0.224,0.313,"REG",0.14,0.518,"REG",0.154,0.64,"REG",0.285,1.098,"REG",0.407,1.047,"REG",0.402,2.793,"REG",1.055,0.194,"REG",0.073,1.013,"REG",0.41,0.217,"REG",0.092,0.038,"LOD",0.031,0.087,"REG",0.038,0.007,"ND",0.011,0.002,"ND",0.003,0.2,"REG",0.089,1.085,"REG",0.403,0.137,"REG",0.053,0.09,"REG",0.022,0.213,"REG",0.053,0.23773863015001306,0.16,4.11,"REG",7.901,"REG","Summer"
"5","28th & Point Breeze","stationary","39.92624784, -75.1923165",39.92624784,-75.1923165,"#FF7F00","Non-Industrial","Residential","Low","Laundromat","LowT/NoI","P733869","P733869 090723 083023 Point Breeze near SS","P733869 090723 083023 Point Breeze near SS.D","2023-09-07","2023-08-30","sample","2023-08-23","2023-08-30",10013,2,"352023",1,3.095,"REG",1.169,0.698,"REG",0.264,0.562,"REG",0.206,0.751,"REG",0.269,1.473,"REG",0.584,0.242,"REG",0.116,0.04,"ND",0.067,0.161,"REG",0.104,0.413,"REG",0.13,0.13,"LOD",0.082,0.532,"REG",0.202,0.265,"LOD",0.175,0.823,"REG",0.333,0.847,"REG",0.231,0.14,"REG",0.123,0.394,"REG",0.174,0.345,"REG",0.219,0.351,"LOD",0.262,0.6,"REG",0.366,0.679,"REG",0.265,0.391,"REG",0.16,0.873,"REG",0.233,1.258,"REG",0.47,2.096,"REG",0.724,1.944,"REG",0.721,4.895,"REG",1.807,0.23,"REG",0.086,2.406,"REG",0.907,0.175,"REG",0.079,0.03,"LOD",0.03,0.099,"REG",0.042,0.007,"ND",0.011,0.002,"ND",0.003,0.092,"LOD",0.076,1.266,"REG",0.467,0.137,"REG",0.053,0.09,"REG",0.022,0.321,"REG",0.079,0.23778611614425058,0.24,3.846,"REG",6.5790000000000015,"REG","Summer"
"5","28th & Point Breeze","stationary","39.92624784, -75.1923165",39.92624784,-75.1923165,"#FF7F00","Non-Industrial","Residential","Low","Laundromat","LowT/NoI","P726670","P726670 090823 090623 Point Breeze near SS","P726670 090823 090623 Point Breeze near SS.D","2023-09-08","2023-09-06","sample","2023-08-30","2023-09-06",10044,2,"362023",1,2.437,"REG",0.921,0.656,"REG",0.249,0.43,"REG",0.158,0.68,"REG",0.246,1.405,"REG",0.557,0.186,"REG",0.105,0.167,"REG",0.096,0.11,"LOD",0.096,0.344,"REG",0.123,0.129,"LOD",0.082,0.449,"REG",0.172,0.175,"LOD",0.158,0.61,"REG",0.247,0.657,"REG",0.179,0.114,"REG",0.116,0.199,"REG",0.101,0.429,"REG",0.24,0.5,"REG",0.307,0.683,"REG",0.374,0.564,"REG",0.231,0.281,"REG",0.131,0.598,"REG",0.171,0.762,"REG",0.319,1.393,"REG",0.498,1.326,"REG",0.5,3.543,"REG",1.321,0.173,"REG",0.064,1.894,"REG",0.721,0.023,"ND",0.038,0.014,"ND",0.023,0.135,"REG",0.055,0.007,"ND",0.011,0.002,"ND",0.003,0.158,"REG",0.082,1.171,"REG",0.433,0.136,"REG",0.053,0.09,"REG",0.022,0.266,"REG",0.066,0.23705220837837326,0.2,3.117,"REG",5.608,"REG","Summer"
"5","28th & Point Breeze","stationary","39.92624784, -75.1923165",39.92624784,-75.1923165,"#FF7F00","Non-Industrial","Residential","Low","Laundromat","LowT/NoI","P733892","P733892 092923 092723 Point Breeze near SS","P733892 092923 092723 Point Breeze near SS RENAME.D","2023-09-29","2023-09-27","sample","2023-09-20","2023-09-27",9986,2,"392023",1,2.296,"REG",0.868,0.8,"REG",0.302,0.346,"REG",0.127,0.478,"REG",0.184,1.301,"REG",0.516,0.093,"LOD",0.092,0.051,"LOD",0.082,0.042,"LOD",0.09,0.19,"LOD",0.113,0.093,"LOD",0.079,0.205,"REG",0.091,0.087,"LOD",0.148,0.375,"REG",0.152,0.473,"REG",0.13,0.065,"REG",0.108,0.142,"REG",0.082,0.204,"LOD",0.191,0.088,"LOD",0.213,0.175,"LOD",0.336,0.227,"LOD",0.15,0.255,"REG",0.125,0.356,"REG",0.123,0.271,"LOD",0.204,0.801,"REG",0.319,1.08,"REG",0.414,3.093,"REG",1.161,0.392,"REG",0.146,0.593,"REG",0.275,0.096,"REG",0.058,0.011,"LOD",0.028,0.035,"REG",0.023,0.007,"ND",0.011,0.002,"ND",0.003,0.159,"REG",0.083,1.723,"REG",0.63,0.137,"REG",0.053,0.091,"REG",0.022,0.83,"REG",0.204,0.23842903874948737,0.62,2.774,"REG",5.221,"REG","Summer"
"5","28th & Point Breeze","stationary","39.92624784, -75.1923165",39.92624784,-75.1923165,"#FF7F00","Non-Industrial","Residential","Low","Laundromat","LowT/NoI","P733885","P733885 101223 100423 Point Breeze near SS","P733885 101223 100423 Point Breeze near SS.D","2023-10-12","2023-10-04","sample","2023-09-27","2023-10-04",10106,2,"402023",1,3.766,"REG",1.422,1.077,"REG",0.406,0.535,"REG",0.196,0.813,"REG",0.289,1.944,"REG",0.771,0.147,"LOD",0.098,0.116,"LOD",0.088,0.134,"LOD",0.099,0.341,"REG",0.122,0.147,"REG",0.084,0.401,"REG",0.155,0.177,"LOD",0.158,0.871,"REG",0.352,1.209,"REG",0.33,0.665,"REG",0.344,0.715,"REG",0.304,0.363,"REG",0.222,0.272,"LOD",0.24,0.38,"LOD",0.343,0.897,"REG",0.332,0.405,"REG",0.164,0.754,"REG",0.205,0.762,"REG",0.318,1.731,"REG",0.605,2.289,"REG",0.846,6.178,"REG",2.271,0.626,"ULOD",0.309,2.045,"REG",0.775,0.176,"REG",0.079,0.015,"REG",0.028,0.052,"REG",0.027,0.007,"ND",0.011,0.002,"ND",0.003,0.192,"REG",0.087,1.612,"REG",0.59,0.181,"REG",0.069,0.149,"REG",0.031,0.317,"REG",0.078,0.2355979003515121,0.24,4.579,"REG",8.135,"REG","Summer"
"5","28th & Point Breeze","stationary","39.92624784, -75.1923165",39.92624784,-75.1923165,"#FF7F00","Non-Industrial","Residential","Low","Laundromat","LowT/NoI","P726608","P726608 101323 101123 Point Breeze near SS","P726608 101323 101123 Point Breeze near SS.D","2023-10-13","2023-10-11","sample","2023-10-04","2023-10-11",10010,1.99,"412023",1,3.505,"REG",1.324,1.319,"REG",0.497,0.494,"REG",0.181,0.749,"REG",0.268,1.952,"REG",0.774,0.148,"LOD",0.099,0.1,"LOD",0.086,0.118,"LOD",0.097,0.309,"REG",0.12,0.129,"LOD",0.082,0.362,"REG",0.143,0.148,"LOD",0.155,0.822,"REG",0.333,1.331,"REG",0.363,0.144,"REG",0.125,0.234,"REG",0.113,0.307,"REG",0.211,0.161,"LOD",0.221,0.296,"LOD",0.341,0.76,"REG",0.29,0.366,"REG",0.154,0.758,"REG",0.206,0.765,"REG",0.32,1.689,"REG",0.592,2.444,"REG",0.902,6.74,"REG",2.475,0.629,"ULOD",0.421,1.634,"REG",0.628,0.216,"REG",0.092,0.053,"REG",0.033,0.061,"REG",0.03,0.007,"ND",0.011,0.002,"ND",0.003,0.225,"REG",0.093,1.889,"REG",0.69,0.227,"REG",0.087,0.15,"REG",0.031,0.692,"REG",0.17,0.2378573807145236,0.5174,4.254,"REG",8.019,"REG","Summer"
"5","28th & Point Breeze","stationary","39.92624784, -75.1923165",39.92624784,-75.1923165,"#FF7F00","Non-Industrial","Residential","Low","Laundromat","LowT/NoI","P733856","P733856 102623 101823 Point Breeze Near SS RENAME","P733856 102623 101823 Point Breeze Near SS RENAME.D","2023-10-26","2023-10-18","sample","2023-10-11","2023-10-18",10045,2,"422023",1,3.357,"REG",1.268,0.964,"REG",0.364,0.56,"REG",0.205,0.75,"REG",0.269,1.7,"REG",0.674,0.13,"LOD",0.096,0.083,"LOD",0.085,0.101,"LOD",0.095,0.309,"REG",0.12,0.148,"REG",0.084,0.363,"REG",0.143,0.148,"LOD",0.154,0.455,"REG",0.185,0.725,"REG",0.198,0.051,"ND",0.085,0.079,"REG",0.066,0.223,"LOD",0.193,0.086,"LOD",0.212,0.212,"LOD",0.336,0.395,"REG",0.185,0.285,"REG",0.132,0.514,"REG",0.153,0.438,"REG",0.235,1.194,"REG",0.436,1.656,"REG",0.618,5.013,"REG",1.849,0.417,"ULOD",0.176,0.922,"REG",0.379,0.059,"REG",0.05,0.014,"ND",0.023,0.043,"REG",0.025,0.007,"ND",0.011,0.002,"ND",0.003,0.226,"REG",0.093,2.163,"REG",0.788,0.182,"REG",0.07,0.15,"REG",0.031,0.693,"REG",0.17,0.23702860935314896,0.52,4.107,"REG",7.3309999999999995,"REG","Summer"
"5","28th & Point Breeze","stationary","39.92624784, -75.1923165",39.92624784,-75.1923165,"#FF7F00","Non-Industrial","Residential","Low","Laundromat","LowT/NoI","P726643","P726643 102723 102523 Point Breeze Near SS","P726643 102723 102523 Point Breeze Near SS.D","2023-10-27","2023-10-25","sample","2023-10-18","2023-10-25",10082,2,"432023",1,11.09,"REG",4.188,1.753,"REG",0.66,1.548,"REG",0.566,2.175,"REG",0.742,4.636,"REG",1.839,0.278,"REG",0.123,0.232,"REG",0.109,0.252,"REG",0.122,0.77,"REG",0.172,0.368,"REG",0.123,1.012,"REG",0.374,0.354,"REG",0.196,2.263,"REG",0.915,3.403,"REG",0.927,0.468,"REG",0.253,0.639,"REG",0.273,0.447,"REG",0.245,0.235,"LOD",0.233,0.423,"LOD",0.347,1.011,"REG",0.369,0.838,"REG",0.297,2.49,"REG",0.624,1.908,"REG",0.682,5.75,"REG",1.936,7.171,"ULOD",2.911,13.318,"ULOD",7.611,0.415,"ULOD",0.759,6.872,"REG",2.553,0.569,"REG",0.215,0.13,"REG",0.053,0.009,"ND",0.016,0.007,"ND",0.011,0.002,"ND",0.003,0.192,"REG",0.087,1.975,"REG",0.72,0.271,"REG",0.104,0.149,"REG",0.031,0.743,"REG",0.183,0.23615873645629648,0.56,13.265,"REG",21.202,"REG","Summer"
"5","28th & Point Breeze","stationary","39.92624784, -75.1923165",39.92624784,-75.1923165,"#FF7F00","Non-Industrial","Residential","Low","Laundromat","LowT/NoI","P726611","P726611 111023 110123 Point Breeze Near SS RR","P726611 111023 110123 Point Breeze Near SS RR.D","2023-11-10","2023-11-01","sample","2023-10-25","2023-11-01",10334,2,"442023",1,8.658,"REG",3.27,1.575,"REG",0.593,1.172,"REG",0.429,1.702,"REG",0.583,4.188,"REG",1.661,0.325,"REG",0.133,0.291,"REG",0.121,0.279,"REG",0.127,0.785,"REG",0.173,0.377,"REG",0.124,0.987,"REG",0.365,0.375,"REG",0.198,2.155,"REG",0.871,2.886,"REG",0.786,1.291,"REG",0.646,1.102,"REG",0.463,0.645,"REG",0.303,0.266,"LOD",0.235,0.664,"REG",0.364,1.151,"REG",0.413,0.568,"REG",0.211,1.798,"REG",0.454,2.122,"REG",0.753,3.917,"REG",1.324,4.373,"REG",1.602,11.629,"REG",4.252,0.403,"ULOD",0.37,4.5,"REG",1.676,0.586,"REG",0.221,0.123,"REG",0.05,0.009,"ND",0.016,0.007,"ND",0.011,0.002,"ND",0.003,0.152,"REG",0.08,1.577,"REG",0.577,0.216,"REG",0.083,0.204,"REG",0.039,0.725,"REG",0.178,0.2303998820352604,0.56,10.36,"REG",17.295,"REG","Summer"
"5","28th & Point Breeze","stationary","39.92624784, -75.1923165",39.92624784,-75.1923165,"#FF7F00","Non-Industrial","Residential","Low","Laundromat","LowT/NoI","P726669","P726669 111023 110823 Point Breeze Near SS","P726669 111023 110823 Point Breeze Near SS.D","2023-11-10","2023-11-08","sample","2023-11-01","2023-11-08",9866,2,"452023",1,14.471,"REG",5.465,4.422,"REG",1.663,1.998,"REG",0.731,2.939,"REG",1.001,6.793,"REG",2.693,0.511,"REG",0.185,0.39,"REG",0.149,0.395,"REG",0.161,1.137,"REG",0.227,0.489,"REG",0.152,1.532,"REG",0.564,0.574,"REG",0.261,2.364,"REG",0.956,3.261,"REG",0.888,1.327,"REG",0.665,1.076,"REG",0.452,1.021,"REG",0.436,0.431,"REG",0.288,0.912,"REG",0.409,1.32,"REG",0.47,0.816,"REG",0.29,2.215,"REG",0.557,3.059,"REG",1.071,4.914,"REG",1.656,6.522,"REG",2.387,13.61,"ULOD",6.314,0.422,"ULOD",0.59,5.442,"REG",2.024,0.533,"REG",0.202,0.109,"REG",0.047,0.028,"LOD",0.022,0.007,"ND",0.011,0.061,"REG",0.02,0.261,"REG",0.1,1.743,"REG",0.637,0.227,"REG",0.087,0.214,"REG",0.041,0.705,"REG",0.173,0.24132904732945273,0.52,17.41,"REG",30.622999999999998,"REG",NA
"5","28th & Point Breeze","stationary","39.92624784, -75.1923165",39.92624784,-75.1923165,"#FF7F00","Non-Industrial","Residential","Low","Laundromat","LowT/NoI","P733857","P733857 112423 111523 Point Breeze Near SS","P733857 112423 111523 Point Breeze Near SS.D","2023-11-24","2023-11-15","sample","2023-11-08","2023-11-15",10164,2,"462023",1,5.57,"REG",2.104,2.171,"REG",0.817,0.786,"REG",0.288,1.213,"REG",0.42,3.328,"REG",1.319,0.22,"REG",0.111,0.148,"LOD",0.092,0.167,"LOD",0.104,0.458,"REG",0.133,0.201,"REG",0.091,0.601,"REG",0.226,0.234,"LOD",0.167,0.968,"REG",0.391,1.477,"REG",0.403,0.772,"REG",0.395,0.508,"REG",0.219,0.684,"REG",0.317,0.196,"LOD",0.224,0.675,"REG",0.37,0.474,"REG",0.205,0.336,"REG",0.145,0.968,"REG",0.254,0.86,"REG",0.346,2.065,"REG",0.713,2.703,"REG",0.995,7.134,"REG",2.617,0.62,"ULOD",0.353,2.079,"REG",0.788,0.362,"REG",0.141,0.087,"REG",0.041,0.009,"ND",0.016,0.007,"ND",0.011,0.002,"ND",0.003,0.121,"LOD",0.078,1.603,"REG",0.586,0.175,"REG",0.067,0.119,"REG",0.026,1.026,"REG",0.252,0.23425348100672774,0.78,6.783,"REG",13.068000000000001,"REG",NA
"5","28th & Point Breeze","stationary","39.92624784, -75.1923165",39.92624784,-75.1923165,"#FF7F00","Non-Industrial","Residential","Low","Laundromat","LowT/NoI","P733880","P733880 112523 112223 Point Breeze Near SS","P733880 112523 112223 Point Breeze Near SS.D","2023-11-25","2023-11-22","sample","2023-11-15","2023-11-22",10115,2,"472023",1,7.252,"REG",2.739,2.537,"REG",0.955,1.004,"REG",0.367,1.558,"REG",0.535,3.914,"REG",1.552,0.332,"REG",0.136,0.232,"REG",0.109,0.234,"REG",0.118,0.631,"REG",0.153,0.275,"REG",0.104,0.846,"REG",0.314,0.324,"REG",0.188,1.312,"REG",0.531,1.74,"REG",0.474,0.874,"REG",0.444,0.645,"REG",0.275,0.772,"REG",0.347,0.309,"LOD",0.249,0.678,"REG",0.371,0.728,"REG",0.279,0.499,"REG",0.191,1.297,"REG",0.333,1.57,"REG",0.57,2.866,"REG",0.976,3.395,"REG",1.247,8.761,"REG",3.209,0.623,"ULOD",0.31,3.469,"REG",1.296,0.325,"REG",0.128,0.069,"REG",0.036,0.009,"ND",0.016,0.007,"ND",0.011,0.002,"ND",0.003,0.122,"LOD",0.078,1.521,"REG",0.557,0.221,"REG",0.084,0.298,"REG",0.055,0.952,"REG",0.234,0.23538827295624132,0.72,8.81,"REG",16.265,"REG",NA
"5","28th & Point Breeze","stationary","39.92624784, -75.1923165",39.92624784,-75.1923165,"#FF7F00","Non-Industrial","Residential","Low","Laundromat","LowT/NoI","P733897","P733897 120823 112923 Point Breeze Far SS","P733897 120823 112923 Point Breeze Far SS.D","2023-12-08","2023-11-29","sample","2023-11-22","2023-11-29",9989,2,"482023",1,2.46,"REG",0.929,1.269,"REG",0.478,0.385,"REG",0.142,0.519,"REG",0.196,1.591,"REG",0.631,0.093,"LOD",0.092,0.067,"LOD",0.083,0.085,"LOD",0.093,0.225,"REG",0.115,0.093,"LOD",0.078,0.246,"REG",0.104,0.089,"LOD",0.148,0.514,"REG",0.208,0.727,"REG",0.198,0.603,"REG",0.315,0.285,"REG",0.132,0.273,"LOD",0.204,0.15,"LOD",0.22,0.362,"LOD",0.345,0.17,"LOD",0.14,0.136,"LOD",0.102,0.383,"REG",0.127,0.33,"LOD",0.214,0.85,"REG",0.333,1.086,"REG",0.416,3.28,"REG",1.228,0.413,"REG",0.154,0.592,"REG",0.275,0.135,"REG",0.067,0.029,"LOD",0.03,0.009,"ND",0.016,0.007,"ND",0.011,0.002,"ND",0.003,0.254,"REG",0.098,1.722,"REG",0.629,0.183,"REG",0.07,0.09,"REG",0.022,0.562,"REG",0.138,0.23835743126963468,0.42,2.979,"REG",6.224,"REG",NA
"5","28th & Point Breeze","stationary","39.92624784, -75.1923165",39.92624784,-75.1923165,"#FF7F00","Non-Industrial","Residential","Low","Laundromat","LowT/NoI","P726643","P726643 120923 120623 Point Breeze Near SS","P726643 120923 120623 Point Breeze Near SS.D","2023-12-09","2023-12-06","sample","2023-11-29","2023-12-06",10208,2,"492023",1,4.988,"REG",1.884,1.672,"REG",0.63,0.738,"REG",0.27,1.022,"REG",0.357,2.861,"REG",1.134,0.237,"REG",0.114,0.164,"REG",0.094,0.183,"REG",0.107,0.473,"REG",0.134,0.2,"REG",0.09,0.602,"REG",0.226,0.263,"LOD",0.173,1.28,"REG",0.518,1.77,"REG",0.482,0.883,"REG",0.448,0.508,"REG",0.219,0.768,"REG",0.344,0.405,"REG",0.274,0.814,"REG",0.386,0.471,"REG",0.204,0.387,"REG",0.159,1.097,"REG",0.285,0.969,"REG",0.378,2.448,"REG",0.838,2.939,"REG",1.081,8.405,"REG",3.079,0.621,"ULOD",0.373,2.071,"REG",0.784,0.287,"REG",0.115,0.066,"REG",0.036,0.009,"ND",0.016,0.007,"ND",0.011,0.002,"ND",0.003,0.118,"LOD",0.077,1.596,"REG",0.584,0.224,"REG",0.085,0.295,"REG",0.054,0.472,"REG",0.116,0.23324376772652636,0.36,6.010000000000001,"REG",11.281,"REG",NA
"5","28th & Point Breeze","stationary","39.92624784, -75.1923165",39.92624784,-75.1923165,"#FF7F00","Non-Industrial","Residential","Low","Laundromat","LowT/NoI","P726667","P726667 122123 121323 Point Breeze Near SS","P726667 122123 121323 Point Breeze Near SS.D","2023-12-21","2023-12-13","sample","2023-12-06","2023-12-13",10177,2,"502023",1,5.186,"REG",1.958,1.599,"REG",0.602,0.74,"REG",0.271,1.048,"REG",0.365,2.665,"REG",1.057,0.238,"REG",0.114,0.181,"REG",0.098,0.183,"REG",0.107,0.492,"REG",0.137,0.201,"REG",0.091,0.604,"REG",0.227,0.263,"LOD",0.173,1.154,"REG",0.466,1.776,"REG",0.484,0.714,"REG",0.367,0.375,"REG",0.166,0.798,"REG",0.355,0.444,"REG",0.287,0.859,"REG",0.393,0.556,"REG",0.228,0.576,"REG",0.214,1.288,"REG",0.331,0.972,"REG",0.38,2.652,"REG",0.905,4.05,"REG",1.485,10.674,"REG",3.904,0.414,"ULOD",0.608,2.659,"REG",0.999,0.366,"REG",0.142,0.123,"REG",0.05,0.009,"ND",0.016,0.007,"ND",0.011,0.002,"ND",0.003,0.118,"LOD",0.077,2.224,"REG",0.809,0.224,"REG",0.086,0.119,"REG",0.026,1.262,"REG",0.31,0.23395424790727926,0.96,6.234,"REG",11.238000000000001,"REG","Winter"
"5","28th & Point Breeze","stationary","39.92624784, -75.1923165",39.92624784,-75.1923165,"#FF7F00","Non-Industrial","Residential","Low","Laundromat","LowT/NoI","P726612","P726612 122123 122023 Point Breeze Near SS","P726612 122123 122023 Point Breeze Near SS.D","2023-12-21","2023-12-20","sample","2023-12-13","2023-12-20",9868,2,"512023",1,3.872,"REG",1.463,1.366,"REG",0.515,0.565,"REG",0.207,0.826,"REG",0.293,2.244,"REG",0.89,0.208,"REG",0.11,0.034,"LOD",0.082,0.154,"LOD",0.104,0.384,"REG",0.128,0.169,"REG",0.088,0.457,"REG",0.175,0.181,"LOD",0.161,0.895,"REG",0.362,1.426,"REG",0.389,0.914,"REG",0.464,0.426,"REG",0.187,0.621,"REG",0.3,0.343,"LOD",0.263,0.756,"REG",0.388,0.517,"REG",0.219,0.484,"REG",0.188,0.941,"REG",0.249,0.669,"REG",0.295,1.975,"REG",0.685,3.26,"REG",1.198,9.103,"REG",3.334,0.426,"ULOD",0.623,1.885,"REG",0.718,0.217,"REG",0.092,0.166,"REG",0.064,0.01,"ND",0.016,0.007,"ND",0.011,0.046,"REG",0.016,0.088,"LOD",0.076,2.385,"REG",0.868,0.231,"REG",0.088,0.153,"REG",0.031,2.548,"REG",0.625,0.24128013588897257,1.88,4.6979999999999995,"REG",8.873000000000001,"REG","Winter"
"5","28th & Point Breeze","stationary","39.92624784, -75.1923165",39.92624784,-75.1923165,"#FF7F00","Non-Industrial","Residential","Low","Laundromat","LowT/NoI","P726615","P726615 011624 011024 Point Breeze Near SS","P726615 011624 011024 Point Breeze Near SS.D","2024-01-16","2024-01-10","sample","2024-01-03","2024-01-10",10086,2,"22024",1,3.088,"REG",1.166,1.831,"REG",0.689,0.538,"REG",0.197,0.704,"REG",0.253,2.329,"REG",0.924,0.167,"LOD",0.101,0.133,"LOD",0.091,0.135,"LOD",0.099,0.321,"REG",0.121,0.164,"REG",0.086,0.402,"REG",0.156,0.177,"LOD",0.158,0.813,"REG",0.329,1.307,"REG",0.356,0.478,"REG",0.258,0.311,"REG",0.142,0.563,"REG",0.279,0.313,"LOD",0.251,0.579,"REG",0.361,0.618,"REG",0.246,0.356,"REG",0.15,1.043,"REG",0.272,0.681,"REG",0.296,2.358,"REG",0.809,2.437,"REG",0.899,9.06,"REG",3.317,0.117,"ULOD",0.127,1.832,"REG",0.698,0.224,"REG",0.094,0.096,"REG",0.043,0.009,"ND",0.016,0.007,"ND",0.011,0.037,"REG",0.013,0.119,"LOD",0.078,1.795,"REG",0.656,0.204,"REG",0.078,0.14,"REG",0.029,0.581,"REG",0.143,0.23606507842081906,0.438,3.792,"REG",8.49,"REG","Winter"
"5","28th & Point Breeze","stationary","39.92624784, -75.1923165",39.92624784,-75.1923165,"#FF7F00","Non-Industrial","Residential","Low","Laundromat","LowT/NoI","P733859","P733859 012524 011724 Point Breeze Near SS","P733859 012524 011724 Point Breeze Near SS.D","2024-01-25","2024-01-17","sample","2024-01-10","2024-01-17",10390,2,"32024",1,2.043,"REG",0.772,1.297,"REG",0.489,0.334,"REG",0.123,0.442,"REG",0.171,1.382,"REG",0.548,0.108,"LOD",0.09,0.064,"LOD",0.08,0.082,"LOD",0.09,0.212,"REG",0.11,0.088,"LOD",0.075,0.233,"REG",0.098,0.115,"LOD",0.146,0.534,"REG",0.216,0.998,"REG",0.272,0.176,"REG",0.131,0.171,"REG",0.09,0.219,"LOD",0.187,0.087,"LOD",0.205,0.234,"LOD",0.325,0.409,"REG",0.186,0.214,"REG",0.114,0.592,"REG",0.168,0.449,"REG",0.234,1.328,"REG",0.475,1.914,"REG",0.71,5.499,"REG",2.024,0.422,"ULOD",0.225,1.29,"REG",0.504,0.179,"REG",0.08,0.056,"REG",0.033,0.009,"ND",0.015,0.007,"ND",0.011,0.002,"ND",0.003,0.084,"LOD",0.073,2.178,"REG",0.793,0.198,"REG",0.076,0.078,"REG",0.02,1.62,"REG",0.397,0.2291580732389202,1.258,2.4850000000000003,"REG",5.498,"REG","Winter"
"5","28th & Point Breeze","stationary","39.92624784, -75.1923165",39.92624784,-75.1923165,"#FF7F00","Non-Industrial","Residential","Low","Laundromat","LowT/NoI","P733882","P733882 012624 012424 Point Breeze Near SS","P733882 012624 012424 Point Breeze Near SS.D","2024-01-26","2024-01-24","sample","2024-01-17","2024-01-24",9640,2,"42024",1,3.617,"REG",1.366,2.019,"REG",0.76,0.608,"REG",0.223,0.737,"REG",0.265,2.919,"REG",1.158,0.194,"REG",0.109,0.139,"LOD",0.094,0.158,"LOD",0.107,0.39,"REG",0.131,0.152,"REG",0.087,0.421,"REG",0.163,0.216,"LOD",0.171,1.152,"REG",0.466,1.611,"REG",0.439,0.474,"REG",0.258,0.365,"REG",0.164,0.5,"REG",0.265,0.172,"LOD",0.231,0.517,"LOD",0.37,0.676,"REG",0.266,0.344,"REG",0.15,2.083,"REG",0.525,0.827,"REG",0.342,4.334,"REG",1.464,2.887,"REG",1.063,8.156,"REG",2.99,0.454,"ULOD",0.313,2.443,"REG",0.922,0.439,"REG",0.169,0.12,"REG",0.05,0.041,"REG",0.025,0.007,"ND",0.012,0.047,"REG",0.016,0.055,"LOD",0.076,2.16,"REG",0.787,0.213,"REG",0.082,0.147,"REG",0.031,1.69,"REG",0.415,0.2469867615095831,1.218,4.354,"REG",9.9,"REG","Winter"
"5","28th & Point Breeze","stationary","39.92624784, -75.1923165",39.92624784,-75.1923165,"#FF7F00","Non-Industrial","Residential","Low","Laundromat","LowT/NoI","P733895","P733895 020824 013124 Point Breeze Near SS","P733895 020824 013124 Point Breeze Near SS.D","2024-02-08","2024-01-31","sample","2024-01-24","2024-01-31",10099,2,"52024",1,5.115,"REG",1.932,1.512,"REG",0.57,0.769,"REG",0.281,1.013,"REG",0.354,3.004,"REG",1.191,0.222,"REG",0.111,0.05,"LOD",0.081,0.218,"REG",0.115,0.598,"REG",0.149,0.202,"REG",0.091,0.527,"REG",0.2,0.265,"LOD",0.175,1.078,"REG",0.436,1.783,"REG",0.486,0.224,"REG",0.15,0.356,"REG",0.159,0.513,"REG",0.264,0.294,"LOD",0.246,0.501,"LOD",0.353,0.364,"REG",0.178,0.284,"REG",0.132,1.08,"REG",0.281,0.704,"REG",0.302,1.584,"REG",0.558,1.933,"REG",0.717,5.784,"REG",2.128,0.554,"REG",0.207,1.044,"REG",0.42,0.389,"REG",0.151,0.052,"REG",0.033,0.014,"LOD",0.02,0.007,"ND",0.011,0.002,"ND",0.003,0.12,"REG",0.078,2.062,"REG",0.751,0.215,"REG",0.082,0.179,"REG",0.035,0.451,"REG",0.111,0.23576120219352223,0.34,6.128,"REG",11.413,"REG","Winter"
"5","28th & Point Breeze","stationary","39.92624784, -75.1923165",39.92624784,-75.1923165,"#FF7F00","Non-Industrial","Residential","Low","Laundromat","LowT/NoI","P726670","P726670 021524 020724 Point Breeze Near SS","P726670 021524 020724 Point Breeze Near SS.D","2024-02-15","2024-02-07","sample","2024-01-31","2024-02-07",10104,2,"62024",1,3.64,"REG",1.375,1.907,"REG",0.718,0.553,"REG",0.203,0.764,"REG",0.273,2.606,"REG",1.033,0.129,"LOD",0.095,0.083,"LOD",0.084,0.101,"LOD",0.094,0.273,"REG",0.117,0.147,"REG",0.084,0.406,"REG",0.157,0.147,"LOD",0.153,1.104,"REG",0.447,1.596,"REG",0.435,0.57,"REG",0.3,0.336,"REG",0.151,0.4,"REG",0.232,0.219,"LOD",0.229,0.543,"REG",0.357,0.477,"REG",0.206,0.364,"REG",0.152,0.836,"REG",0.224,0.541,"REG",0.259,1.879,"REG",0.653,2.505,"REG",0.923,6.379,"REG",2.343,0.634,"ULOD",0.324,1.755,"REG",0.671,0.154,"REG",0.073,0.052,"REG",0.033,0.009,"ND",0.016,0.007,"ND",0.011,0.045,"REG",0.015,0.054,"LOD",0.073,2.688,"REG",0.976,0.214,"REG",0.082,0.149,"REG",0.031,1.43,"REG",0.351,0.23564453493194584,1.08,4.404,"REG",9.469999999999999,"REG","Winter"
"5","28th & Point Breeze","stationary","39.92624784, -75.1923165",39.92624784,-75.1923165,"#FF7F00","Non-Industrial","Residential","Low","Laundromat","LowT/NoI","P733854","P733854 021624 021424 Point Breeze Near SS","P733854 021624 021424 Point Breeze Near SS.D","2024-02-16","2024-02-14","sample","2024-02-07","2024-02-14",10017,2,"72024",1,6.951,"REG",2.625,3.299,"REG",1.241,1.165,"REG",0.426,1.318,"REG",0.455,4.021,"REG",1.594,0.373,"REG",0.147,0.301,"REG",0.125,0.22,"REG",0.116,0.534,"REG",0.143,0.389,"REG",0.128,1.309,"REG",0.482,0.565,"REG",0.257,2.275,"REG",0.92,3.205,"REG",0.873,1.024,"REG",0.517,0.63,"REG",0.269,0.942,"REG",0.407,0.559,"REG",0.327,1.399,"REG",0.487,0.064,"ND",0.106,0.776,"REG",0.277,1.798,"REG",0.454,1.807,"REG",0.649,4.341,"REG",1.466,6.28,"REG",2.298,12.868,"REG",4.704,0.639,"ULOD",0.585,8.438,"ULOD",4.805,0.023,"ND",0.038,0.072,"REG",0.037,0.009,"ND",0.016,0.007,"ND",0.011,0.002,"ND",0.003,0.121,"REG",0.078,2.44,"REG",0.887,0.308,"REG",0.117,0.211,"REG",0.041,1.202,"REG",0.295,0.23769116311793764,0.9,8.269,"REG",16.754,"REG","Winter"
"5","28th & Point Breeze","stationary","39.92624784, -75.1923165",39.92624784,-75.1923165,"#FF7F00","Non-Industrial","Residential","Low","Laundromat","LowT/NoI","P726659","P726659 022924 022124 Point Breeze Near SS","P726659 022924 022124 Point Breeze Near SS.D","2024-02-29","2024-02-21","sample","2024-02-14","2024-02-21",10085,2,"82024",1,2.756,"REG",1.041,1.574,"REG",0.593,0.425,"REG",0.156,0.584,"REG",0.216,1.704,"REG",0.676,0.129,"LOD",0.095,0.04,"ND",0.066,0.101,"LOD",0.094,0.257,"REG",0.116,0.111,"LOD",0.079,0.325,"REG",0.129,0.118,"LOD",0.15,0.87,"REG",0.352,0.97,"REG",0.264,2.379,"REG",1.181,0.935,"REG",0.394,0.485,"REG",0.256,0.219,"LOD",0.23,0.586,"REG",0.362,0.281,"REG",0.159,0.216,"REG",0.116,0.459,"REG",0.141,0.487,"REG",0.246,0.991,"REG",0.374,1.649,"REG",0.615,4.66,"REG",1.722,0.186,"REG",0.07,1.045,"REG",0.42,0.155,"REG",0.073,0.033,"LOD",0.03,0.009,"ND",0.016,0.007,"ND",0.011,0.037,"REG",0.013,0.153,"REG",0.082,1.885,"REG",0.688,0.17,"REG",0.065,0.09,"REG",0.022,0.584,"REG",0.143,0.23608848596453952,0.44,3.34,"REG",7.042999999999999,"REG","Winter"
"5","28th & Point Breeze","stationary","39.92624784, -75.1923165",39.92624784,-75.1923165,"#FF7F00","Non-Industrial","Residential","Low","Laundromat","LowT/NoI","P733859","P733859 030124 022824 Point Breeze Near SS","P733859 030124 022824 Point Breeze Near SS.D","2024-03-01","2024-02-28","sample","2024-02-21","2024-02-28",10102,2,"92024",1,3.181,"REG",1.201,1.334,"REG",0.503,0.468,"REG",0.172,0.651,"REG",0.236,1.749,"REG",0.694,0.166,"LOD",0.101,0.116,"LOD",0.088,0.117,"LOD",0.096,0.29,"REG",0.118,0.128,"LOD",0.081,0.406,"REG",0.157,0.177,"LOD",0.158,1.209,"REG",0.489,1.736,"REG",0.473,0.224,"REG",0.15,0.24,"REG",0.115,0.372,"REG",0.225,0.256,"LOD",0.237,0.501,"LOD",0.353,0.336,"REG",0.171,0.311,"REG",0.139,0.81,"REG",0.218,0.758,"REG",0.317,1.929,"REG",0.669,2.29,"REG",0.846,5.981,"REG",2.199,0.279,"REG",0.104,1.42,"REG",0.551,0.193,"REG",0.084,0.052,"REG",0.033,0.009,"ND",0.016,0.007,"ND",0.011,0.002,"ND",0.003,0.054,"LOD",0.073,1.434,"REG",0.526,0.169,"REG",0.065,0.09,"REG",0.022,0.344,"REG",0.085,0.23569118797786387,0.26,3.832,"REG",7.383,"REG",NA
"5","28th & Point Breeze","stationary","39.92624784, -75.1923165",39.92624784,-75.1923165,"#FF7F00","Non-Industrial","Residential","Low","Laundromat","LowT/NoI","P726607","P726607 031524 030624 Point Breeze Near SS","P726607 031524 030624 Point Breeze Near SS.D","2024-03-15","2024-03-06","sample","2024-02-28","2024-03-06",10118,2,"102024",1,2.622,"REG",0.991,1.164,"REG",0.439,0.381,"REG",0.14,0.538,"REG",0.201,2.038,"REG",0.808,0.111,"LOD",0.093,0.066,"LOD",0.082,0.081,"LOD",0.092,0.255,"REG",0.116,0.11,"LOD",0.079,0.281,"REG",0.115,0.117,"LOD",0.149,0.665,"REG",0.269,0.851,"REG",0.232,0.562,"REG",0.296,0.361,"REG",0.161,0.27,"LOD",0.201,0.231,"LOD",0.231,0.37,"LOD",0.342,0.308,"REG",0.164,0.2,"REG",0.113,0.507,"REG",0.151,0.481,"REG",0.244,1.177,"REG",0.43,1.317,"REG",0.497,3.739,"REG",1.391,0.398,"ULOD",0.215,1.032,"REG",0.416,0.243,"REG",0.101,0.045,"REG",0.032,0.009,"ND",0.016,0.007,"ND",0.011,0.044,"REG",0.015,0.153,"REG",0.082,1.7,"REG",0.621,0.176,"REG",0.067,0.118,"REG",0.026,0.628,"REG",0.154,0.2353184800308738,0.47475,3.16,"REG",6.743,"REG",NA
"5","28th & Point Breeze","stationary","39.92624784, -75.1923165",39.92624784,-75.1923165,"#FF7F00","Non-Industrial","Residential","Low","Laundromat","LowT/NoI","P733886","P733886 031624 031324 Point Breeze Near SS","P733886 031624 031324 Point Breeze Near SS.D","2024-03-16","2024-03-13","sample","2024-03-06","2024-03-13",10005,2,"112024",1,3.953,"REG",1.493,1.736,"REG",0.654,0.559,"REG",0.205,0.772,"REG",0.276,2.991,"REG",1.186,0.131,"LOD",0.096,0.083,"LOD",0.085,0.116,"LOD",0.097,0.344,"REG",0.123,0.129,"LOD",0.082,0.366,"REG",0.144,0.178,"LOD",0.159,0.963,"REG",0.389,2.246,"REG",0.612,0.094,"REG",0.113,0.229,"REG",0.111,0.273,"LOD",0.203,0.159,"LOD",0.221,0.331,"LOD",0.343,0.623,"REG",0.248,0.38,"REG",0.157,1.059,"REG",0.276,0.761,"REG",0.319,2.289,"REG",0.786,3.861,"REG",1.416,10.76,"REG",3.936,0.402,"ULOD",0.583,1.804,"REG",0.689,0.523,"REG",0.199,0.181,"REG",0.068,0.009,"ND",0.016,0.007,"ND",0.011,0.037,"REG",0.013,0.088,"LOD",0.075,1.809,"REG",0.661,0.223,"REG",0.085,0.541,"REG",0.098,0.688,"REG",0.169,0.237976249970253,0.51475,4.725,"REG",10.011000000000001,"REG",NA
"5","28th & Point Breeze","stationary","39.92624784, -75.1923165",39.92624784,-75.1923165,"#FF7F00","Non-Industrial","Residential","Low","Laundromat","LowT/NoI","P726664","P726664 040224 032024 Point Breeze Near SS","P726664 040224 032024 Point Breeze Near SS.D","2024-04-02","2024-03-20","sample","2024-03-13","2024-03-20",10401,2,"122024",1,5.947,"REG",2.246,1.44,"REG",0.542,0.809,"REG",0.296,1.094,"REG",0.38,2.846,"REG",1.129,0.251,"REG",0.116,0.209,"REG",0.102,0.209,"REG",0.111,0.58,"REG",0.145,0.267,"REG",0.101,0.746,"REG",0.278,0.344,"REG",0.189,1.358,"REG",0.549,2.07,"REG",0.564,0.836,"REG",0.425,0.576,"REG",0.247,0.509,"REG",0.259,0.297,"LOD",0.242,0.605,"REG",0.355,0.817,"REG",0.305,0.877,"REG",0.309,1.439,"REG",0.367,1.683,"REG",0.606,3.307,"REG",1.121,6.077,"REG",2.224,14.998,"REG",5.48,0.592,"ULOD",0.483,3.93,"REG",1.465,0.022,"ND",0.036,0.013,"ND",0.022,0.009,"ND",0.015,0.007,"ND",0.011,0.036,"REG",0.012,0.181,"REG",0.084,2.089,"REG",0.761,0.171,"REG",0.066,0.115,"REG",0.025,1.176,"REG",0.289,0.22891571781101633,0.9147500000000001,7.041,"REG",12.136,"REG",NA
"5","28th & Point Breeze","stationary","39.92624784, -75.1923165",39.92624784,-75.1923165,"#FF7F00","Non-Industrial","Residential","Low","Laundromat","LowT/NoI","P733866","P733866 041224 041024 Point Breeze Near SS","P733866 041224 041024 Point Breeze Near SS.D","2024-04-12","2024-04-10","sample","2024-04-03","2024-04-10",10068,2,"152024",1,3.078,"REG",1.163,0.962,"REG",0.363,0.402,"REG",0.148,0.63,"REG",0.23,1.38,"REG",0.547,0.185,"REG",0.104,0.15,"LOD",0.093,0.135,"LOD",0.099,0.154,"LOD",0.111,0.166,"REG",0.086,0.447,"REG",0.172,0.177,"LOD",0.158,0.624,"REG",0.252,0.872,"REG",0.238,0.143,"REG",0.124,0.208,"REG",0.104,0.381,"REG",0.228,0.3,"LOD",0.247,0.476,"LOD",0.352,0.647,"REG",0.255,0.257,"REG",0.125,0.621,"REG",0.176,0.874,"REG",0.351,1.44,"REG",0.512,1.54,"REG",0.576,4.318,"REG",1.599,0.627,"ULOD",0.25,1.638,"REG",0.629,0.023,"ND",0.038,0.038,"LOD",0.031,0.009,"ND",0.016,0.007,"ND",0.011,0.03,"REG",0.011,0.108,"LOD",0.077,1.169,"REG",0.432,0.136,"REG",0.053,0.239,"REG",0.045,0.346,"REG",0.085,0.23648712564088015,0.26,3.7079999999999997,"REG",6.451999999999999,"REG",NA
"5","28th & Point Breeze","stationary","39.92624784, -75.1923165",39.92624784,-75.1923165,"#FF7F00","Non-Industrial","Residential","Low","Laundromat","LowT/NoI","P726650","P726650 042624 041724 Point Breeze Near SS","P726650 042624 041724 Point Breeze Near SS.D","2024-04-26","2024-04-17","sample","2024-04-10","2024-04-17",10174,2,"162024",1,2.772,"REG",1.047,0.854,"REG",0.322,0.376,"REG",0.138,0.578,"REG",0.213,1.287,"REG",0.51,0.146,"LOD",0.097,0.099,"LOD",0.085,0.117,"LOD",0.096,0.254,"REG",0.115,0.128,"LOD",0.081,0.362,"REG",0.142,0.146,"LOD",0.152,0.565,"REG",0.229,0.679,"REG",0.185,0.485,"REG",0.26,0.282,"REG",0.13,0.321,"REG",0.211,0.185,"LOD",0.222,0.387,"LOD",0.341,0.445,"REG",0.197,0.322,"REG",0.141,0.534,"REG",0.157,0.54,"REG",0.258,1.228,"REG",0.445,1.737,"REG",0.646,4.471,"REG",1.653,0.491,"REG",0.183,1.454,"REG",0.563,0.287,"REG",0.115,0.038,"LOD",0.03,0.018,"LOD",0.02,0.007,"ND",0.011,0.037,"REG",0.013,0.074,"LOD",0.073,1.957,"REG",0.713,0.135,"REG",0.052,0.296,"REG",0.055,0.579,"REG",0.142,0.23402323382665433,0.44,3.3499999999999996,"REG",5.867,"REG",NA
"5","28th & Point Breeze","stationary","39.92624784, -75.1923165",39.92624784,-75.1923165,"#FF7F00","Non-Industrial","Residential","Low","Laundromat","LowT/NoI","P733896","P733896 042724 042424 Point Breeze Near SS","P733896 042724 042424 Point Breeze Near SS.D","2024-04-27","2024-04-24","sample","2024-04-17","2024-04-24",9783,2,"172024",1,3.358,"REG",1.268,0.826,"REG",0.312,0.435,"REG",0.16,0.648,"REG",0.236,1.322,"REG",0.524,0.191,"REG",0.108,0.137,"LOD",0.093,0.139,"LOD",0.102,0.318,"REG",0.123,0.152,"REG",0.086,0.502,"REG",0.191,0.183,"LOD",0.163,0.669,"REG",0.271,0.73,"REG",0.199,0.3,"REG",0.181,0.274,"REG",0.129,0.421,"REG",0.241,0.308,"LOD",0.255,0.446,"LOD",0.359,0.434,"REG",0.198,0.307,"REG",0.139,0.639,"REG",0.181,0.674,"REG",0.297,1.533,"REG",0.543,1.954,"REG",0.725,4.787,"REG",1.769,0.443,"REG",0.165,1.858,"REG",0.709,0.096,"REG",0.059,0.02,"LOD",0.029,0.01,"ND",0.016,0.007,"ND",0.011,0.002,"ND",0.003,0.111,"LOD",0.079,2.221,"REG",0.808,0.14,"REG",0.054,0.154,"REG",0.031,0.957,"REG",0.235,0.24337650832591037,0.7,4.006,"REG",6.589,"REG",NA
"5","28th & Point Breeze","stationary","39.92624784, -75.1923165",39.92624784,-75.1923165,"#FF7F00","Non-Industrial","Residential","Low","Laundromat","LowT/NoI","P726611","P726611 051124 050124 Pt Breeze Near SS.D","P726611 051124 050124 Pt Breeze Near SS.D","2024-05-11","2024-05-01","sample","2024-04-24","2024-05-01",10188,2,"182024",1,4.402,"REG",1.662,0.98,"REG",0.37,0.567,"REG",0.208,0.886,"REG",0.312,1.9,"REG",0.753,0.22,"REG",0.11,0.066,"LOD",0.082,0.166,"LOD",0.104,0.407,"REG",0.127,0.237,"REG",0.097,0.64,"REG",0.239,0.234,"LOD",0.167,1.059,"REG",0.428,1.19,"REG",0.324,1.51,"REG",0.754,0.701,"REG",0.298,0.827,"REG",0.365,0.665,"REG",0.364,1.151,"REG",0.439,0.445,"REG",0.197,0.522,"REG",0.198,0.832,"REG",0.223,0.917,"REG",0.363,1.864,"REG",0.648,1.207,"REG",0.458,8.106,"REG",2.97,0.621,"ULOD",0.305,2.158,"REG",0.816,0.28,"REG",0.113,0.055,"REG",0.033,0.009,"ND",0.016,0.007,"ND",0.011,0.002,"ND",0.003,0.085,"REG",0.074,1.866,"REG",0.681,0.125,"REG",0.049,0.118,"REG",0.026,0.234,"REG",0.058,0.23370164712920896,0.178,5.288,"REG",8.735,"REG",NA
"5","28th & Point Breeze","stationary","39.92624784, -75.1923165",39.92624784,-75.1923165,"#FF7F00","Non-Industrial","Residential","Low","Laundromat","LowT/NoI","P726647","P726647 051224 050824 Pt B Near SS","P726647 051224 050824 Pt B Near SS.D","2024-05-12","2024-05-08","sample","2024-05-01","2024-05-08",10267,2,"192024",1,3.191,"REG",1.205,1.05,"REG",0.396,0.435,"REG",0.16,0.679,"REG",0.245,1.901,"REG",0.754,0.182,"REG",0.102,0.114,"LOD",0.086,0.132,"LOD",0.097,0.302,"REG",0.117,0.145,"REG",0.082,0.435,"REG",0.167,0.145,"LOD",0.151,0.768,"REG",0.311,0.723,"REG",0.197,1.426,"REG",0.712,0.62,"REG",0.265,0.655,"REG",0.307,0.366,"REG",0.263,0.851,"REG",0.39,0.331,"REG",0.168,0.332,"REG",0.143,0.559,"REG",0.161,0.482,"REG",0.242,1.266,"REG",0.457,0.775,"REG",0.308,4.97,"REG",1.833,0.465,"REG",0.174,1.318,"REG",0.514,0.2,"REG",0.086,0.036,"LOD",0.03,0.009,"ND",0.016,0.007,"ND",0.011,0.044,"REG",0.015,0.15,"REG",0.08,1.94,"REG",0.707,0.124,"REG",0.048,0.088,"REG",0.022,0.206,"REG",0.051,0.23190341686494412,0.158,3.87,"REG",7.256,"REG",NA
"5","28th & Point Breeze","stationary","39.92624784, -75.1923165",39.92624784,-75.1923165,"#FF7F00","Non-Industrial","Residential","Low","Laundromat","LowT/NoI","P733854","P733854 052324 051524 Pt B Near SS","P733854 052324 051524 Pt B Near SS.D","2024-05-23","2024-05-15","sample","2024-05-08","2024-05-15",10128,2,"202024",1,2.714,"REG",1.025,0.65,"REG",0.247,0.356,"REG",0.131,0.53,"REG",0.199,1.325,"REG",0.526,0.129,"LOD",0.095,0.083,"LOD",0.083,0.1,"LOD",0.094,0.238,"REG",0.115,0.128,"LOD",0.081,0.32,"REG",0.127,0.117,"LOD",0.149,0.517,"REG",0.209,0.594,"REG",0.162,0.384,"REG",0.216,0.244,"REG",0.116,0.328,"REG",0.214,0.297,"LOD",0.246,0.61,"REG",0.363,0.335,"REG",0.171,0.189,"REG",0.11,0.513,"REG",0.152,0.434,"REG",0.234,1.135,"REG",0.417,1.749,"REG",0.651,4.574,"REG",1.691,0.414,"ULOD",0.162,1.377,"REG",0.536,0.086,"REG",0.055,0.014,"ND",0.023,0.045,"REG",0.026,0.007,"ND",0.011,0.002,"ND",0.003,0.152,"REG",0.081,2.324,"REG",0.845,0.126,"REG",0.049,0.09,"REG",0.022,0.869,"REG",0.213,0.2350861355600692,0.658,3.2439999999999998,"REG",5.575,"REG",NA
"5","28th & Point Breeze","stationary","39.92624784, -75.1923165",39.92624784,-75.1923165,"#FF7F00","Non-Industrial","Residential","Low","Laundromat","LowT/NoI","P733877","P733877 052424 052224 Pt B Near SS","P733877 052424 052224 Pt B Near SS.D","2024-05-24","2024-05-22","sample","2024-05-15","2024-05-22",9854,2,"212024",1,3.198,"REG",1.208,0.669,"REG",0.253,0.41,"REG",0.151,0.637,"REG",0.233,1.541,"REG",0.611,0.151,"LOD",0.1,0.102,"LOD",0.088,0.12,"LOD",0.099,0.28,"REG",0.12,0.17,"REG",0.088,0.37,"REG",0.145,0.151,"LOD",0.157,0.612,"REG",0.248,0.825,"REG",0.225,0.269,"REG",0.169,0.211,"REG",0.106,0.539,"REG",0.274,0.726,"REG",0.39,0.973,"REG",0.419,0.575,"REG",0.235,0.263,"REG",0.128,0.61,"REG",0.174,0.558,"REG",0.266,1.42,"REG",0.507,2.348,"REG",0.867,6.336,"REG",2.329,0.426,"ULOD",0.246,1.802,"REG",0.689,0.088,"REG",0.056,0.014,"ND",0.024,0.065,"REG",0.031,0.007,"ND",0.011,0.046,"REG",0.016,0.088,"REG",0.076,2.021,"REG",0.737,0.13,"REG",0.051,0.092,"REG",0.022,0.622,"REG",0.153,0.24162293291580889,0.458,3.835,"REG",6.455,"REG",NA
"5","28th & Point Breeze","stationary","39.92624784, -75.1923165",39.92624784,-75.1923165,"#FF7F00","Non-Industrial","Residential","Low","Laundromat","LowT/NoI","P726646","P726646 060624 052924 Pt B Near SS","P726646 060624 052924 Pt B Near SS.D","2024-06-06","2024-05-29","sample","2024-05-22","2024-05-29",10291,2,"222024",1,2.472,"REG",0.934,0.727,"REG",0.275,0.334,"REG",0.123,0.551,"REG",0.205,1.456,"REG",0.577,0.144,"LOD",0.096,0.098,"LOD",0.084,0.116,"LOD",0.095,0.234,"REG",0.113,0.125,"LOD",0.08,0.352,"REG",0.138,0.145,"LOD",0.15,0.608,"REG",0.246,0.619,"REG",0.169,0.535,"REG",0.283,0.31,"REG",0.141,0.467,"REG",0.248,0.366,"LOD",0.262,0.77,"REG",0.378,0.358,"REG",0.174,0.371,"REG",0.154,0.557,"REG",0.161,0.641,"REG",0.283,1.214,"REG",0.44,1.79,"REG",0.665,4.632,"REG",1.711,0.303,"REG",0.113,1.972,"REG",0.748,0.219,"REG",0.092,0.019,"LOD",0.028,0.079,"REG",0.036,0.007,"ND",0.011,0.049,"REG",0.017,0.204,"REG",0.088,1.056,"REG",0.392,0.133,"REG",0.052,0.088,"REG",0.022,0.26,"REG",0.064,0.2313625868188107,0.2,3.023,"REG",5.54,"REG",NA
"5","28th & Point Breeze","stationary","39.92624784, -75.1923165",39.92624784,-75.1923165,"#FF7F00","Non-Industrial","Residential","Low","Laundromat","LowT/NoI","P726616","P726616 060724 060524 Pt B Near SS","P726616 060724 060524 Pt B Near SS.D","2024-06-07","2024-06-05","sample","2024-05-29","2024-06-05",10067,2,"232024",1,2.158,"REG",0.815,0.605,"REG",0.229,0.277,"REG",0.102,0.45,"REG",0.175,1.059,"REG",0.42,0.11,"LOD",0.093,0.066,"LOD",0.082,0.084,"LOD",0.093,0.205,"LOD",0.113,0.091,"LOD",0.078,0.279,"REG",0.114,0.118,"LOD",0.15,0.411,"REG",0.167,0.423,"REG",0.116,0.175,"REG",0.134,0.163,"REG",0.089,0.253,"LOD",0.198,0.187,"LOD",0.224,0.407,"LOD",0.346,0.281,"REG",0.159,0.271,"REG",0.129,0.407,"REG",0.132,0.437,"REG",0.235,0.894,"REG",0.345,1.183,"REG",0.45,3.068,"REG",1.152,0.271,"REG",0.102,1.302,"REG",0.51,0.145,"REG",0.07,0.014,"ND",0.023,0.09,"REG",0.039,0.007,"ND",0.011,0.036,"REG",0.012,0.143,"REG",0.081,0.899,"REG",0.337,0.136,"REG",0.053,0.09,"REG",0.022,0.212,"REG",0.053,0.23651061696159545,0.16,2.608,"REG",4.549,"REG",NA
"5","28th & Point Breeze","stationary","39.92624784, -75.1923165",39.92624784,-75.1923165,"#FF7F00","Non-Industrial","Residential","Low","Laundromat","LowT/NoI","P726657","P726657 062124 061224 Pt B Near SS","P726657 062124 061224 Pt B Near SS.D","2024-06-21","2024-06-12","sample","2024-06-05","2024-06-12",9836,2,"242024",1,3.217,"REG",1.215,0.64,"REG",0.242,0.438,"REG",0.161,0.623,"REG",0.229,1.328,"REG",0.526,0.17,"LOD",0.103,0.136,"LOD",0.093,0.12,"LOD",0.099,0.333,"REG",0.124,0.131,"LOD",0.083,0.452,"REG",0.174,0.182,"LOD",0.162,0.582,"REG",0.236,0.6,"REG",0.164,0.408,"REG",0.227,0.285,"REG",0.133,0.374,"REG",0.229,0.345,"LOD",0.263,0.589,"LOD",0.37,1.152,"REG",0.415,0.457,"REG",0.18,0.556,"REG",0.163,0.783,"REG",0.327,1.321,"REG",0.476,1.248,"REG",0.473,3.345,"REG",1.252,0.25,"REG",0.093,2.02,"REG",0.767,0.149,"REG",0.072,0.02,"LOD",0.029,0.073,"REG",0.034,0.007,"ND",0.011,0.036,"REG",0.013,0.078,"LOD",0.076,1.288,"REG",0.475,0.139,"REG",0.054,0.092,"REG",0.022,0.245,"REG",0.061,0.24206510583086427,0.18,3.84,"REG",6.246,"REG",NA
"5","28th & Point Breeze","stationary","39.92624784, -75.1923165",39.92624784,-75.1923165,"#FF7F00","Non-Industrial","Residential","Low","Laundromat","LowT/NoI","P726601","P726601 062124 061924 Pt B Near SS","P726601 062124 061924 Pt B Near SS.D","2024-06-21","2024-06-19","sample","2024-06-12","2024-06-19",10178,2,"252024",1,2.195,"REG",0.829,0.5,"REG",0.19,0.295,"REG",0.109,0.468,"REG",0.18,0.921,"REG",0.365,0.146,"LOD",0.097,0.099,"LOD",0.085,0.117,"LOD",0.096,0.237,"REG",0.114,0.109,"LOD",0.079,0.396,"REG",0.154,0.146,"LOD",0.152,0.511,"REG",0.207,0.51,"REG",0.14,0.345,"REG",0.198,0.257,"REG",0.121,0.389,"REG",0.228,0.333,"LOD",0.254,0.611,"REG",0.362,0.417,"REG",0.19,0.188,"REG",0.11,0.429,"REG",0.135,0.54,"REG",0.258,1.031,"REG",0.385,0.957,"REG",0.371,2.639,"REG",0.999,0.176,"REG",0.066,1.537,"REG",0.592,0.022,"ND",0.037,0.019,"LOD",0.028,0.125,"REG",0.051,0.007,"ND",0.011,0.035,"REG",0.012,0.141,"REG",0.079,1.156,"REG",0.428,0.09,"REG",0.036,0.059,"REG",0.018,0.158,"REG",0.039,0.23393126163808026,0.12,2.663,"REG",4.379,"REG",NA
"5","28th & Point Breeze","stationary","39.92624784, -75.1923165",39.92624784,-75.1923165,"#FF7F00","Non-Industrial","Residential","Low","Laundromat","LowT/NoI","P733851","P733851 062724 061924 Pt B Near SS","P733851 062724 061924 Pt B Near SS.D","2024-06-27","2024-06-19","sample","2024-06-19","2024-06-26",10085,2,"262024",1,2.093,"REG",0.791,0.465,"REG",0.178,0.277,"REG",0.102,0.449,"REG",0.174,0.961,"REG",0.381,0.147,"LOD",0.098,0.116,"LOD",0.088,0.101,"LOD",0.094,0.137,"LOD",0.11,0.11,"LOD",0.079,0.319,"REG",0.127,0.088,"LOD",0.147,0.515,"REG",0.209,0.515,"REG",0.141,0.571,"REG",0.3,0.297,"REG",0.136,0.449,"REG",0.246,0.299,"LOD",0.247,0.533,"LOD",0.357,0.365,"REG",0.178,0.189,"REG",0.111,0.379,"REG",0.126,0.599,"REG",0.274,0.942,"REG",0.359,0.966,"REG",0.374,2.463,"REG",0.939,0.148,"REG",0.055,1.257,"REG",0.494,0.106,"REG",0.06,0.014,"ND",0.023,0.153,"REG",0.062,0.007,"ND",0.011,0.035,"REG",0.012,0.043,"LOD",0.072,1.077,"REG",0.399,0.09,"REG",0.036,0.06,"REG",0.018,0.265,"REG",0.065,0.23608848596453952,0.2,2.542,"REG",4.245,"REG",NA
"6","25th & Point Breeze","stationary","39.92771763, -75.1873965",39.92771763,-75.1873965,"#2C3E73","Industrial","Institution","Low","Auto body shop, junkyard","LowT/I","P733883","P733883 071323 070523 Point Breeze Mid 1WK SS","P733883 071323 070523 Point Breeze Mid 1WK SS.D","2023-07-13","2023-07-05","sample","2023-06-28","2023-07-05",10411,2,"272023",1,1.667,"REG",0.63,0.949,"REG",0.358,0.333,"REG",0.123,0.461,"REG",0.177,1.273,"REG",0.505,0.125,"LOD",0.092,0.08,"LOD",0.081,0.098,"LOD",0.091,0.232,"REG",0.111,0.089,"LOD",0.075,0.275,"REG",0.112,0.115,"LOD",0.146,0.48,"REG",0.194,0.508,"REG",0.139,0.159,"REG",0.126,0.208,"REG",0.103,0.279,"REG",0.199,0.303,"LOD",0.243,0.486,"LOD",0.343,0.408,"REG",0.185,0.236,"REG",0.118,0.446,"REG",0.137,0.363,"REG",0.214,1.008,"REG",0.376,0.868,"REG",0.339,2.273,"REG",0.87,0.135,"REG",0.05,1.056,"REG",0.422,0.114,"REG",0.061,0.013,"ND",0.022,0.283,"REG",0.11,0.007,"ND",0.011,0.002,"ND",0.003,0.096,"LOD",0.073,1.043,"REG",0.388,0.088,"REG",0.035,0.058,"REG",0.018,0.18,"REG",0.044,0.22869583910790328,0.14,2.128,"REG",4.683000000000001,"REG",NA
"6","25th & Point Breeze","stationary","39.92771763, -75.1873965",39.92771763,-75.1873965,"#2C3E73","Industrial","Institution","Low","Auto body shop, junkyard","LowT/I","P637221","P637221 071323 071223 Point Breeze Mid 1WK SS","P637221 071323 071223 Point Breeze Mid 1WK SS.D","2023-07-13","2023-07-12","sample","2023-07-05","2023-07-12",9724,2,"282023",1,2.135,"REG",0.807,0.524,"REG",0.199,0.379,"REG",0.139,0.587,"REG",0.218,1.346,"REG",0.534,0.153,"LOD",0.102,0.086,"LOD",0.087,0.122,"LOD",0.1,0.266,"REG",0.12,0.095,"LOD",0.081,0.337,"REG",0.134,0.122,"LOD",0.155,0.541,"REG",0.219,0.568,"REG",0.155,0.052,"ND",0.088,0.143,"REG",0.084,0.27,"REG",0.207,0.208,"LOD",0.235,0.477,"LOD",0.363,0.349,"REG",0.178,0.239,"REG",0.124,0.478,"REG",0.147,0.445,"REG",0.242,1.131,"REG",0.418,1.078,"REG",0.414,2.848,"REG",1.076,0.184,"REG",0.069,1.391,"REG",0.543,0.081,"REG",0.056,0.014,"ND",0.024,0.256,"REG",0.1,0.107,"REG",0.036,0.002,"ND",0.003,0.103,"LOD",0.079,1.117,"REG",0.415,0.094,"REG",0.038,0.062,"REG",0.019,0.193,"REG",0.048,0.2448531860296566,0.14,2.7219999999999995,"REG",4.971,"REG",NA
"6","25th & Point Breeze","stationary","39.92771763, -75.1873965",39.92771763,-75.1873965,"#2C3E73","Industrial","Institution","Low","Auto body shop, junkyard","LowT/I","P637230","P637230 072723 071923 Point Breeze Mid 1WK DS","P637230 072723 071923 Point Breeze Mid 1WK DS.D","2023-07-27","2023-07-19","sample","2023-07-12","2023-07-19",10039,14.3,"292023",1,5.266,"REG",1.989,1.333,"REG",0.502,0.773,"REG",0.283,1.464,"REG",0.504,2.932,"REG",1.163,0.399,"LOD",0.153,0.238,"LOD",0.111,0.241,"LOD",0.12,0.614,"LOD",0.152,0.264,"LOD",0.103,0.875,"REG",0.325,0.424,"LOD",0.215,1.424,"REG",0.576,1.471,"REG",0.401,0.614,"LOD",0.32,0.76,"REG",0.322,0.876,"LOD",0.383,0.975,"LOD",0.486,1.47,"LOD",0.5,1.008,"LOD",0.368,0.583,"LOD",0.217,1.168,"LOD",0.302,1.559,"LOD",0.567,3.204,"REG",1.088,4.12,"REG",1.51,9.992,"REG",3.656,0.915,"REG",0.341,5.118,"REG",1.905,0.023,"ND",0.038,0.014,"ND",0.023,0.644,"REG",0.247,0.276,"REG",0.088,0.002,"ND",0.003,0.238,"LOD",0.095,3.224,"REG",1.17,0.325,"REG",0.124,0.215,"REG",0.041,1.143,"REG",0.28,0.2371702740265346,0.858,6.73,"REG",11.767999999999999,"REG",NA
"6","25th & Point Breeze","stationary","39.92771763, -75.1873965",39.92771763,-75.1873965,"#2C3E73","Industrial","Institution","Low","Auto body shop, junkyard","LowT/I","P726615","P726615 072823 072623 Point Breeze Mid 1WK DS","P726615 072823 072623 Point Breeze Mid 1WK DS.D","2023-07-28","2023-07-26","sample","2023-07-19","2023-07-26",9940,14.3,"302023",1,10,"REG",3.776,1.346,"REG",0.507,1.562,"REG",0.571,2.792,"REG",0.951,5.499,"REG",2.18,0.671,"LOD",0.231,0.041,"ND",0.068,0.488,"LOD",0.187,1.117,"LOD",0.224,0.4,"LOD",0.131,1.179,"REG",0.435,0.429,"LOD",0.217,1.629,"REG",0.659,1.486,"REG",0.405,0.8,"LOD",0.409,0.627,"REG",0.268,0.681,"LOD",0.318,0.713,"LOD",0.385,0.168,"ND",0.279,1.222,"LOD",0.437,0.883,"LOD",0.312,1.376,"REG",0.352,1.574,"LOD",0.573,3.595,"REG",1.218,3.9,"REG",1.431,10.091,"REG",3.693,0.986,"REG",0.368,3.041,"REG",1.139,0.489,"LOD",0.187,0.014,"ND",0.024,0.453,"REG",0.175,0.007,"ND",0.011,0.054,"REG",0.018,0.241,"LOD",0.096,3.256,"REG",1.181,0.328,"REG",0.125,0.217,"REG",0.041,0.962,"REG",0.236,0.2395324326913864,0.7150000000000001,12.792,"REG",21.198999999999998,"REG",NA
"6","25th & Point Breeze","stationary","39.92771763, -75.1873965",39.92771763,-75.1873965,"#2C3E73","Industrial","Institution","Low","Auto body shop, junkyard","LowT/I","P726654","P726654 081023 080223 Point Breeze Mid 1WK SS","P726654 081023 080223 Point Breeze Mid 1WK SS.D","2023-08-10","2023-08-02","sample","2023-07-26","2023-08-02",10080,2,"312023",1,1.901,"REG",0.718,0.664,"REG",0.251,0.323,"REG",0.119,0.521,"REG",0.196,1.352,"REG",0.536,0.13,"LOD",0.095,0.099,"LOD",0.086,0.101,"LOD",0.094,0.237,"REG",0.115,0.089,"LOD",0.078,0.278,"REG",0.114,0.118,"LOD",0.15,0.559,"REG",0.227,0.559,"REG",0.153,0.628,"REG",0.327,0.367,"REG",0.164,0.432,"REG",0.241,0.38,"REG",0.269,0.165,"ND",0.275,0.309,"REG",0.165,0.27,"REG",0.129,0.596,"REG",0.17,0.418,"REG",0.231,1.289,"REG",0.465,1.112,"REG",0.425,3.108,"REG",1.166,0.229,"REG",0.086,1.216,"REG",0.48,0.177,"REG",0.08,0.038,"LOD",0.031,0.204,"REG",0.081,0.007,"ND",0.011,0.002,"ND",0.003,0.099,"LOD",0.076,1.257,"REG",0.464,0.136,"REG",0.053,0.06,"REG",0.018,0.371,"REG",0.092,0.2362055933484505,0.28,2.422,"REG",4.761,"REG",NA
"6","25th & Point Breeze","stationary","39.92771763, -75.1873965",39.92771763,-75.1873965,"#2C3E73","Industrial","Institution","Low","Auto body shop, junkyard","LowT/I","P733848","P733848 081123 080923 Point Breeze Mid 1WK SS","P733848 081123 080923 Point Breeze Mid 1WK SS.D","2023-08-11","2023-08-09","sample","2023-08-02","2023-08-09",10050,2,"322023",1,1.691,"REG",0.639,0.626,"REG",0.237,0.303,"REG",0.112,0.432,"REG",0.169,1.037,"REG",0.411,0.13,"LOD",0.096,0.1,"LOD",0.086,0.101,"LOD",0.095,0.22,"REG",0.114,0.089,"LOD",0.078,0.279,"REG",0.114,0.118,"LOD",0.15,0.43,"REG",0.174,0.468,"REG",0.128,0.157,"REG",0.128,0.155,"REG",0.086,0.235,"LOD",0.196,0.231,"LOD",0.233,0.382,"LOD",0.345,0.31,"REG",0.165,0.258,"REG",0.126,0.489,"REG",0.148,0.474,"REG",0.243,1.144,"REG",0.42,1.007,"REG",0.388,2.783,"REG",1.051,0.245,"REG",0.091,1.094,"REG",0.437,0.098,"REG",0.058,0.038,"LOD",0.031,0.45,"REG",0.174,0.007,"ND",0.011,0.002,"ND",0.003,0.067,"LOD",0.073,1.351,"REG",0.497,0.136,"REG",0.053,0.06,"REG",0.018,0.585,"REG",0.144,0.2369106846718787,0.44,2.123,"REG",4.089,"REG",NA
"6","25th & Point Breeze","stationary","39.92771763, -75.1873965",39.92771763,-75.1873965,"#2C3E73","Industrial","Institution","Low","Auto body shop, junkyard","LowT/I","P733857","P733857 082423 081623 Point Breeze Mid SS","P733857 082423 081623 Point Breeze Mid SS.D","2023-08-24","2023-08-16","sample","2023-08-09","2023-08-16",10197,1.3,"332023",1,2.425,"REG",0.916,0.637,"REG",0.242,0.471,"REG",0.172,0.684,"REG",0.247,1.763,"REG",0.699,0.214,"REG",0.109,0.04,"ND",0.066,0.195,"REG",0.109,0.514,"REG",0.139,0.186,"REG",0.088,0.516,"REG",0.196,0.266,"REG",0.174,0.648,"REG",0.262,0.591,"REG",0.162,1.07,"REG",0.539,0.47,"REG",0.204,0.949,"REG",0.408,0.58,"REG",0.332,1.248,"REG",0.456,0.469,"REG",0.204,0.27,"REG",0.128,0.609,"REG",0.173,0.612,"REG",0.276,1.37,"REG",0.489,0.968,"REG",0.374,2.589,"REG",0.982,0.186,"REG",0.07,1.186,"REG",0.468,0.022,"ND",0.037,0.025,"LOD",0.029,0.275,"REG",0.107,0.007,"ND",0.011,0.002,"ND",0.003,0.106,"REG",0.076,1.039,"REG",0.386,0.116,"REG",0.045,0.134,"REG",0.028,0.222,"REG",0.055,0.2334953791264471,0.169,3.109,"REG",5.9799999999999995,"REG","Summer"
"6","25th & Point Breeze","stationary","39.92771763, -75.1873965",39.92771763,-75.1873965,"#2C3E73","Industrial","Institution","Low","Auto body shop, junkyard","LowT/I","P733878","P733878 082523 082323 Point Breeze Mid SS","P733878 082523 082323 Point Breeze Mid SS.D","2023-08-25","2023-08-23","sample","2023-08-16","2023-08-23",10015,2,"342023",1,1.975,"REG",0.746,0.787,"REG",0.298,0.39,"REG",0.143,0.547,"REG",0.204,1.489,"REG",0.591,0.149,"LOD",0.099,0.117,"LOD",0.088,0.118,"LOD",0.097,0.273,"REG",0.118,0.089,"LOD",0.078,0.28,"REG",0.115,0.149,"LOD",0.155,0.537,"REG",0.218,0.446,"REG",0.122,0.632,"REG",0.329,0.369,"REG",0.164,0.463,"REG",0.25,0.533,"REG",0.318,0.809,"REG",0.391,0.283,"REG",0.16,0.191,"REG",0.111,0.518,"REG",0.154,0.421,"REG",0.232,1.197,"REG",0.437,0.758,"REG",0.304,1.989,"REG",0.775,0.16,"REG",0.06,0.844,"REG",0.354,0.099,"REG",0.058,0.019,"LOD",0.029,0.114,"REG",0.048,0.007,"ND",0.011,0.002,"ND",0.003,0.1,"LOD",0.076,1.085,"REG",0.403,0.137,"REG",0.053,0.06,"REG",0.018,0.187,"REG",0.047,0.23773863015001306,0.14,2.5220000000000002,"REG",5.188,"REG","Summer"
"6","25th & Point Breeze","stationary","39.92771763, -75.1873965",39.92771763,-75.1873965,"#2C3E73","Industrial","Institution","Low","Auto body shop, junkyard","LowT/I","P733867","P733867 090723 083023 Point Breeze mid SS","P733867 090723 083023 Point Breeze mid SS.D","2023-09-07","2023-08-30","sample","2023-08-23","2023-08-30",10018,2,"352023",1,1.949,"REG",0.736,0.658,"REG",0.249,0.366,"REG",0.135,0.522,"REG",0.197,1.281,"REG",0.508,0.149,"LOD",0.099,0.117,"LOD",0.088,0.093,"LOD",0.094,0.258,"REG",0.117,0.13,"LOD",0.082,0.327,"REG",0.13,0.146,"LOD",0.154,0.532,"REG",0.216,0.565,"REG",0.154,0.139,"REG",0.123,0.16,"REG",0.088,0.317,"REG",0.212,0.351,"LOD",0.262,0.557,"REG",0.361,0.367,"REG",0.179,0.268,"REG",0.128,0.682,"REG",0.189,0.599,"REG",0.275,1.596,"REG",0.562,1.076,"REG",0.413,2.949,"REG",1.11,0.194,"REG",0.073,1.35,"REG",0.527,0.214,"REG",0.091,0.03,"LOD",0.03,0.154,"REG",0.062,0.007,"ND",0.011,0.002,"ND",0.003,0.092,"LOD",0.076,1.265,"REG",0.466,0.091,"REG",0.037,0.06,"REG",0.018,0.32,"REG",0.079,0.23766743670916163,0.24,2.471,"REG",4.776000000000001,"REG","Summer"
"6","25th & Point Breeze","stationary","39.92771763, -75.1873965",39.92771763,-75.1873965,"#2C3E73","Industrial","Institution","Low","Auto body shop, junkyard","LowT/I","P726643","P726643 090823 090623 Point Breeze mid SS","P726643 090823 090623 Point Breeze mid SS.D","2023-09-08","2023-09-06","sample","2023-08-30","2023-09-06",10034,2,"362023",1,2.44,"REG",0.922,0.617,"REG",0.234,0.431,"REG",0.158,0.658,"REG",0.239,1.55,"REG",0.615,0.167,"LOD",0.102,0.15,"LOD",0.093,0.11,"LOD",0.096,0.326,"REG",0.122,0.129,"LOD",0.082,0.408,"REG",0.158,0.146,"LOD",0.154,0.584,"REG",0.236,0.634,"REG",0.173,0.189,"REG",0.138,0.179,"REG",0.094,0.372,"REG",0.226,0.104,"ND",0.173,0.641,"REG",0.37,0.48,"REG",0.207,0.295,"REG",0.135,0.626,"REG",0.177,0.707,"REG",0.304,1.395,"REG",0.498,1.255,"REG",0.475,3.546,"REG",1.322,0.056,"REG",0.021,1.559,"REG",0.601,0.135,"REG",0.067,0.014,"ND",0.023,0.117,"REG",0.049,0.007,"ND",0.011,0.002,"ND",0.003,0.125,"LOD",0.079,1.173,"REG",0.433,0.091,"REG",0.036,0.09,"REG",0.022,0.24,"REG",0.059,0.23728845734028114,0.18,3.098,"REG",5.696000000000001,"REG","Summer"
"6","25th & Point Breeze","stationary","39.92771763, -75.1873965",39.92771763,-75.1873965,"#2C3E73","Industrial","Institution","Low","Auto body shop, junkyard","LowT/I","P733891","P733891 092923 092723 Point Breeze mid SS","P733891 092923 092723 Point Breeze mid SS RENAME.D","2023-09-29","2023-09-27","sample","2023-09-20","2023-09-27",9986,2,"392023",1,2.234,"REG",0.844,0.74,"REG",0.28,0.324,"REG",0.119,0.456,"REG",0.177,1.333,"REG",0.529,0.075,"LOD",0.09,0.051,"LOD",0.082,0.042,"LOD",0.09,0.19,"LOD",0.113,0.074,"LOD",0.077,0.205,"REG",0.091,0.087,"LOD",0.148,0.349,"REG",0.142,0.402,"REG",0.111,0.051,"ND",0.085,0.064,"REG",0.063,0.147,"LOD",0.183,0.05,"LOD",0.21,0.175,"LOD",0.336,0.199,"LOD",0.144,0.2,"REG",0.114,0.383,"REG",0.127,0.271,"LOD",0.204,0.851,"REG",0.334,0.827,"REG",0.327,2.487,"REG",0.948,0.317,"REG",0.118,0.635,"REG",0.288,0.096,"REG",0.058,0.014,"ND",0.023,0.009,"ND",0.016,0.007,"ND",0.011,0.002,"ND",0.003,0.192,"REG",0.088,1.723,"REG",0.63,0.137,"REG",0.053,0.151,"REG",0.031,0.857,"REG",0.211,0.23842903874948737,0.64,2.69,"REG",5.087000000000001,"REG","Summer"
"6","25th & Point Breeze","stationary","39.92771763, -75.1873965",39.92771763,-75.1873965,"#2C3E73","Industrial","Institution","Low","Auto body shop, junkyard","LowT/I","P733883","P733883 101223 100423 Point Breeze mid SS","P733883 101223 100423 Point Breeze mid SS.D","2023-10-12","2023-10-04","sample","2023-09-27","2023-10-04",10185,2,"402023",1,3.372,"REG",1.273,1.049,"REG",0.396,0.488,"REG",0.179,0.718,"REG",0.257,1.85,"REG",0.734,0.128,"LOD",0.094,0.099,"LOD",0.085,0.117,"LOD",0.096,0.288,"REG",0.117,0.127,"LOD",0.081,0.358,"REG",0.141,0.146,"LOD",0.152,0.761,"REG",0.308,1.154,"REG",0.314,0.218,"REG",0.147,0.27,"REG",0.126,0.36,"REG",0.221,0.159,"LOD",0.217,0.335,"LOD",0.338,1.112,"REG",0.401,0.495,"REG",0.19,0.722,"REG",0.198,0.648,"REG",0.285,1.668,"REG",0.584,2.13,"REG",0.788,5.932,"REG",2.181,0.621,"ULOD",0.366,1.656,"REG",0.635,0.175,"REG",0.078,0.015,"REG",0.028,0.078,"REG",0.035,0.007,"ND",0.011,0.002,"ND",0.003,0.19,"REG",0.087,1.689,"REG",0.617,0.179,"REG",0.069,0.119,"REG",0.026,0.42,"REG",0.103,0.23377048413867266,0.32,4.09,"REG",7.477,"REG","Summer"
"6","25th & Point Breeze","stationary","39.92771763, -75.1873965",39.92771763,-75.1873965,"#2C3E73","Industrial","Institution","Low","Auto body shop, junkyard","LowT/I","P733865","P733865 101323 101123 Point Breeze mid SS","P733865 101323 101123 Point Breeze mid SS.D","2023-10-13","2023-10-11","sample","2023-10-04","2023-10-11",9929,1.99,"412023",1,3.627,"REG",1.37,1.35,"REG",0.509,0.52,"REG",0.191,0.755,"REG",0.27,2.065,"REG",0.819,0.149,"LOD",0.099,0.1,"LOD",0.087,0.119,"LOD",0.098,0.311,"REG",0.121,0.149,"REG",0.085,0.365,"REG",0.144,0.149,"LOD",0.156,0.935,"REG",0.378,1.319,"REG",0.359,0.446,"REG",0.243,0.314,"REG",0.143,0.367,"REG",0.226,0.162,"LOD",0.223,0.341,"LOD",0.346,0.624,"REG",0.249,0.355,"REG",0.151,0.901,"REG",0.239,0.606,"REG",0.278,2.054,"REG",0.71,2.282,"REG",0.843,6.257,"REG",2.3,0.634,"ULOD",0.427,1.521,"REG",0.588,0.178,"REG",0.08,0.034,"REG",0.03,0.08,"REG",0.036,0.007,"ND",0.011,0.002,"ND",0.003,0.161,"REG",0.084,1.996,"REG",0.727,0.228,"REG",0.087,0.181,"REG",0.036,0.697,"REG",0.171,0.23979780249293794,0.5174,4.382,"REG",8.317,"REG","Summer"
"6","25th & Point Breeze","stationary","39.92771763, -75.1873965",39.92771763,-75.1873965,"#2C3E73","Industrial","Institution","Low","Auto body shop, junkyard","LowT/I","P733854","P733854 102623 101823 Point Breeze Mid SS RENAME","P733854 102623 101823 Point Breeze Mid SS RENAME.D","2023-10-26","2023-10-18","sample","2023-10-11","2023-10-18",10062,2,"422023",1,3.874,"REG",1.463,0.923,"REG",0.348,0.559,"REG",0.205,0.817,"REG",0.29,1.761,"REG",0.698,0.111,"LOD",0.093,0.083,"LOD",0.084,0.101,"LOD",0.095,0.292,"REG",0.118,0.147,"REG",0.084,0.362,"REG",0.142,0.118,"LOD",0.15,0.612,"REG",0.248,0.677,"REG",0.185,0.246,"REG",0.158,0.195,"REG",0.1,0.279,"LOD",0.204,0.161,"LOD",0.22,0.297,"LOD",0.339,0.366,"REG",0.178,0.271,"REG",0.129,0.866,"REG",0.231,0.491,"REG",0.248,1.937,"REG",0.672,1.437,"REG",0.54,3.87,"REG",1.438,0.338,"REG",0.126,0.962,"REG",0.392,0.059,"REG",0.05,0.054,"REG",0.033,0.034,"LOD",0.023,0.007,"ND",0.011,0.002,"ND",0.003,0.225,"REG",0.093,2.159,"REG",0.786,0.182,"REG",0.07,0.15,"REG",0.031,0.691,"REG",0.17,0.2366281436048878,0.52,4.691,"REG",7.934000000000001,"REG","Summer"
"6","25th & Point Breeze","stationary","39.92771763, -75.1873965",39.92771763,-75.1873965,"#2C3E73","Industrial","Institution","Low","Auto body shop, junkyard","LowT/I","P726649","P726649 102723 102523 Point Breeze Mid SS","P726649 102723 102523 Point Breeze Mid SS.D","2023-10-27","2023-10-25","sample","2023-10-18","2023-10-25",10068,2,"432023",1,9.228,"REG",3.485,1.438,"REG",0.541,1.292,"REG",0.472,1.792,"REG",0.613,3.751,"REG",1.487,0.222,"REG",0.112,0.183,"REG",0.099,0.202,"REG",0.112,0.617,"REG",0.152,0.313,"REG",0.112,0.81,"REG",0.301,0.296,"REG",0.181,1.951,"REG",0.789,2.777,"REG",0.756,0.618,"REG",0.322,0.621,"REG",0.265,0.364,"REG",0.223,0.161,"LOD",0.22,0.381,"LOD",0.344,0.759,"REG",0.289,0.745,"REG",0.267,2.304,"REG",0.578,1.583,"REG",0.575,5.162,"REG",1.739,6.607,"REG",2.417,13.337,"ULOD",6.212,0.416,"ULOD",0.688,5.37,"REG",1.998,0.413,"REG",0.159,0.092,"REG",0.042,0.052,"REG",0.028,0.007,"ND",0.011,0.002,"ND",0.003,0.192,"REG",0.087,1.978,"REG",0.721,0.181,"REG",0.07,0.239,"REG",0.045,0.851,"REG",0.208,0.23648712564088015,0.64,11.02,"REG",17.501,"REG","Summer"
"6","25th & Point Breeze","stationary","39.92771763, -75.1873965",39.92771763,-75.1873965,"#2C3E73","Industrial","Institution","Low","Auto body shop, junkyard","LowT/I","P726610","P726610 110923 110123 Point Breeze Mid SS","P726610 110923 110123 Point Breeze Mid SS.D","2023-11-09","2023-11-01","sample","2023-10-25","2023-11-01",10335,2,"442023",1,7.218,"REG",2.726,1.381,"REG",0.52,1.004,"REG",0.367,1.458,"REG",0.502,3.909,"REG",1.55,0.271,"REG",0.12,0.227,"REG",0.106,0.23,"REG",0.116,0.651,"REG",0.154,0.305,"REG",0.109,0.828,"REG",0.308,0.317,"REG",0.183,1.694,"REG",0.685,2.226,"REG",0.606,0.565,"REG",0.297,0.65,"REG",0.277,0.535,"REG",0.268,0.23,"LOD",0.227,0.582,"REG",0.354,0.932,"REG",0.342,0.488,"REG",0.187,1.56,"REG",0.396,1.856,"REG",0.664,3.433,"REG",1.163,3.743,"REG",1.373,9.874,"REG",3.613,0.403,"ULOD",0.292,3.436,"REG",1.283,0.356,"REG",0.139,0.067,"REG",0.036,0.009,"ND",0.016,0.007,"ND",0.011,0.051,"REG",0.017,0.152,"REG",0.08,1.751,"REG",0.64,0.172,"REG",0.066,0.437,"REG",0.079,0.699,"REG",0.171,0.2303775888681549,0.54,8.676,"REG",14.97,"REG","Summer"
"6","25th & Point Breeze","stationary","39.92771763, -75.1873965",39.92771763,-75.1873965,"#2C3E73","Industrial","Institution","Low","Auto body shop, junkyard","LowT/I","P726662","P726662 111023 110823 Point Breeze Mid SS","P726662 111023 110823 Point Breeze Mid SS.D","2023-11-10","2023-11-08","sample","2023-11-01","2023-11-08",9874,2,"452023",1,7.963,"REG",3.007,2.032,"REG",0.765,1.161,"REG",0.425,1.573,"REG",0.541,3.62,"REG",1.435,0.321,"REG",0.135,0.237,"REG",0.111,0.258,"REG",0.125,0.716,"REG",0.166,0.357,"REG",0.122,0.867,"REG",0.322,0.392,"REG",0.207,1.8,"REG",0.727,2.473,"REG",0.673,0.82,"REG",0.419,0.7,"REG",0.298,0.762,"REG",0.346,0.316,"LOD",0.256,0.738,"REG",0.386,0.975,"REG",0.358,0.608,"REG",0.225,1.881,"REG",0.475,1.831,"REG",0.658,4.1,"REG",1.386,4.723,"REG",1.73,12.307,"REG",4.5,0.422,"ULOD",0.429,3.853,"REG",1.438,0.373,"REG",0.145,0.07,"REG",0.037,0.01,"ND",0.016,0.007,"ND",0.011,0.038,"REG",0.013,0.26,"REG",0.1,1.742,"REG",0.637,0.18,"REG",0.069,0.214,"REG",0.041,0.65,"REG",0.16,0.2411335204529452,0.48,9.536,"REG",16.349,"REG",NA
"6","25th & Point Breeze","stationary","39.92771763, -75.1873965",39.92771763,-75.1873965,"#2C3E73","Industrial","Institution","Low","Auto body shop, junkyard","LowT/I","P733859","P733859 112423 111523 Point Breeze Mid SS","P733859 112423 111523 Point Breeze Mid SS.D","2023-11-24","2023-11-15","sample","2023-11-08","2023-11-15",10151,2,"462023",1,5.669,"REG",2.141,1.544,"REG",0.581,0.787,"REG",0.288,1.125,"REG",0.391,2.873,"REG",1.14,0.184,"REG",0.104,0.115,"LOD",0.087,0.15,"LOD",0.101,0.391,"REG",0.126,0.165,"REG",0.086,0.44,"REG",0.169,0.176,"LOD",0.157,0.943,"REG",0.382,1.317,"REG",0.359,0.649,"REG",0.337,0.489,"REG",0.212,0.378,"REG",0.226,0.196,"LOD",0.224,0.382,"LOD",0.341,0.419,"REG",0.191,0.309,"REG",0.138,1.077,"REG",0.28,0.861,"REG",0.347,2.413,"REG",0.827,2.208,"REG",0.816,5.953,"REG",2.189,0.621,"ULOD",0.327,1.791,"REG",0.684,0.207,"REG",0.088,0.049,"REG",0.032,0.036,"LOD",0.023,0.007,"ND",0.011,0.002,"ND",0.003,0.155,"REG",0.082,1.605,"REG",0.588,0.175,"REG",0.067,0.119,"REG",0.026,1.028,"REG",0.252,0.23455348053909772,0.78,6.794,"REG",11.998,"REG",NA
"6","25th & Point Breeze","stationary","39.92771763, -75.1873965",39.92771763,-75.1873965,"#2C3E73","Industrial","Institution","Low","Auto body shop, junkyard","LowT/I","P733879","P733879 112523 112223 Point Breeze Mid SS","P733879 112523 112223 Point Breeze Mid SS.D","2023-11-25","2023-11-22","sample","2023-11-15","2023-11-22",10130,2,"472023",1,4.641,"REG",1.753,1.587,"REG",0.597,0.703,"REG",0.257,0.992,"REG",0.347,2.721,"REG",1.079,0.203,"REG",0.107,0.149,"LOD",0.093,0.167,"LOD",0.104,0.426,"REG",0.13,0.128,"LOD",0.081,0.481,"REG",0.183,0.235,"LOD",0.168,1.102,"REG",0.446,1.366,"REG",0.372,0.651,"REG",0.337,0.49,"REG",0.212,0.491,"REG",0.257,0.234,"LOD",0.232,0.425,"LOD",0.346,0.503,"REG",0.213,0.364,"REG",0.152,1.241,"REG",0.319,0.917,"REG",0.363,2.763,"REG",0.942,2.427,"REG",0.895,6.429,"REG",2.362,0.333,"REG",0.124,2.128,"REG",0.806,0.285,"REG",0.115,0.069,"REG",0.036,0.009,"ND",0.016,0.007,"ND",0.011,0.002,"ND",0.003,0.155,"REG",0.082,1.519,"REG",0.557,0.176,"REG",0.068,0.208,"REG",0.04,0.977,"REG",0.24,0.23503972171296952,0.74,5.633,"REG",10.644000000000002,"REG",NA
"6","25th & Point Breeze","stationary","39.92771763, -75.1873965",39.92771763,-75.1873965,"#2C3E73","Industrial","Institution","Low","Auto body shop, junkyard","LowT/I","P733896","P733896 120823 112923 Point Breeze Mid SS","P733896 120823 112923 Point Breeze Mid SS.D","2023-12-08","2023-11-29","sample","2023-11-22","2023-11-29",9999,2,"482023",1,2.706,"REG",1.022,1.228,"REG",0.463,0.406,"REG",0.149,0.564,"REG",0.21,1.814,"REG",0.719,0.112,"LOD",0.094,0.067,"LOD",0.083,0.085,"LOD",0.093,0.224,"REG",0.115,0.093,"LOD",0.078,0.246,"REG",0.104,0.119,"LOD",0.151,0.566,"REG",0.229,0.75,"REG",0.205,0.402,"REG",0.224,0.207,"REG",0.104,0.329,"REG",0.216,0.113,"LOD",0.215,0.277,"LOD",0.34,0.198,"LOD",0.144,0.15,"LOD",0.105,0.464,"REG",0.143,0.385,"REG",0.225,1.05,"REG",0.392,1.049,"REG",0.403,3.21,"REG",1.202,0.385,"REG",0.144,0.634,"REG",0.287,0.095,"REG",0.057,0.01,"LOD",0.028,0.009,"ND",0.016,0.007,"ND",0.011,0.002,"ND",0.003,0.154,"REG",0.082,1.901,"REG",0.693,0.183,"REG",0.07,0.09,"REG",0.022,0.589,"REG",0.144,0.23811905000023811,0.44,3.27,"REG",6.718,"REG",NA
"6","25th & Point Breeze","stationary","39.92771763, -75.1873965",39.92771763,-75.1873965,"#2C3E73","Industrial","Institution","Low","Auto body shop, junkyard","LowT/I","P726646","P726646 120923 120623 Point Breeze Mid SS","P726646 120923 120623 Point Breeze Mid SS.D","2023-12-09","2023-12-06","sample","2023-11-29","2023-12-06",10235,2,"492023",1,5.217,"REG",1.97,1.707,"REG",0.643,0.779,"REG",0.285,1.109,"REG",0.385,3.261,"REG",1.293,0.219,"REG",0.11,0.147,"LOD",0.092,0.182,"REG",0.106,0.505,"REG",0.138,0.2,"REG",0.09,0.6,"REG",0.226,0.262,"LOD",0.172,1.25,"REG",0.506,1.788,"REG",0.487,0.613,"REG",0.319,0.354,"REG",0.158,0.682,"REG",0.316,0.295,"LOD",0.244,0.687,"REG",0.369,0.415,"REG",0.189,0.373,"REG",0.155,1.254,"REG",0.323,0.913,"REG",0.361,2.686,"REG",0.916,2.791,"REG",1.027,7.924,"REG",2.904,0.62,"ULOD",0.35,1.694,"REG",0.648,0.022,"ND",0.037,0.066,"REG",0.036,0.009,"ND",0.016,0.007,"ND",0.011,0.002,"ND",0.003,0.117,"LOD",0.076,1.504,"REG",0.551,0.223,"REG",0.085,0.324,"REG",0.06,0.444,"REG",0.109,0.23262846907204504,0.34,6.326,"REG",12.072999999999999,"REG",NA
"6","25th & Point Breeze","stationary","39.92771763, -75.1873965",39.92771763,-75.1873965,"#2C3E73","Industrial","Institution","Low","Auto body shop, junkyard","LowT/I","P733845","P733845 122123 121323 Point Breeze Mid SS","P733845 122123 121323 Point Breeze Mid SS.D","2023-12-21","2023-12-13","sample","2023-12-06","2023-12-13",10139,2,"502023",1,5.206,"REG",1.966,1.566,"REG",0.59,0.765,"REG",0.28,1.097,"REG",0.381,3.149,"REG",1.249,0.239,"REG",0.115,0.165,"REG",0.096,0.184,"REG",0.107,0.494,"REG",0.137,0.22,"REG",0.094,0.566,"REG",0.213,0.235,"LOD",0.168,1.341,"REG",0.542,1.805,"REG",0.492,0.692,"REG",0.357,0.376,"REG",0.167,0.801,"REG",0.357,0.371,"LOD",0.265,0.777,"REG",0.383,0.475,"REG",0.206,0.578,"REG",0.215,2.183,"REG",0.549,0.813,"REG",0.333,4.387,"REG",1.481,3.566,"REG",1.309,9.588,"REG",3.509,0.415,"ULOD",0.508,2.293,"REG",0.865,0.289,"REG",0.116,0.085,"REG",0.04,0.009,"ND",0.016,0.007,"ND",0.011,0.002,"ND",0.003,0.152,"REG",0.081,2.321,"REG",0.844,0.225,"REG",0.086,0.119,"REG",0.026,1.161,"REG",0.285,0.23483108599984032,0.88,6.303000000000001,"REG",11.783,"REG","Winter"
"6","25th & Point Breeze","stationary","39.92771763, -75.1873965",39.92771763,-75.1873965,"#2C3E73","Industrial","Institution","Low","Auto body shop, junkyard","LowT/I","P726620","P726620 122123 122023 Point Breeze Mid SS","P726620 122123 122023 Point Breeze Mid SS.D","2023-12-21","2023-12-20","sample","2023-12-13","2023-12-20",9866,2,"512023",1,6.072,"REG",2.293,1.427,"REG",0.537,0.83,"REG",0.304,1.243,"REG",0.43,2.96,"REG",1.174,0.246,"REG",0.117,0.153,"LOD",0.095,0.189,"REG",0.111,0.49,"REG",0.139,0.207,"REG",0.094,0.582,"REG",0.219,0.241,"LOD",0.172,1.083,"REG",0.438,1.379,"REG",0.376,0.914,"REG",0.464,0.308,"REG",0.141,0.88,"REG",0.386,0.305,"LOD",0.253,0.972,"REG",0.418,0.402,"REG",0.189,0.442,"REG",0.176,1.606,"REG",0.408,0.613,"REG",0.28,3.242,"REG",1.101,2.822,"REG",1.039,7.676,"REG",2.815,0.427,"ULOD",0.414,1.628,"REG",0.626,0.457,"REG",0.175,0.127,"REG",0.052,0.037,"LOD",0.024,0.007,"ND",0.011,0.046,"REG",0.016,0.122,"LOD",0.079,2.386,"REG",0.868,0.185,"REG",0.071,0.183,"REG",0.036,1.41,"REG",0.346,0.24132904732945273,1.04,7.315,"REG",12.532000000000002,"REG","Winter"
"6","25th & Point Breeze","stationary","39.92771763, -75.1873965",39.92771763,-75.1873965,"#2C3E73","Industrial","Institution","Low","Auto body shop, junkyard","LowT/I","P726616","P726616 011624 011024 Point Breeze Mid SS","P726616 011624 011024 Point Breeze Mid SS.D","2024-01-16","2024-01-10","sample","2024-01-03","2024-01-10",10087,2,"22024",1,3.825,"REG",1.445,1.87,"REG",0.704,0.667,"REG",0.244,0.817,"REG",0.29,3.156,"REG",1.251,0.167,"LOD",0.101,0.099,"LOD",0.086,0.134,"LOD",0.099,0.321,"REG",0.121,0.146,"REG",0.084,0.402,"REG",0.156,0.177,"LOD",0.158,0.97,"REG",0.392,1.284,"REG",0.35,0.626,"REG",0.326,0.369,"REG",0.164,0.422,"REG",0.238,0.127,"LOD",0.215,0.41,"LOD",0.346,0.449,"REG",0.199,0.302,"REG",0.136,1.53,"REG",0.389,0.627,"REG",0.281,3.399,"REG",1.152,2.079,"REG",0.769,7.794,"REG",2.857,0.117,"ULOD",0.101,1.58,"REG",0.608,0.184,"REG",0.082,0.096,"REG",0.043,0.009,"ND",0.016,0.007,"ND",0.011,0.03,"REG",0.011,0.086,"LOD",0.075,1.885,"REG",0.688,0.158,"REG",0.061,0.2,"REG",0.039,0.634,"REG",0.156,0.2360416755182295,0.47800000000000004,4.642,"REG",10.335,"REG","Winter"
"6","25th & Point Breeze","stationary","39.92771763, -75.1873965",39.92771763,-75.1873965,"#2C3E73","Industrial","Institution","Low","Auto body shop, junkyard","LowT/I","P733860","P733860 012524 011724 Point Breeze Mid SS","P733860 012524 011724 Point Breeze Mid SS.D","2024-01-25","2024-01-17","sample","2024-01-10","2024-01-17",10396,2,"32024",1,3.95,"REG",1.492,1.604,"REG",0.604,0.627,"REG",0.229,0.837,"REG",0.295,2.414,"REG",0.957,0.162,"LOD",0.098,0.113,"LOD",0.085,0.13,"LOD",0.096,0.379,"REG",0.123,0.141,"REG",0.081,0.39,"REG",0.151,0.172,"LOD",0.153,0.865,"REG",0.35,1.268,"REG",0.345,0.56,"REG",0.294,0.32,"REG",0.144,0.655,"REG",0.306,0.123,"LOD",0.208,0.603,"REG",0.355,0.408,"REG",0.186,0.24,"REG",0.12,1.143,"REG",0.295,0.608,"REG",0.273,2.481,"REG",0.848,2.086,"REG",0.772,5.948,"REG",2.186,0.421,"ULOD",0.187,1.33,"REG",0.518,0.179,"REG",0.079,0.056,"REG",0.033,0.009,"ND",0.015,0.007,"ND",0.011,0.036,"REG",0.012,0.115,"LOD",0.075,2.612,"REG",0.949,0.198,"REG",0.076,0.107,"REG",0.024,1.799,"REG",0.442,0.22902581578995587,1.398,4.787,"REG",9.432,"REG","Winter"
"6","25th & Point Breeze","stationary","39.92771763, -75.1873965",39.92771763,-75.1873965,"#2C3E73","Industrial","Institution","Low","Auto body shop, junkyard","LowT/I","P733885","P733885 012624 012424 Point Breeze Mid SS","P733885 012624 012424 Point Breeze Mid SS.D","2024-01-26","2024-01-24","sample","2024-01-17","2024-01-24",9636,2,"42024",1,4.004,"REG",1.512,1.813,"REG",0.683,0.653,"REG",0.239,0.832,"REG",0.296,3.104,"REG",1.231,0.155,"LOD",0.103,0.104,"LOD",0.09,0.141,"LOD",0.104,0.354,"REG",0.128,0.133,"LOD",0.085,0.336,"REG",0.134,0.185,"LOD",0.165,0.988,"REG",0.4,1.319,"REG",0.36,1.045,"REG",0.528,0.568,"REG",0.244,0.56,"REG",0.283,0.211,"LOD",0.237,0.694,"REG",0.388,0.499,"REG",0.216,0.245,"REG",0.126,0.836,"REG",0.225,0.77,"REG",0.326,2.106,"REG",0.728,2.364,"REG",0.873,7.183,"REG",2.637,0.454,"ULOD",0.281,1.785,"REG",0.684,0.024,"ND",0.039,0.08,"REG",0.04,0.031,"REG",0.023,0.007,"ND",0.012,0.002,"ND",0.003,0.09,"LOD",0.078,1.879,"REG",0.686,0.166,"REG",0.064,0.147,"REG",0.031,1.635,"REG",0.401,0.2470892881851786,1.178,4.835999999999999,"REG",10.406,"REG","Winter"
"6","25th & Point Breeze","stationary","39.92771763, -75.1873965",39.92771763,-75.1873965,"#2C3E73","Industrial","Institution","Low","Auto body shop, junkyard","LowT/I","P733896","P733896 020824 013124 Po8int Breeze Mid SS","P733896 020824 013124 Po8int Breeze Mid SS.D","2024-02-08","2024-01-31","sample","2024-01-24","2024-01-31",10097,2,"52024",1,3.98,"REG",1.503,1.355,"REG",0.51,0.597,"REG",0.218,0.833,"REG",0.295,2.878,"REG",1.141,0.166,"LOD",0.101,0.099,"LOD",0.086,0.168,"LOD",0.105,0.359,"REG",0.124,0.129,"LOD",0.081,0.406,"REG",0.157,0.206,"LOD",0.163,0.948,"REG",0.383,1.434,"REG",0.391,0.101,"REG",0.113,0.24,"REG",0.115,0.4,"REG",0.232,0.144,"LOD",0.217,0.332,"LOD",0.34,0.252,"REG",0.153,0.216,"REG",0.116,1.243,"REG",0.32,0.595,"REG",0.273,2.277,"REG",0.782,1.432,"REG",0.538,4.522,"REG",1.672,0.393,"REG",0.147,0.96,"REG",0.392,0.233,"REG",0.097,0.033,"LOD",0.03,0.009,"ND",0.016,0.007,"ND",0.011,0.002,"ND",0.003,0.12,"REG",0.078,2.152,"REG",0.783,0.215,"REG",0.082,0.209,"REG",0.04,0.397,"REG",0.098,0.23580790145116184,0.3,4.813,"REG",9.643,"REG","Winter"
"6","25th & Point Breeze","stationary","39.92771763, -75.1873965",39.92771763,-75.1873965,"#2C3E73","Industrial","Institution","Low","Auto body shop, junkyard","LowT/I","P726601","P726601 021524 020724 Point Breeze Mid SS","P726601 021524 020724 Point Breeze Mid SS.D","2024-02-15","2024-02-07","sample","2024-01-31","2024-02-07",10104,2,"62024",1,3.395,"REG",1.282,1.848,"REG",0.695,0.51,"REG",0.187,0.696,"REG",0.251,2.59,"REG",1.027,0.111,"LOD",0.093,0.066,"LOD",0.082,0.084,"LOD",0.092,0.239,"REG",0.115,0.11,"LOD",0.079,0.324,"REG",0.129,0.118,"LOD",0.15,0.895,"REG",0.362,1.27,"REG",0.346,0.15,"REG",0.125,0.182,"REG",0.095,0.344,"REG",0.218,0.107,"LOD",0.212,0.459,"LOD",0.349,0.252,"REG",0.153,0.27,"REG",0.128,0.755,"REG",0.205,0.432,"REG",0.233,1.682,"REG",0.589,2.003,"REG",0.742,4.917,"REG",1.815,0.634,"ULOD",0.251,1.336,"REG",0.522,0.193,"REG",0.084,0.033,"LOD",0.03,0.009,"ND",0.016,0.007,"ND",0.011,0.002,"ND",0.003,0.087,"LOD",0.075,2.867,"REG",1.041,0.214,"REG",0.082,0.149,"REG",0.031,1.456,"REG",0.357,0.23564453493194584,1.1,4.091,"REG",9.039,"REG","Winter"
"6","25th & Point Breeze","stationary","39.92771763, -75.1873965",39.92771763,-75.1873965,"#2C3E73","Industrial","Institution","Low","Auto body shop, junkyard","LowT/I","P733869","P733869 021624 021424 Point Breeze Mid SS","P733869 021624 021424 Point Breeze Mid SS.D","2024-02-16","2024-02-14","sample","2024-02-07","2024-02-14",10005,2,"72024",1,8.322,"REG",3.143,2.924,"REG",1.1,1.296,"REG",0.474,1.571,"REG",0.54,4.844,"REG",1.92,0.261,"REG",0.12,0.201,"REG",0.103,0.186,"REG",0.109,0.483,"REG",0.137,0.296,"REG",0.109,0.942,"REG",0.349,0.387,"REG",0.205,2.014,"REG",0.814,2.856,"REG",0.778,0.626,"REG",0.326,0.515,"REG",0.222,0.66,"REG",0.311,0.447,"REG",0.291,0.889,"REG",0.402,0.064,"ND",0.106,0.654,"REG",0.239,1.773,"REG",0.448,1.37,"REG",0.506,4.096,"REG",1.384,5.348,"REG",1.958,11.609,"REG",4.245,0.64,"ULOD",0.513,8.448,"ULOD",3.246,0.314,"REG",0.125,0.072,"REG",0.037,0.009,"ND",0.016,0.007,"ND",0.011,0.09,"REG",0.03,0.121,"REG",0.078,2.533,"REG",0.92,0.217,"REG",0.083,0.211,"REG",0.041,1.417,"REG",0.348,0.237976249970253,1.06,9.892999999999999,"REG",18.957,"REG","Winter"
"6","25th & Point Breeze","stationary","39.92771763, -75.1873965",39.92771763,-75.1873965,"#2C3E73","Industrial","Institution","Low","Auto body shop, junkyard","LowT/I","P726654","P726654 022924 022124 Point Breeze Mid SS","P726654 022924 022124 Point Breeze Mid SS.D","2024-02-29","2024-02-21","sample","2024-02-14","2024-02-21",10097,2,"82024",1,2.998,"REG",1.132,1.572,"REG",0.592,0.468,"REG",0.172,0.607,"REG",0.223,2.195,"REG",0.87,0.111,"LOD",0.093,0.066,"LOD",0.082,0.084,"LOD",0.092,0.222,"REG",0.114,0.129,"LOD",0.081,0.243,"REG",0.103,0.118,"LOD",0.15,0.738,"REG",0.299,0.945,"REG",0.258,0.595,"REG",0.312,0.317,"REG",0.144,0.288,"REG",0.205,0.144,"LOD",0.217,0.375,"LOD",0.343,0.196,"LOD",0.143,0.202,"REG",0.114,0.566,"REG",0.164,0.432,"REG",0.234,1.188,"REG",0.433,1.432,"REG",0.538,4.056,"REG",1.504,0.209,"REG",0.078,0.793,"REG",0.336,0.193,"REG",0.085,0.014,"ND",0.023,0.009,"ND",0.016,0.007,"ND",0.011,0.002,"ND",0.003,0.087,"LOD",0.075,1.883,"REG",0.687,0.169,"REG",0.065,0.007,"ND",0.012,0.61,"REG",0.149,0.23580790145116184,0.46,3.6050000000000004,"REG",7.840000000000001,"REG","Winter"
"6","25th & Point Breeze","stationary","39.92771763, -75.1873965",39.92771763,-75.1873965,"#2C3E73","Industrial","Institution","Low","Auto body shop, junkyard","LowT/I","P733860","P733860 030124 022824 Point Breeze Mid SS","P733860 030124 022824 Point Breeze Mid SS.D","2024-03-01","2024-02-28","sample","2024-02-21","2024-02-28",10101,2,"92024",1,2.598,"REG",0.981,1.255,"REG",0.473,0.382,"REG",0.14,0.561,"REG",0.208,1.702,"REG",0.675,0.129,"LOD",0.095,0.066,"LOD",0.082,0.101,"LOD",0.094,0.239,"REG",0.115,0.11,"LOD",0.079,0.284,"REG",0.116,0.118,"LOD",0.15,0.686,"REG",0.277,0.829,"REG",0.226,1.089,"REG",0.549,0.471,"REG",0.205,0.344,"REG",0.218,0.107,"LOD",0.212,0.375,"LOD",0.343,0.196,"LOD",0.143,0.202,"REG",0.114,0.512,"REG",0.152,0.432,"REG",0.233,1.138,"REG",0.418,1.145,"REG",0.436,3.39,"REG",1.266,0.218,"REG",0.081,0.667,"REG",0.296,0.154,"REG",0.073,0.014,"ND",0.023,0.009,"ND",0.016,0.007,"ND",0.011,0.002,"ND",0.003,0.12,"REG",0.078,1.434,"REG",0.526,0.169,"REG",0.065,0.119,"REG",0.026,0.371,"REG",0.091,0.23571452142880714,0.28,3.159,"REG",6.497999999999999,"REG",NA
"6","25th & Point Breeze","stationary","39.92771763, -75.1873965",39.92771763,-75.1873965,"#2C3E73","Industrial","Institution","Low","Auto body shop, junkyard","LowT/I","P726609","P726609 031524 030624 Point Breeze Mid SS","P726609 031524 030624 Point Breeze Mid SS.D","2024-03-15","2024-03-06","sample","2024-02-28","2024-03-06",10120,2,"102024",1,2.529,"REG",0.955,1.046,"REG",0.395,0.36,"REG",0.132,0.492,"REG",0.187,2.006,"REG",0.796,0.092,"LOD",0.09,0.049,"LOD",0.081,0.081,"LOD",0.092,0.221,"REG",0.114,0.091,"LOD",0.077,0.24,"REG",0.102,0.117,"LOD",0.149,0.639,"REG",0.259,0.688,"REG",0.188,0.414,"REG",0.229,0.265,"REG",0.124,0.214,"LOD",0.19,0.083,"LOD",0.21,0.243,"LOD",0.334,0.196,"LOD",0.142,0.16,"LOD",0.105,0.534,"REG",0.157,0.372,"REG",0.221,1.226,"REG",0.445,1.102,"REG",0.421,3.075,"REG",1.154,0.397,"ULOD",0.174,0.822,"REG",0.346,0.204,"REG",0.088,0.014,"ND",0.023,0.009,"ND",0.016,0.007,"ND",0.011,0.037,"REG",0.013,0.12,"LOD",0.078,1.699,"REG",0.621,0.13,"REG",0.051,0.088,"REG",0.022,0.628,"REG",0.154,0.2352719744024092,0.47475,3.021,"REG",6.432999999999999,"REG",NA
"6","25th & Point Breeze","stationary","39.92771763, -75.1873965",39.92771763,-75.1873965,"#2C3E73","Industrial","Institution","Low","Auto body shop, junkyard","LowT/I","P733887","P733887 031624 031324 Point Breeze Mid SS","P733887 031624 031324 Point Breeze Mid SS.D","2024-03-16","2024-03-13","sample","2024-03-06","2024-03-13",9993,2,"112024",1,4.609,"REG",1.741,1.518,"REG",0.572,0.625,"REG",0.229,0.864,"REG",0.305,3.492,"REG",1.385,0.131,"LOD",0.096,0.084,"LOD",0.085,0.116,"LOD",0.097,0.31,"REG",0.121,0.129,"LOD",0.082,0.367,"REG",0.144,0.149,"LOD",0.155,1.096,"REG",0.443,2.131,"REG",0.581,0.22,"REG",0.149,0.249,"REG",0.119,0.245,"LOD",0.198,0.121,"LOD",0.216,0.288,"LOD",0.341,0.482,"REG",0.208,0.339,"REG",0.147,1.197,"REG",0.309,0.762,"REG",0.319,2.742,"REG",0.935,3.468,"REG",1.273,9.766,"REG",3.574,0.403,"ULOD",0.582,1.594,"REG",0.614,0.365,"REG",0.143,0.161,"REG",0.062,0.009,"ND",0.016,0.007,"ND",0.011,0.037,"REG",0.013,0.121,"LOD",0.079,1.812,"REG",0.661,0.178,"REG",0.068,0.451,"REG",0.081,0.743,"REG",0.182,0.23826202151029532,0.5547500000000001,5.473,"REG",11.108,"REG",NA
"6","25th & Point Breeze","stationary","39.92771763, -75.1873965",39.92771763,-75.1873965,"#2C3E73","Industrial","Institution","Low","Auto body shop, junkyard","LowT/I","P726661","P726661 040224 032024 Point Breeze Mid SS","P726661 040224 032024 Point Breeze Mid SS.D","2024-04-02","2024-03-20","sample","2024-03-13","2024-03-20",10401,2,"122024",1,5.56,"REG",2.1,1.286,"REG",0.485,0.767,"REG",0.281,1.006,"REG",0.351,3.216,"REG",1.275,0.215,"REG",0.108,0.177,"REG",0.096,0.176,"REG",0.104,0.48,"REG",0.134,0.213,"REG",0.092,0.588,"REG",0.221,0.286,"REG",0.175,1.257,"REG",0.508,1.776,"REG",0.484,0.451,"REG",0.244,0.37,"REG",0.164,0.509,"REG",0.259,0.225,"LOD",0.225,0.605,"REG",0.355,0.599,"REG",0.239,0.68,"REG",0.246,1.597,"REG",0.405,1.208,"REG",0.451,3.643,"REG",1.233,5.07,"REG",1.856,12.674,"REG",4.633,0.592,"ULOD",0.403,3.036,"REG",1.137,0.275,"REG",0.11,0.044,"REG",0.031,0.009,"ND",0.015,0.007,"ND",0.011,0.043,"REG",0.015,0.149,"REG",0.079,1.914,"REG",0.698,0.127,"REG",0.049,0.202,"REG",0.039,1.151,"REG",0.283,0.22891571781101633,0.89475,6.566,"REG",11.835,"REG",NA
"6","25th & Point Breeze","stationary","39.92771763, -75.1873965",39.92771763,-75.1873965,"#2C3E73","Industrial","Institution","Low","Auto body shop, junkyard","LowT/I","P733865","P733865 041224 041024 Point Breeze Mid SS","P733865 041224 041024 Point Breeze Mid SS.D","2024-04-12","2024-04-10","sample","2024-04-03","2024-04-10",10061,2,"152024",1,3.388,"REG",1.28,0.943,"REG",0.356,0.445,"REG",0.163,0.675,"REG",0.244,3.533,"REG",1.401,0.148,"LOD",0.098,0.116,"LOD",0.088,0.118,"LOD",0.097,0.154,"LOD",0.111,0.129,"LOD",0.082,0.407,"REG",0.158,0.148,"LOD",0.154,0.677,"REG",0.274,0.826,"REG",0.226,0.242,"REG",0.157,0.228,"REG",0.111,0.466,"REG",0.25,0.262,"LOD",0.239,0.476,"LOD",0.352,0.338,"REG",0.171,0.19,"REG",0.111,0.594,"REG",0.17,0.655,"REG",0.289,1.341,"REG",0.481,1.217,"REG",0.462,3.453,"REG",1.289,0.56,"REG",0.209,1.302,"REG",0.51,0.023,"ND",0.038,0.038,"LOD",0.031,0.009,"ND",0.016,0.007,"ND",0.011,0.002,"ND",0.003,0.108,"LOD",0.077,1.17,"REG",0.432,0.136,"REG",0.053,0.09,"REG",0.022,0.293,"REG",0.072,0.23665166295123558,0.22,4.063,"REG",8.984000000000002,"REG",NA
"6","25th & Point Breeze","stationary","39.92771763, -75.1873965",39.92771763,-75.1873965,"#2C3E73","Industrial","Institution","Low","Auto body shop, junkyard","LowT/I","P726649","P726649 042624 041724 Point Breeze Mid SS","P726649 042624 041724 Point Breeze Mid SS.D","2024-04-26","2024-04-17","sample","2024-04-10","2024-04-17",10179,2,"162024",1,3.44,"REG",1.299,0.834,"REG",0.315,0.461,"REG",0.169,0.69,"REG",0.249,2.137,"REG",0.847,0.146,"LOD",0.097,0.099,"LOD",0.085,0.117,"LOD",0.096,0.271,"REG",0.116,0.128,"LOD",0.081,0.362,"REG",0.142,0.146,"LOD",0.152,0.747,"REG",0.302,0.701,"REG",0.191,0.337,"REG",0.195,0.225,"REG",0.109,0.321,"REG",0.211,0.185,"LOD",0.222,0.429,"LOD",0.345,0.306,"REG",0.163,0.282,"REG",0.131,0.775,"REG",0.21,0.486,"REG",0.245,1.768,"REG",0.616,1.629,"REG",0.608,4.337,"REG",1.605,0.526,"REG",0.196,1.329,"REG",0.518,0.131,"REG",0.066,0.038,"LOD",0.03,0.009,"ND",0.016,0.007,"ND",0.011,0.044,"REG",0.015,0.106,"LOD",0.076,2.135,"REG",0.777,0.09,"REG",0.036,0.089,"REG",0.022,0.657,"REG",0.161,0.23390827988529136,0.5,4.13,"REG",7.561999999999999,"REG",NA
"6","25th & Point Breeze","stationary","39.92771763, -75.1873965",39.92771763,-75.1873965,"#2C3E73","Industrial","Institution","Low","Auto body shop, junkyard","LowT/I","P733893","P733893 042624 042424 Point Breeze Mid SS RENAME","P733893 042624 042424 Point Breeze Mid SS RENAME.D","2024-04-26","2024-04-24","sample","2024-04-17","2024-04-24",9783,2,"172024",1,2.661,"REG",1.005,0.867,"REG",0.328,0.347,"REG",0.128,0.531,"REG",0.2,1.453,"REG",0.576,0.134,"LOD",0.098,0.086,"LOD",0.087,0.104,"LOD",0.097,0.229,"REG",0.117,0.114,"LOD",0.082,0.335,"REG",0.133,0.122,"LOD",0.155,0.534,"REG",0.216,0.657,"REG",0.18,0.223,"REG",0.152,0.194,"REG",0.1,0.333,"REG",0.22,0.154,"LOD",0.224,0.359,"LOD",0.352,0.261,"REG",0.158,0.223,"REG",0.12,0.583,"REG",0.169,0.449,"REG",0.242,1.328,"REG",0.479,1.51,"REG",0.566,3.894,"REG",1.448,0.362,"REG",0.135,1.253,"REG",0.494,0.137,"REG",0.068,0.039,"LOD",0.032,0.01,"ND",0.016,0.007,"ND",0.011,0.031,"REG",0.011,0.111,"LOD",0.079,2.221,"REG",0.808,0.14,"REG",0.054,0.092,"REG",0.022,0.848,"REG",0.208,0.24337650832591037,0.62,3.192,"REG",5.859,"REG",NA
"6","25th & Point Breeze","stationary","39.92771763, -75.1873965",39.92771763,-75.1873965,"#2C3E73","Industrial","Institution","Low","Auto body shop, junkyard","LowT/I","P726609","P726609 051124 050124 Pt Breeze Mid SS.D","P726609 051124 050124 Pt Breeze Mid SS.D","2024-05-11","2024-05-01","sample","2024-04-24","2024-05-01",10190,2,"182024",1,4.553,"REG",1.719,0.999,"REG",0.377,0.588,"REG",0.215,0.885,"REG",0.312,2.277,"REG",0.903,0.22,"REG",0.11,0.164,"REG",0.095,0.166,"LOD",0.104,0.406,"REG",0.127,0.218,"REG",0.094,0.599,"REG",0.225,0.204,"LOD",0.161,1.162,"REG",0.47,1.144,"REG",0.312,0.677,"REG",0.349,0.453,"REG",0.197,0.633,"REG",0.3,0.102,"ND",0.171,0.774,"REG",0.381,0.361,"REG",0.176,0.482,"REG",0.186,0.965,"REG",0.254,0.809,"REG",0.331,2.207,"REG",0.759,1.135,"REG",0.432,7.709,"REG",2.826,0.621,"ULOD",0.29,2.033,"REG",0.771,0.241,"REG",0.099,0.036,"LOD",0.03,0.009,"ND",0.016,0.007,"ND",0.011,0.059,"REG",0.02,0.118,"REG",0.077,1.865,"REG",0.681,0.125,"REG",0.049,0.267,"REG",0.05,0.234,"REG",0.058,0.23365577830739753,0.178,5.438,"REG",9.302,"REG",NA
"6","25th & Point Breeze","stationary","39.92771763, -75.1873965",39.92771763,-75.1873965,"#2C3E73","Industrial","Institution","Low","Auto body shop, junkyard","LowT/I","P726645","P726645 051224 050824 Pt B Mid SS","P726645 051224 050824 Pt B Mid SS.D","2024-05-12","2024-05-08","sample","2024-05-01","2024-05-08",10274,2,"192024",1,3.611,"REG",1.364,0.894,"REG",0.337,0.478,"REG",0.175,0.745,"REG",0.266,2.399,"REG",0.951,0.163,"LOD",0.099,0.098,"LOD",0.084,0.116,"LOD",0.095,0.286,"REG",0.116,0.145,"REG",0.082,0.395,"REG",0.153,0.145,"LOD",0.151,0.664,"REG",0.269,0.631,"REG",0.172,0.574,"REG",0.301,0.316,"REG",0.143,0.434,"REG",0.239,0.22,"LOD",0.226,0.518,"LOD",0.35,0.276,"REG",0.156,0.305,"REG",0.136,0.611,"REG",0.173,0.428,"REG",0.23,1.411,"REG",0.502,0.633,"REG",0.261,4.182,"REG",1.549,0.402,"REG",0.15,1.07,"REG",0.428,0.085,"REG",0.054,0.017,"LOD",0.028,0.009,"ND",0.016,0.007,"ND",0.011,0.044,"REG",0.015,0.28,"REG",0.101,2.026,"REG",0.738,0.124,"REG",0.048,0.117,"REG",0.026,0.206,"REG",0.051,0.23174541375826171,0.158,4.356,"REG",8.126999999999999,"REG",NA
"6","25th & Point Breeze","stationary","39.92771763, -75.1873965",39.92771763,-75.1873965,"#2C3E73","Industrial","Institution","Low","Auto body shop, junkyard","LowT/I","P733856","P733856 052324 051524 Pt B Mid SS","P733856 052324 051524 Pt B Mid SS.D","2024-05-23","2024-05-15","sample","2024-05-08","2024-05-15",10120,2,"202024",1,2.502,"REG",0.945,0.533,"REG",0.203,0.313,"REG",0.115,0.485,"REG",0.185,1.342,"REG",0.532,0.092,"LOD",0.09,0.049,"LOD",0.081,0.084,"LOD",0.092,0.187,"LOD",0.112,0.11,"LOD",0.079,0.239,"REG",0.101,0.088,"LOD",0.146,0.387,"REG",0.157,0.432,"REG",0.118,0.163,"REG",0.13,0.129,"REG",0.078,0.188,"LOD",0.186,0.111,"LOD",0.212,0.274,"LOD",0.336,0.224,"LOD",0.147,0.148,"LOD",0.103,0.432,"REG",0.136,0.271,"LOD",0.202,0.988,"REG",0.373,1.179,"REG",0.448,3.251,"REG",1.216,0.354,"REG",0.132,0.877,"REG",0.364,0.047,"REG",0.048,0.014,"ND",0.023,0.063,"REG",0.031,0.007,"ND",0.011,0.002,"ND",0.003,0.119,"REG",0.078,2.236,"REG",0.813,0.126,"REG",0.049,0.09,"REG",0.022,0.87,"REG",0.213,0.2352719744024092,0.658,2.9869999999999997,"REG",5.175,"REG",NA
"6","25th & Point Breeze","stationary","39.92771763, -75.1873965",39.92771763,-75.1873965,"#2C3E73","Industrial","Institution","Low","Auto body shop, junkyard","LowT/I","P733876","P733876 052424 052224 Pt B Mid SS","P733876 052424 052224 Pt B Mid SS.D","2024-05-24","2024-05-22","sample","2024-05-15","2024-05-22",9922,2,"212024",1,3.083,"REG",1.164,0.644,"REG",0.244,0.385,"REG",0.142,0.61,"REG",0.224,1.66,"REG",0.658,0.132,"LOD",0.097,0.068,"LOD",0.084,0.103,"LOD",0.096,0.243,"REG",0.117,0.131,"LOD",0.083,0.326,"REG",0.13,0.12,"LOD",0.152,0.554,"REG",0.225,0.701,"REG",0.191,0.191,"REG",0.14,0.171,"REG",0.092,0.278,"LOD",0.205,0.189,"LOD",0.227,0.408,"LOD",0.351,0.371,"REG",0.181,0.22,"REG",0.118,0.578,"REG",0.167,0.443,"REG",0.238,1.31,"REG",0.472,1.968,"REG",0.73,5.075,"REG",1.872,0.423,"ULOD",0.201,1.363,"REG",0.532,0.088,"REG",0.056,0.037,"LOD",0.031,0.111,"REG",0.047,0.007,"ND",0.011,0.002,"ND",0.003,0.121,"REG",0.079,2.007,"REG",0.732,0.129,"REG",0.05,0.091,"REG",0.022,0.563,"REG",0.138,0.23996698054347723,0.418,3.693,"REG",6.382000000000001,"REG",NA
"6","25th & Point Breeze","stationary","39.92771763, -75.1873965",39.92771763,-75.1873965,"#2C3E73","Industrial","Institution","Low","Auto body shop, junkyard","LowT/I","P726612","P726612 060624 052924 Pt B Mid SS","P726612 060624 052924 Pt B Mid SS.D","2024-06-06","2024-05-29","sample","2024-05-22","2024-05-29",10302,2,"222024",1,2.68,"REG",1.012,0.688,"REG",0.26,0.355,"REG",0.131,0.573,"REG",0.211,1.75,"REG",0.694,0.126,"LOD",0.093,0.065,"LOD",0.081,0.099,"LOD",0.092,0.234,"REG",0.113,0.107,"LOD",0.078,0.312,"REG",0.125,0.116,"LOD",0.147,0.581,"REG",0.235,0.55,"REG",0.151,0.365,"REG",0.206,0.253,"REG",0.12,0.274,"LOD",0.2,0.183,"LOD",0.219,0.439,"LOD",0.341,0.247,"REG",0.15,0.278,"REG",0.129,0.584,"REG",0.167,0.427,"REG",0.229,1.213,"REG",0.44,1.437,"REG",0.539,3.845,"REG",1.428,0.319,"REG",0.119,1.272,"REG",0.498,0.104,"REG",0.059,0.019,"LOD",0.028,0.132,"REG",0.054,0.007,"ND",0.011,0.042,"REG",0.014,0.172,"REG",0.083,0.966,"REG",0.36,0.088,"REG",0.036,0.087,"REG",0.022,0.26,"REG",0.064,0.23111554852964286,0.2,3.253,"REG",6.045999999999999,"REG",NA
"6","25th & Point Breeze","stationary","39.92771763, -75.1873965",39.92771763,-75.1873965,"#2C3E73","Industrial","Institution","Low","Auto body shop, junkyard","LowT/I","P726618","P726618 060724 060524 Pt B Mid SS","P726618 060724 060524 Pt B Mid SS.D","2024-06-07","2024-06-05","sample","2024-05-29","2024-06-05",10086,2,"232024",1,3.076,"REG",1.162,0.544,"REG",0.207,0.406,"REG",0.149,0.585,"REG",0.216,1.391,"REG",0.551,0.11,"LOD",0.093,0.05,"LOD",0.081,0.084,"LOD",0.092,0.188,"LOD",0.112,0.091,"LOD",0.078,0.237,"REG",0.101,0.088,"LOD",0.147,0.384,"REG",0.156,0.375,"REG",0.103,0.274,"REG",0.169,0.181,"REG",0.095,0.223,"LOD",0.193,0.149,"LOD",0.218,0.363,"LOD",0.343,0.197,"LOD",0.143,0.203,"REG",0.114,0.406,"REG",0.131,0.327,"LOD",0.212,0.842,"REG",0.33,0.894,"REG",0.349,2.463,"REG",0.938,0.241,"REG",0.09,0.838,"REG",0.351,0.106,"REG",0.06,0.019,"LOD",0.028,0.189,"REG",0.075,0.007,"ND",0.011,0.035,"REG",0.012,0.275,"REG",0.101,0.898,"REG",0.337,0.09,"REG",0.036,0.179,"REG",0.035,0.212,"REG",0.052,0.23606507842081906,0.16,3.661,"REG",6.002,"REG",NA
"6","25th & Point Breeze","stationary","39.92771763, -75.1873965",39.92771763,-75.1873965,"#2C3E73","Industrial","Institution","Low","Auto body shop, junkyard","LowT/I","P733853","P733853 062124 061224 Pt B Mid SS","P733853 062124 061224 Pt B Mid SS.D","2024-06-21","2024-06-12","sample","2024-06-05","2024-06-12",9808,2,"242024",1,3.542,"REG",1.338,0.621,"REG",0.235,0.462,"REG",0.169,0.718,"REG",0.259,1.561,"REG",0.619,0.17,"LOD",0.104,0.103,"LOD",0.088,0.121,"LOD",0.099,0.317,"REG",0.123,0.131,"LOD",0.084,0.411,"REG",0.16,0.152,"LOD",0.158,0.503,"REG",0.204,0.481,"REG",0.132,0.383,"REG",0.217,0.226,"REG",0.111,0.461,"REG",0.253,0.346,"LOD",0.264,0.634,"REG",0.376,0.404,"REG",0.19,0.223,"REG",0.12,0.529,"REG",0.157,0.505,"REG",0.254,1.274,"REG",0.462,0.809,"REG",0.322,2.396,"REG",0.917,0.176,"REG",0.066,0.991,"REG",0.404,0.023,"ND",0.039,0.014,"ND",0.024,0.083,"REG",0.037,0.007,"ND",0.011,0.002,"ND",0.003,0.147,"REG",0.082,1.292,"REG",0.476,0.14,"REG",0.054,0.399,"REG",0.073,0.273,"REG",0.067,0.24275615629612368,0.2,4.26,"REG",6.904,"REG",NA
"6","25th & Point Breeze","stationary","39.92771763, -75.1873965",39.92771763,-75.1873965,"#2C3E73","Industrial","Institution","Low","Auto body shop, junkyard","LowT/I","P733869","P733869 062124 061924 Pt B Mid SS","P733869 062124 061924 Pt B Mid SS.D","2024-06-21","2024-06-19","sample","2024-06-12","2024-06-19",10181,2,"252024",1,2.347,"REG",0.886,0.48,"REG",0.183,0.317,"REG",0.117,0.49,"REG",0.186,1.22,"REG",0.484,0.109,"LOD",0.092,0.066,"LOD",0.082,0.083,"LOD",0.092,0.22,"REG",0.113,0.09,"LOD",0.077,0.276,"REG",0.113,0.117,"LOD",0.148,0.407,"REG",0.165,0.464,"REG",0.127,0.173,"REG",0.132,0.161,"REG",0.087,0.222,"LOD",0.191,0.185,"LOD",0.222,0.36,"LOD",0.339,0.25,"REG",0.152,0.148,"LOD",0.102,0.402,"REG",0.13,0.324,"LOD",0.21,0.933,"REG",0.356,0.744,"REG",0.298,2.176,"REG",0.838,0.174,"REG",0.065,0.872,"REG",0.361,0.022,"ND",0.037,0.019,"LOD",0.028,0.295,"REG",0.115,0.007,"ND",0.011,0.028,"REG",0.01,0.043,"LOD",0.072,1.156,"REG",0.427,0.09,"REG",0.036,0.059,"REG",0.018,0.158,"REG",0.039,0.23386232992362058,0.12,2.8369999999999997,"REG",4.854,"REG",NA
"6","25th & Point Breeze","stationary","39.92771763, -75.1873965",39.92771763,-75.1873965,"#2C3E73","Industrial","Institution","Low","Auto body shop, junkyard","LowT/I","P733850","P733850 062724 061924 Pt B Mid SS","P733850 062724 061924 Pt B Mid SS.D","2024-06-27","2024-06-19","sample","2024-06-19","2024-06-26",10083,2,"262024",1,3.015,"REG",1.139,0.505,"REG",0.192,0.384,"REG",0.141,0.631,"REG",0.23,1.725,"REG",0.684,0.147,"LOD",0.098,0.099,"LOD",0.086,0.117,"LOD",0.097,0.171,"LOD",0.111,0.11,"LOD",0.079,0.278,"REG",0.114,0.118,"LOD",0.15,0.541,"REG",0.219,0.655,"REG",0.179,0.298,"REG",0.179,0.239,"REG",0.115,0.336,"REG",0.216,0.261,"LOD",0.238,0.448,"LOD",0.349,0.309,"REG",0.165,0.045,"ND",0.075,0.515,"REG",0.153,0.436,"REG",0.235,1.19,"REG",0.434,1.11,"REG",0.424,2.996,"REG",1.126,0.001,"ND",0.001,1.174,"REG",0.465,0.023,"ND",0.038,0.014,"ND",0.023,0.226,"REG",0.089,0.007,"ND",0.011,0.002,"ND",0.003,0.043,"LOD",0.072,1.257,"REG",0.463,0.006,"ND",0.009,0.06,"REG",0.018,0.003,"ND",0.006,0.23613531498089668,0,3.646,"REG",6.26,"REG",NA
"7","Morris & Point Breeze","stationary","39.93094655, -75.1829941",39.93094655,-75.1829941,"#999999","Non-Industrial","Residential","Low",NA,"LowT/NoI","P733885","P733885 071323 070523 Point Breeze Far 1WK SS","P733885 071323 070523 Point Breeze Far 1WK SS.D","2023-07-13","2023-07-05","sample","2023-06-28","2023-07-05",10426,2,"272023",1,2.437,"REG",0.921,1.044,"REG",0.394,0.458,"REG",0.168,0.679,"REG",0.245,1.286,"REG",0.51,0.143,"LOD",0.095,0.096,"LOD",0.083,0.114,"LOD",0.093,0.264,"REG",0.114,0.107,"LOD",0.077,0.275,"REG",0.112,0.115,"LOD",0.145,0.453,"REG",0.184,0.642,"REG",0.176,0.111,"REG",0.112,0.208,"REG",0.103,0.442,"REG",0.24,0.483,"REG",0.296,0.69,"REG",0.364,0.353,"REG",0.172,0.209,"REG",0.113,0.367,"REG",0.122,0.363,"REG",0.214,0.815,"REG",0.319,1.11,"REG",0.423,3.236,"REG",1.209,0.311,"REG",0.116,0.892,"REG",0.367,0.114,"REG",0.061,0.016,"LOD",0.027,0.116,"REG",0.048,0.007,"ND",0.011,0.002,"ND",0.003,0.192,"REG",0.085,1.129,"REG",0.417,0.087,"REG",0.035,0.058,"REG",0.018,0.18,"REG",0.044,0.22836681190795904,0.14,3.1159999999999997,"REG",5.904,"REG",NA
"7","Morris & Point Breeze","stationary","39.93094655, -75.1829941",39.93094655,-75.1829941,"#999999","Non-Industrial","Residential","Low",NA,"LowT/NoI","P637223","P637223 071323 071223 Point Breeze Far 1WK SS","P637223 071323 071223 Point Breeze Far 1WK SS.D","2023-07-13","2023-07-12","sample","2023-07-05","2023-07-12",9734,2,"282023",1,2.229,"REG",0.842,0.646,"REG",0.245,0.402,"REG",0.148,0.633,"REG",0.232,1.394,"REG",0.553,0.153,"LOD",0.102,0.12,"LOD",0.091,0.122,"LOD",0.1,0.301,"REG",0.123,0.115,"LOD",0.082,0.337,"REG",0.134,0.122,"LOD",0.155,0.486,"REG",0.197,0.736,"REG",0.201,0.052,"ND",0.088,0.083,"REG",0.068,0.503,"REG",0.265,0.518,"REG",0.317,0.958,"REG",0.42,0.32,"REG",0.171,0.294,"REG",0.136,0.421,"REG",0.136,0.445,"REG",0.242,0.975,"REG",0.372,1.411,"REG",0.532,4.087,"REG",1.517,0.561,"REG",0.21,1.129,"REG",0.451,0.162,"REG",0.076,0.037,"REG",0.031,0.115,"REG",0.048,0.007,"ND",0.011,0.002,"ND",0.003,0.171,"REG",0.087,1.116,"REG",0.414,0.141,"REG",0.055,0.062,"REG",0.019,0.22,"REG",0.054,0.24460164176621954,0.16,2.862,"REG",5.304,"REG",NA
"7","Morris & Point Breeze","stationary","39.93094655, -75.1829941",39.93094655,-75.1829941,"#999999","Non-Industrial","Residential","Low",NA,"LowT/NoI","P726601","P726601 072723 071923 Point Breeze Far 1WK DS","P726601 072723 071923 Point Breeze Far 1WK DS.D","2023-07-27","2023-07-19","sample","2023-07-12","2023-07-19",10022,14.3,"292023",1,4.612,"REG",1.742,1.335,"REG",0.503,0.775,"REG",0.284,1.303,"REG",0.45,2.593,"REG",1.028,0.399,"LOD",0.154,0.358,"LOD",0.14,0.242,"LOD",0.12,0.615,"LOD",0.152,0.264,"LOD",0.103,0.877,"REG",0.325,0.212,"LOD",0.165,1.049,"REG",0.425,1.474,"REG",0.401,0.437,"LOD",0.239,0.483,"LOD",0.21,1.283,"LOD",0.53,2.856,"LOD",1.306,2.993,"LOD",0.832,0.606,"LOD",0.243,0.681,"LOD",0.247,0.975,"LOD",0.257,1.169,"LOD",0.442,2.139,"LOD",0.738,3.869,"REG",1.419,10.967,"REG",4.011,1.191,"REG",0.444,3.016,"REG",1.13,0.023,"ND",0.038,0.116,"LOD",0.049,0.254,"LOD",0.099,0.007,"ND",0.011,0.107,"REG",0.036,0.238,"LOD",0.095,3.229,"REG",1.171,0.326,"REG",0.124,0.215,"REG",0.041,0.954,"REG",0.234,0.23757257842270815,0.7150000000000001,5.915,"REG",10.618000000000002,"REG",NA
"7","Morris & Point Breeze","stationary","39.93094655, -75.1829941",39.93094655,-75.1829941,"#999999","Non-Industrial","Residential","Low",NA,"LowT/NoI","P726616","P726616 072823 072623 Point Breeze Far 1WK DS","P726616 072823 072623 Point Breeze Far 1WK DS.D","2023-07-28","2023-07-26","sample","2023-07-19","2023-07-26",9926,14.3,"302023",1,4.21,"REG",1.59,1.348,"REG",0.508,0.626,"REG",0.229,1.151,"LOD",0.4,2.618,"REG",1.038,0.403,"LOD",0.155,0.041,"ND",0.068,0.244,"LOD",0.121,0.621,"LOD",0.154,0.267,"LOD",0.104,0.885,"REG",0.328,0.215,"LOD",0.166,1.059,"REG",0.429,1.149,"REG",0.313,0.441,"LOD",0.241,0.348,"LOD",0.156,1.091,"LOD",0.461,2.341,"LOD",1.078,2.715,"LOD",0.769,0.612,"LOD",0.246,0.491,"LOD",0.19,0.787,"LOD",0.214,0.785,"LOD",0.327,1.8,"LOD",0.628,2.865,"REG",1.054,8.171,"REG",2.994,1.187,"REG",0.443,2.132,"LOD",0.808,0.205,"LOD",0.089,0.014,"ND",0.024,0.256,"LOD",0.1,0.007,"ND",0.011,0.108,"REG",0.036,0.481,"LOD",0.145,3.26,"REG",1.183,0.329,"REG",0.125,0.217,"REG",0.041,0.963,"REG",0.237,0.23987027815357453,0.7150000000000001,5.361,"REG",9.953,"REG",NA
"7","Morris & Point Breeze","stationary","39.93094655, -75.1829941",39.93094655,-75.1829941,"#999999","Non-Industrial","Residential","Low",NA,"LowT/NoI","P726653","P726653 081023 080223 Point Breeze Far 1WK SS","P726653 081023 080223 Point Breeze Far 1WK SS.D","2023-08-10","2023-08-02","sample","2023-07-26","2023-08-02",10093,2,"312023",1,2.543,"REG",0.961,0.821,"REG",0.31,0.409,"REG",0.15,0.633,"REG",0.231,1.43,"REG",0.567,0.185,"REG",0.104,0.149,"LOD",0.093,0.134,"LOD",0.099,0.339,"REG",0.122,0.125,"LOD",0.081,0.358,"REG",0.141,0.177,"LOD",0.158,0.559,"REG",0.226,0.699,"REG",0.191,1.567,"REG",0.782,0.559,"REG",0.24,0.853,"REG",0.375,1.685,"REG",0.788,1.816,"REG",0.568,0.309,"REG",0.164,0.311,"REG",0.139,0.433,"REG",0.136,0.418,"REG",0.23,0.941,"REG",0.359,1.325,"REG",0.5,3.969,"REG",1.473,0.328,"REG",0.122,0.963,"REG",0.393,0.215,"REG",0.092,0.057,"REG",0.034,0.149,"REG",0.06,0.082,"REG",0.029,0.059,"REG",0.02,0.265,"REG",0.099,1.345,"REG",0.494,0.181,"REG",0.069,0.06,"REG",0.018,0.398,"REG",0.098,0.23590135548918867,0.3,3.176,"REG",5.835999999999999,"REG",NA
"7","Morris & Point Breeze","stationary","39.93094655, -75.1829941",39.93094655,-75.1829941,"#999999","Non-Industrial","Residential","Low",NA,"LowT/NoI","P733849","P733849 081123 080923 Point Breeze Far 1WK SS","P733849 081123 080923 Point Breeze Far 1WK SS.D","2023-08-11","2023-08-09","sample","2023-08-02","2023-08-09",10127,2,"322023",1,1.678,"REG",0.634,0.68,"REG",0.257,0.322,"REG",0.119,0.451,"REG",0.175,1.061,"REG",0.421,0.147,"LOD",0.098,0.132,"LOD",0.09,0.117,"LOD",0.096,0.253,"REG",0.116,0.107,"LOD",0.079,0.276,"REG",0.113,0.117,"LOD",0.149,0.348,"REG",0.141,0.51,"REG",0.14,0.156,"REG",0.127,0.135,"REG",0.08,0.43,"REG",0.24,1.01,"REG",0.5,1.052,"REG",0.424,0.196,"LOD",0.142,0.161,"LOD",0.105,0.297,"REG",0.111,0.307,"LOD",0.208,0.691,"REG",0.287,0.857,"REG",0.336,2.232,"REG",0.858,0.234,"REG",0.087,0.71,"REG",0.309,0.098,"REG",0.057,0.038,"LOD",0.03,0.131,"REG",0.053,0.061,"REG",0.024,0.002,"ND",0.003,0.165,"REG",0.083,1.341,"REG",0.493,0.135,"REG",0.053,0.06,"REG",0.018,0.343,"REG",0.084,0.23510934935838657,0.26,2.129,"REG",4.192,"REG",NA
"7","Morris & Point Breeze","stationary","39.93094655, -75.1829941",39.93094655,-75.1829941,"#999999","Non-Industrial","Residential","Low",NA,"LowT/NoI","P733892","P733892 082423 081623 Point Breeze Far SS","P733892 082423 081623 Point Breeze Far SS.D","2023-08-24","2023-08-16","sample","2023-08-09","2023-08-16",10149,1.3,"332023",1,2.496,"REG",0.943,0.73,"REG",0.276,0.501,"REG",0.184,0.673,"REG",0.243,1.72,"REG",0.682,0.215,"REG",0.11,0.04,"ND",0.066,0.152,"REG",0.101,0.384,"REG",0.126,0.14,"REG",0.082,0.361,"REG",0.142,0.191,"REG",0.159,0.549,"REG",0.223,0.624,"REG",0.171,0.595,"REG",0.311,0.347,"REG",0.156,0.754,"REG",0.34,1.958,"REG",0.907,1.745,"REG",0.552,0.308,"REG",0.164,0.245,"REG",0.122,0.42,"REG",0.134,0.475,"REG",0.242,0.96,"REG",0.364,1.042,"REG",0.4,2.816,"REG",1.062,0.283,"REG",0.106,0.92,"REG",0.378,0.119,"REG",0.063,0.037,"REG",0.03,0.118,"REG",0.049,0.007,"ND",0.011,0.002,"ND",0.003,0.192,"REG",0.087,1.102,"REG",0.408,0.117,"REG",0.046,0.096,"REG",0.022,0.222,"REG",0.055,0.2345997025275772,0.169,3.169,"REG",6.12,"REG","Summer"
"7","Morris & Point Breeze","stationary","39.93094655, -75.1829941",39.93094655,-75.1829941,"#999999","Non-Industrial","Residential","Low",NA,"LowT/NoI","P733883","P733883 082523 082323 Point Breeze Far SS","P733883 082523 082323 Point Breeze Far SS.D","2023-08-25","2023-08-23","sample","2023-08-16","2023-08-23",9978,2,"342023",1,2.138,"REG",0.807,0.931,"REG",0.351,0.413,"REG",0.152,0.572,"REG",0.212,1.479,"REG",0.586,0.187,"REG",0.105,0.168,"REG",0.097,0.136,"LOD",0.1,0.325,"REG",0.122,0.127,"LOD",0.082,0.281,"REG",0.115,0.149,"LOD",0.155,0.459,"REG",0.186,0.542,"REG",0.148,0.634,"REG",0.33,0.312,"REG",0.143,0.607,"REG",0.294,1.629,"REG",0.764,1.538,"REG",0.515,0.227,"LOD",0.15,0.219,"REG",0.118,0.383,"REG",0.127,0.422,"REG",0.233,0.852,"REG",0.334,0.87,"REG",0.342,2.333,"REG",0.894,0.225,"REG",0.084,0.763,"REG",0.327,0.139,"REG",0.068,0.039,"LOD",0.031,0.115,"REG",0.048,0.007,"ND",0.011,0.06,"REG",0.02,0.201,"REG",0.089,1.18,"REG",0.436,0.137,"REG",0.053,0.06,"REG",0.018,0.242,"REG",0.06,0.2386202025408279,0.18,2.71,"REG",5.533,"REG","Summer"
"7","Morris & Point Breeze","stationary","39.93094655, -75.1829941",39.93094655,-75.1829941,"#999999","Non-Industrial","Residential","Low",NA,"LowT/NoI","P733866","P733866 090723 083023 Point Breeze far SS","P733866 090723 083023 Point Breeze far SS.D","2023-09-07","2023-08-30","sample","2023-08-23","2023-08-30",10029,2,"352023",1,1.823,"REG",0.689,0.657,"REG",0.249,0.345,"REG",0.127,0.499,"REG",0.19,1.135,"REG",0.45,0.168,"LOD",0.102,0.133,"LOD",0.091,0.093,"LOD",0.094,0.275,"REG",0.118,0.111,"LOD",0.08,0.327,"REG",0.13,0.146,"LOD",0.154,0.373,"REG",0.152,0.471,"REG",0.129,0.051,"ND",0.085,0.024,"REG",0.058,0.429,"REG",0.241,0.951,"REG",0.477,0.939,"REG",0.409,0.254,"REG",0.154,0.213,"REG",0.116,0.409,"REG",0.132,0.434,"REG",0.235,0.997,"REG",0.376,0.859,"REG",0.338,2.41,"REG",0.92,0.19,"REG",0.071,0.927,"REG",0.381,0.095,"REG",0.057,0.014,"ND",0.023,0.099,"REG",0.042,0.007,"ND",0.011,0.002,"ND",0.003,0.158,"REG",0.083,1.173,"REG",0.434,0.137,"REG",0.053,0.06,"REG",0.018,0.293,"REG",0.072,0.23740675849560083,0.22,2.322,"REG",4.459,"REG","Summer"
"7","Morris & Point Breeze","stationary","39.93094655, -75.1829941",39.93094655,-75.1829941,"#999999","Non-Industrial","Residential","Low",NA,"LowT/NoI","P726644","P726644 090823 090623 Point Breeze far SS","P726644 090823 090623 Point Breeze far SS.D","2023-09-08","2023-09-06","sample","2023-08-30","2023-09-06",10020,2,"362023",1,3.031,"REG",1.145,0.837,"REG",0.316,0.54,"REG",0.198,0.841,"REG",0.298,1.905,"REG",0.755,0.223,"REG",0.112,0.217,"REG",0.106,0.161,"REG",0.104,0.447,"REG",0.133,0.148,"REG",0.084,0.491,"REG",0.187,0.205,"LOD",0.164,0.638,"REG",0.258,0.846,"REG",0.231,0.264,"REG",0.166,0.18,"REG",0.094,0.685,"REG",0.318,1.177,"REG",0.571,1.407,"REG",0.489,0.452,"REG",0.2,0.309,"REG",0.139,0.654,"REG",0.183,0.654,"REG",0.289,1.447,"REG",0.515,1.545,"REG",0.578,4.422,"REG",1.637,0.32,"REG",0.12,1.392,"REG",0.542,0.253,"REG",0.104,0.05,"REG",0.033,0.135,"REG",0.055,0.05,"REG",0.021,0.057,"REG",0.019,0.225,"REG",0.093,1.175,"REG",0.434,0.137,"REG",0.053,0.09,"REG",0.022,0.267,"REG",0.066,0.23761999809904003,0.2,3.872,"REG",7.154000000000001,"REG","Summer"
"7","Morris & Point Breeze","stationary","39.93094655, -75.1829941",39.93094655,-75.1829941,"#999999","Non-Industrial","Residential","Low",NA,"LowT/NoI","P733881","P733881 092923 092723 Point Breeze far SS","P733881 092923 092723 Point Breeze far SS RENAME.D","2023-09-29","2023-09-27","sample","2023-09-20","2023-09-27",9987,2,"392023",1,2.265,"REG",0.856,0.84,"REG",0.317,0.346,"REG",0.127,0.478,"REG",0.184,1.252,"REG",0.497,0.093,"LOD",0.092,0.067,"LOD",0.083,0.059,"LOD",0.091,0.207,"LOD",0.114,0.093,"LOD",0.079,0.246,"REG",0.104,0.087,"LOD",0.148,0.322,"REG",0.131,0.449,"REG",0.123,0.051,"ND",0.085,0.024,"REG",0.058,0.175,"LOD",0.186,0.125,"LOD",0.217,0.217,"LOD",0.338,0.199,"LOD",0.144,0.214,"REG",0.116,0.328,"REG",0.118,0.271,"LOD",0.204,0.701,"REG",0.291,0.971,"REG",0.376,2.823,"REG",1.066,0.366,"REG",0.137,0.593,"REG",0.275,0.023,"ND",0.038,0.014,"ND",0.023,0.035,"REG",0.023,0.007,"ND",0.011,0.002,"ND",0.003,0.36,"REG",0.118,1.722,"REG",0.629,0.183,"REG",0.07,0.091,"REG",0.022,0.857,"REG",0.211,0.23840516480949042,0.64,2.7430000000000003,"REG",5.181,"REG","Summer"
"7","Morris & Point Breeze","stationary","39.93094655, -75.1829941",39.93094655,-75.1829941,"#999999","Non-Industrial","Residential","Low",NA,"LowT/NoI","P733882","P733882 101223 100423 Point Breeze far SS","P733882 101223 100423 Point Breeze far SS.D","2023-10-12","2023-10-04","sample","2023-09-27","2023-10-04",10191,2,"402023",1,4.403,"REG",1.663,1.303,"REG",0.491,0.637,"REG",0.233,0.918,"REG",0.323,2.211,"REG",0.877,0.183,"REG",0.103,0.131,"LOD",0.089,0.15,"LOD",0.101,0.389,"REG",0.126,0.182,"REG",0.088,0.438,"REG",0.168,0.204,"LOD",0.161,0.89,"REG",0.36,1.43,"REG",0.389,0.267,"REG",0.166,0.288,"REG",0.133,0.443,"REG",0.243,0.38,"REG",0.268,0.543,"REG",0.354,1.028,"REG",0.373,0.482,"REG",0.186,0.802,"REG",0.216,0.755,"REG",0.315,1.815,"REG",0.632,2.448,"REG",0.903,6.917,"REG",2.539,0.621,"ULOD",0.401,1.655,"REG",0.635,0.252,"REG",0.103,0.053,"REG",0.033,0.087,"REG",0.038,0.007,"ND",0.011,0.002,"ND",0.003,0.387,"REG",0.123,1.688,"REG",0.617,0.179,"REG",0.069,0.118,"REG",0.026,0.446,"REG",0.11,0.23363285064786388,0.34,5.321,"REG",9.471999999999998,"REG","Summer"
"7","Morris & Point Breeze","stationary","39.93094655, -75.1829941",39.93094655,-75.1829941,"#999999","Non-Industrial","Residential","Low",NA,"LowT/NoI","P733864","P733864 101323 101123 Point Breeze far SS","P733864 101323 101123 Point Breeze far SS.D","2023-10-13","2023-10-11","sample","2023-10-04","2023-10-11",9928,1.99,"412023",1,3.317,"REG",1.253,1.31,"REG",0.494,0.476,"REG",0.175,0.709,"REG",0.256,1.952,"REG",0.774,0.149,"LOD",0.099,0.117,"LOD",0.089,0.119,"LOD",0.098,0.311,"REG",0.121,0.13,"LOD",0.083,0.365,"REG",0.144,0.149,"LOD",0.156,0.75,"REG",0.303,1.248,"REG",0.34,0.071,"REG",0.109,0.157,"REG",0.087,0.481,"REG",0.256,0.464,"REG",0.297,0.64,"REG",0.373,0.426,"REG",0.194,0.301,"REG",0.137,0.709,"REG",0.196,0.551,"REG",0.263,1.603,"REG",0.565,1.993,"REG",0.739,5.787,"REG",2.129,0.634,"ULOD",0.4,1.267,"REG",0.498,0.023,"ND",0.038,0.034,"REG",0.03,0.061,"REG",0.03,0.007,"ND",0.011,0.002,"ND",0.003,0.395,"REG",0.126,1.814,"REG",0.662,0.228,"REG",0.087,0.121,"REG",0.026,0.617,"REG",0.152,0.23982195617973215,0.4577,4.026,"REG",7.763999999999999,"REG","Summer"
"7","Morris & Point Breeze","stationary","39.93094655, -75.1829941",39.93094655,-75.1829941,"#999999","Non-Industrial","Residential","Low",NA,"LowT/NoI","P733851","P733851 102623 101823 Point Breeze Far SS RENAME","P733851 102623 101823 Point Breeze Far SS RENAME.D","2023-10-26","2023-10-18","sample","2023-10-11","2023-10-18",10081,2,"422023",1,3.314,"REG",1.252,1.06,"REG",0.4,0.493,"REG",0.181,0.725,"REG",0.26,1.694,"REG",0.672,0.13,"LOD",0.095,0.083,"LOD",0.084,0.101,"LOD",0.094,0.291,"REG",0.118,0.166,"REG",0.086,0.362,"REG",0.142,0.148,"LOD",0.154,0.506,"REG",0.205,0.699,"REG",0.191,0.295,"REG",0.178,0.215,"REG",0.106,0.363,"REG",0.223,0.348,"LOD",0.26,0.508,"LOD",0.354,0.281,"REG",0.159,0.257,"REG",0.125,0.485,"REG",0.147,0.382,"REG",0.223,1.091,"REG",0.404,1.363,"REG",0.513,3.796,"REG",1.411,0.227,"REG",0.085,0.792,"REG",0.336,0.177,"REG",0.08,0.015,"REG",0.028,0.052,"REG",0.028,0.007,"ND",0.011,0.002,"ND",0.003,0.391,"REG",0.124,2.065,"REG",0.752,0.181,"REG",0.07,0.119,"REG",0.026,0.663,"REG",0.163,0.23618216257835345,0.5,4.039,"REG",7.286,"REG","Summer"
"7","Morris & Point Breeze","stationary","39.93094655, -75.1829941",39.93094655,-75.1829941,"#999999","Non-Industrial","Residential","Low",NA,"LowT/NoI","P726663","P726663 102723 102523 Point Breeze Far SS","P726663 102723 102523 Point Breeze Far SS.D","2023-10-27","2023-10-25","sample","2023-10-18","2023-10-25",10051,2,"432023",1,7.147,"REG",2.699,1.361,"REG",0.513,1.035,"REG",0.379,1.431,"REG",0.493,3.071,"REG",1.218,0.204,"REG",0.108,0.166,"REG",0.096,0.169,"LOD",0.105,0.515,"REG",0.14,0.222,"REG",0.095,0.648,"REG",0.243,0.237,"LOD",0.169,1.402,"REG",0.567,2.081,"REG",0.567,0.147,"REG",0.125,0.331,"REG",0.15,0.393,"REG",0.23,0.424,"REG",0.282,0.551,"REG",0.359,0.591,"REG",0.239,0.516,"REG",0.196,1.465,"REG",0.373,1.258,"REG",0.47,3.331,"REG",1.13,4.568,"REG",1.674,12.625,"REG",4.615,0.417,"ULOD",0.523,3.529,"REG",1.318,0.217,"REG",0.092,0.073,"REG",0.037,0.052,"REG",0.028,0.007,"ND",0.011,0.002,"ND",0.003,0.359,"REG",0.118,1.801,"REG",0.657,0.227,"REG",0.087,0.12,"REG",0.026,0.692,"REG",0.17,0.2368871138147827,0.52,8.578,"REG",14.045000000000002,"REG","Summer"
"7","Morris & Point Breeze","stationary","39.93094655, -75.1829941",39.93094655,-75.1829941,"#999999","Non-Industrial","Residential","Low",NA,"LowT/NoI","P726609","P726609 110923 110123 Point Breeze Far SS","P726609 110923 110123 Point Breeze Far SS.D","2023-11-09","2023-11-01","sample","2023-10-25","2023-11-01",10331,2,"442023",1,6.081,"REG",2.296,1.401,"REG",0.528,0.899,"REG",0.329,1.26,"REG",0.435,3.444,"REG",1.366,0.253,"REG",0.117,0.211,"REG",0.103,0.213,"REG",0.112,0.568,"REG",0.144,0.233,"REG",0.095,0.631,"REG",0.236,0.289,"REG",0.177,1.362,"REG",0.55,1.863,"REG",0.508,0.638,"REG",0.331,0.575,"REG",0.246,0.618,"REG",0.294,0.594,"REG",0.336,0.871,"REG",0.391,0.712,"REG",0.273,0.409,"REG",0.164,1.163,"REG",0.3,1.378,"REG",0.506,2.564,"REG",0.876,2.975,"REG",1.094,7.929,"REG",2.905,0.403,"ULOD",0.24,2.537,"REG",0.954,0.394,"REG",0.152,0.086,"REG",0.04,0.044,"REG",0.025,0.007,"ND",0.011,0.066,"REG",0.022,0.216,"REG",0.09,1.752,"REG",0.64,0.172,"REG",0.066,0.175,"REG",0.035,0.751,"REG",0.184,0.2304667874312633,0.58,7.341,"REG",13.084999999999999,"REG","Summer"
"7","Morris & Point Breeze","stationary","39.93094655, -75.1829941",39.93094655,-75.1829941,"#999999","Non-Industrial","Residential","Low",NA,"LowT/NoI","P726661","P726661 111023 110823 Point Breeze Far SS","P726661 111023 110823 Point Breeze Far SS.D","2023-11-10","2023-11-08","sample","2023-11-01","2023-11-08",9887,2,"452023",1,14.848,"REG",5.607,2.131,"REG",0.802,2.125,"REG",0.777,3.118,"REG",1.061,3.68,"REG",1.459,0.264,"REG",0.121,0.203,"REG",0.104,0.24,"REG",0.121,0.645,"REG",0.157,0.225,"REG",0.096,0.742,"REG",0.277,0.331,"REG",0.192,1.637,"REG",0.662,1.994,"REG",0.543,3.017,"REG",1.496,1.29,"REG",0.541,0.962,"REG",0.415,0.506,"REG",0.311,1.082,"REG",0.435,0.687,"REG",0.268,0.469,"REG",0.183,1.409,"REG",0.36,1.329,"REG",0.493,3.083,"REG",1.048,3.657,"REG",1.342,9.982,"REG",3.653,0.421,"ULOD",0.362,2.736,"REG",1.028,0.372,"REG",0.145,0.089,"REG",0.042,0.046,"REG",0.026,0.007,"ND",0.011,0.053,"REG",0.018,0.429,"REG",0.133,1.74,"REG",0.636,0.226,"REG",0.086,0.244,"REG",0.046,0.676,"REG",0.166,0.24081646414002034,0.5,17.966,"REG",25.901999999999997,"REG",NA
"7","Morris & Point Breeze","stationary","39.93094655, -75.1829941",39.93094655,-75.1829941,"#999999","Non-Industrial","Residential","Low",NA,"LowT/NoI","P733860","P733860 112423 111523 Point Breeze Far SS","P733860 112423 111523 Point Breeze Far SS.D","2023-11-24","2023-11-15","sample","2023-11-08","2023-11-15",10138,2,"462023",1,4.179,"REG",1.578,1.645,"REG",0.619,0.66,"REG",0.241,0.901,"REG",0.317,2.64,"REG",1.047,0.184,"REG",0.104,0.132,"LOD",0.09,0.15,"LOD",0.101,0.391,"REG",0.126,0.165,"REG",0.086,0.4,"REG",0.155,0.205,"LOD",0.162,0.918,"REG",0.371,1.365,"REG",0.372,0.774,"REG",0.396,0.509,"REG",0.22,0.434,"REG",0.241,0.234,"LOD",0.231,0.509,"LOD",0.353,0.419,"REG",0.191,0.323,"REG",0.141,0.862,"REG",0.23,0.808,"REG",0.331,1.922,"REG",0.667,2.247,"REG",0.83,6.159,"REG",2.264,0.621,"ULOD",0.303,1.626,"REG",0.624,0.207,"REG",0.089,0.068,"REG",0.036,0.045,"REG",0.026,0.007,"ND",0.011,0.002,"ND",0.003,0.221,"REG",0.091,1.607,"REG",0.588,0.221,"REG",0.084,0.119,"REG",0.026,1.056,"REG",0.259,0.2348542494527896,0.8,5.08,"REG",10.025,"REG",NA
"7","Morris & Point Breeze","stationary","39.93094655, -75.1829941",39.93094655,-75.1829941,"#999999","Non-Industrial","Residential","Low",NA,"LowT/NoI","P733877","P733877 112523 112223 Point Breeze Far SS","P733877 112523 112223 Point Breeze Far SS.D","2023-11-25","2023-11-22","sample","2023-11-15","2023-11-22",10142,2,"472023",1,3.933,"REG",1.485,1.526,"REG",0.575,0.595,"REG",0.218,0.856,"REG",0.302,2.338,"REG",0.927,0.184,"REG",0.104,0.132,"LOD",0.09,0.15,"LOD",0.101,0.374,"REG",0.125,0.165,"REG",0.086,0.44,"REG",0.169,0.205,"LOD",0.162,0.866,"REG",0.35,1.203,"REG",0.328,0.429,"REG",0.235,0.317,"REG",0.144,0.518,"REG",0.265,0.382,"REG",0.269,0.719,"REG",0.375,0.391,"REG",0.184,0.296,"REG",0.134,0.808,"REG",0.218,0.807,"REG",0.331,1.823,"REG",0.634,2.032,"REG",0.753,5.494,"REG",2.023,0.621,"ULOD",0.283,1.584,"REG",0.609,0.022,"ND",0.038,0.049,"REG",0.032,0.009,"ND",0.016,0.007,"ND",0.011,0.002,"ND",0.003,0.287,"REG",0.103,1.517,"REG",0.556,0.221,"REG",0.084,0.178,"REG",0.035,0.923,"REG",0.226,0.23476162304795714,0.7,4.789,"REG",9.248,"REG",NA
"7","Morris & Point Breeze","stationary","39.93094655, -75.1829941",39.93094655,-75.1829941,"#999999","Non-Industrial","Residential","Low",NA,"LowT/NoI","P733895","P733895 120823 112923 Point Breeze Near SS","P733895 120823 112923 Point Breeze Near SS.D","2023-12-08","2023-11-29","sample","2023-11-22","2023-11-29",9990,2,"482023",1,2.584,"REG",0.976,1.229,"REG",0.463,0.406,"REG",0.149,0.542,"REG",0.203,1.639,"REG",0.65,0.112,"LOD",0.094,0.017,"LOD",0.081,0.085,"LOD",0.093,0.242,"REG",0.116,0.093,"LOD",0.078,0.246,"REG",0.104,0.119,"LOD",0.151,0.593,"REG",0.24,0.845,"REG",0.231,0.728,"REG",0.374,0.441,"REG",0.193,0.301,"LOD",0.209,0.189,"LOD",0.226,0.32,"LOD",0.343,0.255,"REG",0.155,0.191,"REG",0.112,0.465,"REG",0.143,0.385,"REG",0.225,1,"REG",0.377,1.303,"REG",0.492,4.019,"REG",1.492,0.439,"REG",0.164,0.762,"REG",0.327,0.214,"REG",0.091,0.029,"LOD",0.03,0.009,"ND",0.016,0.007,"ND",0.011,0.03,"REG",0.011,0.12,"LOD",0.079,1.722,"REG",0.629,0.183,"REG",0.07,0.09,"REG",0.022,0.535,"REG",0.131,0.238333571666905,0.4,3.1260000000000003,"REG",6.4,"REG",NA
"7","Morris & Point Breeze","stationary","39.93094655, -75.1829941",39.93094655,-75.1829941,"#999999","Non-Industrial","Residential","Low",NA,"LowT/NoI","P726645","P726645 120923 120623 Point Breeze Far SS","P726645 120923 120623 Point Breeze Far SS.D","2023-12-09","2023-12-06","sample","2023-11-29","2023-12-06",10236,2,"492023",1,4.914,"REG",1.856,1.843,"REG",0.694,0.736,"REG",0.27,1.02,"REG",0.356,3.057,"REG",1.212,0.201,"REG",0.106,0.147,"LOD",0.092,0.166,"LOD",0.103,0.472,"REG",0.134,0.181,"REG",0.088,0.52,"REG",0.197,0.233,"LOD",0.166,1.121,"REG",0.453,1.605,"REG",0.437,0.783,"REG",0.4,0.373,"REG",0.165,0.71,"REG",0.325,0.331,"LOD",0.253,0.729,"REG",0.374,0.36,"REG",0.175,0.32,"REG",0.14,0.934,"REG",0.246,0.805,"REG",0.329,2.099,"REG",0.724,2.437,"REG",0.899,7.005,"REG",2.57,0.62,"ULOD",0.3,1.487,"REG",0.574,0.247,"REG",0.102,0.047,"REG",0.032,0.009,"ND",0.016,0.007,"ND",0.011,0.002,"ND",0.003,0.215,"REG",0.09,1.592,"REG",0.583,0.223,"REG",0.085,0.147,"REG",0.03,0.444,"REG",0.109,0.2326057425705726,0.34,5.933999999999999,"REG",11.57,"REG",NA
"7","Morris & Point Breeze","stationary","39.93094655, -75.1829941",39.93094655,-75.1829941,"#999999","Non-Industrial","Residential","Low",NA,"LowT/NoI","P733843","P733843 122123 121323 Point Breeze Far SS","P733843 122123 121323 Point Breeze Far SS.D","2023-12-21","2023-12-13","sample","2023-12-06","2023-12-13",10169,2,"502023",1,4.794,"REG",1.811,1.777,"REG",0.669,0.719,"REG",0.264,1.026,"REG",0.358,2.761,"REG",1.095,0.238,"REG",0.114,0.165,"REG",0.095,0.2,"REG",0.111,0.543,"REG",0.143,0.237,"REG",0.097,0.604,"REG",0.227,0.263,"LOD",0.173,1.077,"REG",0.435,1.708,"REG",0.465,0.74,"REG",0.379,0.356,"REG",0.159,0.798,"REG",0.356,0.408,"REG",0.276,0.901,"REG",0.4,0.446,"REG",0.197,0.469,"REG",0.182,1.182,"REG",0.305,0.757,"REG",0.316,2.408,"REG",0.825,3.342,"REG",1.227,9.23,"REG",3.379,0.414,"ULOD",0.443,1.996,"REG",0.757,0.288,"REG",0.115,0.085,"REG",0.04,0.009,"ND",0.016,0.007,"ND",0.011,0.002,"ND",0.003,0.578,"REG",0.167,2.315,"REG",0.842,0.225,"REG",0.086,0.149,"REG",0.031,1.131,"REG",0.278,0.23413830081152337,0.86,5.819999999999999,"REG",11.077,"REG","Winter"
"7","Morris & Point Breeze","stationary","39.93094655, -75.1829941",39.93094655,-75.1829941,"#999999","Non-Industrial","Residential","Low",NA,"LowT/NoI","P726669","P726669 122123 122023 Point Breeze Far SS","P726669 122123 122023 Point Breeze Far SS.D","2023-12-21","2023-12-20","sample","2023-12-13","2023-12-20",9868,2,"512023",1,3.998,"REG",1.51,1.588,"REG",0.598,0.587,"REG",0.215,0.873,"REG",0.308,2.504,"REG",0.993,0.189,"REG",0.107,0.136,"LOD",0.092,0.172,"LOD",0.107,0.437,"REG",0.133,0.207,"REG",0.093,0.498,"REG",0.19,0.211,"LOD",0.167,0.868,"REG",0.351,1.331,"REG",0.363,0.711,"REG",0.367,0.328,"REG",0.149,0.679,"REG",0.318,0.382,"LOD",0.273,0.842,"REG",0.4,0.402,"REG",0.189,0.415,"REG",0.168,0.913,"REG",0.243,0.669,"REG",0.295,1.874,"REG",0.652,2.674,"REG",0.986,7.266,"REG",2.666,0.426,"ULOD",0.422,1.542,"REG",0.596,0.256,"REG",0.105,0.088,"REG",0.041,0.037,"LOD",0.024,0.007,"ND",0.011,0.038,"REG",0.013,0.359,"REG",0.119,2.11,"REG",0.769,0.185,"REG",0.071,0.153,"REG",0.031,1.193,"REG",0.293,0.24128013588897257,0.88,4.871,"REG",9.549999999999999,"REG","Winter"
"7","Morris & Point Breeze","stationary","39.93094655, -75.1829941",39.93094655,-75.1829941,"#999999","Non-Industrial","Residential","Low",NA,"LowT/NoI","P726647","P726647 011724 011024 Point Breeze Far SS","P726647 011724 011024 Point Breeze Far SS.D","2024-01-17","2024-01-10","sample","2024-01-03","2024-01-10",10067,2,"22024",1,3.309,"REG",1.25,1.954,"REG",0.735,0.582,"REG",0.213,0.751,"REG",0.269,2.557,"REG",1.014,0.167,"LOD",0.101,0.116,"LOD",0.088,0.135,"LOD",0.099,0.356,"REG",0.124,0.164,"REG",0.086,0.443,"REG",0.17,0.177,"LOD",0.158,0.867,"REG",0.351,1.239,"REG",0.338,0.628,"REG",0.327,0.35,"REG",0.157,0.536,"REG",0.271,0.202,"LOD",0.226,0.538,"LOD",0.357,0.45,"REG",0.199,0.316,"REG",0.14,1.072,"REG",0.279,0.683,"REG",0.296,2.463,"REG",0.843,1.939,"REG",0.719,7.143,"REG",2.621,0.117,"ULOD",0.102,1.457,"REG",0.565,0.185,"REG",0.082,0.096,"REG",0.043,0.009,"ND",0.016,0.007,"ND",0.011,0.002,"ND",0.003,0.153,"REG",0.082,1.709,"REG",0.624,0.159,"REG",0.062,0.14,"REG",0.029,0.662,"REG",0.162,0.23651061696159545,0.49800000000000005,4.0600000000000005,"REG",9.153,"REG","Winter"
"7","Morris & Point Breeze","stationary","39.93094655, -75.1829941",39.93094655,-75.1829941,"#999999","Non-Industrial","Residential","Low",NA,"LowT/NoI","P733863","P733863 012524 011724 Point Breeze Far SS","P733863 012524 011724 Point Breeze Far SS.D","2024-01-25","2024-01-17","sample","2024-01-10","2024-01-17",10396,2,"32024",1,2.578,"REG",0.974,1.527,"REG",0.575,0.439,"REG",0.161,0.551,"REG",0.204,1.782,"REG",0.707,0.126,"LOD",0.092,0.081,"LOD",0.081,0.114,"LOD",0.094,0.295,"REG",0.116,0.105,"LOD",0.077,0.272,"REG",0.111,0.143,"LOD",0.149,0.662,"REG",0.268,1.155,"REG",0.315,0.488,"REG",0.261,0.32,"REG",0.144,0.355,"REG",0.216,0.123,"LOD",0.208,0.357,"LOD",0.332,0.327,"REG",0.166,0.188,"REG",0.108,0.644,"REG",0.179,0.449,"REG",0.233,1.423,"REG",0.505,1.878,"REG",0.696,5.302,"REG",1.952,0.421,"ULOD",0.188,1.004,"REG",0.405,0.141,"REG",0.068,0.056,"REG",0.033,0.029,"REG",0.021,0.007,"ND",0.011,0.022,"REG",0.008,0.212,"REG",0.088,2.264,"REG",0.824,0.154,"REG",0.06,0.107,"REG",0.024,1.721,"REG",0.422,0.22902581578995587,1.3379999999999999,3.129,"REG",6.877000000000001,"REG","Winter"
"7","Morris & Point Breeze","stationary","39.93094655, -75.1829941",39.93094655,-75.1829941,"#999999","Non-Industrial","Residential","Low",NA,"LowT/NoI","P733899","P733899 020824 013124 Point Breeze Far SS","P733899 020824 013124 Point Breeze Far SS.D","2024-02-08","2024-01-31","sample","2024-01-24","2024-01-31",10100,2,"52024",1,4.163,"REG",1.572,1.532,"REG",0.577,0.597,"REG",0.218,0.9,"REG",0.317,2.178,"REG",0.864,0.203,"REG",0.108,0.116,"LOD",0.088,0.202,"REG",0.111,0.512,"REG",0.14,0.184,"REG",0.088,0.487,"REG",0.185,0.236,"LOD",0.168,0.921,"REG",0.373,1.364,"REG",0.372,0.224,"REG",0.15,0.24,"REG",0.115,0.626,"REG",0.299,0.256,"LOD",0.237,0.586,"REG",0.361,0.224,"LOD",0.148,0.216,"REG",0.116,0.837,"REG",0.224,0.595,"REG",0.273,1.781,"REG",0.621,1.396,"REG",0.525,4.254,"REG",1.576,0.431,"REG",0.161,0.835,"REG",0.35,0.311,"REG",0.124,0.033,"LOD",0.03,0.023,"LOD",0.021,0.007,"ND",0.011,0.002,"ND",0.003,0.186,"REG",0.086,2.241,"REG",0.815,0.215,"REG",0.082,0.149,"REG",0.031,0.397,"REG",0.098,0.23573785950023574,0.3,5.063000000000001,"REG",9.370000000000001,"REG","Winter"
"7","Morris & Point Breeze","stationary","39.93094655, -75.1829941",39.93094655,-75.1829941,"#999999","Non-Industrial","Residential","Low",NA,"LowT/NoI","P726605","P726605 021524 020724 Point Breeze Far SS","P726605 021524 020724 Point Breeze Far SS.D","2024-02-15","2024-02-07","sample","2024-01-31","2024-02-07",10172,2,"62024",1,4.622,"REG",1.745,2.012,"REG",0.757,0.678,"REG",0.248,0.984,"REG",0.344,2.589,"REG",1.027,0.128,"LOD",0.094,0.082,"LOD",0.083,0.117,"LOD",0.096,0.305,"REG",0.119,0.164,"REG",0.086,0.443,"REG",0.17,0.146,"LOD",0.152,1.018,"REG",0.412,1.4,"REG",0.382,0.885,"REG",0.45,0.41,"REG",0.18,0.593,"REG",0.287,0.217,"LOD",0.228,0.749,"REG",0.378,0.25,"REG",0.152,0.282,"REG",0.131,0.67,"REG",0.186,0.483,"REG",0.244,1.425,"REG",0.507,1.884,"REG",0.699,4.752,"REG",1.755,0.629,"ULOD",0.275,1.161,"REG",0.46,0.153,"REG",0.072,0.014,"ND",0.023,0.031,"LOD",0.022,0.007,"ND",0.011,0.044,"REG",0.015,0.152,"REG",0.081,2.67,"REG",0.969,0.213,"REG",0.082,0.178,"REG",0.035,1.499,"REG",0.368,0.23406924704604612,1.14,5.606,"REG",10.885,"REG","Winter"
"7","Morris & Point Breeze","stationary","39.93094655, -75.1829941",39.93094655,-75.1829941,"#999999","Non-Industrial","Residential","Low",NA,"LowT/NoI","P726646","P726646 021624 021424 Point Breeze Far SS","P726646 021624 021424 Point Breeze Far SS.D","2024-02-16","2024-02-14","sample","2024-02-07","2024-02-14",9940,2,"72024",1,7.41,"REG",2.798,3.184,"REG",1.198,1.152,"REG",0.422,1.489,"REG",0.512,5.23,"REG",2.074,0.244,"REG",0.117,0.185,"REG",0.1,0.204,"REG",0.113,0.538,"REG",0.144,0.336,"REG",0.117,0.906,"REG",0.336,0.36,"REG",0.199,2.452,"REG",0.991,3.443,"REG",0.938,0.906,"REG",0.46,0.636,"REG",0.272,0.807,"REG",0.36,0.45,"REG",0.293,1.109,"REG",0.438,0.798,"REG",0.302,0.713,"REG",0.258,1.812,"REG",0.458,1.324,"REG",0.491,4.073,"REG",1.376,5.455,"REG",1.997,12.766,"REG",4.667,0.644,"ULOD",0.547,7.015,"REG",2.606,0.515,"REG",0.196,0.111,"REG",0.048,0.01,"ND",0.016,0.007,"ND",0.011,0.053,"REG",0.018,0.189,"REG",0.088,2.55,"REG",0.927,0.264,"REG",0.101,0.243,"REG",0.045,1.346,"REG",0.33,0.2395324326913864,1,8.899000000000001,"REG",18.465,"REG","Winter"
"7","Morris & Point Breeze","stationary","39.93094655, -75.1829941",39.93094655,-75.1829941,"#999999","Non-Industrial","Residential","Low",NA,"LowT/NoI","P733876","P733876 022924 022124 Point Breeze Far SS","P733876 022924 022124 Point Breeze Far SS.D","2024-02-29","2024-02-21","sample","2024-02-14","2024-02-21",10088,2,"82024",1,2.479,"REG",0.936,1.593,"REG",0.6,0.382,"REG",0.14,0.516,"REG",0.195,1.64,"REG",0.65,0.111,"LOD",0.093,0.066,"LOD",0.082,0.084,"LOD",0.092,0.222,"REG",0.114,0.11,"LOD",0.079,0.284,"REG",0.116,0.118,"LOD",0.15,0.582,"REG",0.236,0.853,"REG",0.233,0.348,"REG",0.2,0.259,"REG",0.122,0.289,"REG",0.205,0.145,"LOD",0.217,0.375,"LOD",0.343,0.168,"LOD",0.139,0.149,"LOD",0.104,0.377,"REG",0.126,0.378,"REG",0.222,0.842,"REG",0.33,1.29,"REG",0.487,3.793,"REG",1.41,0.135,"REG",0.05,0.626,"REG",0.284,0.155,"REG",0.073,0.033,"LOD",0.03,0.009,"ND",0.016,0.007,"ND",0.011,0.002,"ND",0.003,0.12,"REG",0.078,1.795,"REG",0.655,0.169,"REG",0.065,0.09,"REG",0.022,0.53,"REG",0.13,0.23601827725539065,0.4,2.995,"REG",6.609999999999999,"REG","Winter"
"7","Morris & Point Breeze","stationary","39.93094655, -75.1829941",39.93094655,-75.1829941,"#999999","Non-Industrial","Residential","Low",NA,"LowT/NoI","P733865","P733865 030124 022824 Point Breeze Far SS","P733865 030124 022824 Point Breeze Far SS.D","2024-03-01","2024-02-28","sample","2024-02-21","2024-02-28",10095,2,"92024",1,2.661,"REG",1.005,1.335,"REG",0.503,0.403,"REG",0.148,0.584,"REG",0.216,1.655,"REG",0.656,0.129,"LOD",0.095,0.083,"LOD",0.084,0.117,"LOD",0.097,0.273,"REG",0.117,0.129,"LOD",0.081,0.324,"REG",0.129,0.147,"LOD",0.153,0.66,"REG",0.267,0.736,"REG",0.201,1.115,"REG",0.561,0.452,"REG",0.197,0.513,"REG",0.264,0.294,"LOD",0.246,0.67,"REG",0.371,0.168,"LOD",0.139,0.045,"ND",0.075,0.377,"REG",0.126,0.377,"REG",0.222,0.792,"REG",0.316,1.038,"REG",0.399,3.126,"REG",1.172,0.158,"REG",0.059,0.542,"REG",0.259,0.022,"ND",0.038,0.014,"ND",0.023,0.009,"ND",0.016,0.007,"ND",0.011,0.002,"ND",0.003,0.253,"REG",0.097,1.434,"REG",0.527,0.169,"REG",0.065,0.09,"REG",0.022,0.398,"REG",0.098,0.2358546192127173,0.3,3.245,"REG",6.638,"REG",NA
"7","Morris & Point Breeze","stationary","39.93094655, -75.1829941",39.93094655,-75.1829941,"#999999","Non-Industrial","Residential","Low",NA,"LowT/NoI","P726610","P726610 031524 030624 Point Breeze Far SS","P726610 031524 030624 Point Breeze Far SS.D","2024-03-15","2024-03-06","sample","2024-02-28","2024-03-06",10122,2,"102024",1,2.468,"REG",0.932,1.164,"REG",0.439,0.36,"REG",0.132,0.515,"REG",0.194,1.737,"REG",0.689,0.111,"LOD",0.092,0.066,"LOD",0.082,0.097,"LOD",0.094,0.255,"REG",0.116,0.109,"LOD",0.079,0.281,"REG",0.115,0.117,"LOD",0.149,0.508,"REG",0.206,0.688,"REG",0.188,0.093,"REG",0.111,0.13,"REG",0.079,0.27,"LOD",0.201,0.194,"LOD",0.224,0.369,"LOD",0.341,0.196,"LOD",0.142,0.16,"LOD",0.105,0.426,"REG",0.135,0.372,"REG",0.221,0.979,"REG",0.37,1.031,"REG",0.396,3.075,"REG",1.154,0.397,"ULOD",0.151,0.739,"REG",0.319,0.022,"ND",0.038,0.014,"ND",0.023,0.009,"ND",0.016,0.007,"ND",0.011,0.037,"REG",0.013,0.12,"LOD",0.078,1.699,"REG",0.621,0.13,"REG",0.051,0.088,"REG",0.022,0.628,"REG",0.154,0.2352254871519839,0.47475,2.983,"REG",6.243999999999999,"REG",NA
"7","Morris & Point Breeze","stationary","39.93094655, -75.1829941",39.93094655,-75.1829941,"#999999","Non-Industrial","Residential","Low",NA,"LowT/NoI","P733888","P733888 031624 031324 Point Breeze Far SS","P733888 031624 031324 Point Breeze Far SS.D","2024-03-16","2024-03-13","sample","2024-03-06","2024-03-13",9998,2,"112024",1,3.707,"REG",1.4,1.738,"REG",0.654,0.516,"REG",0.189,0.727,"REG",0.261,2.865,"REG",1.136,0.131,"LOD",0.096,0.083,"LOD",0.085,0.116,"LOD",0.097,0.344,"REG",0.123,0.129,"LOD",0.082,0.366,"REG",0.144,0.178,"LOD",0.159,0.831,"REG",0.336,1.778,"REG",0.484,0.27,"REG",0.168,0.249,"REG",0.119,0.387,"REG",0.23,0.272,"LOD",0.242,0.502,"LOD",0.356,0.397,"REG",0.186,0.285,"REG",0.133,0.814,"REG",0.219,0.651,"REG",0.289,1.791,"REG",0.625,2.779,"REG",1.023,7.813,"REG",2.864,0.403,"ULOD",0.439,1.298,"REG",0.508,0.484,"REG",0.184,0.161,"REG",0.062,0.009,"ND",0.016,0.007,"ND",0.011,0.045,"REG",0.015,0.222,"REG",0.093,1.811,"REG",0.661,0.178,"REG",0.068,0.119,"REG",0.026,0.796,"REG",0.196,0.23814286666857182,0.59475,4.434,"REG",9.553,"REG",NA
"7","Morris & Point Breeze","stationary","39.93094655, -75.1829941",39.93094655,-75.1829941,"#999999","Non-Industrial","Residential","Low",NA,"LowT/NoI","P726665","P726665 040224 032024 Point Breeze Far SS","P726665 040224 032024 Point Breeze Far SS.D","2024-04-02","2024-03-20","sample","2024-03-13","2024-03-20",10381,2,"122024",1,4.406,"REG",1.664,1.366,"REG",0.514,0.622,"REG",0.228,0.832,"REG",0.294,2.682,"REG",1.063,0.198,"REG",0.105,0.161,"REG",0.093,0.16,"LOD",0.101,0.431,"REG",0.128,0.178,"REG",0.086,0.511,"REG",0.194,0.229,"LOD",0.164,0.953,"REG",0.386,1.441,"REG",0.392,0.452,"REG",0.244,0.333,"REG",0.15,0.482,"REG",0.251,0.371,"REG",0.262,0.689,"REG",0.365,0.463,"REG",0.2,0.511,"REG",0.193,0.942,"REG",0.248,0.998,"REG",0.386,2.158,"REG",0.742,3.756,"REG",1.378,9.982,"REG",3.652,0.593,"ULOD",0.396,2.268,"REG",0.856,0.161,"REG",0.074,0.013,"ND",0.022,0.009,"ND",0.015,0.007,"ND",0.011,0.036,"REG",0.012,0.342,"REG",0.113,2.006,"REG",0.73,0.127,"REG",0.049,0.144,"REG",0.029,1.204,"REG",0.296,0.22935674606997217,0.93475,5.2379999999999995,"REG",9.908000000000001,"REG",NA
"7","Morris & Point Breeze","stationary","39.93094655, -75.1829941",39.93094655,-75.1829941,"#999999","Non-Industrial","Residential","Low",NA,"LowT/NoI","P733869","P733869 041224 041024 Point Breeze Far SS","P733869 041224 041024 Point Breeze Far SS.D","2024-04-12","2024-04-10","sample","2024-04-03","2024-04-10",10076,2,"152024",1,2.983,"REG",1.127,1.001,"REG",0.378,0.401,"REG",0.147,0.629,"REG",0.23,1.633,"REG",0.648,0.148,"LOD",0.098,0.116,"LOD",0.088,0.118,"LOD",0.097,0.154,"LOD",0.11,0.147,"REG",0.084,0.366,"REG",0.144,0.148,"LOD",0.154,0.545,"REG",0.221,0.732,"REG",0.2,0.044,"REG",0.104,0.169,"REG",0.091,0.409,"REG",0.235,0.373,"LOD",0.268,0.561,"REG",0.359,0.281,"REG",0.159,0.162,"LOD",0.106,0.458,"REG",0.141,0.491,"REG",0.247,1.042,"REG",0.389,1.108,"REG",0.423,3.248,"REG",1.216,0.548,"REG",0.205,1.007,"REG",0.408,0.093,"REG",0.057,0.038,"LOD",0.031,0.009,"ND",0.016,0.007,"ND",0.011,0.03,"REG",0.011,0.174,"REG",0.085,1.168,"REG",0.432,0.136,"REG",0.053,0.09,"REG",0.022,0.345,"REG",0.085,0.23629936293691753,0.26,3.612,"REG",6.647,"REG",NA
"7","Morris & Point Breeze","stationary","39.93094655, -75.1829941",39.93094655,-75.1829941,"#999999","Non-Industrial","Residential","Low",NA,"LowT/NoI","P726658","P726658 042624 041724 Point Breeze Far SS","P726658 042624 041724 Point Breeze Far SS.D","2024-04-26","2024-04-17","sample","2024-04-10","2024-04-17",10146,2,"162024",1,2.963,"REG",1.119,0.935,"REG",0.353,0.399,"REG",0.146,0.625,"REG",0.228,1.654,"REG",0.656,0.147,"LOD",0.097,0.099,"LOD",0.085,0.117,"LOD",0.096,0.272,"REG",0.117,0.128,"LOD",0.081,0.363,"REG",0.143,0.147,"LOD",0.153,0.645,"REG",0.261,0.634,"REG",0.173,0.536,"REG",0.283,0.302,"REG",0.138,0.461,"REG",0.248,0.371,"LOD",0.265,0.641,"REG",0.366,0.279,"REG",0.158,0.242,"REG",0.122,0.535,"REG",0.157,0.379,"REG",0.221,1.231,"REG",0.446,1.456,"REG",0.546,3.755,"REG",1.397,0.521,"REG",0.195,1.167,"REG",0.462,0.093,"REG",0.056,0.019,"LOD",0.028,0.009,"ND",0.016,0.007,"ND",0.011,0.002,"ND",0.003,0.173,"REG",0.084,2.052,"REG",0.747,0.135,"REG",0.052,0.149,"REG",0.031,0.633,"REG",0.156,0.23466906967794018,0.48,3.588,"REG",6.5760000000000005,"REG",NA
"7","Morris & Point Breeze","stationary","39.93094655, -75.1829941",39.93094655,-75.1829941,"#999999","Non-Industrial","Residential","Low",NA,"LowT/NoI","P733885","P733885 042724 042424 Point Breeze Far SS","P733885 042724 042424 Point Breeze Far SS.D","2024-04-27","2024-04-24","sample","2024-04-17","2024-04-24",9810,2,"172024",1,2.78,"REG",1.05,0.967,"REG",0.365,0.368,"REG",0.135,0.553,"REG",0.207,1.432,"REG",0.568,0.152,"LOD",0.101,0.085,"LOD",0.086,0.104,"LOD",0.097,0.246,"REG",0.118,0.114,"LOD",0.082,0.334,"REG",0.133,0.121,"LOD",0.154,0.505,"REG",0.205,0.656,"REG",0.179,0.197,"REG",0.143,0.193,"REG",0.1,0.362,"REG",0.226,0.269,"LOD",0.245,0.446,"LOD",0.357,0.26,"REG",0.157,0.209,"REG",0.117,0.442,"REG",0.14,0.392,"REG",0.229,1.019,"REG",0.384,1.359,"REG",0.512,3.542,"REG",1.322,0.333,"REG",0.124,1.077,"REG",0.433,0.136,"REG",0.068,0.02,"LOD",0.029,0.01,"ND",0.016,0.007,"ND",0.011,0.039,"REG",0.013,0.213,"REG",0.092,2.215,"REG",0.807,0.14,"REG",0.054,0.092,"REG",0.022,0.791,"REG",0.194,0.24270666472501337,0.58,3.3329999999999997,"REG",6.1,"REG",NA
"7","Morris & Point Breeze","stationary","39.93094655, -75.1829941",39.93094655,-75.1829941,"#999999","Non-Industrial","Residential","Low",NA,"LowT/NoI","P726615","P726615 051124 050124 Pt Breeze Far SS","P726615 051124 050124 Pt Breeze Far SS.D","2024-05-11","2024-05-01","sample","2024-04-24","2024-05-01",10185,2,"182024",1,4.92,"REG",1.858,1.313,"REG",0.495,0.716,"REG",0.262,0.998,"REG",0.349,1.948,"REG",0.772,0.202,"REG",0.107,0.164,"REG",0.095,0.15,"LOD",0.101,0.373,"REG",0.124,0.201,"REG",0.091,0.519,"REG",0.197,0.205,"LOD",0.161,1.319,"REG",0.533,3.544,"REG",0.965,0.726,"REG",0.373,0.587,"REG",0.251,0.688,"REG",0.318,0.814,"REG",0.421,1.151,"REG",0.439,0.417,"REG",0.19,0.911,"REG",0.32,1.207,"REG",0.311,1.079,"REG",0.413,2.404,"REG",0.824,3.869,"REG",1.419,19.776,"ULOD",11.262,0.621,"ULOD",2.191,1.785,"REG",0.681,0.552,"REG",0.209,0.338,"REG",0.12,0.009,"ND",0.016,0.007,"ND",0.011,0.052,"REG",0.018,0.282,"REG",0.102,1.867,"REG",0.681,0.125,"REG",0.049,0.119,"REG",0.026,0.234,"REG",0.058,0.23377048413867266,0.178,5.918,"REG",9.895,"REG",NA
"7","Morris & Point Breeze","stationary","39.93094655, -75.1829941",39.93094655,-75.1829941,"#999999","Non-Industrial","Residential","Low",NA,"LowT/NoI","P726657","P726657 051224 050824 Pt B Far SS","P726657 051224 050824 Pt B Far SS.D","2024-05-12","2024-05-08","sample","2024-05-01","2024-05-08",10269,2,"192024",1,3.25,"REG",1.227,0.953,"REG",0.359,0.457,"REG",0.168,0.7,"REG",0.252,1.932,"REG",0.766,0.182,"REG",0.102,0.114,"LOD",0.086,0.132,"LOD",0.097,0.286,"REG",0.117,0.145,"REG",0.082,0.395,"REG",0.153,0.145,"LOD",0.151,0.536,"REG",0.217,0.563,"REG",0.154,0.404,"REG",0.223,0.241,"REG",0.115,0.545,"REG",0.272,0.587,"REG",0.334,0.934,"REG",0.402,0.221,"LOD",0.145,0.266,"REG",0.126,0.399,"REG",0.129,0.321,"LOD",0.208,0.876,"REG",0.339,0.528,"REG",0.228,3.53,"REG",1.315,0.338,"REG",0.126,0.823,"REG",0.345,0.085,"REG",0.054,0.017,"LOD",0.028,0.009,"ND",0.016,0.007,"ND",0.011,0.002,"ND",0.003,0.312,"REG",0.108,1.851,"REG",0.675,0.124,"REG",0.048,0.235,"REG",0.044,0.206,"REG",0.051,0.23185825113958333,0.158,3.95,"REG",7.292,"REG",NA
"7","Morris & Point Breeze","stationary","39.93094655, -75.1829941",39.93094655,-75.1829941,"#999999","Non-Industrial","Residential","Low",NA,"LowT/NoI","P733859","P733859 052324 051524 Pt B Far SS","P733859 052324 051524 Pt B Far SS.D","2024-05-23","2024-05-15","sample","2024-05-08","2024-05-15",10125,2,"202024",1,2.194,"REG",0.829,0.592,"REG",0.225,0.27,"REG",0.1,0.417,"REG",0.165,1.135,"REG",0.45,0.111,"LOD",0.092,0.066,"LOD",0.082,0.084,"LOD",0.092,0.187,"LOD",0.112,0.091,"LOD",0.077,0.239,"REG",0.101,0.088,"LOD",0.146,0.334,"REG",0.136,0.432,"REG",0.118,0.237,"REG",0.155,0.148,"REG",0.084,0.272,"LOD",0.201,0.447,"REG",0.288,0.653,"REG",0.368,0.168,"LOD",0.138,0.121,"LOD",0.099,0.324,"REG",0.116,0.217,"LOD",0.194,0.741,"REG",0.301,1.178,"REG",0.448,3.05,"REG",1.145,0.374,"REG",0.14,0.71,"REG",0.31,0.047,"REG",0.048,0.014,"ND",0.023,0.054,"REG",0.028,0.007,"ND",0.011,0.002,"ND",0.003,0.185,"REG",0.086,2.325,"REG",0.846,0.126,"REG",0.049,0.208,"REG",0.04,0.869,"REG",0.213,0.23515579071134626,0.658,2.6109999999999998,"REG",4.608,"REG",NA
"7","Morris & Point Breeze","stationary","39.93094655, -75.1829941",39.93094655,-75.1829941,"#999999","Non-Industrial","Residential","Low",NA,"LowT/NoI","P733879","P733879 052424 052224 Pt B Far SS","P733879 052424 052224 Pt B Far SS.D","2024-05-24","2024-05-22","sample","2024-05-15","2024-05-22",9856,2,"212024",1,4.613,"REG",1.742,0.81,"REG",0.306,0.608,"REG",0.223,0.846,"REG",0.3,1.687,"REG",0.669,0.151,"LOD",0.1,0.102,"LOD",0.088,0.12,"LOD",0.099,0.28,"REG",0.12,0.15,"REG",0.086,0.37,"REG",0.145,0.151,"LOD",0.157,0.612,"REG",0.248,0.706,"REG",0.193,0.674,"REG",0.349,0.37,"REG",0.165,0.481,"REG",0.257,0.688,"REG",0.376,1.059,"REG",0.432,0.345,"REG",0.175,0.207,"REG",0.116,0.499,"REG",0.151,0.391,"REG",0.228,1.166,"REG",0.428,1.834,"REG",0.682,4.973,"REG",1.836,0.426,"ULOD",0.213,1.244,"REG",0.49,0.169,"REG",0.077,0.037,"LOD",0.031,0.074,"REG",0.035,0.007,"ND",0.011,0.002,"ND",0.003,0.257,"REG",0.099,2.021,"REG",0.737,0.13,"REG",0.051,0.122,"REG",0.026,0.621,"REG",0.153,0.24157390228818804,0.458,5.4590000000000005,"REG",8.564,"REG",NA
"7","Morris & Point Breeze","stationary","39.93094655, -75.1829941",39.93094655,-75.1829941,"#999999","Non-Industrial","Residential","Low",NA,"LowT/NoI","P726663","P726663 060624 052924 Pt B Far SS","P726663 060624 052924 Pt B Far SS.D","2024-06-06","2024-05-29","sample","2024-05-22","2024-05-29",10292,2,"222024",1,2.532,"REG",0.957,0.708,"REG",0.268,0.334,"REG",0.123,0.551,"REG",0.205,1.518,"REG",0.602,0.162,"LOD",0.099,0.098,"LOD",0.084,0.116,"LOD",0.095,0.268,"REG",0.115,0.125,"LOD",0.08,0.352,"REG",0.138,0.116,"LOD",0.147,0.453,"REG",0.184,0.459,"REG",0.126,0.462,"REG",0.249,0.235,"REG",0.113,0.495,"REG",0.257,0.695,"REG",0.373,1.018,"REG",0.414,0.192,"LOD",0.14,0.212,"REG",0.114,0.372,"REG",0.124,0.32,"LOD",0.208,0.777,"REG",0.31,1.122,"REG",0.428,3.197,"REG",1.196,0.27,"REG",0.101,0.945,"REG",0.385,0.104,"REG",0.059,0.019,"LOD",0.028,0.07,"REG",0.033,0.007,"ND",0.011,0.049,"REG",0.017,0.237,"REG",0.093,0.968,"REG",0.36,0.133,"REG",0.052,0.088,"REG",0.022,0.26,"REG",0.064,0.2313401069716655,0.2,3.083,"REG",5.643000000000001,"REG",NA
"7","Morris & Point Breeze","stationary","39.93094655, -75.1829941",39.93094655,-75.1829941,"#999999","Non-Industrial","Residential","Low",NA,"LowT/NoI","P726620","P726620 060724 060524 Pt B Far SS","P726620 060724 060524 Pt B Far SS.D","2024-06-07","2024-06-05","sample","2024-05-29","2024-06-05",10091,2,"232024",1,2.245,"REG",0.848,0.643,"REG",0.244,0.298,"REG",0.11,0.472,"REG",0.181,1.167,"REG",0.463,0.147,"LOD",0.098,0.083,"LOD",0.084,0.117,"LOD",0.097,0.222,"REG",0.114,0.11,"LOD",0.079,0.319,"REG",0.127,0.118,"LOD",0.15,0.332,"REG",0.135,0.352,"REG",0.097,0.298,"REG",0.179,0.162,"REG",0.088,0.449,"REG",0.246,0.635,"REG",0.353,0.912,"REG",0.403,0.14,"LOD",0.135,0.176,"LOD",0.108,0.298,"REG",0.112,0.272,"LOD",0.203,0.644,"REG",0.275,0.858,"REG",0.337,2.329,"REG",0.891,0.256,"REG",0.096,0.67,"REG",0.298,0.223,"REG",0.094,0.019,"LOD",0.028,0.081,"REG",0.036,0.007,"ND",0.011,0.043,"REG",0.015,0.275,"REG",0.101,0.897,"REG",0.337,0.136,"REG",0.053,0.09,"REG",0.022,0.239,"REG",0.059,0.23594811029158466,0.18,2.717,"REG",4.824999999999999,"REG",NA
"7","Morris & Point Breeze","stationary","39.93094655, -75.1829941",39.93094655,-75.1829941,"#999999","Non-Industrial","Residential","Low",NA,"LowT/NoI","P733866","P733866 062124 061924 Pt B Far SS","P733866 062124 061924 Pt B Far SS.D","2024-06-21","2024-06-19","sample","2024-06-12","2024-06-19",10201,2,"252024",1,1.978,"REG",0.747,0.538,"REG",0.204,0.274,"REG",0.101,0.422,"REG",0.166,0.966,"REG",0.383,0.127,"LOD",0.094,0.098,"LOD",0.085,0.1,"LOD",0.093,0.22,"REG",0.113,0.09,"LOD",0.077,0.275,"REG",0.113,0.088,"LOD",0.146,0.38,"REG",0.154,0.371,"REG",0.102,0.295,"REG",0.177,0.199,"REG",0.1,0.388,"REG",0.228,0.665,"REG",0.363,0.819,"REG",0.387,0.194,"LOD",0.142,0.12,"LOD",0.098,0.268,"REG",0.107,0.27,"LOD",0.2,0.637,"REG",0.273,0.565,"REG",0.24,1.777,"REG",0.701,0.138,"REG",0.052,0.746,"REG",0.32,0.105,"REG",0.059,0.014,"ND",0.023,0.133,"REG",0.055,0.007,"ND",0.011,0.035,"REG",0.012,0.239,"REG",0.094,1.154,"REG",0.427,0.089,"REG",0.036,0.089,"REG",0.022,0.184,"REG",0.046,0.23340382128736212,0.14,2.4,"REG",4.178,"REG",NA
"7","Morris & Point Breeze","stationary","39.93094655, -75.1829941",39.93094655,-75.1829941,"#999999","Non-Industrial","Residential","Low",NA,"LowT/NoI","P733895","P733895 062124 061224 Pt B Far SS","P733895 062124 061224 Pt B Far SS.D","2024-06-21","2024-06-12","sample","2024-06-05","2024-06-12",9794,2,"242024",1,3.136,"REG",1.184,0.724,"REG",0.274,0.418,"REG",0.153,0.649,"REG",0.237,1.464,"REG",0.581,0.171,"LOD",0.104,0.12,"LOD",0.091,0.139,"LOD",0.102,0.317,"REG",0.123,0.132,"LOD",0.084,0.412,"REG",0.16,0.152,"LOD",0.158,0.477,"REG",0.193,0.458,"REG",0.126,0.817,"REG",0.418,0.346,"REG",0.156,0.52,"REG",0.269,0.692,"REG",0.378,0.94,"REG",0.416,0.26,"REG",0.157,0.153,"LOD",0.107,0.363,"REG",0.125,0.337,"LOD",0.219,0.816,"REG",0.325,0.773,"REG",0.31,2.193,"REG",0.847,0.175,"REG",0.065,0.691,"REG",0.306,0.23,"REG",0.097,0.039,"LOD",0.032,0.074,"REG",0.034,0.007,"ND",0.011,0.052,"REG",0.018,0.317,"REG",0.111,1.294,"REG",0.477,0.14,"REG",0.054,0.092,"REG",0.022,0.273,"REG",0.067,0.24310316325836034,0.2,3.785,"REG",6.391,"REG",NA
"7","Morris & Point Breeze","stationary","39.93094655, -75.1829941",39.93094655,-75.1829941,"#999999","Non-Industrial","Residential","Low",NA,"LowT/NoI","P733856","P733856 062724 061924 Pt B Far SS","P733856 062724 061924 Pt B Far SS.D","2024-06-27","2024-06-19","sample","2024-06-19","2024-06-26",10081,2,"262024",1,2.186,"REG",0.826,0.465,"REG",0.178,0.298,"REG",0.11,0.472,"REG",0.181,1.2,"REG",0.476,0.129,"LOD",0.095,0.116,"LOD",0.088,0.101,"LOD",0.094,0.154,"LOD",0.11,0.091,"LOD",0.078,0.238,"REG",0.101,0.088,"LOD",0.147,0.437,"REG",0.177,0.468,"REG",0.128,0.274,"REG",0.169,0.162,"REG",0.088,0.477,"REG",0.254,0.672,"REG",0.368,0.871,"REG",0.398,0.225,"LOD",0.148,0.149,"LOD",0.104,0.325,"REG",0.116,0.327,"LOD",0.213,0.744,"REG",0.302,0.787,"REG",0.313,2.131,"REG",0.823,0.159,"REG",0.059,0.755,"REG",0.324,0.023,"ND",0.038,0.014,"ND",0.023,0.135,"REG",0.055,0.007,"ND",0.011,0.035,"REG",0.012,0.109,"REG",0.077,1.078,"REG",0.4,0.09,"REG",0.036,0.119,"REG",0.026,0.292,"REG",0.072,0.23618216257835345,0.22,2.658,"REG",4.621,"REG",NA
"8","24th & Ritner","stationary","39.92296389, -75.186874",39.92296389,-75.186874,"#984EA3","Non-Industrial","Residential","High","Fire station","HighT/NoI","P726641","P726641 071323 070523 Ritner 1WK SS","P726641 071323 070523 Ritner 1WK SS.D","2023-07-13","2023-07-05","sample","2023-06-28","2023-07-05",10377,2,"272023",1,2.27,"REG",0.857,1.106,"REG",0.417,0.419,"REG",0.154,0.638,"REG",0.232,1.462,"REG",0.58,0.162,"LOD",0.098,0.113,"LOD",0.086,0.131,"LOD",0.096,0.316,"REG",0.117,0.107,"LOD",0.077,0.355,"REG",0.139,0.144,"LOD",0.149,0.532,"REG",0.216,0.577,"REG",0.158,0.049,"ND",0.082,0.152,"REG",0.084,0.226,"REG",0.189,0.231,"LOD",0.227,0.447,"LOD",0.34,0.519,"REG",0.216,0.276,"REG",0.128,0.448,"REG",0.138,0.523,"REG",0.251,1.059,"REG",0.392,1.115,"REG",0.425,2.928,"REG",1.1,0.156,"REG",0.058,1.344,"REG",0.523,0.076,"REG",0.052,0.013,"ND",0.022,0.152,"REG",0.061,0.007,"ND",0.011,0.002,"ND",0.003,0.097,"LOD",0.074,1.134,"REG",0.419,0.308,"REG",0.117,0.058,"REG",0.018,0.232,"REG",0.057,0.22944515572442717,0.18,2.908,"REG",5.895,"REG",NA
"8","24th & Ritner","stationary","39.92296389, -75.186874",39.92296389,-75.186874,"#984EA3","Non-Industrial","Residential","High","Fire station","HighT/NoI","P726648","P726648 071323 071223 Ritner 1WK SS","P726648 071323 071223 Ritner 1WK SS.D","2023-07-13","2023-07-12","sample","2023-07-05","2023-07-12",9799,2,"282023",1,2.72,"REG",1.027,0.744,"REG",0.281,0.465,"REG",0.171,0.722,"REG",0.26,1.532,"REG",0.607,0.19,"REG",0.107,0.137,"LOD",0.093,0.139,"LOD",0.102,0.352,"REG",0.126,0.133,"LOD",0.084,0.418,"REG",0.162,0.182,"LOD",0.163,0.779,"REG",0.315,0.875,"REG",0.239,0.092,"REG",0.114,0.221,"REG",0.109,0.384,"REG",0.232,0.284,"LOD",0.249,0.604,"LOD",0.373,0.463,"REG",0.205,0.39,"REG",0.161,0.641,"REG",0.181,0.778,"REG",0.326,1.581,"REG",0.559,1.808,"REG",0.673,4.265,"REG",1.581,0.281,"REG",0.105,2.934,"REG",1.1,0.161,"REG",0.076,0.017,"LOD",0.029,0.142,"REG",0.058,0.007,"ND",0.011,0.046,"REG",0.016,0.102,"LOD",0.078,1.109,"REG",0.411,0.326,"REG",0.124,0.062,"REG",0.019,0.219,"REG",0.054,0.2429791183745669,0.16,3.442,"REG",6.183,"REG",NA
"8","24th & Ritner","stationary","39.92296389, -75.186874",39.92296389,-75.186874,"#984EA3","Non-Industrial","Residential","High","Fire station","HighT/NoI","P726602","P726602 072723 071923 Ritner 1WK DS","P726602 072723 071923 Ritner 1WK DS.D","2023-07-27","2023-07-19","sample","2023-07-12","2023-07-19",10005,14.3,"292023",1,7.942,"REG",2.999,1.908,"REG",0.718,1.241,"REG",0.454,2.122,"REG",0.725,3.744,"REG",1.484,0.667,"LOD",0.229,0.04,"ND",0.067,0.485,"LOD",0.186,1.109,"LOD",0.222,0.398,"LOD",0.13,1.464,"REG",0.539,0.639,"LOD",0.28,2.374,"REG",0.96,2.316,"REG",0.631,1.509,"REG",0.753,1.18,"REG",0.495,1.488,"LOD",0.607,1.247,"LOD",0.601,2.693,"LOD",0.763,1.417,"LOD",0.501,1.072,"LOD",0.373,1.757,"REG",0.445,2.743,"REG",0.963,4.643,"REG",1.566,6.459,"REG",2.363,14.823,"REG",5.416,1.086,"REG",0.405,9.667,"REG",3.587,0.204,"LOD",0.088,0.014,"ND",0.023,0.32,"REG",0.124,0.007,"ND",0.011,0.107,"REG",0.036,0.239,"LOD",0.095,3.234,"REG",1.173,0.326,"REG",0.124,0.216,"REG",0.041,1.044,"REG",0.256,0.237976249970253,0.78078,10.064,"REG",16.957,"REG",NA
"8","24th & Ritner","stationary","39.92296389, -75.186874",39.92296389,-75.186874,"#984EA3","Non-Industrial","Residential","High","Fire station","HighT/NoI","P726617","P726617 072823 072623 Ritner 1WK DS","P726617 072823 072623 Ritner 1WK DS.D","2023-07-28","2023-07-26","sample","2023-07-19","2023-07-26",9529,14.3,"302023",1,4.851,"REG",1.832,1.554,"REG",0.585,0.815,"REG",0.298,1.371,"REG",0.473,3.089,"REG",1.225,0.42,"LOD",0.162,0.042,"ND",0.07,0.047,"ND",0.078,0.647,"LOD",0.16,0.278,"LOD",0.108,0.922,"REG",0.342,0.224,"LOD",0.174,1.302,"REG",0.527,1.197,"REG",0.326,1.022,"REG",0.517,0.654,"REG",0.279,0.924,"LOD",0.404,1.026,"LOD",0.513,1.548,"LOD",0.527,0.637,"LOD",0.256,0.511,"LOD",0.198,1.025,"LOD",0.27,1.23,"LOD",0.465,2.625,"REG",0.898,3.255,"REG",1.197,9.015,"REG",3.302,1.188,"REG",0.444,3.489,"REG",1.305,0.214,"LOD",0.092,0.122,"LOD",0.051,0.267,"LOD",0.104,0.007,"ND",0.012,0.002,"ND",0.003,0.251,"LOD",0.1,3.396,"REG",1.232,0.342,"REG",0.13,0.226,"REG",0.043,1.004,"REG",0.246,0.2498638242158024,0.7150000000000001,6.2219999999999995,"REG",11.680000000000001,"REG",NA
"8","24th & Ritner","stationary","39.92296389, -75.186874",39.92296389,-75.186874,"#984EA3","Non-Industrial","Residential","High","Fire station","HighT/NoI","P726655","P726655 081023 080223 Ritner 1WK SS","P726655 081023 080223 Ritner 1WK SS.D","2023-08-10","2023-08-02","sample","2023-07-26","2023-08-02",10070,2,"312023",1,2.58,"REG",0.974,0.783,"REG",0.296,0.431,"REG",0.158,0.703,"REG",0.253,1.402,"REG",0.556,0.222,"REG",0.112,0.183,"REG",0.099,0.151,"LOD",0.102,0.391,"REG",0.127,0.145,"REG",0.084,0.441,"REG",0.169,0.207,"LOD",0.163,0.639,"REG",0.259,0.653,"REG",0.179,0.529,"REG",0.281,0.348,"REG",0.156,0.517,"REG",0.265,0.605,"REG",0.343,0.889,"REG",0.4,0.478,"REG",0.207,0.352,"REG",0.15,0.597,"REG",0.17,0.855,"REG",0.346,1.39,"REG",0.496,1.364,"REG",0.514,3.578,"REG",1.333,0.267,"REG",0.1,2.099,"REG",0.795,0.177,"REG",0.08,0.038,"LOD",0.031,0.168,"REG",0.067,0.007,"ND",0.011,0.037,"REG",0.013,0.1,"LOD",0.076,1.258,"REG",0.464,0.181,"REG",0.07,0.12,"REG",0.026,0.398,"REG",0.098,0.23644015699626428,0.3,3.283,"REG",5.899,"REG",NA
"8","24th & Ritner","stationary","39.92296389, -75.186874",39.92296389,-75.186874,"#984EA3","Non-Industrial","Residential","High","Fire station","HighT/NoI","P726650","P726650 082423 081623 Ritner SS","P726650 082423 081623 Ritner SS.D","2023-08-24","2023-08-16","sample","2023-08-09","2023-08-16",10189,1.3,"332023",1,2.822,"REG",1.066,0.791,"REG",0.299,0.526,"REG",0.193,0.758,"REG",0.27,1.887,"REG",0.748,0.214,"REG",0.109,0.04,"ND",0.066,0.151,"REG",0.101,0.404,"REG",0.127,0.163,"REG",0.085,0.411,"REG",0.159,0.209,"REG",0.162,0.783,"REG",0.317,0.756,"REG",0.207,0.736,"REG",0.378,0.47,"REG",0.204,0.569,"REG",0.28,0.773,"REG",0.405,0.977,"REG",0.41,0.777,"REG",0.294,0.357,"REG",0.15,0.627,"REG",0.177,0.754,"REG",0.315,1.435,"REG",0.51,1.407,"REG",0.528,3.704,"REG",1.378,0.282,"REG",0.105,1.726,"REG",0.66,0.295,"REG",0.118,0.061,"REG",0.035,0.293,"REG",0.114,0.007,"ND",0.011,0.002,"ND",0.003,0.085,"LOD",0.074,1.039,"REG",0.386,0.204,"REG",0.078,0.077,"REG",0.02,0.375,"REG",0.092,0.23367871046740415,0.28600000000000003,3.58,"REG",6.784,"REG","Summer"
"8","24th & Ritner","stationary","39.92296389, -75.186874",39.92296389,-75.186874,"#984EA3","Non-Industrial","Residential","High","Fire station","HighT/NoI","P733864","P733864 090723 083023 Ritner SS","P733864 090723 083023 Ritner SS.D","2023-09-07","2023-08-30","sample","2023-08-23","2023-08-30",10038,2,"352023",1,2.192,"REG",0.828,0.676,"REG",0.256,0.431,"REG",0.158,0.59,"REG",0.217,1.294,"REG",0.513,0.186,"REG",0.105,0.15,"LOD",0.093,0.11,"LOD",0.096,0.326,"REG",0.122,0.148,"REG",0.084,0.367,"REG",0.144,0.175,"LOD",0.158,0.505,"REG",0.205,0.634,"REG",0.173,0.051,"ND",0.085,0.082,"REG",0.067,0.372,"REG",0.226,0.104,"ND",0.173,0.641,"REG",0.37,0.508,"REG",0.215,0.335,"REG",0.145,0.517,"REG",0.154,0.653,"REG",0.289,1.295,"REG",0.467,1.326,"REG",0.501,3.679,"REG",1.369,0.258,"REG",0.096,1.474,"REG",0.571,0.135,"REG",0.067,0.03,"LOD",0.03,0.108,"REG",0.045,0.007,"ND",0.011,0.002,"ND",0.003,0.058,"LOD",0.073,1.263,"REG",0.466,0.182,"REG",0.07,0.06,"REG",0.018,0.32,"REG",0.079,0.23719390127041054,0.24,2.782,"REG",5.183,"REG","Summer"
"8","24th & Ritner","stationary","39.92296389, -75.186874",39.92296389,-75.186874,"#984EA3","Non-Industrial","Residential","High","Fire station","HighT/NoI","P726667","P726667 090823 090623 Ritner SS","P726667 090823 090623 Ritner SS.D","2023-09-08","2023-09-06","sample","2023-08-30","2023-09-06",10068,2,"362023",1,2.309,"REG",0.872,0.734,"REG",0.278,0.408,"REG",0.15,0.633,"REG",0.231,1.513,"REG",0.6,0.185,"REG",0.104,0.166,"REG",0.096,0.11,"LOD",0.096,0.325,"REG",0.121,0.147,"REG",0.084,0.407,"REG",0.157,0.175,"LOD",0.158,0.766,"REG",0.31,0.749,"REG",0.204,0.61,"REG",0.318,0.469,"REG",0.204,0.512,"REG",0.264,0.611,"REG",0.345,0.892,"REG",0.401,0.647,"REG",0.255,0.334,"REG",0.145,0.678,"REG",0.189,0.869,"REG",0.349,1.688,"REG",0.591,1.394,"REG",0.524,4.001,"REG",1.485,0.225,"REG",0.084,2.309,"REG",0.871,0.023,"ND",0.038,0.014,"ND",0.023,0.135,"REG",0.055,0.007,"ND",0.011,0.002,"ND",0.003,0.124,"LOD",0.078,1.169,"REG",0.432,0.136,"REG",0.053,0.06,"REG",0.018,0.239,"REG",0.059,0.23648712564088015,0.18,2.942,"REG",5.597,"REG","Summer"
"8","24th & Ritner","stationary","39.92296389, -75.186874",39.92296389,-75.186874,"#984EA3","Non-Industrial","Residential","High","Fire station","HighT/NoI","P733893","P733893 092923 092723 Ritner SS","P733893 092923 092723 Ritner SS RENAME.D","2023-09-29","2023-09-27","sample","2023-09-20","2023-09-27",9988,2,"392023",1,2.451,"REG",0.926,0.9,"REG",0.34,0.368,"REG",0.135,0.524,"REG",0.197,1.477,"REG",0.586,0.093,"LOD",0.092,0.067,"LOD",0.083,0.059,"LOD",0.091,0.225,"REG",0.115,0.093,"LOD",0.078,0.246,"REG",0.104,0.117,"LOD",0.151,0.455,"REG",0.184,0.543,"REG",0.149,0.14,"REG",0.124,0.18,"REG",0.095,0.261,"LOD",0.201,0.088,"LOD",0.213,0.217,"LOD",0.338,0.255,"REG",0.155,0.255,"REG",0.125,0.41,"REG",0.133,0.326,"LOD",0.214,0.951,"REG",0.363,1.116,"REG",0.426,3.227,"REG",1.209,0.428,"REG",0.16,0.847,"REG",0.355,0.096,"REG",0.058,0.014,"ND",0.023,0.035,"REG",0.023,0.007,"ND",0.011,0.002,"ND",0.003,0.192,"REG",0.088,1.812,"REG",0.662,0.183,"REG",0.07,0.121,"REG",0.026,0.911,"REG",0.224,0.23838129565001812,0.68,2.975,"REG",5.72,"REG","Summer"
"8","24th & Ritner","stationary","39.92296389, -75.186874",39.92296389,-75.186874,"#984EA3","Non-Industrial","Residential","High","Fire station","HighT/NoI","P733886","P733886 101223 100423 Ritner SS","P733886 101223 100423 Ritner SS.D","2023-10-12","2023-10-04","sample","2023-09-27","2023-10-04",10146,2,"402023",1,4.087,"REG",1.544,1.25,"REG",0.471,0.597,"REG",0.219,0.878,"REG",0.309,2.063,"REG",0.818,0.202,"REG",0.107,0.148,"LOD",0.092,0.167,"LOD",0.104,0.408,"REG",0.128,0.183,"REG",0.088,0.521,"REG",0.198,0.205,"LOD",0.162,1.076,"REG",0.435,1.32,"REG",0.36,0.589,"REG",0.308,0.482,"REG",0.209,0.808,"REG",0.359,0.345,"LOD",0.258,0.924,"REG",0.403,1.563,"REG",0.549,0.591,"REG",0.219,0.832,"REG",0.223,0.975,"REG",0.381,1.921,"REG",0.666,2.423,"REG",0.894,6.816,"REG",2.502,0.623,"ULOD",0.39,2.704,"REG",1.016,0.253,"REG",0.104,0.015,"REG",0.028,0.009,"ND",0.016,0.007,"ND",0.011,0.002,"ND",0.003,0.158,"REG",0.082,1.606,"REG",0.588,0.18,"REG",0.069,0.119,"REG",0.026,0.369,"REG",0.091,0.23466906967794018,0.28,4.965,"REG",8.875,"REG","Summer"
"8","24th & Ritner","stationary","39.92296389, -75.186874",39.92296389,-75.186874,"#984EA3","Non-Industrial","Residential","High","Fire station","HighT/NoI","P733861","P733861 101323 101123 Ritner SS","P733861 101323 101123 Ritner SS.D","2023-10-13","2023-10-11","sample","2023-10-04","2023-10-11",9974,1.99,"412023",1,3.92,"REG",1.48,1.364,"REG",0.514,0.583,"REG",0.214,0.866,"REG",0.306,1.975,"REG",0.783,0.204,"REG",0.109,0.184,"REG",0.1,0.186,"REG",0.109,0.43,"REG",0.132,0.204,"REG",0.092,0.486,"REG",0.185,0.238,"LOD",0.17,0.878,"REG",0.355,1.453,"REG",0.396,0.743,"REG",0.382,0.39,"REG",0.172,0.903,"REG",0.393,0.649,"REG",0.36,1.063,"REG",0.43,0.65,"REG",0.256,0.354,"REG",0.15,0.788,"REG",0.213,0.713,"REG",0.306,1.795,"REG",0.626,2.705,"REG",0.996,7.367,"REG",2.702,0.631,"ULOD",0.487,1.851,"REG",0.706,0.177,"REG",0.08,0.034,"REG",0.03,0.052,"REG",0.028,0.007,"ND",0.011,0.002,"ND",0.003,0.127,"LOD",0.079,0.091,"LOD",0.096,0.41,"REG",0.156,0.12,"REG",0.026,0.64,"REG",0.157,0.2387158994337659,0.47759999999999997,4.786,"REG",8.708,"REG","Summer"
"8","24th & Ritner","stationary","39.92296389, -75.186874",39.92296389,-75.186874,"#984EA3","Non-Industrial","Residential","High","Fire station","HighT/NoI","P733887","P733887 102623 101823 Ritner SS RENAME","P733887 102623 101823 Ritner SS RENAME.D","2023-10-26","2023-10-18","sample","2023-10-11","2023-10-18",10046,2,"422023",1,3.387,"REG",1.279,0.964,"REG",0.364,0.517,"REG",0.189,0.727,"REG",0.261,1.636,"REG",0.649,0.13,"LOD",0.096,0.1,"LOD",0.086,0.101,"LOD",0.095,0.292,"REG",0.119,0.166,"REG",0.087,0.363,"REG",0.143,0.148,"LOD",0.154,0.613,"REG",0.248,0.865,"REG",0.236,0.122,"REG",0.119,0.196,"REG",0.1,0.336,"REG",0.216,0.161,"LOD",0.22,0.339,"LOD",0.342,0.62,"REG",0.247,0.353,"REG",0.15,0.623,"REG",0.176,0.602,"REG",0.275,1.443,"REG",0.513,1.979,"REG",0.734,5.346,"REG",1.97,0.417,"ULOD",0.221,1.469,"REG",0.569,0.138,"REG",0.068,0.015,"REG",0.028,0.034,"LOD",0.023,0.007,"ND",0.011,0.002,"ND",0.003,0.193,"REG",0.088,2.072,"REG",0.755,0.227,"REG",0.087,0.12,"REG",0.026,0.719,"REG",0.176,0.23700501502611798,0.54,4.114,"REG",7.231,"REG","Summer"
"8","24th & Ritner","stationary","39.92296389, -75.186874",39.92296389,-75.186874,"#984EA3","Non-Industrial","Residential","High","Fire station","HighT/NoI","P726654","P726654 102723 102523 Ritner SS","P726654 102723 102523 Ritner SS.D","2023-10-27","2023-10-25","sample","2023-10-18","2023-10-25",10052,2,"432023",1,14.176,"REG",5.353,2.215,"REG",0.833,1.963,"REG",0.718,2.703,"REG",0.921,5.416,"REG",2.148,0.352,"REG",0.142,0.316,"REG",0.129,0.321,"REG",0.14,0.961,"REG",0.2,0.646,"REG",0.189,1.341,"REG",0.494,0.474,"REG",0.229,3.059,"REG",1.237,4.745,"REG",1.292,0.619,"REG",0.323,0.835,"REG",0.353,0.957,"REG",0.412,0.386,"REG",0.271,0.975,"REG",0.414,1.268,"REG",0.452,1.126,"REG",0.391,3.367,"REG",0.841,3.062,"REG",1.071,7.557,"REG",2.54,7.193,"ULOD",4.168,13.358,"ULOD",10.509,0.417,"ULOD",1.215,8.407,"ULOD",3.355,0.768,"REG",0.287,0.245,"REG",0.089,0.009,"ND",0.016,0.007,"ND",0.011,0.002,"ND",0.003,0.126,"LOD",0.079,1.801,"REG",0.657,0.272,"REG",0.104,0.12,"REG",0.026,0.745,"REG",0.183,0.23686354764747122,0.56,16.879,"REG",26.473000000000003,"REG","Summer"
"8","24th & Ritner","stationary","39.92296389, -75.186874",39.92296389,-75.186874,"#984EA3","Non-Industrial","Residential","High","Fire station","HighT/NoI","P726608","P726608 110923 110123 Ritner SS","P726608 110923 110123 Ritner SS.D","2023-11-09","2023-11-01","sample","2023-10-25","2023-11-01",10356,2,"442023",1,11.422,"REG",4.313,1.764,"REG",0.664,1.547,"REG",0.566,2.227,"REG",0.76,4.474,"REG",1.774,0.523,"REG",0.186,0.485,"REG",0.174,0.409,"REG",0.162,1.082,"REG",0.216,0.573,"REG",0.171,1.539,"REG",0.566,0.604,"REG",0.266,2.763,"REG",1.117,3.537,"REG",0.963,1.143,"REG",0.574,1.194,"REG",0.501,1.055,"REG",0.445,0.52,"REG",0.309,1.28,"REG",0.458,2.078,"REG",0.722,0.882,"REG",0.311,2.427,"REG",0.609,3.763,"REG",1.31,5.405,"REG",1.82,6.318,"REG",2.312,12.966,"ULOD",5.732,0.402,"ULOD",0.344,6.858,"REG",2.547,0.623,"REG",0.234,0.104,"REG",0.045,0.035,"LOD",0.023,0.007,"ND",0.011,0.058,"REG",0.02,0.119,"LOD",0.076,1.661,"REG",0.607,0.216,"REG",0.083,0.146,"REG",0.03,0.698,"REG",0.171,0.22991042689768068,0.54,13.649000000000001,"REG",21.434,"REG","Summer"
"8","24th & Ritner","stationary","39.92296389, -75.186874",39.92296389,-75.186874,"#984EA3","Non-Industrial","Residential","High","Fire station","HighT/NoI","P726670","P726670 111023 110823 Ritner SS","P726670 111023 110823 Ritner SS.D","2023-11-10","2023-11-08","sample","2023-11-01","2023-11-08",9876,2,"452023",1,9.562,"REG",3.611,2.254,"REG",0.849,1.359,"REG",0.497,1.85,"REG",0.633,3.701,"REG",1.467,0.415,"REG",0.159,0.322,"REG",0.131,0.326,"REG",0.142,0.873,"REG",0.188,0.432,"REG",0.139,1.157,"REG",0.427,0.513,"REG",0.242,2.415,"REG",0.976,3.21,"REG",0.874,1.452,"REG",0.725,1.173,"REG",0.493,1.107,"REG",0.467,0.469,"REG",0.3,1.04,"REG",0.428,1.376,"REG",0.488,0.829,"REG",0.295,2.213,"REG",0.557,2.666,"REG",0.938,4.909,"REG",1.655,6.516,"REG",2.384,13.596,"ULOD",6.159,0.422,"ULOD",0.595,5.693,"REG",2.117,0.493,"REG",0.188,0.109,"REG",0.047,0.037,"LOD",0.024,0.007,"ND",0.011,0.038,"REG",0.013,0.227,"REG",0.094,1.741,"REG",0.637,0.227,"REG",0.087,0.183,"REG",0.036,0.704,"REG",0.173,0.24108468822928117,0.52,11.411999999999999,"REG",18.726,"REG",NA
"8","24th & Ritner","stationary","39.92296389, -75.186874",39.92296389,-75.186874,"#984EA3","Non-Industrial","Residential","High","Fire station","HighT/NoI","P733861","P733861 112423 111523 Ritner SS","P733861 112423 111523 Ritner SS.D","2023-11-24","2023-11-15","sample","2023-11-08","2023-11-15",10163,2,"462023",1,4.961,"REG",1.874,1.68,"REG",0.633,0.679,"REG",0.249,1.033,"REG",0.361,2.381,"REG",0.944,0.275,"REG",0.122,0.198,"REG",0.102,0.183,"REG",0.107,0.475,"REG",0.135,0.201,"REG",0.091,0.722,"REG",0.269,0.264,"LOD",0.173,1.254,"REG",0.507,1.755,"REG",0.478,0.944,"REG",0.478,0.699,"REG",0.297,0.852,"REG",0.374,0.196,"LOD",0.224,0.591,"REG",0.36,0.697,"REG",0.27,0.429,"REG",0.17,1.263,"REG",0.325,1.671,"REG",0.603,2.951,"REG",1.004,3.664,"REG",1.344,9.447,"REG",3.458,0.62,"ULOD",0.429,3.702,"REG",1.382,0.206,"REG",0.088,0.068,"REG",0.036,0.009,"ND",0.016,0.007,"ND",0.011,0.037,"REG",0.013,0.155,"REG",0.081,1.692,"REG",0.618,0.22,"REG",0.084,0.119,"REG",0.026,1.001,"REG",0.246,0.23427653064571297,0.76,5.994,"REG",10.734,"REG",NA
"8","24th & Ritner","stationary","39.92296389, -75.186874",39.92296389,-75.186874,"#984EA3","Non-Industrial","Residential","High","Fire station","HighT/NoI","P733882","P733882 112523 112223 Ritner SS","P733882 112523 112223 Ritner SS.D","2023-11-25","2023-11-22","sample","2023-11-15","2023-11-22",10124,2,"472023",1,5.072,"REG",1.916,1.765,"REG",0.664,0.746,"REG",0.273,1.082,"REG",0.377,2.739,"REG",1.086,0.258,"REG",0.118,0.198,"REG",0.102,0.201,"REG",0.111,0.494,"REG",0.137,0.202,"REG",0.091,0.643,"REG",0.241,0.265,"LOD",0.174,1.285,"REG",0.52,1.878,"REG",0.511,1.021,"REG",0.515,0.664,"REG",0.283,0.715,"REG",0.328,0.234,"LOD",0.232,0.678,"REG",0.371,0.755,"REG",0.287,0.539,"REG",0.203,1.35,"REG",0.345,1.46,"REG",0.534,3.061,"REG",1.04,3.821,"REG",1.401,10.014,"REG",3.664,0.622,"ULOD",0.472,3.34,"REG",1.249,0.324,"REG",0.128,0.087,"REG",0.041,0.009,"ND",0.016,0.007,"ND",0.011,0.002,"ND",0.003,0.122,"LOD",0.078,1.52,"REG",0.557,0.221,"REG",0.084,0.238,"REG",0.045,0.925,"REG",0.227,0.23517901826870613,0.7,6.154,"REG",11.404,"REG",NA
"8","24th & Ritner","stationary","39.92296389, -75.186874",39.92296389,-75.186874,"#984EA3","Non-Industrial","Residential","High","Fire station","HighT/NoI","P733898","P733898 120823 112923 Ritner SS","P733898 120823 112923 Ritner SS.D","2023-12-08","2023-11-29","sample","2023-11-22","2023-11-29",10003,2,"482023",1,2.147,"REG",0.811,1.208,"REG",0.455,0.341,"REG",0.125,0.45,"REG",0.175,1.3,"REG",0.516,0.112,"LOD",0.094,0.016,"LOD",0.081,0.085,"LOD",0.093,0.207,"LOD",0.114,0.093,"LOD",0.078,0.246,"REG",0.104,0.089,"LOD",0.148,0.513,"REG",0.208,0.726,"REG",0.198,0.577,"REG",0.303,0.304,"REG",0.139,0.329,"REG",0.216,0.15,"LOD",0.219,0.32,"LOD",0.342,0.17,"LOD",0.14,0.15,"LOD",0.105,0.382,"REG",0.127,0.385,"REG",0.225,0.85,"REG",0.333,1.121,"REG",0.428,3.343,"REG",1.25,0.374,"REG",0.14,0.761,"REG",0.326,0.253,"REG",0.104,0.029,"LOD",0.03,0.009,"ND",0.016,0.007,"ND",0.011,0.002,"ND",0.003,0.153,"REG",0.082,1.81,"REG",0.661,0.183,"REG",0.07,0.09,"REG",0.022,0.535,"REG",0.131,0.2380238309459543,0.4,2.597,"REG",5.446000000000001,"REG",NA
"8","24th & Ritner","stationary","39.92296389, -75.186874",39.92296389,-75.186874,"#984EA3","Non-Industrial","Residential","High","Fire station","HighT/NoI","P726648","P726648 120923 120623 Ritner SS","P726648 120923 120623 Ritner SS.D","2023-12-09","2023-12-06","sample","2023-11-29","2023-12-06",10232,2,"492023",1,5.128,"REG",1.936,1.981,"REG",0.746,0.779,"REG",0.285,1.065,"REG",0.371,3.058,"REG",1.212,0.237,"REG",0.114,0.164,"REG",0.094,0.182,"REG",0.106,0.506,"REG",0.138,0.218,"REG",0.093,0.641,"REG",0.24,0.262,"LOD",0.172,1.406,"REG",0.568,1.95,"REG",0.531,0.832,"REG",0.424,0.487,"REG",0.211,0.738,"REG",0.335,0.405,"REG",0.274,0.77,"REG",0.38,0.443,"REG",0.196,0.466,"REG",0.181,1.255,"REG",0.323,1.021,"REG",0.394,2.784,"REG",0.948,3.286,"REG",1.207,9.108,"REG",3.334,0.62,"ULOD",0.414,2.066,"REG",0.783,0.022,"ND",0.037,0.066,"REG",0.036,0.036,"LOD",0.023,0.007,"ND",0.011,0.002,"ND",0.003,0.117,"LOD",0.076,1.592,"REG",0.583,0.223,"REG",0.085,0.147,"REG",0.03,0.444,"REG",0.109,0.23269667522990434,0.34,6.193,"REG",12.011,"REG",NA
"8","24th & Ritner","stationary","39.92296389, -75.186874",39.92296389,-75.186874,"#984EA3","Non-Industrial","Residential","High","Fire station","HighT/NoI","P733869","P733869 122123 121323 Ritner SS","P733869 122123 121323 Ritner SS.D","2023-12-21","2023-12-13","sample","2023-12-06","2023-12-13",10162,2,"502023",1,4.98,"REG",1.881,1.798,"REG",0.677,0.763,"REG",0.279,1.05,"REG",0.366,2.763,"REG",1.096,0.257,"REG",0.118,0.181,"REG",0.098,0.2,"REG",0.111,0.509,"REG",0.139,0.219,"REG",0.094,0.605,"REG",0.227,0.234,"LOD",0.167,1.233,"REG",0.499,1.848,"REG",0.503,1.133,"REG",0.57,0.586,"REG",0.251,0.883,"REG",0.385,0.482,"REG",0.3,0.986,"REG",0.412,0.529,"REG",0.221,0.577,"REG",0.214,1.318,"REG",0.338,0.974,"REG",0.38,2.754,"REG",0.939,4.02,"REG",1.474,10.69,"REG",3.91,0.414,"ULOD",0.628,2.746,"REG",1.03,0.022,"ND",0.037,0.104,"REG",0.045,0.036,"LOD",0.023,0.007,"ND",0.011,0.002,"ND",0.003,0.118,"LOD",0.077,2.316,"REG",0.842,0.269,"REG",0.103,0.149,"REG",0.031,1.263,"REG",0.31,0.2342995848211357,0.96,6.03,"REG",11.354000000000001,"REG","Winter"
"8","24th & Ritner","stationary","39.92296389, -75.186874",39.92296389,-75.186874,"#984EA3","Non-Industrial","Residential","High","Fire station","HighT/NoI","P726670","P726670 122123 122023 Ritner SS","P726670 122123 122023 Ritner SS.D","2023-12-21","2023-12-20","sample","2023-12-13","2023-12-20",9867,2,"512023",1,3.621,"REG",1.368,1.629,"REG",0.613,0.544,"REG",0.199,0.78,"REG",0.279,2.147,"REG",0.851,0.208,"REG",0.11,0.153,"LOD",0.095,0.138,"LOD",0.101,0.367,"REG",0.127,0.15,"REG",0.086,0.457,"REG",0.175,0.181,"LOD",0.161,0.949,"REG",0.384,1.617,"REG",0.441,0.635,"REG",0.331,0.347,"REG",0.156,0.737,"REG",0.337,0.382,"LOD",0.273,0.799,"REG",0.394,0.517,"REG",0.219,0.553,"REG",0.208,1.052,"REG",0.275,0.78,"REG",0.326,2.178,"REG",0.751,3.701,"REG",1.358,9.853,"REG",3.606,0.427,"ULOD",0.589,2.271,"REG",0.858,0.257,"REG",0.105,0.088,"REG",0.041,0.01,"ND",0.016,0.007,"ND",0.011,0.002,"ND",0.003,0.156,"REG",0.084,2.202,"REG",0.801,0.185,"REG",0.071,0.153,"REG",0.031,1.193,"REG",0.293,0.24130458913067612,0.88,4.401,"REG",8.721,"REG","Winter"
"8","24th & Ritner","stationary","39.92296389, -75.186874",39.92296389,-75.186874,"#984EA3","Non-Industrial","Residential","High","Fire station","HighT/NoI","P726658","P726658 011724 011024 Ritner SS","P726658 011724 011024 Ritner SS.D","2024-01-17","2024-01-10","sample","2024-01-03","2024-01-10",10067,2,"22024",1,2.878,"REG",1.087,2.053,"REG",0.773,0.539,"REG",0.198,0.66,"REG",0.239,2.302,"REG",0.913,0.148,"LOD",0.098,0.1,"LOD",0.086,0.118,"LOD",0.097,0.305,"REG",0.119,0.146,"REG",0.084,0.362,"REG",0.142,0.148,"LOD",0.154,0.946,"REG",0.382,1.333,"REG",0.363,1,"REG",0.505,0.601,"REG",0.257,0.451,"REG",0.246,0.164,"LOD",0.221,0.41,"LOD",0.347,0.45,"REG",0.199,0.37,"REG",0.155,1.099,"REG",0.286,0.683,"REG",0.296,2.363,"REG",0.811,2.37,"REG",0.875,8.877,"REG",3.251,0.117,"ULOD",0.147,1.709,"REG",0.655,0.145,"REG",0.07,0.077,"REG",0.038,0.009,"ND",0.016,0.007,"ND",0.011,0.002,"ND",0.003,0.086,"LOD",0.075,1.888,"REG",0.689,0.159,"REG",0.062,0.111,"REG",0.025,0.608,"REG",0.149,0.23651061696159545,0.458,3.5380000000000003,"REG",8.432,"REG","Winter"
"8","24th & Ritner","stationary","39.92296389, -75.186874",39.92296389,-75.186874,"#984EA3","Non-Industrial","Residential","High","Fire station","HighT/NoI","P733865","P733865 012524 011724 Ritner SS","P733865 012524 011724 Ritner SS.D","2024-01-25","2024-01-17","sample","2024-01-10","2024-01-17",10393,2,"32024",1,2.371,"REG",0.895,1.662,"REG",0.626,0.418,"REG",0.153,0.529,"REG",0.197,1.551,"REG",0.615,0.108,"LOD",0.09,0.081,"LOD",0.081,0.098,"LOD",0.092,0.246,"REG",0.112,0.088,"LOD",0.075,0.233,"REG",0.098,0.115,"LOD",0.146,0.687,"REG",0.278,1.11,"REG",0.303,0.608,"REG",0.316,0.358,"REG",0.159,0.3,"REG",0.204,0.123,"LOD",0.208,0.316,"LOD",0.33,0.299,"REG",0.16,0.214,"REG",0.114,0.644,"REG",0.179,0.397,"REG",0.222,1.423,"REG",0.505,1.948,"REG",0.722,5.562,"REG",2.046,0.421,"ULOD",0.235,1.208,"REG",0.475,0.293,"REG",0.117,0.056,"REG",0.033,0.009,"ND",0.015,0.007,"ND",0.011,0.002,"ND",0.003,0.084,"LOD",0.073,2.265,"REG",0.824,0.154,"REG",0.06,0.078,"REG",0.02,1.645,"REG",0.403,0.22909192542599646,1.278,2.9,"REG",6.531000000000001,"REG","Winter"
"8","24th & Ritner","stationary","39.92296389, -75.186874",39.92296389,-75.186874,"#984EA3","Non-Industrial","Residential","High","Fire station","HighT/NoI","P733890","P733890 012624 012424 Ritner SS","P733890 012624 012424 Ritner SS.D","2024-01-26","2024-01-24","sample","2024-01-17","2024-01-24",9623,2,"42024",1,3.591,"REG",1.356,2.251,"REG",0.847,0.609,"REG",0.223,0.785,"REG",0.281,2.541,"REG",1.008,0.175,"LOD",0.106,0.122,"LOD",0.092,0.141,"LOD",0.104,0.391,"REG",0.131,0.152,"REG",0.088,0.421,"REG",0.163,0.186,"LOD",0.166,1.072,"REG",0.434,1.761,"REG",0.48,0.682,"REG",0.354,0.447,"REG",0.196,0.502,"REG",0.266,0.133,"LOD",0.225,0.474,"LOD",0.366,0.471,"REG",0.208,0.302,"REG",0.139,1.065,"REG",0.279,0.714,"REG",0.31,2.472,"REG",0.848,3.081,"REG",1.133,8.588,"REG",3.147,0.455,"ULOD",0.346,2.183,"REG",0.827,0.399,"REG",0.155,0.12,"REG",0.05,0.031,"REG",0.023,0.007,"ND",0.012,0.023,"REG",0.009,0.09,"LOD",0.078,2.069,"REG",0.754,0.213,"REG",0.082,0.085,"REG",0.022,1.554,"REG",0.381,0.24742308853292955,1.1179999999999999,4.376,"REG",9.777000000000001,"REG","Winter"
"8","24th & Ritner","stationary","39.92296389, -75.186874",39.92296389,-75.186874,"#984EA3","Non-Industrial","Residential","High","Fire station","HighT/NoI","P733897","P733897 020824 013124 Ritner SS","P733897 020824 013124 Ritner SS.D","2024-02-08","2024-01-31","sample","2024-01-24","2024-01-31",10099,2,"52024",1,4.348,"REG",1.642,1.374,"REG",0.518,0.661,"REG",0.242,0.923,"REG",0.324,2.194,"REG",0.87,0.203,"REG",0.108,0.116,"LOD",0.088,0.202,"REG",0.111,0.529,"REG",0.142,0.184,"REG",0.088,0.487,"REG",0.185,0.236,"LOD",0.168,0.843,"REG",0.341,1.248,"REG",0.34,0.397,"REG",0.221,0.356,"REG",0.159,0.541,"REG",0.272,0.182,"LOD",0.223,0.459,"LOD",0.349,0.28,"REG",0.158,0.243,"REG",0.122,0.837,"REG",0.224,0.595,"REG",0.273,1.683,"REG",0.589,1.682,"REG",0.627,4.321,"REG",1.6,0.513,"REG",0.192,0.96,"REG",0.392,0.272,"REG",0.11,0.033,"LOD",0.03,0.009,"ND",0.016,0.007,"ND",0.011,0.037,"REG",0.013,0.153,"REG",0.082,2.151,"REG",0.783,0.215,"REG",0.082,0.179,"REG",0.035,0.292,"REG",0.072,0.23576120219352223,0.22,5.271,"REG",9.5,"REG","Winter"
"8","24th & Ritner","stationary","39.92296389, -75.186874",39.92296389,-75.186874,"#984EA3","Non-Industrial","Residential","High","Fire station","HighT/NoI","P726602","P726602 021524 020724 Ritner SS","P726602 021524 020724 Ritner SS.D","2024-02-15","2024-02-07","sample","2024-01-31","2024-02-07",10188,2,"62024",1,3.215,"REG",1.214,2.166,"REG",0.815,0.528,"REG",0.193,0.691,"REG",0.249,2.364,"REG",0.937,0.11,"LOD",0.092,0.099,"LOD",0.085,0.1,"LOD",0.093,0.254,"REG",0.115,0.164,"REG",0.085,0.362,"REG",0.142,0.146,"LOD",0.152,1.043,"REG",0.422,1.444,"REG",0.394,0.369,"REG",0.209,0.333,"REG",0.15,0.481,"REG",0.253,0.291,"LOD",0.244,0.706,"REG",0.373,0.278,"REG",0.157,0.308,"REG",0.137,0.776,"REG",0.21,0.482,"REG",0.243,1.717,"REG",0.6,2.342,"REG",0.865,5.667,"REG",2.085,0.629,"ULOD",0.273,1.781,"REG",0.68,0.022,"ND",0.037,0.033,"LOD",0.03,0.009,"ND",0.016,0.007,"ND",0.011,0.037,"REG",0.013,0.054,"LOD",0.072,2.666,"REG",0.968,0.213,"REG",0.082,0.178,"REG",0.035,1.234,"REG",0.303,0.23370164712920896,0.94,3.9059999999999997,"REG",8.964,"REG","Winter"
"8","24th & Ritner","stationary","39.92296389, -75.186874",39.92296389,-75.186874,"#984EA3","Non-Industrial","Residential","High","Fire station","HighT/NoI","P726648","P726648 021624 021424 Ritner SS","P726648 021624 021424 Ritner SS.D","2024-02-16","2024-02-14","sample","2024-02-07","2024-02-14",9909,2,"72024",1,6.902,"REG",2.607,3.758,"REG",1.414,1.156,"REG",0.423,1.332,"REG",0.46,4.114,"REG",1.631,0.32,"REG",0.134,0.254,"REG",0.115,0.222,"REG",0.117,0.54,"REG",0.144,0.356,"REG",0.122,1.116,"REG",0.412,0.451,"REG",0.223,2.327,"REG",0.941,3.098,"REG",0.843,0.909,"REG",0.462,0.657,"REG",0.28,0.866,"REG",0.381,0.527,"REG",0.318,1.242,"REG",0.462,0.064,"ND",0.107,0.743,"REG",0.267,1.873,"REG",0.473,1.605,"REG",0.583,4.489,"REG",1.515,6.056,"REG",2.217,12.873,"REG",4.706,0.646,"ULOD",0.553,8.529,"ULOD",3.277,0.397,"REG",0.154,0.073,"REG",0.038,0.023,"LOD",0.021,0.007,"ND",0.011,0.053,"REG",0.018,0.088,"LOD",0.076,2.467,"REG",0.896,0.265,"REG",0.101,0.213,"REG",0.041,1.404,"REG",0.344,0.24028180249796963,1.04,8.234,"REG",17.262,"REG","Winter"
"8","24th & Ritner","stationary","39.92296389, -75.186874",39.92296389,-75.186874,"#984EA3","Non-Industrial","Residential","High","Fire station","HighT/NoI","P726653","P726653 022924 022124 Ritner SS","P726653 022924 022124 Ritner SS.D","2024-02-29","2024-02-21","sample","2024-02-14","2024-02-21",10115,2,"82024",1,2.441,"REG",0.922,1.708,"REG",0.643,0.445,"REG",0.163,0.538,"REG",0.201,1.573,"REG",0.624,0.129,"LOD",0.095,0.083,"LOD",0.084,0.101,"LOD",0.094,0.222,"REG",0.114,0.128,"LOD",0.081,0.284,"REG",0.116,0.147,"LOD",0.153,0.737,"REG",0.298,0.944,"REG",0.257,1.187,"REG",0.596,0.605,"REG",0.259,0.344,"REG",0.218,0.182,"LOD",0.222,0.374,"LOD",0.342,0.196,"LOD",0.142,0.216,"REG",0.116,0.43,"REG",0.136,0.431,"REG",0.233,0.889,"REG",0.343,1.573,"REG",0.588,4.381,"REG",1.621,0.247,"REG",0.092,1.084,"REG",0.434,0.193,"REG",0.084,0.052,"REG",0.033,0.009,"ND",0.016,0.007,"ND",0.011,0.03,"REG",0.011,0.087,"LOD",0.075,1.701,"REG",0.622,0.169,"REG",0.065,0.09,"REG",0.022,0.582,"REG",0.143,0.23538827295624132,0.44,2.979,"REG",6.705,"REG","Winter"
"8","24th & Ritner","stationary","39.92296389, -75.186874",39.92296389,-75.186874,"#984EA3","Non-Industrial","Residential","High","Fire station","HighT/NoI","P733866","P733866 030124 022824 Ritner SS","P733866 030124 022824 Ritner SS.D","2024-03-01","2024-02-28","sample","2024-02-21","2024-02-28",10098,2,"92024",1,3.213,"REG",1.214,1.532,"REG",0.577,0.468,"REG",0.172,0.697,"REG",0.251,1.877,"REG",0.744,0.129,"LOD",0.095,0.083,"LOD",0.084,0.117,"LOD",0.096,0.291,"REG",0.118,0.129,"LOD",0.081,0.365,"REG",0.143,0.147,"LOD",0.153,0.738,"REG",0.299,0.969,"REG",0.264,0.793,"REG",0.405,0.471,"REG",0.205,0.316,"REG",0.211,0.144,"LOD",0.217,0.332,"LOD",0.34,0.224,"LOD",0.148,0.229,"REG",0.119,0.512,"REG",0.152,0.486,"REG",0.246,1.089,"REG",0.403,1.539,"REG",0.576,4.455,"REG",1.648,0.216,"REG",0.081,0.709,"REG",0.31,0.022,"ND",0.038,0.052,"REG",0.033,0.009,"ND",0.016,0.007,"ND",0.011,0.002,"ND",0.003,0.054,"LOD",0.073,1.434,"REG",0.527,0.169,"REG",0.065,0.149,"REG",0.031,0.371,"REG",0.091,0.23578454951003971,0.28,3.91,"REG",7.787,"REG",NA
"8","24th & Ritner","stationary","39.92296389, -75.186874",39.92296389,-75.186874,"#984EA3","Non-Industrial","Residential","High","Fire station","HighT/NoI","P726615","P726615 031524 030624 Ritner SS","P726615 031524 030624 Ritner SS.D","2024-03-15","2024-03-06","sample","2024-02-28","2024-03-06",10122,2,"102024",1,2.468,"REG",0.932,1.322,"REG",0.498,0.381,"REG",0.14,0.515,"REG",0.194,1.641,"REG",0.651,0.111,"LOD",0.092,0.066,"LOD",0.082,0.097,"LOD",0.094,0.255,"REG",0.116,0.109,"LOD",0.079,0.281,"REG",0.115,0.117,"LOD",0.149,0.638,"REG",0.259,0.874,"REG",0.238,0.365,"REG",0.207,0.265,"REG",0.124,0.242,"LOD",0.196,0.157,"LOD",0.218,0.285,"LOD",0.336,0.28,"REG",0.158,0.214,"REG",0.116,0.534,"REG",0.157,0.535,"REG",0.257,1.226,"REG",0.445,1.316,"REG",0.497,3.871,"REG",1.438,0.397,"ULOD",0.216,1.073,"REG",0.43,0.204,"REG",0.088,0.045,"REG",0.032,0.009,"ND",0.016,0.007,"ND",0.011,0.037,"REG",0.013,0.087,"LOD",0.075,1.61,"REG",0.589,0.13,"REG",0.051,0.088,"REG",0.022,0.601,"REG",0.148,0.2352254871519839,0.45475000000000004,2.983,"REG",6.327,"REG",NA
"8","24th & Ritner","stationary","39.92296389, -75.186874",39.92296389,-75.186874,"#984EA3","Non-Industrial","Residential","High","Fire station","HighT/NoI","P733889","P733889 031624 031324 Ritner SS","P733889 031624 031324 Ritner SS.D","2024-03-16","2024-03-13","sample","2024-03-06","2024-03-13",9975,2,"112024",1,4.151,"REG",1.568,1.701,"REG",0.641,0.582,"REG",0.213,0.797,"REG",0.284,2.968,"REG",1.177,0.149,"LOD",0.099,0.1,"LOD",0.087,0.133,"LOD",0.1,0.362,"REG",0.125,0.148,"REG",0.085,0.408,"REG",0.158,0.179,"LOD",0.16,1.045,"REG",0.423,2.371,"REG",0.646,0.17,"REG",0.133,0.288,"REG",0.133,0.303,"REG",0.21,0.197,"LOD",0.228,0.332,"LOD",0.344,0.596,"REG",0.241,0.381,"REG",0.158,1.117,"REG",0.29,0.928,"REG",0.368,2.496,"REG",0.854,3.981,"REG",1.46,10.995,"REG",4.022,0.403,"ULOD",0.604,2.191,"REG",0.829,0.604,"REG",0.228,0.181,"REG",0.069,0.01,"ND",0.016,0.007,"ND",0.011,0.037,"REG",0.013,0.088,"LOD",0.076,1.724,"REG",0.63,0.224,"REG",0.086,0.09,"REG",0.022,0.717,"REG",0.176,0.23869196801527628,0.5347500000000001,4.9479999999999995,"REG",10.199000000000002,"REG",NA
"8","24th & Ritner","stationary","39.92296389, -75.186874",39.92296389,-75.186874,"#984EA3","Non-Industrial","Residential","High","Fire station","HighT/NoI","P726657","P726657 040224 032024 Ritner SS","P726657 040224 032024 Ritner SS.D","2024-04-02","2024-03-20","sample","2024-03-13","2024-03-20",10418,2,"122024",1,6.979,"REG",2.635,1.61,"REG",0.606,0.974,"REG",0.356,1.223,"REG",0.423,2.965,"REG",1.175,0.304,"REG",0.128,0.257,"REG",0.113,0.241,"REG",0.118,0.662,"REG",0.155,0.32,"REG",0.112,0.902,"REG",0.334,0.4,"REG",0.204,1.61,"REG",0.651,2.586,"REG",0.704,0.618,"REG",0.321,0.556,"REG",0.238,0.671,"REG",0.311,0.333,"LOD",0.251,0.85,"REG",0.386,0.87,"REG",0.322,0.928,"REG",0.325,1.752,"REG",0.443,1.733,"REG",0.622,4.069,"REG",1.374,7.594,"REG",2.777,18.84,"REG",6.881,0.591,"ULOD",0.582,4.695,"REG",1.747,0.312,"REG",0.123,0.063,"REG",0.034,0.009,"ND",0.015,0.007,"ND",0.011,0.036,"REG",0.012,0.117,"LOD",0.075,1.999,"REG",0.728,0.17,"REG",0.065,0.085,"REG",0.021,1.303,"REG",0.32,0.22854217517300646,1.01475,8.202,"REG",13.751000000000001,"REG",NA
"8","24th & Ritner","stationary","39.92296389, -75.186874",39.92296389,-75.186874,"#984EA3","Non-Industrial","Residential","High","Fire station","HighT/NoI","P733864","P733864 041224 041024 Ritner SS","P733864 041224 041024 Ritner SS.D","2024-04-12","2024-04-10","sample","2024-04-03","2024-04-10",10054,2,"152024",1,3.421,"REG",1.292,1.063,"REG",0.401,0.467,"REG",0.172,0.676,"REG",0.245,1.541,"REG",0.611,0.204,"REG",0.108,0.166,"REG",0.096,0.152,"LOD",0.102,0.189,"LOD",0.112,0.184,"REG",0.089,0.53,"REG",0.201,0.207,"LOD",0.163,0.73,"REG",0.296,0.92,"REG",0.251,0.217,"REG",0.148,0.247,"REG",0.118,0.466,"REG",0.251,0.3,"LOD",0.248,0.477,"LOD",0.352,0.45,"REG",0.199,0.231,"REG",0.12,0.676,"REG",0.188,0.82,"REG",0.335,1.59,"REG",0.56,1.542,"REG",0.577,4.257,"REG",1.577,0.603,"REG",0.225,1.598,"REG",0.614,0.023,"ND",0.038,0.019,"LOD",0.028,0.009,"ND",0.016,0.007,"ND",0.011,0.03,"REG",0.011,0.108,"LOD",0.077,1.17,"REG",0.433,0.136,"REG",0.053,0.09,"REG",0.022,0.293,"REG",0.072,0.2368164293766044,0.22,4.0969999999999995,"REG",7.168,"REG",NA
"8","24th & Ritner","stationary","39.92296389, -75.186874",39.92296389,-75.186874,"#984EA3","Non-Industrial","Residential","High","Fire station","HighT/NoI","P726648","P726648 042624 041724 Ritner SS","P726648 042624 041724 Ritner SS.D","2024-04-26","2024-04-17","sample","2024-04-10","2024-04-17",10168,2,"162024",1,3.292,"REG",1.243,0.992,"REG",0.374,0.44,"REG",0.162,0.646,"REG",0.235,1.619,"REG",0.642,0.183,"REG",0.103,0.115,"LOD",0.087,0.15,"LOD",0.101,0.322,"REG",0.12,0.182,"REG",0.088,0.483,"REG",0.184,0.176,"LOD",0.157,0.722,"REG",0.292,0.864,"REG",0.236,0.682,"REG",0.352,0.359,"REG",0.16,0.433,"REG",0.24,0.185,"LOD",0.222,0.472,"LOD",0.348,0.362,"REG",0.176,0.309,"REG",0.138,0.641,"REG",0.18,0.648,"REG",0.286,1.524,"REG",0.538,2.093,"REG",0.775,5.332,"REG",1.964,0.617,"REG",0.23,1.829,"REG",0.697,0.17,"REG",0.077,0.038,"LOD",0.03,0.009,"ND",0.016,0.007,"ND",0.011,0.044,"REG",0.015,0.107,"LOD",0.076,2.048,"REG",0.746,0.135,"REG",0.052,0.089,"REG",0.022,0.71,"REG",0.174,0.23416132778839313,0.54,3.9379999999999997,"REG",6.989,"REG",NA
"8","24th & Ritner","stationary","39.92296389, -75.186874",39.92296389,-75.186874,"#984EA3","Non-Industrial","Residential","High","Fire station","HighT/NoI","P733868","P733868 042724 042424 Ritner SS","P733868 042724 042424 Ritner SS.D","2024-04-27","2024-04-24","sample","2024-04-17","2024-04-24",9798,2,"172024",1,2.435,"REG",0.92,1.029,"REG",0.388,0.324,"REG",0.119,0.507,"REG",0.193,1.221,"REG",0.484,0.133,"LOD",0.098,0.068,"LOD",0.085,0.104,"LOD",0.097,0.229,"REG",0.117,0.095,"LOD",0.08,0.334,"REG",0.133,0.121,"LOD",0.154,0.56,"REG",0.227,0.657,"REG",0.179,1.039,"REG",0.525,0.412,"REG",0.182,0.362,"REG",0.226,0.154,"LOD",0.224,0.402,"LOD",0.354,0.289,"REG",0.164,0.223,"REG",0.12,0.443,"REG",0.14,0.449,"REG",0.241,1.02,"REG",0.385,1.471,"REG",0.552,3.752,"REG",1.397,0.449,"REG",0.167,1.208,"REG",0.478,0.136,"REG",0.068,0.02,"LOD",0.029,0.01,"ND",0.016,0.007,"ND",0.011,0.039,"REG",0.013,0.111,"LOD",0.079,2.125,"REG",0.774,0.14,"REG",0.054,0.062,"REG",0.019,0.847,"REG",0.208,0.24300391722314565,0.62,2.942,"REG",5.516,"REG",NA
"8","24th & Ritner","stationary","39.92296389, -75.186874",39.92296389,-75.186874,"#984EA3","Non-Industrial","Residential","High","Fire station","HighT/NoI","P726608","P726608 051124 050124 Ritner SS.D","P726608 051124 050124 Ritner SS.D","2024-05-11","2024-05-01","sample","2024-04-24","2024-05-01",10188,2,"182024",1,5.132,"REG",1.938,1.215,"REG",0.458,0.673,"REG",0.247,1.02,"REG",0.356,2.294,"REG",0.909,0.257,"REG",0.118,0.197,"REG",0.101,0.183,"REG",0.107,0.457,"REG",0.133,0.237,"REG",0.097,0.72,"REG",0.268,0.234,"LOD",0.167,1.266,"REG",0.512,1.49,"REG",0.406,1.608,"REG",0.802,0.816,"REG",0.345,0.827,"REG",0.365,0.481,"REG",0.298,0.983,"REG",0.412,0.445,"REG",0.197,0.562,"REG",0.21,0.992,"REG",0.26,1.079,"REG",0.413,2.208,"REG",0.759,1.526,"REG",0.571,10.083,"REG",3.689,0.621,"ULOD",0.341,2.365,"REG",0.892,0.241,"REG",0.099,0.036,"LOD",0.03,0.009,"ND",0.016,0.007,"ND",0.011,0.052,"REG",0.018,0.151,"REG",0.081,1.866,"REG",0.681,0.125,"REG",0.049,0.267,"REG",0.05,0.207,"REG",0.051,0.23370164712920896,0.158,6.151999999999999,"REG",10.334,"REG",NA
"8","24th & Ritner","stationary","39.92296389, -75.186874",39.92296389,-75.186874,"#984EA3","Non-Industrial","Residential","High","Fire station","HighT/NoI","P726643","P726643 051224 050824 Ritner SS","P726643 051224 050824 Ritner SS.D","2024-05-12","2024-05-08","sample","2024-05-01","2024-05-08",10266,2,"192024",1,3.764,"REG",1.422,1.148,"REG",0.433,0.52,"REG",0.191,0.79,"REG",0.281,2.323,"REG",0.921,0.218,"REG",0.109,0.131,"LOD",0.089,0.165,"LOD",0.103,0.403,"REG",0.127,0.217,"REG",0.093,0.594,"REG",0.224,0.203,"LOD",0.16,0.768,"REG",0.311,0.884,"REG",0.241,0.818,"REG",0.416,0.43,"REG",0.188,0.628,"REG",0.298,0.33,"LOD",0.252,0.768,"REG",0.378,0.303,"REG",0.162,0.398,"REG",0.161,0.639,"REG",0.179,0.535,"REG",0.256,1.363,"REG",0.487,0.951,"REG",0.368,6.213,"REG",2.283,0.617,"ULOD",0.247,1.359,"REG",0.529,0.162,"REG",0.074,0.036,"LOD",0.03,0.009,"ND",0.016,0.007,"ND",0.011,0.002,"ND",0.003,0.182,"REG",0.085,2.028,"REG",0.739,0.124,"REG",0.048,0.088,"REG",0.022,0.206,"REG",0.051,0.23192600632694144,0.158,4.554,"REG",8.545,"REG",NA
"8","24th & Ritner","stationary","39.92296389, -75.186874",39.92296389,-75.186874,"#984EA3","Non-Industrial","Residential","High","Fire station","HighT/NoI","P733851","P733851 052324 051524 Ritner SS","P733851 052324 051524 Ritner SS.D","2024-05-23","2024-05-15","sample","2024-05-08","2024-05-15",10130,2,"202024",1,2.897,"REG",1.094,0.828,"REG",0.313,0.356,"REG",0.131,0.575,"REG",0.213,1.452,"REG",0.576,0.129,"LOD",0.095,0.04,"ND",0.066,0.1,"LOD",0.094,0.238,"REG",0.115,0.128,"LOD",0.081,0.32,"REG",0.127,0.117,"LOD",0.149,0.491,"REG",0.199,0.594,"REG",0.162,0.582,"REG",0.305,0.283,"REG",0.131,0.3,"REG",0.207,0.223,"LOD",0.23,0.484,"LOD",0.35,0.251,"REG",0.152,0.175,"LOD",0.108,0.459,"REG",0.141,0.38,"REG",0.222,1.085,"REG",0.402,1.713,"REG",0.638,4.507,"REG",1.666,0.41,"REG",0.153,1.085,"REG",0.434,0.125,"REG",0.064,0.036,"LOD",0.03,0.054,"REG",0.028,0.007,"ND",0.011,0.002,"ND",0.003,0.086,"REG",0.075,2.323,"REG",0.845,0.126,"REG",0.049,0.06,"REG",0.018,0.869,"REG",0.213,0.23503972171296952,0.658,3.4719999999999995,"REG",6.108,"REG",NA
"8","24th & Ritner","stationary","39.92296389, -75.186874",39.92296389,-75.186874,"#984EA3","Non-Industrial","Residential","High","Fire station","HighT/NoI","P733873","P733873 052424 052224 Ritner SS","P733873 052424 052224 Ritner SS.D","2024-05-24","2024-05-22","sample","2024-05-15","2024-05-22",9853,2,"212024",1,3.419,"REG",1.291,0.851,"REG",0.322,0.432,"REG",0.158,0.684,"REG",0.248,1.704,"REG",0.676,0.133,"LOD",0.098,0.085,"LOD",0.086,0.12,"LOD",0.099,0.28,"REG",0.12,0.15,"REG",0.086,0.37,"REG",0.145,0.121,"LOD",0.153,0.639,"REG",0.259,0.825,"REG",0.225,0.37,"REG",0.21,0.251,"REG",0.12,0.366,"REG",0.226,0.229,"LOD",0.236,0.584,"REG",0.369,0.374,"REG",0.182,0.221,"REG",0.119,0.582,"REG",0.168,0.446,"REG",0.24,1.37,"REG",0.491,2.165,"REG",0.801,5.996,"REG",2.206,0.426,"ULOD",0.227,1.459,"REG",0.566,0.128,"REG",0.066,0.037,"LOD",0.031,0.083,"REG",0.037,0.007,"ND",0.011,0.069,"REG",0.023,0.122,"REG",0.079,2.021,"REG",0.737,0.13,"REG",0.051,0.092,"REG",0.022,0.594,"REG",0.146,0.24164745569393897,0.438,4.103,"REG",7.09,"REG",NA
"8","24th & Ritner","stationary","39.92296389, -75.186874",39.92296389,-75.186874,"#984EA3","Non-Industrial","Residential","High","Fire station","HighT/NoI","P733892","P733892 060624 052924 Ritner SS","P733892 060624 052924 Ritner SS.D","2024-06-06","2024-05-29","sample","2024-05-22","2024-05-29",10325,2,"222024",1,3.335,"REG",1.26,0.861,"REG",0.325,0.439,"REG",0.161,0.705,"REG",0.253,1.902,"REG",0.754,0.144,"LOD",0.096,0.081,"LOD",0.082,0.115,"LOD",0.094,0.284,"REG",0.116,0.125,"LOD",0.079,0.351,"REG",0.138,0.144,"LOD",0.15,0.708,"REG",0.286,0.685,"REG",0.187,0.316,"REG",0.185,0.29,"REG",0.133,0.301,"LOD",0.205,0.183,"LOD",0.219,0.479,"LOD",0.345,0.356,"REG",0.173,0.37,"REG",0.153,0.635,"REG",0.178,0.639,"REG",0.282,1.404,"REG",0.5,1.819,"REG",0.676,4.812,"REG",1.776,0.31,"REG",0.116,1.597,"REG",0.613,0.142,"REG",0.068,0.019,"LOD",0.028,0.096,"REG",0.041,0.007,"ND",0.011,0.042,"REG",0.014,0.204,"REG",0.088,1.052,"REG",0.391,0.133,"REG",0.052,0.058,"REG",0.018,0.259,"REG",0.064,0.23060071486221606,0.2,4.04,"REG",7.242,"REG",NA
"8","24th & Ritner","stationary","39.92296389, -75.186874",39.92296389,-75.186874,"#984EA3","Non-Industrial","Residential","High","Fire station","HighT/NoI","P726642","P726642 060724 060524 Ritner SS","P726642 060724 060524 Ritner SS.D","2024-06-07","2024-06-05","sample","2024-05-29","2024-06-05",10060,2,"232024",1,2.375,"REG",0.897,0.705,"REG",0.267,0.299,"REG",0.11,0.496,"REG",0.189,1.187,"REG",0.471,0.129,"LOD",0.095,0.066,"LOD",0.083,0.101,"LOD",0.095,0.223,"REG",0.114,0.091,"LOD",0.078,0.279,"REG",0.114,0.089,"LOD",0.147,0.438,"REG",0.177,0.446,"REG",0.122,0.324,"REG",0.19,0.221,"REG",0.108,0.253,"LOD",0.198,0.15,"LOD",0.219,0.407,"LOD",0.347,0.225,"LOD",0.148,0.23,"REG",0.12,0.38,"REG",0.127,0.383,"REG",0.223,0.845,"REG",0.331,1.184,"REG",0.45,3.203,"REG",1.2,0.287,"REG",0.107,0.924,"REG",0.38,0.106,"REG",0.06,0.019,"LOD",0.028,0.099,"REG",0.042,0.007,"ND",0.011,0.036,"REG",0.012,0.176,"REG",0.085,0.9,"REG",0.338,0.136,"REG",0.053,0.06,"REG",0.018,0.239,"REG",0.059,0.2366751869733977,0.18,2.871,"REG",5.061999999999999,"REG",NA
"8","24th & Ritner","stationary","39.92296389, -75.186874",39.92296389,-75.186874,"#984EA3","Non-Industrial","Residential","High","Fire station","HighT/NoI","P726661","P726661 062124 061224 Ritner SS","P726661 062124 061224 Ritner SS.D","2024-06-21","2024-06-12","sample","2024-06-05","2024-06-12",9829,2,"242024",1,3.629,"REG",1.371,0.741,"REG",0.28,0.483,"REG",0.177,0.74,"REG",0.266,1.623,"REG",0.643,0.189,"REG",0.107,0.102,"LOD",0.088,0.138,"LOD",0.102,0.333,"REG",0.124,0.15,"REG",0.086,0.494,"REG",0.188,0.182,"LOD",0.162,0.744,"REG",0.301,0.696,"REG",0.19,0.992,"REG",0.502,0.483,"REG",0.21,0.432,"REG",0.244,0.307,"LOD",0.254,0.633,"REG",0.375,0.835,"REG",0.314,0.333,"REG",0.146,0.611,"REG",0.175,0.727,"REG",0.311,1.373,"REG",0.493,1.249,"REG",0.474,3.484,"REG",1.301,0.207,"REG",0.077,1.419,"REG",0.552,0.23,"REG",0.097,0.039,"LOD",0.032,0.101,"REG",0.043,0.007,"ND",0.011,0.002,"ND",0.003,0.18,"REG",0.087,1.289,"REG",0.476,0.139,"REG",0.054,0.061,"REG",0.019,0.272,"REG",0.067,0.24223749933384686,0.2,4.369,"REG",7.216,"REG",NA
"8","24th & Ritner","stationary","39.92296389, -75.186874",39.92296389,-75.186874,"#984EA3","Non-Industrial","Residential","High","Fire station","HighT/NoI","P726651","P726651 062124 061924 Ritner SS","P726651 062124 061924 Ritner SS.D","2024-06-21","2024-06-19","sample","2024-06-12","2024-06-19",10163,2,"252024",1,2.778,"REG",1.049,0.678,"REG",0.257,0.381,"REG",0.14,0.603,"REG",0.221,1.254,"REG",0.497,0.146,"LOD",0.097,0.04,"ND",0.066,0.117,"LOD",0.096,0.271,"REG",0.117,0.127,"LOD",0.081,0.357,"REG",0.14,0.117,"LOD",0.149,0.485,"REG",0.197,0.465,"REG",0.128,0.763,"REG",0.391,0.372,"REG",0.165,0.25,"LOD",0.197,0.148,"LOD",0.216,0.403,"LOD",0.343,0.278,"REG",0.157,0.134,"LOD",0.101,0.35,"REG",0.12,0.378,"REG",0.221,0.836,"REG",0.327,0.781,"REG",0.311,2.18,"REG",0.839,0.141,"REG",0.053,0.998,"REG",0.404,0.105,"REG",0.059,0.019,"LOD",0.028,0.161,"REG",0.064,0.007,"ND",0.011,0.043,"REG",0.014,0.076,"LOD",0.073,1.158,"REG",0.428,0.09,"REG",0.036,0.089,"REG",0.022,0.184,"REG",0.046,0.23427653064571297,0.14,3.3810000000000002,"REG",5.693999999999999,"REG",NA
"8","24th & Ritner","stationary","39.92296389, -75.186874",39.92296389,-75.186874,"#984EA3","Non-Industrial","Residential","High","Fire station","HighT/NoI","P733849","P733849 062724 061924 Ritner SS","P733849 062724 061924 Ritner SS.D","2024-06-27","2024-06-19","sample","2024-06-19","2024-06-26",10081,2,"262024",1,2.708,"REG",1.023,0.565,"REG",0.214,0.363,"REG",0.133,0.563,"REG",0.209,1.423,"REG",0.564,0.147,"LOD",0.098,0.099,"LOD",0.086,0.117,"LOD",0.097,0.171,"LOD",0.111,0.11,"LOD",0.079,0.319,"REG",0.127,0.088,"LOD",0.147,0.516,"REG",0.209,0.515,"REG",0.141,0.298,"REG",0.179,0.22,"REG",0.108,0.393,"REG",0.23,0.224,"LOD",0.231,0.49,"LOD",0.353,0.365,"REG",0.178,0.176,"LOD",0.108,0.379,"REG",0.126,0.491,"REG",0.247,0.892,"REG",0.345,0.931,"REG",0.362,2.331,"REG",0.892,0.157,"REG",0.059,1.216,"REG",0.48,0.067,"REG",0.051,0.014,"ND",0.023,0.189,"REG",0.075,0.007,"ND",0.011,0.035,"REG",0.012,0.043,"LOD",0.072,1.078,"REG",0.4,0.09,"REG",0.036,0.03,"REG",0.016,0.292,"REG",0.072,0.23618216257835345,0.22,3.271,"REG",5.622,"REG",NA
"9","26th & Hartranft","stationary","39.91327125, -75.1922011",39.91327125,-75.1922011,"#4DAF4A","Industrial","Vacant","High","Diesel corridor, portable toilet supplier","HighT/I","P726642","P726642 071323 070523 26th St. 1WK SS","P726642 071323 070523 26th St 1WK SS.D","2023-07-13","2023-07-05","sample","2023-06-28","2023-07-05",10043,2,"272023",1,2.098,"REG",0.793,1.123,"REG",0.424,0.411,"REG",0.151,0.636,"REG",0.232,1.224,"REG",0.485,0.297,"REG",0.128,0.367,"REG",0.142,0.253,"REG",0.123,0.55,"REG",0.144,0.185,"REG",0.089,0.53,"REG",0.201,0.326,"REG",0.189,0.471,"REG",0.191,0.527,"REG",0.144,0.413,"REG",0.229,0.235,"REG",0.114,2.014,"REG",0.806,3.201,"REG",1.459,3.772,"REG",1.017,1.325,"REG",0.471,0.353,"REG",0.15,0.408,"REG",0.132,0.65,"REG",0.288,0.896,"REG",0.346,1.116,"REG",0.426,2.691,"REG",1.019,0.138,"REG",0.051,1.768,"REG",0.675,0.158,"REG",0.074,0.055,"REG",0.034,0.148,"REG",0.06,0.007,"ND",0.011,0.002,"ND",0.003,0.035,"ND",0.06,1.171,"REG",0.433,0.091,"REG",0.036,0.06,"REG",0.018,0.24,"REG",0.059,0.2370758121031944,0.18,2.734,"REG",5.492,"REG",NA
"9","26th & Hartranft","stationary","39.91327125, -75.1922011",39.91327125,-75.1922011,"#4DAF4A","Industrial","Vacant","High","Diesel corridor, portable toilet supplier","HighT/I","P726647","P726647 071323 071223 26th St. 1WK SS","P726647 071323 071223 26th St 1WK SS.D","2023-07-13","2023-07-12","sample","2023-07-05","2023-07-12",10138,2,"282023",1,4.891,"REG",1.847,1.172,"REG",0.442,0.899,"REG",0.329,1.194,"REG",0.413,1.908,"REG",0.757,0.478,"REG",0.175,0.545,"REG",0.192,0.384,"REG",0.156,0.851,"REG",0.183,0.311,"REG",0.112,0.97,"REG",0.359,0.646,"REG",0.281,2.005,"REG",0.811,2.098,"REG",0.571,0.828,"REG",0.422,0.694,"REG",0.295,2.695,"REG",1.067,4.248,"REG",1.928,5.166,"REG",1.358,1.257,"REG",0.448,0.875,"REG",0.309,1.617,"REG",0.41,2.433,"REG",0.858,4.24,"REG",1.431,5.598,"REG",2.049,11.142,"REG",4.075,0.446,"REG",0.166,12.509,"ULOD",4.856,0.273,"REG",0.11,0.014,"ND",0.023,0.101,"REG",0.043,0.007,"ND",0.011,0.002,"ND",0.003,0.035,"ND",0.059,1.161,"REG",0.429,0.135,"REG",0.052,0.09,"REG",0.022,0.211,"REG",0.052,0.2348542494527896,0.16,6.085,"REG",10.064,"REG",NA
"9","26th & Hartranft","stationary","39.91327125, -75.1922011",39.91327125,-75.1922011,"#4DAF4A","Industrial","Vacant","High","Diesel corridor, portable toilet supplier","HighT/I","P726603","P726603 072723 071923 26th St 1WK DS","P726603 072723 071923 26th St 1WK DS.D","2023-07-27","2023-07-19","sample","2023-07-12","2023-07-19",9998,14.3,"292023",1,3.736,"REG",1.411,1.481,"REG",0.558,0.621,"REG",0.228,1.143,"LOD",0.397,2.255,"REG",0.894,0.667,"LOD",0.23,0.838,"LOD",0.281,0.485,"LOD",0.186,1.11,"LOD",0.223,0.398,"LOD",0.131,1.172,"REG",0.433,0.639,"LOD",0.28,1.052,"REG",0.425,1.309,"REG",0.357,2.224,"REG",1.105,1.042,"REG",0.438,4.331,"REG",1.702,7.71,"REG",3.486,8.486,"REG",2.19,1.012,"LOD",0.369,0.78,"LOD",0.279,0.782,"LOD",0.212,1.172,"LOD",0.443,1.787,"LOD",0.623,3.878,"REG",1.423,9.552,"REG",3.497,1.025,"REG",0.383,3.326,"REG",1.244,0.204,"LOD",0.088,0.014,"ND",0.023,0.32,"REG",0.124,0.007,"ND",0.011,0.107,"REG",0.036,0.036,"ND",0.06,3.237,"REG",1.174,0.326,"REG",0.124,0.216,"REG",0.041,0.957,"REG",0.235,0.23814286666857182,0.7150000000000001,4.8790000000000004,"REG",9.236,"REG",NA
"9","26th & Hartranft","stationary","39.91327125, -75.1922011",39.91327125,-75.1922011,"#4DAF4A","Industrial","Vacant","High","Diesel corridor, portable toilet supplier","HighT/I","P726618","P726618 072823 072623 26th St 1WK DS","P726618 072823 072623 26th St 1WK DS.D","2023-07-28","2023-07-26","sample","2023-07-19","2023-07-26",9969,14.3,"302023",1,5.304,"REG",2.003,1.485,"REG",0.559,0.779,"REG",0.285,1.474,"REG",0.507,2.607,"REG",1.034,0.803,"LOD",0.27,0.84,"LOD",0.281,0.608,"LOD",0.223,1.237,"LOD",0.242,0.399,"LOD",0.131,1.469,"REG",0.541,0.641,"LOD",0.281,1.624,"REG",0.657,1.481,"REG",0.404,1.156,"REG",0.581,0.765,"REG",0.324,3.937,"REG",1.548,7.463,"REG",3.375,8.206,"REG",2.119,1.624,"LOD",0.57,1.272,"LOD",0.439,1.176,"LOD",0.304,1.57,"LOD",0.571,3.226,"REG",1.095,5.964,"REG",2.183,13.914,"REG",5.085,1.58,"REG",0.59,6.67,"REG",2.478,0.204,"LOD",0.088,0.014,"ND",0.023,0.255,"LOD",0.1,0.007,"ND",0.011,0.054,"REG",0.018,0.239,"LOD",0.096,3.246,"REG",1.178,0.327,"REG",0.125,0.216,"REG",0.041,0.96,"REG",0.235,0.23883562854372367,0.7150000000000001,6.7780000000000005,"REG",11.649000000000001,"REG",NA
"9","26th & Hartranft","stationary","39.91327125, -75.1922011",39.91327125,-75.1922011,"#4DAF4A","Industrial","Vacant","High","Diesel corridor, portable toilet supplier","HighT/I","P726656","P726656 081023 080223 26th St 1WK SS","P726656 081023 080223 26th St 1WK SS.D","2023-08-10","2023-08-02","sample","2023-07-26","2023-08-02",10050,2,"312023",1,3.294,"REG",1.244,1.301,"REG",0.49,0.67,"REG",0.245,0.841,"REG",0.298,1.516,"REG",0.601,0.043,"ND",0.072,0.616,"REG",0.213,0.337,"REG",0.144,0.667,"REG",0.159,0.329,"REG",0.116,0.931,"REG",0.345,0.741,"REG",0.313,1.851,"REG",0.748,1.73,"REG",0.471,2.792,"REG",1.385,1.317,"REG",0.553,2.438,"REG",0.968,4.615,"REG",2.093,5.598,"REG",1.465,2.846,"REG",0.982,1.561,"REG",0.534,2.501,"REG",0.627,3.482,"REG",1.214,6.564,"REG",2.207,7.086,"REG",2.592,14.34,"REG",5.241,0.621,"ULOD",0.248,12.619,"ULOD",5.663,0.492,"REG",0.188,0.057,"REG",0.034,0.15,"REG",0.06,0.007,"ND",0.011,0.002,"ND",0.003,0.035,"ND",0.06,1.261,"REG",0.465,0.182,"REG",0.07,0.06,"REG",0.018,0.399,"REG",0.098,0.2369106846718787,0.3,4.135,"REG",7.622000000000001,"REG",NA
"9","26th & Hartranft","stationary","39.91327125, -75.1922011",39.91327125,-75.1922011,"#4DAF4A","Industrial","Vacant","High","Diesel corridor, portable toilet supplier","HighT/I","P733851","P733851 081123 080923 26th St 1WK SS","P733851 081123 080923 26th St 1WK SS.D","2023-08-11","2023-08-09","sample","2023-08-02","2023-08-09",10129,2,"322023",1,2.718,"REG",1.027,0.936,"REG",0.353,0.557,"REG",0.204,0.654,"REG",0.237,1.029,"REG",0.408,0.387,"REG",0.15,0.562,"REG",0.197,0.318,"REG",0.139,0.593,"REG",0.149,0.308,"REG",0.111,0.843,"REG",0.313,0.618,"REG",0.272,1.784,"REG",0.721,0.951,"REG",0.259,7.209,"ULOD",4.445,5.191,"REG",2.166,2.56,"REG",1.015,4.654,"REG",2.11,5.049,"REG",1.329,1.062,"REG",0.385,0.781,"REG",0.279,1.322,"REG",0.339,2.207,"REG",0.782,3.306,"REG",1.121,3.069,"REG",1.128,6.805,"REG",2.498,0.336,"REG",0.125,6.177,"REG",2.296,0.332,"REG",0.131,0.038,"LOD",0.03,0.14,"REG",0.057,0.007,"ND",0.011,0.002,"ND",0.003,0.035,"ND",0.059,1.341,"REG",0.493,0.135,"REG",0.053,0.06,"REG",0.018,0.343,"REG",0.084,0.23506292634538264,0.26,3.372,"REG",5.894,"REG",NA
"9","26th & Hartranft","stationary","39.91327125, -75.1922011",39.91327125,-75.1922011,"#4DAF4A","Industrial","Vacant","High","Diesel corridor, portable toilet supplier","HighT/I","P733893","P733893 082423 081623 26th St SS","P733893 082423 081623 26th St SS.D","2023-08-24","2023-08-16","sample","2023-08-09","2023-08-16",10151,1.3,"332023",1,2.991,"REG",1.13,0.679,"REG",0.257,0.598,"REG",0.219,0.804,"REG",0.285,1.483,"REG",0.588,0.382,"REG",0.148,0.557,"REG",0.195,0.325,"REG",0.14,0.726,"REG",0.166,0.27,"REG",0.103,0.675,"REG",0.253,0.515,"REG",0.24,1.159,"REG",0.468,0.774,"REG",0.211,1.459,"REG",0.729,0.846,"REG",0.358,2.843,"REG",1.124,6.105,"REG",2.763,6.494,"REG",1.688,0.58,"REG",0.235,0.472,"REG",0.183,0.77,"REG",0.209,1.39,"REG",0.512,1.888,"REG",0.655,1.667,"REG",0.621,3.761,"REG",1.399,0.232,"REG",0.087,3.573,"REG",1.335,0.195,"REG",0.085,0.025,"LOD",0.029,0.066,"REG",0.031,0.007,"ND",0.011,0.002,"ND",0.003,0.035,"ND",0.059,0.985,"REG",0.367,0.117,"REG",0.046,0.096,"REG",0.022,0.154,"REG",0.038,0.23455348053909772,0.11699999999999999,3.795,"REG",6.555,"REG","Summer"
"9","26th & Hartranft","stationary","39.91327125, -75.1922011",39.91327125,-75.1922011,"#4DAF4A","Industrial","Vacant","High","Diesel corridor, portable toilet supplier","HighT/I","P733886","P733886 082523 082323 26th St SS","P733886 082523 082323 26th St SS.D","2023-08-25","2023-08-23","sample","2023-08-16","2023-08-23",9946,2,"342023",1,2.861,"REG",1.081,1.054,"REG",0.397,0.546,"REG",0.2,0.781,"REG",0.279,1.467,"REG",0.582,0.394,"REG",0.153,0.556,"REG",0.195,0.324,"REG",0.141,0.673,"REG",0.16,0.258,"REG",0.102,0.734,"REG",0.274,0.449,"REG",0.223,1.046,"REG",0.423,0.874,"REG",0.239,1.49,"REG",0.744,0.764,"REG",0.324,2.721,"REG",1.078,6.026,"REG",2.727,6.513,"REG",1.695,0.997,"REG",0.364,0.411,"REG",0.166,0.797,"REG",0.216,1.639,"REG",0.594,2.01,"REG",0.696,1.854,"REG",0.689,4.23,"REG",1.568,0.243,"REG",0.091,4.038,"REG",1.506,0.259,"REG",0.106,0.039,"LOD",0.031,0.106,"REG",0.045,0.007,"ND",0.011,0.002,"ND",0.003,0.036,"ND",0.06,1.183,"REG",0.437,0.138,"REG",0.054,0.06,"REG",0.018,0.242,"REG",0.06,0.23938793293307672,0.18,3.6420000000000003,"REG",6.7090000000000005,"REG","Summer"
"9","26th & Hartranft","stationary","39.91327125, -75.1922011",39.91327125,-75.1922011,"#4DAF4A","Industrial","Vacant","High","Diesel corridor, portable toilet supplier","HighT/I","P733865","P733865 090723 083023 26th ST SS","P733865 090723 083023 26th ST SS.D","2023-09-07","2023-08-30","sample","2023-08-23","2023-08-30",10021,2,"352023",1,2.938,"REG",1.11,0.797,"REG",0.301,0.561,"REG",0.206,0.773,"REG",0.276,1.216,"REG",0.482,0.428,"REG",0.161,0.618,"REG",0.214,0.33,"REG",0.142,0.689,"REG",0.162,0.315,"REG",0.113,0.899,"REG",0.333,0.473,"REG",0.229,1.034,"REG",0.418,0.963,"REG",0.263,1.062,"REG",0.535,0.529,"REG",0.228,2.469,"REG",0.981,4.748,"REG",2.153,5.278,"REG",1.386,0.876,"REG",0.326,0.553,"REG",0.208,1.2,"REG",0.31,1.805,"REG",0.648,2.992,"REG",1.018,2.736,"REG",1.007,6.164,"REG",2.266,0.369,"REG",0.138,4.303,"REG",1.604,0.253,"REG",0.104,0.03,"LOD",0.03,0.099,"REG",0.042,0.007,"ND",0.011,0.002,"ND",0.003,0.036,"ND",0.06,1.265,"REG",0.466,0.137,"REG",0.053,0.06,"REG",0.018,0.32,"REG",0.079,0.2375962858948589,0.24,3.7110000000000003,"REG",6.285,"REG","Summer"
"9","26th & Hartranft","stationary","39.91327125, -75.1922011",39.91327125,-75.1922011,"#4DAF4A","Industrial","Vacant","High","Diesel corridor, portable toilet supplier","HighT/I","P726668","P726668 090723 090623 26th St SS","P726668 090723 090623 26th St SS.D","2023-09-07","2023-09-06","sample","2023-08-30","2023-09-06",10070,2,"362023",1,6.524,"REG",2.464,1.11,"REG",0.419,1.098,"REG",0.402,1.767,"REG",0.605,2.293,"REG",0.909,0.797,"REG",0.268,1.113,"REG",0.366,0.581,"REG",0.214,1.148,"REG",0.228,0.663,"REG",0.194,1.993,"REG",0.732,0.826,"REG",0.342,4.074,"REG",1.647,3.829,"REG",1.043,1.577,"REG",0.787,1.397,"REG",0.586,2.683,"REG",1.063,4.575,"REG",2.075,4.955,"REG",1.306,2.981,"REG",1.028,1.363,"REG",0.469,4.206,"REG",1.048,6.273,"REG",2.171,10.67,"REG",3.581,8.574,"REG",3.136,20.002,"ULOD",7.329,0.619,"ULOD",0.266,12.594,"ULOD",6.741,0.684,"REG",0.257,0.221,"REG",0.081,0.089,"REG",0.039,0.007,"ND",0.011,0.002,"ND",0.003,0.035,"ND",0.06,1.079,"REG",0.4,0.181,"REG",0.07,0.06,"REG",0.018,0.239,"REG",0.059,0.23644015699626428,0.18,8.291,"REG",12.792,"REG","Summer"
"9","26th & Hartranft","stationary","39.91327125, -75.1922011",39.91327125,-75.1922011,"#4DAF4A","Industrial","Vacant","High","Diesel corridor, portable toilet supplier","HighT/I","P733895","P733895 092923 092723 26th St SS","P733895 092923 092723 26th St SS RENAME.D","2023-09-29","2023-09-27","sample","2023-09-20","2023-09-27",9986,2,"392023",1,3.321,"REG",1.254,0.88,"REG",0.332,0.476,"REG",0.175,0.707,"REG",0.255,1.397,"REG",0.554,0.168,"LOD",0.102,0.167,"REG",0.097,0.127,"LOD",0.099,0.38,"REG",0.127,0.167,"REG",0.087,0.451,"REG",0.173,0.206,"LOD",0.164,0.878,"REG",0.355,0.755,"REG",0.206,0.39,"REG",0.218,0.453,"REG",0.198,0.687,"REG",0.319,0.729,"REG",0.39,0.985,"REG",0.417,0.907,"REG",0.336,0.829,"REG",0.294,0.739,"REG",0.202,0.876,"REG",0.353,1.802,"REG",0.628,3.288,"REG",1.208,7.866,"REG",2.884,0.624,"ULOD",0.453,3.471,"REG",1.298,0.214,"REG",0.092,0.03,"LOD",0.03,0.009,"ND",0.016,0.007,"ND",0.011,0.002,"ND",0.003,0.092,"LOD",0.076,1.723,"REG",0.63,0.183,"REG",0.07,0.091,"REG",0.022,0.938,"REG",0.23,0.23842903874948737,0.7,4.0280000000000005,"REG",6.781,"REG","Summer"
"9","26th & Hartranft","stationary","39.91327125, -75.1922011",39.91327125,-75.1922011,"#4DAF4A","Industrial","Vacant","High","Diesel corridor, portable toilet supplier","HighT/I","P726602","P726602 101223 100423 26th SS","P726602 101223 100423 26th SS.D","2023-10-12","2023-10-04","sample","2023-09-27","2023-10-04",10171,2,"402023",1,4.351,"REG",1.643,1.148,"REG",0.433,0.617,"REG",0.226,0.965,"REG",0.338,1.853,"REG",0.734,0.257,"REG",0.118,0.28,"REG",0.12,0.25,"REG",0.121,0.559,"REG",0.145,0.274,"REG",0.104,0.681,"REG",0.255,0.293,"REG",0.179,0.918,"REG",0.371,1.224,"REG",0.334,0.66,"REG",0.342,0.461,"REG",0.2,1.142,"REG",0.478,1.344,"REG",0.64,1.76,"REG",0.556,0.891,"REG",0.33,0.509,"REG",0.194,0.803,"REG",0.216,0.919,"REG",0.363,1.965,"REG",0.68,2.843,"REG",1.046,7.063,"REG",2.591,0.622,"ULOD",0.408,2.489,"REG",0.937,0.175,"REG",0.079,0.034,"REG",0.03,0.069,"REG",0.033,0.007,"ND",0.011,0.002,"ND",0.003,0.092,"LOD",0.075,1.691,"REG",0.618,0.18,"REG",0.069,0.148,"REG",0.031,0.474,"REG",0.116,0.2340922604416853,0.36,5.316,"REG",8.934,"REG","Summer"
"9","26th & Hartranft","stationary","39.91327125, -75.1922011",39.91327125,-75.1922011,"#4DAF4A","Industrial","Vacant","High","Diesel corridor, portable toilet supplier","HighT/I","P733866","P733866 101323 101123 26th SS","P733866 101323 101123 26th SS.D","2023-10-13","2023-10-11","sample","2023-10-04","2023-10-11",9951,1.99,"412023",1,3.031,"REG",1.145,1.227,"REG",0.463,0.454,"REG",0.166,0.685,"REG",0.248,1.643,"REG",0.652,0.205,"REG",0.109,0.234,"REG",0.11,0.186,"REG",0.109,0.397,"REG",0.129,0.167,"REG",0.087,0.488,"REG",0.186,0.238,"LOD",0.171,0.88,"REG",0.356,1.504,"REG",0.41,0.32,"REG",0.189,0.274,"REG",0.128,1.132,"REG",0.475,1.63,"REG",0.765,1.96,"REG",0.601,0.736,"REG",0.283,0.791,"REG",0.282,0.817,"REG",0.22,0.769,"REG",0.322,2.049,"REG",0.709,4.41,"REG",1.616,10.204,"REG",3.734,0.632,"ULOD",0.708,2.363,"REG",0.892,0.217,"REG",0.092,0.054,"REG",0.034,0.052,"REG",0.028,0.007,"ND",0.011,0.002,"ND",0.003,0.093,"LOD",0.076,1.901,"REG",0.693,0.228,"REG",0.087,0.121,"REG",0.026,0.642,"REG",0.158,0.23926764957817112,0.47759999999999997,3.716,"REG",7.040000000000001,"REG","Summer"
"9","26th & Hartranft","stationary","39.91327125, -75.1922011",39.91327125,-75.1922011,"#4DAF4A","Industrial","Vacant","High","Diesel corridor, portable toilet supplier","HighT/I","P733888","P733888 102623 101823 26th St SS RENAME","P733888 102623 101823 26th St SS RENAME.D","2023-10-26","2023-10-18","sample","2023-10-11","2023-10-18",10001,2,"422023",1,4.084,"REG",1.542,1.108,"REG",0.418,0.606,"REG",0.222,0.936,"REG",0.329,1.772,"REG",0.702,0.224,"REG",0.112,0.268,"REG",0.117,0.204,"REG",0.112,0.466,"REG",0.135,0.223,"REG",0.095,0.692,"REG",0.259,0.238,"LOD",0.17,1.25,"REG",0.506,1.433,"REG",0.391,0.597,"REG",0.313,0.508,"REG",0.22,0.905,"REG",0.394,1.103,"REG",0.54,1.492,"REG",0.505,1.557,"REG",0.548,1.5,"REG",0.514,1.391,"REG",0.356,1.539,"REG",0.561,3.548,"REG",1.202,7.23,"REG",2.645,13.426,"ULOD",5.984,0.419,"ULOD",1.084,5.322,"REG",1.98,0.297,"REG",0.119,0.054,"REG",0.034,0.034,"LOD",0.023,0.007,"ND",0.011,0.002,"ND",0.003,0.127,"LOD",0.079,1.991,"REG",0.726,0.228,"REG",0.087,0.151,"REG",0.031,0.749,"REG",0.184,0.23807143095214287,0.56,5.02,"REG",8.506,"REG","Summer"
"9","26th & Hartranft","stationary","39.91327125, -75.1922011",39.91327125,-75.1922011,"#4DAF4A","Industrial","Vacant","High","Diesel corridor, portable toilet supplier","HighT/I","P726619","P726619 102823 102523 26th St SS RR.D","P726619 102823 102523 26th St SS RR.D","2023-10-28","2023-10-25","sample","2023-10-18","2023-10-25",10147,2,"432023",1,9.584,"REG",3.619,1.899,"REG",0.715,1.432,"REG",0.524,1.868,"REG",0.639,4.417,"REG",1.752,0.313,"REG",0.131,0.313,"REG",0.128,0.284,"REG",0.13,0.748,"REG",0.169,0.348,"REG",0.119,1.005,"REG",0.372,0.411,"REG",0.21,2.796,"REG",1.13,4.377,"REG",1.192,0.564,"REG",0.296,0.77,"REG",0.326,1.004,"REG",0.428,1.273,"REG",0.61,1.554,"REG",0.514,2.232,"REG",0.774,1.68,"REG",0.574,2.905,"REG",0.727,2.708,"REG",0.951,6.649,"REG",2.236,7.126,"ULOD",3.908,13.233,"ULOD",10.411,0.413,"ULOD",1.368,8.328,"ULOD",3.246,0.682,"REG",0.256,0.167,"REG",0.064,0.015,"LOD",0.02,0.007,"ND",0.011,0.002,"ND",0.003,0.092,"LOD",0.075,1.695,"REG",0.62,0.225,"REG",0.086,0.119,"REG",0.026,0.791,"REG",0.194,0.23464594273700415,0.6,11.452,"REG",19.2,"REG","Summer"
"9","26th & Hartranft","stationary","39.91327125, -75.1922011",39.91327125,-75.1922011,"#4DAF4A","Industrial","Vacant","High","Diesel corridor, portable toilet supplier","HighT/I","P726641","P726641 111023 110123 26th St SS RR","P726641 111023 110123 26th St SS RR.D","2023-11-10","2023-11-01","sample","2023-10-25","2023-11-01",10303,2,"442023",1,17.888,"REG",6.755,2.8,"REG",1.054,2.545,"REG",0.931,3.302,"REG",1.123,5.882,"REG",2.332,0.905,"REG",0.3,0.828,"REG",0.277,0.674,"REG",0.243,1.724,"REG",0.32,0.846,"REG",0.239,2.461,"REG",0.904,1.128,"REG",0.446,4.958,"REG",2.005,6.863,"REG",1.868,1.973,"REG",0.981,1.918,"REG",0.802,2.163,"REG",0.862,1.912,"REG",0.886,2.941,"REG",0.816,4.727,"REG",1.623,1.747,"REG",0.596,4.535,"REG",1.129,5.863,"REG",2.03,9.702,"ULOD",3.452,7.018,"ULOD",4.976,13.033,"ULOD",11.822,0.404,"ULOD",1.05,8.206,"ULOD",5.311,1.125,"REG",0.418,0.179,"REG",0.067,0.026,"LOD",0.021,0.007,"ND",0.011,0.051,"REG",0.017,0.035,"ND",0.058,1.669,"REG",0.61,0.261,"REG",0.1,0.146,"REG",0.03,0.701,"REG",0.172,0.23109311666042714,0.54,21.19,"REG",32.417,"REG","Summer"
"9","26th & Hartranft","stationary","39.91327125, -75.1922011",39.91327125,-75.1922011,"#4DAF4A","Industrial","Vacant","High","Diesel corridor, portable toilet supplier","HighT/I","P733847","P733847 111023 110823 26th SS","P733847 111023 110823 26th SS.D","2023-11-10","2023-11-08","sample","2023-11-01","2023-11-08",9873,2,"452023",1,14.21,"REG",5.366,2.417,"REG",0.91,2.041,"REG",0.746,2.544,"REG",0.867,3.783,"REG",1.5,0.85,"REG",0.285,0.814,"REG",0.273,0.635,"REG",0.232,1.537,"REG",0.291,0.77,"REG",0.221,2.319,"REG",0.851,1.147,"REG",0.455,4.317,"REG",1.745,5.21,"REG",1.419,1.882,"REG",0.937,1.883,"REG",0.788,1.969,"REG",0.79,1.384,"REG",0.66,2.335,"REG",0.684,3.499,"REG",1.204,1.671,"REG",0.571,4.4,"REG",1.096,6.619,"REG",2.29,10.124,"ULOD",3.449,7.323,"ULOD",4.323,13.6,"ULOD",10.749,0.422,"ULOD",0.899,8.563,"ULOD",5.415,0.773,"REG",0.289,0.129,"REG",0.052,0.018,"LOD",0.021,0.007,"ND",0.011,0.038,"REG",0.013,0.125,"LOD",0.08,1.65,"REG",0.604,0.227,"REG",0.087,0.153,"REG",0.031,0.678,"REG",0.166,0.24115794398383278,0.5,16.754,"REG",24.995,"REG",NA
"9","26th & Hartranft","stationary","39.91327125, -75.1922011",39.91327125,-75.1922011,"#4DAF4A","Industrial","Vacant","High","Diesel corridor, portable toilet supplier","HighT/I","P733863","P733863 112423 111523 26th St.. SS","P733863 112423 111523 26th St SS.D","2023-11-24","2023-11-15","sample","2023-11-08","2023-11-15",10176,2,"462023",1,5.93,"REG",2.239,1.776,"REG",0.669,0.828,"REG",0.303,1.167,"REG",0.405,2.331,"REG",0.924,0.422,"REG",0.159,0.395,"REG",0.149,0.3,"REG",0.134,0.644,"REG",0.155,0.31,"REG",0.111,1.083,"REG",0.4,0.468,"REG",0.226,2.448,"REG",0.99,3.023,"REG",0.823,1.458,"REG",0.728,1.215,"REG",0.51,1.325,"REG",0.545,0.862,"REG",0.44,1.596,"REG",0.522,1.614,"REG",0.566,0.884,"REG",0.311,2.416,"REG",0.606,3.668,"REG",1.277,5.795,"REG",1.95,7.034,"REG",2.573,16.626,"REG",6.073,0.619,"ULOD",0.657,9.222,"REG",3.423,0.323,"REG",0.127,0.087,"REG",0.041,0.009,"ND",0.016,0.007,"ND",0.011,0.037,"REG",0.013,0.088,"LOD",0.075,1.779,"REG",0.649,0.22,"REG",0.084,0.119,"REG",0.026,1.052,"REG",0.258,0.23397723869421982,0.8,7.0969999999999995,"REG",12.032,"REG",NA
"9","26th & Hartranft","stationary","39.91327125, -75.1922011",39.91327125,-75.1922011,"#4DAF4A","Industrial","Vacant","High","Diesel corridor, portable toilet supplier","HighT/I","P733883","P733883 112523 112223 26th St. SS","P733883 112523 112223 26th St SS.D","2023-11-25","2023-11-22","sample","2023-11-15","2023-11-22",10108,2,"472023",1,5.326,"REG",2.011,1.531,"REG",0.577,0.726,"REG",0.266,1.062,"REG",0.37,2.045,"REG",0.811,0.406,"REG",0.155,0.347,"REG",0.137,0.268,"REG",0.126,0.614,"REG",0.151,0.312,"REG",0.112,0.968,"REG",0.358,0.412,"REG",0.211,1.941,"REG",0.785,2.113,"REG",0.576,1.888,"REG",0.939,1.262,"REG",0.529,1.558,"REG",0.633,1.017,"REG",0.504,1.775,"REG",0.559,2.045,"REG",0.711,1.565,"REG",0.536,1.919,"REG",0.484,2.822,"REG",0.99,4.796,"REG",1.617,8.262,"REG",3.021,18.398,"REG",6.72,0.623,"ULOD",1.602,8.28,"REG",3.074,0.442,"REG",0.17,0.087,"REG",0.041,0.009,"ND",0.016,0.007,"ND",0.011,0.002,"ND",0.003,0.056,"LOD",0.073,1.522,"REG",0.558,0.221,"REG",0.085,0.388,"REG",0.071,0.953,"REG",0.234,0.23555128422560162,0.72,6.388,"REG",10.69,"REG",NA
"9","26th & Hartranft","stationary","39.91327125, -75.1922011",39.91327125,-75.1922011,"#4DAF4A","Industrial","Vacant","High","Diesel corridor, portable toilet supplier","HighT/I","P726601","P726601 120823 112923 26th St SS","P726601 120823 112923 26th St SS.D","2023-12-08","2023-11-29","sample","2023-11-22","2023-11-29",10003,2,"482023",1,3.262,"REG",1.232,1.208,"REG",0.455,0.406,"REG",0.149,0.678,"REG",0.246,1.46,"REG",0.579,0.261,"REG",0.12,0.184,"REG",0.1,0.152,"LOD",0.103,0.397,"REG",0.128,0.185,"REG",0.089,0.614,"REG",0.231,0.179,"LOD",0.159,0.857,"REG",0.347,1.125,"REG",0.307,1.376,"REG",0.688,0.751,"REG",0.319,1.181,"REG",0.493,0.678,"REG",0.371,1.342,"REG",0.477,0.594,"REG",0.24,0.777,"REG",0.277,0.737,"REG",0.202,1.044,"REG",0.403,1.749,"REG",0.611,4.988,"REG",1.827,11.665,"REG",4.266,0.634,"ULOD",0.967,2.578,"REG",0.97,0.253,"REG",0.104,0.029,"LOD",0.03,0.009,"ND",0.016,0.007,"ND",0.011,0.002,"ND",0.003,0.054,"LOD",0.073,1.719,"REG",0.628,0.183,"REG",0.07,0.09,"REG",0.022,0.562,"REG",0.138,0.2380238309459543,0.42,3.94,"REG",7.014,"REG",NA
"9","26th & Hartranft","stationary","39.91327125, -75.1922011",39.91327125,-75.1922011,"#4DAF4A","Industrial","Vacant","High","Diesel corridor, portable toilet supplier","HighT/I","P726649","P726649 120923 120623 26th St SS","P726649 120923 120623 26th St SS.D","2023-12-09","2023-12-06","sample","2023-11-29","2023-12-06",10230,2,"492023",1,4.402,"REG",1.663,1.571,"REG",0.592,0.651,"REG",0.238,0.886,"REG",0.312,2.228,"REG",0.883,0.273,"REG",0.121,0.212,"REG",0.104,0.199,"REG",0.11,0.472,"REG",0.134,0.236,"REG",0.096,0.681,"REG",0.255,0.321,"REG",0.185,1.329,"REG",0.537,1.79,"REG",0.487,0.93,"REG",0.471,0.506,"REG",0.219,1.015,"REG",0.431,0.81,"REG",0.419,1.271,"REG",0.459,1.162,"REG",0.417,1.093,"REG",0.379,1.282,"REG",0.329,1.558,"REG",0.566,3.078,"REG",1.045,6.361,"REG",2.327,13.113,"ULOD",5.414,0.62,"ULOD",1.007,3.512,"REG",1.312,0.363,"REG",0.141,0.066,"REG",0.036,0.027,"LOD",0.021,0.007,"ND",0.011,0.002,"ND",0.003,0.052,"LOD",0.072,1.681,"REG",0.615,0.223,"REG",0.085,0.118,"REG",0.026,0.523,"REG",0.129,0.23274216822603921,0.4,5.288,"REG",9.738,"REG",NA
"9","26th & Hartranft","stationary","39.91327125, -75.1922011",39.91327125,-75.1922011,"#4DAF4A","Industrial","Vacant","High","Diesel corridor, portable toilet supplier","HighT/I","P733873","P733873 122123 121323 26th St SS","P733873 122123 121323 26th St SS.D","2023-12-21","2023-12-13","sample","2023-12-06","2023-12-13",10159,2,"502023",1,4.189,"REG",1.582,1.425,"REG",0.537,0.635,"REG",0.232,0.847,"REG",0.299,2.133,"REG",0.846,0.275,"REG",0.122,0.231,"REG",0.108,0.2,"REG",0.111,0.459,"REG",0.133,0.201,"REG",0.091,0.645,"REG",0.242,0.293,"REG",0.18,1.182,"REG",0.478,1.663,"REG",0.453,0.912,"REG",0.462,0.472,"REG",0.205,1.163,"REG",0.485,1.038,"REG",0.511,1.531,"REG",0.51,0.697,"REG",0.27,0.792,"REG",0.282,1.237,"REG",0.318,1.19,"REG",0.448,2.804,"REG",0.955,4.662,"REG",1.708,10.825,"REG",3.96,0.414,"ULOD",0.663,4.244,"REG",1.582,0.288,"REG",0.116,0.085,"REG",0.04,0.027,"LOD",0.021,0.007,"ND",0.011,0.002,"ND",0.003,0.052,"LOD",0.072,2.228,"REG",0.81,0.18,"REG",0.069,0.119,"REG",0.026,1.133,"REG",0.278,0.23436877457942526,0.86,5.036,"REG",9.229,"REG","Winter"
"9","26th & Hartranft","stationary","39.91327125, -75.1922011",39.91327125,-75.1922011,"#4DAF4A","Industrial","Vacant","High","Diesel corridor, portable toilet supplier","HighT/I","P726602","P726602 122123 121323 26th St SS","P726602 122123 121323 26th St SS.D","2023-12-21","2023-12-13","sample","2023-12-13","2023-12-20",9863,1,"512023",1,1.565,"REG",0.591,0.658,"REG",0.249,0.235,"REG",0.087,0.329,"REG",0.141,0.872,"REG",0.346,0.104,"REG",0.094,0.093,"REG",0.087,0.069,"LOD",0.093,0.166,"REG",0.113,0.075,"REG",0.078,0.229,"REG",0.098,0.106,"LOD",0.152,0.48,"REG",0.195,0.843,"REG",0.23,0.256,"REG",0.164,0.13,"REG",0.079,0.449,"REG",0.248,0.477,"REG",0.302,0.67,"REG",0.378,1.134,"REG",0.409,1.383,"ULOD",0.884,1.025,"REG",0.269,0.725,"REG",0.31,2.686,"REG",0.917,3.665,"ULOD",5.131,6.794,"ULOD",10.109,0.21,"ULOD",3.392,3.708,"REG",1.385,0.437,"REG",0.168,0.254,"REG",0.092,0.01,"ND",0.016,0.007,"ND",0.011,0.019,"REG",0.007,0.02,"LOD",0.073,1.102,"REG",0.409,0.162,"REG",0.062,0.077,"REG",0.02,0.624,"REG",0.153,0.2414024516832993,0.46,1.894,"REG",3.6590000000000003,"REG","Winter"
"9","26th & Hartranft","stationary","39.91327125, -75.1922011",39.91327125,-75.1922011,"#4DAF4A","Industrial","Vacant","High","Diesel corridor, portable toilet supplier","HighT/I","P733848","P733848 011724 011024 26th St SS","P733848 011724 011024 26th St SS.D","2024-01-17","2024-01-10","sample","2024-01-03","2024-01-10",10066,2,"22024",1,2.509,"REG",0.948,1.815,"REG",0.683,0.475,"REG",0.174,0.569,"REG",0.211,2.015,"REG",0.799,0.204,"REG",0.108,0.15,"LOD",0.093,0.135,"LOD",0.099,0.288,"REG",0.118,0.127,"LOD",0.081,0.403,"REG",0.156,0.207,"LOD",0.163,0.972,"REG",0.393,1.59,"REG",0.433,0.429,"REG",0.236,0.292,"REG",0.135,0.649,"REG",0.306,0.688,"REG",0.373,1.004,"REG",0.418,1.857,"REG",0.648,3.242,"REG",1.097,2.077,"REG",0.523,1.065,"REG",0.409,5.69,"REG",1.915,10.774,"ULOD",7.337,19.749,"ULOD",20.548,0.117,"ULOD",2.101,6.077,"REG",2.259,0.303,"REG",0.121,0.402,"REG",0.141,0.03,"REG",0.022,0.007,"ND",0.011,0.037,"REG",0.013,0.053,"LOD",0.073,1.709,"REG",0.625,0.249,"REG",0.095,0.111,"REG",0.025,0.556,"REG",0.137,0.23653411294976961,0.41800000000000004,3.078,"REG",7.383,"REG","Winter"
"9","26th & Hartranft","stationary","39.91327125, -75.1922011",39.91327125,-75.1922011,"#4DAF4A","Industrial","Vacant","High","Diesel corridor, portable toilet supplier","HighT/I","P733867","P733867 012524 011724 26th St SS","P733867 012524 011724 26th St SS.D","2024-01-25","2024-01-17","sample","2024-01-10","2024-01-17",10433,2,"32024",1,1.886,"REG",0.712,1.349,"REG",0.508,0.312,"REG",0.115,0.44,"REG",0.171,1.284,"REG",0.509,0.143,"LOD",0.095,0.113,"LOD",0.085,0.097,"LOD",0.091,0.228,"REG",0.111,0.087,"LOD",0.075,0.232,"REG",0.098,0.143,"LOD",0.148,0.709,"REG",0.287,1.151,"REG",0.314,0.654,"REG",0.338,0.375,"REG",0.166,0.49,"REG",0.253,0.412,"REG",0.273,0.764,"REG",0.373,0.543,"REG",0.222,0.71,"REG",0.255,0.825,"REG",0.22,0.5,"REG",0.245,1.993,"REG",0.688,6.687,"REG",2.447,13.971,"REG",5.105,0.42,"ULOD",0.968,2.459,"REG",0.925,0.406,"REG",0.156,0.074,"REG",0.037,0.009,"ND",0.015,0.007,"ND",0.011,0.002,"ND",0.003,0.051,"LOD",0.07,2.169,"REG",0.79,0.153,"REG",0.059,0.078,"REG",0.02,1.818,"REG",0.446,0.22821358966283725,1.418,2.326,"REG",5.271,"REG","Winter"
"9","26th & Hartranft","stationary","39.91327125, -75.1922011",39.91327125,-75.1922011,"#4DAF4A","Industrial","Vacant","High","Diesel corridor, portable toilet supplier","HighT/I","P726663","P726663 020824 013124 26th St SS","P726663 020824 013124 26th St SS.D","2024-02-08","2024-01-31","sample","2024-01-24","2024-01-31",10103,2,"52024",1,4.101,"REG",1.549,1.769,"REG",0.666,0.639,"REG",0.234,0.877,"REG",0.309,2.876,"REG",1.14,0.259,"REG",0.119,0.182,"REG",0.099,0.235,"REG",0.118,0.512,"REG",0.14,0.184,"REG",0.088,0.568,"REG",0.214,0.324,"REG",0.188,1.837,"REG",0.743,2.596,"REG",0.707,0.694,"REG",0.358,0.586,"REG",0.251,1.047,"REG",0.443,0.815,"REG",0.422,1.218,"REG",0.453,0.589,"REG",0.238,0.986,"REG",0.345,1.513,"REG",0.385,1.139,"REG",0.432,3.413,"REG",1.157,5.475,"REG",2.004,14.753,"REG",5.39,0.634,"ULOD",1.008,3.428,"REG",1.281,0.428,"REG",0.165,0.052,"REG",0.033,0.009,"ND",0.016,0.007,"ND",0.011,0.002,"ND",0.003,0.054,"LOD",0.073,2.33,"REG",0.847,0.305,"REG",0.116,0.179,"REG",0.035,0.503,"REG",0.124,0.23566785914603394,0.38,4.978,"REG",10.262,"REG","Winter"
"9","26th & Hartranft","stationary","39.91327125, -75.1922011",39.91327125,-75.1922011,"#4DAF4A","Industrial","Vacant","High","Diesel corridor, portable toilet supplier","HighT/I","P726613","P726613 021524 020724 26th St SS","P726613 021524 020724 26th St SS.D","2024-02-15","2024-02-07","sample","2024-01-31","2024-02-07",10092,2,"62024",1,4.32,"REG",1.632,2.622,"REG",0.987,0.705,"REG",0.258,0.833,"REG",0.295,2.72,"REG",1.079,0.185,"REG",0.104,0.149,"LOD",0.093,0.134,"LOD",0.099,0.325,"REG",0.121,0.202,"REG",0.091,0.568,"REG",0.214,0.236,"LOD",0.169,2.18,"REG",0.881,2.436,"REG",0.663,0.694,"REG",0.358,0.587,"REG",0.251,0.626,"REG",0.299,0.63,"REG",0.352,1.093,"REG",0.432,0.729,"REG",0.28,0.703,"REG",0.254,1.568,"REG",0.398,1.522,"REG",0.555,3.665,"REG",1.241,5.338,"REG",1.954,10.777,"REG",3.942,0.634,"ULOD",0.565,6.364,"REG",2.365,0.311,"REG",0.124,0.014,"ND",0.023,0.009,"ND",0.016,0.007,"ND",0.011,0.002,"ND",0.003,0.054,"LOD",0.073,2.691,"REG",0.977,0.26,"REG",0.099,0.209,"REG",0.04,1.617,"REG",0.397,0.23592473057395771,1.22,5.1530000000000005,"REG",11.200000000000001,"REG","Winter"
"9","26th & Hartranft","stationary","39.91327125, -75.1922011",39.91327125,-75.1922011,"#4DAF4A","Industrial","Vacant","High","Diesel corridor, portable toilet supplier","HighT/I","P733871","P733871 021624 021424 26th St SS","P733871 021624 021424 26th St SS.D","2024-02-16","2024-02-14","sample","2024-02-07","2024-02-14",10001,2,"72024",1,7.21,"REG",2.723,4.422,"REG",1.663,1.254,"REG",0.459,1.297,"REG",0.448,3.707,"REG",1.47,0.467,"REG",0.172,0.435,"REG",0.161,0.322,"REG",0.14,0.672,"REG",0.16,0.501,"REG",0.154,1.516,"REG",0.558,0.685,"REG",0.295,3.336,"REG",1.349,3.939,"REG",1.073,1.075,"REG",0.542,0.826,"REG",0.35,1.625,"REG",0.658,1.991,"REG",0.922,3.021,"REG",0.839,2.067,"REG",0.719,1.718,"REG",0.587,3.058,"REG",0.764,3.074,"REG",1.075,7.796,"REG",2.619,7.23,"ULOD",4.308,13.426,"ULOD",8.187,0.64,"ULOD",1.268,8.451,"ULOD",5.517,0.472,"REG",0.18,0.072,"REG",0.037,0.009,"ND",0.016,0.007,"ND",0.011,0.052,"REG",0.018,0.054,"LOD",0.073,2.625,"REG",0.954,0.308,"REG",0.118,0.271,"REG",0.051,1.364,"REG",0.335,0.23807143095214287,1.02,8.507,"REG",17.89,"REG","Winter"
"9","26th & Hartranft","stationary","39.91327125, -75.1922011",39.91327125,-75.1922011,"#4DAF4A","Industrial","Vacant","High","Diesel corridor, portable toilet supplier","HighT/I","P733878","P733878 022924 022124 26th St SS","P733878 022924 022124 26th St SS.D","2024-02-29","2024-02-21","sample","2024-02-14","2024-02-21",10085,2,"82024",1,2.664,"REG",1.006,1.693,"REG",0.637,0.49,"REG",0.18,0.517,"REG",0.195,1.482,"REG",0.588,0.043,"ND",0.072,0.199,"REG",0.102,0.135,"LOD",0.099,0.274,"REG",0.117,0.166,"REG",0.086,0.488,"REG",0.186,0.295,"REG",0.181,0.975,"REG",0.394,1.203,"REG",0.328,0.547,"REG",0.288,0.433,"REG",0.189,0.739,"REG",0.336,0.892,"REG",0.453,1.431,"REG",0.492,1.404,"REG",0.497,0.582,"REG",0.216,0.784,"REG",0.212,1.359,"REG",0.502,2.032,"REG",0.702,3.477,"REG",1.277,8.055,"REG",2.952,0.387,"REG",0.145,3.393,"REG",1.268,0.194,"REG",0.085,0.033,"LOD",0.03,0.009,"ND",0.016,0.007,"ND",0.011,0.002,"ND",0.003,0.035,"ND",0.06,1.795,"REG",0.656,0.17,"REG",0.065,0.09,"REG",0.022,0.504,"REG",0.124,0.23608848596453952,0.38,3.181,"REG",6.846000000000001,"REG","Winter"
"9","26th & Hartranft","stationary","39.91327125, -75.1922011",39.91327125,-75.1922011,"#4DAF4A","Industrial","Vacant","High","Diesel corridor, portable toilet supplier","HighT/I","P733867","P733867 030124 022824 26th SS","P733867 030124 022824 26th SS.D","2024-03-01","2024-02-28","sample","2024-02-21","2024-02-28",10096,2,"92024",1,3.091,"REG",1.168,1.414,"REG",0.533,0.468,"REG",0.172,0.629,"REG",0.23,1.576,"REG",0.625,0.185,"REG",0.104,0.182,"REG",0.099,0.151,"LOD",0.102,0.342,"REG",0.122,0.184,"REG",0.088,0.446,"REG",0.171,0.236,"LOD",0.168,0.764,"REG",0.309,0.922,"REG",0.252,0.595,"REG",0.312,0.356,"REG",0.159,0.879,"REG",0.384,1.189,"REG",0.575,1.599,"REG",0.524,0.561,"REG",0.23,0.54,"REG",0.204,0.54,"REG",0.158,0.976,"REG",0.382,1.386,"REG",0.495,3.187,"REG",1.171,6.451,"REG",2.369,0.376,"REG",0.14,2.049,"REG",0.777,0.022,"ND",0.038,0.033,"LOD",0.03,0.009,"ND",0.016,0.007,"ND",0.011,0.002,"ND",0.003,0.02,"LOD",0.072,1.524,"REG",0.559,0.169,"REG",0.065,0.09,"REG",0.022,0.397,"REG",0.098,0.2358312580182628,0.3,3.72,"REG",7.178000000000001,"REG",NA
"9","26th & Hartranft","stationary","39.91327125, -75.1922011",39.91327125,-75.1922011,"#4DAF4A","Industrial","Vacant","High","Diesel corridor, portable toilet supplier","HighT/I","P726617","P726617 031524 030624 26th St SS","P726617 031524 030624 26th St SS.D","2024-03-15","2024-03-06","sample","2024-02-28","2024-03-06",10120,2,"102024",1,2.132,"REG",0.805,1.105,"REG",0.417,0.317,"REG",0.117,0.47,"REG",0.18,1.452,"REG",0.575,0.129,"LOD",0.095,0.116,"LOD",0.088,0.114,"LOD",0.096,0.272,"REG",0.117,0.128,"LOD",0.081,0.321,"REG",0.128,0.147,"LOD",0.153,0.586,"REG",0.237,0.804,"REG",0.22,0.365,"REG",0.207,0.284,"REG",0.131,0.466,"REG",0.25,0.715,"REG",0.383,0.79,"REG",0.386,0.42,"REG",0.191,0.362,"REG",0.152,0.507,"REG",0.151,0.535,"REG",0.257,1.177,"REG",0.429,2.138,"REG",0.791,5.463,"REG",2.012,0.397,"ULOD",0.497,1.324,"REG",0.517,0.165,"REG",0.076,0.014,"ND",0.023,0.009,"ND",0.016,0.007,"ND",0.011,0.029,"REG",0.01,0.054,"LOD",0.072,1.789,"REG",0.653,0.13,"REG",0.051,0.088,"REG",0.022,0.654,"REG",0.161,0.2352719744024092,0.49475,2.6020000000000003,"REG",5.476,"REG",NA
"9","26th & Hartranft","stationary","39.91327125, -75.1922011",39.91327125,-75.1922011,"#4DAF4A","Industrial","Vacant","High","Diesel corridor, portable toilet supplier","HighT/I","P733891","P733891 031624 031324 26th St SS","P733891 031624 031324 26th St SS.D","2024-03-16","2024-03-13","sample","2024-03-06","2024-03-13",9993,2,"112024",1,3.864,"REG",1.46,1.558,"REG",0.587,0.56,"REG",0.205,0.75,"REG",0.269,2.658,"REG",1.054,0.187,"REG",0.105,0.167,"REG",0.097,0.149,"LOD",0.102,0.396,"REG",0.128,0.185,"REG",0.089,0.49,"REG",0.187,0.268,"LOD",0.176,1.123,"REG",0.454,2.484,"REG",0.676,0.244,"REG",0.158,0.327,"REG",0.148,0.586,"REG",0.287,0.8,"REG",0.417,0.928,"REG",0.409,1.36,"REG",0.483,1.104,"REG",0.384,1.306,"REG",0.336,1.312,"REG",0.487,3.192,"REG",1.084,7.121,"REG",2.605,13.393,"ULOD",6.144,0.403,"ULOD",1.156,3.836,"REG",1.432,0.524,"REG",0.199,0.161,"REG",0.062,0.009,"ND",0.016,0.007,"ND",0.011,0.03,"REG",0.011,0.055,"LOD",0.073,1.721,"REG",0.629,0.178,"REG",0.068,0.09,"REG",0.022,0.662,"REG",0.162,0.23826202151029532,0.49475,4.614,"REG",9.39,"REG",NA
"9","26th & Hartranft","stationary","39.91327125, -75.1922011",39.91327125,-75.1922011,"#4DAF4A","Industrial","Vacant","High","Diesel corridor, portable toilet supplier","HighT/I","P726604","P726604 040224 032024 26th St SS","P726604 040224 032024 26th St SS.D","2024-04-02","2024-03-20","sample","2024-03-13","2024-03-20",10410,2,"122024",1,4.513,"REG",1.705,1.17,"REG",0.441,0.662,"REG",0.243,0.851,"REG",0.3,2.289,"REG",0.908,0.251,"REG",0.116,0.257,"REG",0.113,0.208,"REG",0.111,0.496,"REG",0.135,0.231,"REG",0.095,0.667,"REG",0.249,0.372,"REG",0.197,1.332,"REG",0.539,1.707,"REG",0.465,0.523,"REG",0.277,0.482,"REG",0.208,0.89,"REG",0.385,1.093,"REG",0.533,1.465,"REG",0.492,2.475,"REG",0.856,1.059,"REG",0.368,1.281,"REG",0.328,1.999,"REG",0.711,3.208,"REG",1.088,5.031,"REG",1.842,11.761,"REG",4.3,0.592,"ULOD",0.401,5.47,"REG",2.034,0.198,"REG",0.085,0.013,"ND",0.022,0.009,"ND",0.015,0.007,"ND",0.011,0.036,"REG",0.012,0.085,"LOD",0.072,2,"REG",0.729,0.127,"REG",0.049,0.085,"REG",0.021,1.278,"REG",0.313,0.22871780796852845,0.99475,5.364,"REG",9.485,"REG",NA
"9","26th & Hartranft","stationary","39.91327125, -75.1922011",39.91327125,-75.1922011,"#4DAF4A","Industrial","Vacant","High","Diesel corridor, portable toilet supplier","HighT/I","P733879","P733879 041224 041024 26th St SS","P733879 041224 041024 26th St SS.D","2024-04-12","2024-04-10","sample","2024-04-03","2024-04-10",10084,2,"152024",1,3.442,"REG",1.3,1.139,"REG",0.429,0.465,"REG",0.171,0.696,"REG",0.251,1.568,"REG",0.622,0.259,"REG",0.119,0.232,"REG",0.109,0.185,"REG",0.108,0.205,"LOD",0.113,0.203,"REG",0.091,0.569,"REG",0.214,0.266,"LOD",0.175,0.832,"REG",0.337,1.011,"REG",0.276,0.762,"REG",0.39,0.478,"REG",0.207,0.887,"REG",0.387,1.307,"REG",0.625,1.575,"REG",0.52,1.713,"REG",0.6,1.177,"REG",0.407,0.972,"REG",0.256,1.145,"REG",0.434,2.528,"REG",0.864,5.481,"REG",2.007,12.7,"REG",4.642,0.626,"ULOD",0.875,2.893,"REG",1.085,0.368,"REG",0.143,0.038,"LOD",0.031,0.009,"ND",0.016,0.007,"ND",0.011,0.037,"REG",0.013,0.075,"LOD",0.074,1.257,"REG",0.463,0.136,"REG",0.053,0.09,"REG",0.022,0.345,"REG",0.085,0.23611189815077163,0.26,4.138,"REG",7.31,"REG",NA
"9","26th & Hartranft","stationary","39.91327125, -75.1922011",39.91327125,-75.1922011,"#4DAF4A","Industrial","Vacant","High","Diesel corridor, portable toilet supplier","HighT/I","P726660","P726660 042624 041724 26th SS","P726660 042624 041724 26th SS.D","2024-04-26","2024-04-17","sample","2024-04-10","2024-04-17",10174,2,"162024",1,5.727,"REG",2.163,1.148,"REG",0.433,0.803,"REG",0.294,1.027,"REG",0.358,1.885,"REG",0.748,0.33,"REG",0.135,0.362,"REG",0.141,0.266,"REG",0.125,0.593,"REG",0.148,0.328,"REG",0.115,0.966,"REG",0.358,0.439,"REG",0.218,1.345,"REG",0.544,1.441,"REG",0.393,0.681,"REG",0.352,0.588,"REG",0.252,1.214,"REG",0.504,1.443,"REG",0.683,1.979,"REG",0.602,1.948,"REG",0.678,1.032,"REG",0.36,1.339,"REG",0.343,1.783,"REG",0.64,3.39,"REG",1.149,4.935,"REG",1.807,10.806,"REG",3.953,0.621,"ULOD",0.361,5.401,"REG",2.009,0.248,"REG",0.102,0.057,"REG",0.034,0.009,"ND",0.016,0.007,"ND",0.011,0.044,"REG",0.015,0.041,"LOD",0.072,2.047,"REG",0.746,0.135,"REG",0.052,0.089,"REG",0.022,0.71,"REG",0.174,0.23402323382665433,0.54,6.7540000000000004,"REG",10.59,"REG",NA
"9","26th & Hartranft","stationary","39.91327125, -75.1922011",39.91327125,-75.1922011,"#4DAF4A","Industrial","Vacant","High","Diesel corridor, portable toilet supplier","HighT/I","P733899","P733899 042724 042424 26th  SS","P733899 042724 042424 26th SS.D","2024-04-27","2024-04-24","sample","2024-04-17","2024-04-24",9782,2,"172024",1,3.548,"REG",1.34,0.97,"REG",0.366,0.458,"REG",0.168,0.671,"REG",0.244,1.256,"REG",0.498,0.248,"REG",0.118,0.222,"REG",0.109,0.174,"LOD",0.108,0.388,"REG",0.129,0.19,"REG",0.091,0.628,"REG",0.236,0.244,"LOD",0.174,0.885,"REG",0.358,0.946,"REG",0.258,1.142,"REG",0.575,0.532,"REG",0.23,1.03,"REG",0.44,0.885,"REG",0.453,1.492,"REG",0.51,0.84,"REG",0.315,0.432,"REG",0.173,0.807,"REG",0.218,1.011,"REG",0.395,1.941,"REG",0.674,2.472,"REG",0.912,5.817,"REG",2.141,0.491,"REG",0.183,2.809,"REG",1.055,0.298,"REG",0.12,0.039,"LOD",0.032,0.01,"ND",0.016,0.007,"ND",0.011,0.031,"REG",0.011,0.043,"LOD",0.075,2.128,"REG",0.775,0.14,"REG",0.054,0.062,"REG",0.019,0.957,"REG",0.235,0.24340138836151923,0.7,4.219,"REG",6.9030000000000005,"REG",NA
"9","26th & Hartranft","stationary","39.91327125, -75.1922011",39.91327125,-75.1922011,"#4DAF4A","Industrial","Vacant","High","Diesel corridor, portable toilet supplier","HighT/I","P726616","P726616 051124 050124 26th SS","P726616 051124 050124 26th SS.D","2024-05-11","2024-05-01","sample","2024-04-24","2024-05-01",10184,2,"182024",1,3.947,"REG",1.491,1,"REG",0.377,0.503,"REG",0.185,0.818,"REG",0.29,1.806,"REG",0.716,0.312,"REG",0.131,0.345,"REG",0.136,0.25,"REG",0.121,0.474,"REG",0.135,0.273,"REG",0.104,0.72,"REG",0.268,0.263,"LOD",0.173,0.982,"REG",0.397,0.983,"REG",0.268,1.805,"REG",0.899,0.836,"REG",0.353,1.692,"REG",0.683,2.625,"REG",1.202,3.076,"REG",0.85,0.64,"REG",0.252,0.469,"REG",0.182,0.698,"REG",0.192,0.81,"REG",0.331,1.668,"REG",0.584,1.136,"REG",0.433,7.054,"REG",2.588,0.622,"ULOD",0.277,2.117,"REG",0.801,0.163,"REG",0.075,0.036,"LOD",0.03,0.009,"ND",0.016,0.007,"ND",0.011,0.059,"REG",0.02,0.052,"LOD",0.072,1.955,"REG",0.713,0.125,"REG",0.049,0.089,"REG",0.022,0.234,"REG",0.058,0.23379343882093295,0.178,4.765,"REG",8.074,"REG",NA
"9","26th & Hartranft","stationary","39.91327125, -75.1922011",39.91327125,-75.1922011,"#4DAF4A","Industrial","Vacant","High","Diesel corridor, portable toilet supplier","HighT/I","P726659","P726659 051224 050824 26th SS","P726659 051224 050824 26th SS.D","2024-05-12","2024-05-08","sample","2024-05-01","2024-05-08",10269,2,"192024",1,4.336,"REG",1.638,1.244,"REG",0.469,0.584,"REG",0.214,0.856,"REG",0.302,1.854,"REG",0.735,0.291,"REG",0.125,0.293,"REG",0.122,0.215,"REG",0.113,0.437,"REG",0.13,0.217,"REG",0.093,0.634,"REG",0.238,0.261,"LOD",0.172,0.741,"REG",0.3,0.86,"REG",0.235,1.012,"REG",0.51,0.506,"REG",0.219,1.595,"REG",0.646,2.274,"REG",1.046,2.843,"REG",0.794,0.883,"REG",0.327,0.558,"REG",0.208,0.559,"REG",0.161,0.642,"REG",0.283,1.363,"REG",0.487,1.232,"REG",0.466,7.257,"REG",2.662,0.616,"ULOD",0.271,1.935,"REG",0.735,0.123,"REG",0.064,0.017,"LOD",0.028,0.009,"ND",0.016,0.007,"ND",0.011,0.051,"REG",0.017,0.085,"REG",0.073,1.94,"REG",0.707,0.124,"REG",0.048,0.088,"REG",0.022,0.206,"REG",0.051,0.23185825113958333,0.158,5.192,"REG",8.874,"REG",NA
"9","26th & Hartranft","stationary","39.91327125, -75.1922011",39.91327125,-75.1922011,"#4DAF4A","Industrial","Vacant","High","Diesel corridor, portable toilet supplier","HighT/I","P733861","P733861 052324 051524 26th SS","P733861 052324 051524 26th SS.D","2024-05-23","2024-05-15","sample","2024-05-08","2024-05-15",10125,2,"202024",1,2.654,"REG",1.002,2.524,"REG",0.95,0.313,"REG",0.115,0.508,"REG",0.192,1.595,"REG",0.632,0.166,"LOD",0.101,0.165,"REG",0.096,0.134,"LOD",0.099,0.29,"REG",0.118,0.146,"REG",0.083,0.401,"REG",0.155,0.147,"LOD",0.153,0.517,"REG",0.209,0.571,"REG",0.156,0.36,"REG",0.205,0.225,"REG",0.11,0.805,"REG",0.358,1.45,"REG",0.686,1.747,"REG",0.554,0.559,"REG",0.229,0.256,"REG",0.125,0.594,"REG",0.17,0.489,"REG",0.246,1.382,"REG",0.494,2.285,"REG",0.844,5.437,"REG",2.002,0.415,"ULOD",0.362,1.879,"REG",0.715,0.022,"ND",0.038,0.017,"LOD",0.028,0.009,"ND",0.016,0.007,"ND",0.011,0.002,"ND",0.003,0.053,"LOD",0.072,2.325,"REG",0.846,0.126,"REG",0.049,0.06,"REG",0.018,0.843,"REG",0.207,0.23515579071134626,0.638,3.162,"REG",7.593999999999999,"REG",NA
"9","26th & Hartranft","stationary","39.91327125, -75.1922011",39.91327125,-75.1922011,"#4DAF4A","Industrial","Vacant","High","Diesel corridor, portable toilet supplier","HighT/I","P733886","P733886 052424 052224 26th SS","P733886 052424 052224 26th SS.D","2024-05-24","2024-05-22","sample","2024-05-15","2024-05-22",9854,2,"212024",1,3.167,"REG",1.196,1.195,"REG",0.451,0.41,"REG",0.151,0.614,"REG",0.226,1.541,"REG",0.611,0.189,"REG",0.107,0.187,"REG",0.101,0.155,"LOD",0.104,0.333,"REG",0.124,0.17,"REG",0.088,0.453,"REG",0.174,0.181,"LOD",0.162,0.612,"REG",0.248,0.778,"REG",0.212,0.37,"REG",0.21,0.251,"REG",0.12,0.942,"REG",0.408,1.758,"REG",0.821,2.055,"REG",0.623,0.46,"REG",0.204,0.249,"REG",0.125,0.582,"REG",0.168,0.558,"REG",0.266,1.42,"REG",0.507,2.311,"REG",0.854,5.996,"REG",2.205,0.426,"ULOD",0.2,2.102,"REG",0.797,0.169,"REG",0.077,0.037,"LOD",0.031,0.065,"REG",0.031,0.007,"ND",0.011,0.038,"REG",0.013,0.054,"LOD",0.074,2.021,"REG",0.737,0.13,"REG",0.051,0.092,"REG",0.022,0.622,"REG",0.153,0.24162293291580889,0.458,3.7809999999999997,"REG",6.927,"REG",NA
"9","26th & Hartranft","stationary","39.91327125, -75.1922011",39.91327125,-75.1922011,"#4DAF4A","Industrial","Vacant","High","Diesel corridor, portable toilet supplier","HighT/I","P733845","P733845 060624 052924 26th SS","P733845 060624 052924 26TH SS.D","2024-06-06","2024-05-29","sample","2024-05-22","2024-05-29",10308,2,"222024",1,2.529,"REG",0.955,0.765,"REG",0.289,0.355,"REG",0.13,0.551,"REG",0.204,1.33,"REG",0.527,0.216,"REG",0.109,0.244,"REG",0.11,0.197,"REG",0.109,0.368,"REG",0.123,0.179,"REG",0.087,0.471,"REG",0.179,0.231,"LOD",0.165,0.581,"REG",0.235,0.504,"REG",0.138,0.68,"REG",0.35,0.348,"REG",0.155,1.265,"REG",0.522,2.302,"REG",1.058,3.167,"REG",0.87,1.566,"REG",0.55,0.754,"REG",0.269,0.53,"REG",0.155,0.693,"REG",0.297,1.163,"REG",0.425,1.682,"REG",0.626,4.103,"REG",1.521,0.302,"REG",0.113,2.297,"REG",0.866,0.142,"REG",0.068,0.013,"ND",0.023,0.07,"REG",0.033,0.007,"ND",0.011,0.002,"ND",0.003,0.593,"REG",0.17,0.966,"REG",0.36,0.088,"REG",0.035,0.087,"REG",0.022,0.26,"REG",0.064,0.23098102259918327,0.2,3.08,"REG",5.53,"REG",NA
"9","26th & Hartranft","stationary","39.91327125, -75.1922011",39.91327125,-75.1922011,"#4DAF4A","Industrial","Vacant","High","Diesel corridor, portable toilet supplier","HighT/I","P733897","P733897 062124 061224 26th SS","P733897 062124 061224 26th SS.D","2024-06-21","2024-06-12","sample","2024-06-05","2024-06-12",9828,2,"242024",1,3.945,"REG",1.49,0.741,"REG",0.28,0.527,"REG",0.193,0.74,"REG",0.266,1.247,"REG",0.495,0.227,"REG",0.114,0.238,"REG",0.112,0.173,"LOD",0.108,0.369,"REG",0.127,0.169,"REG",0.088,0.536,"REG",0.203,0.242,"LOD",0.173,0.663,"REG",0.268,0.648,"REG",0.177,0.789,"REG",0.404,0.404,"REG",0.179,1.096,"REG",0.463,1.839,"REG",0.857,2.194,"REG",0.654,1.671,"REG",0.586,0.444,"REG",0.176,0.528,"REG",0.157,0.839,"REG",0.343,1.322,"REG",0.477,1.543,"REG",0.578,3.962,"REG",1.472,0.283,"REG",0.105,2.065,"REG",0.784,0.149,"REG",0.072,0.014,"ND",0.024,0.064,"REG",0.031,0.007,"ND",0.011,0.044,"REG",0.015,0.112,"REG",0.079,1.29,"REG",0.476,0.139,"REG",0.054,0.061,"REG",0.019,0.272,"REG",0.067,0.24226214702405177,0.2,4.685,"REG",7.2,"REG",NA
"9","26th & Hartranft","stationary","39.91327125, -75.1922011",39.91327125,-75.1922011,"#4DAF4A","Industrial","Vacant","High","Diesel corridor, portable toilet supplier","HighT/I","P726658","P726658 062124 061924 26th SS","P726658 062124 061924 26th SS.D","2024-06-21","2024-06-19","sample","2024-06-12","2024-06-19",10148,2,"252024",1,2.232,"REG",0.843,0.6,"REG",0.228,0.318,"REG",0.117,0.492,"REG",0.187,0.939,"REG",0.373,0.165,"LOD",0.1,0.165,"REG",0.095,0.134,"LOD",0.098,0.306,"REG",0.119,0.127,"LOD",0.081,0.398,"REG",0.154,0.176,"LOD",0.157,0.46,"REG",0.186,0.419,"REG",0.115,0.641,"REG",0.333,0.334,"REG",0.15,0.81,"REG",0.36,1.373,"REG",0.653,1.747,"REG",0.553,0.335,"REG",0.17,0.148,"LOD",0.103,0.323,"REG",0.116,0.433,"REG",0.233,0.788,"REG",0.314,0.711,"REG",0.287,1.919,"REG",0.75,0.109,"REG",0.041,1.25,"REG",0.491,0.066,"REG",0.051,0.014,"ND",0.023,0.152,"REG",0.061,0.007,"ND",0.011,0.002,"ND",0.003,0.01,"LOD",0.071,1.249,"REG",0.461,0.09,"REG",0.036,0.06,"REG",0.018,0.211,"REG",0.052,0.23462282035399892,0.16,2.724,"REG",4.581,"REG",NA
"9","26th & Hartranft","stationary","39.91327125, -75.1922011",39.91327125,-75.1922011,"#4DAF4A","Industrial","Vacant","High","Diesel corridor, portable toilet supplier","HighT/I","P733857","P733857 062724 061924 26th SS","P733857 062724 061924 26th SS.D","2024-06-27","2024-06-19","sample","2024-06-19","2024-06-26",10089,2,"262024",1,2.768,"REG",1.045,0.564,"REG",0.214,0.363,"REG",0.133,0.562,"REG",0.209,2.487,"REG",0.986,0.184,"REG",0.104,0.182,"REG",0.099,0.134,"LOD",0.099,0.205,"LOD",0.113,0.128,"LOD",0.081,0.359,"REG",0.141,0.147,"LOD",0.153,0.567,"REG",0.23,0.515,"REG",0.141,0.67,"REG",0.347,0.374,"REG",0.166,0.871,"REG",0.381,1.157,"REG",0.561,1.589,"REG",0.522,0.505,"REG",0.214,0.216,"REG",0.116,0.352,"REG",0.121,0.545,"REG",0.26,0.842,"REG",0.33,0.894,"REG",0.349,2.196,"REG",0.846,0.001,"ND",0.001,1.383,"REG",0.538,0.145,"REG",0.07,0.014,"ND",0.023,0.126,"REG",0.052,0.007,"ND",0.011,0.002,"ND",0.003,0.01,"LOD",0.071,1.166,"REG",0.432,0.09,"REG",0.036,0.03,"REG",0.016,0.292,"REG",0.072,0.23599488363092289,0.22,3.33,"REG",6.744000000000001,"REG",NA
"10","Hartranft & Pietro Wy","rotating","39.91118246, -75.1885003",39.91118246,-75.1885003,NA,"Non-Industrial","Residential","Low",NA,"LowT/NoI","P733894","P733894 082423 081623 Siena Place SS","P733894 082423 081623 Siena Place SS.D","2023-08-24","2023-08-16","sample","2023-08-09","2023-08-16",10118,2,"332023",1,1.618,"REG",0.611,0.523,"REG",0.199,0.322,"REG",0.119,0.429,"REG",0.168,1.062,"REG",0.421,0.043,"ND",0.071,0.083,"LOD",0.083,0.117,"LOD",0.096,0.253,"REG",0.116,0.088,"LOD",0.077,0.236,"REG",0.1,0.176,"LOD",0.157,0.505,"REG",0.205,0.441,"REG",0.121,0.453,"REG",0.245,0.308,"REG",0.141,0.458,"REG",0.248,0.49,"REG",0.302,0.843,"REG",0.393,0.196,"LOD",0.142,0.189,"REG",0.111,0.324,"REG",0.116,0.525,"REG",0.255,0.79,"REG",0.315,0.714,"REG",0.289,1.836,"REG",0.722,0.138,"REG",0.051,1.086,"REG",0.435,0.098,"REG",0.058,0.014,"ND",0.023,0.131,"REG",0.054,0.007,"ND",0.011,0.002,"ND",0.003,0.035,"ND",0.059,1.073,"REG",0.398,0.09,"REG",0.036,0.09,"REG",0.022,0.212,"REG",0.052,0.2353184800308738,0.16,2.047,"REG",3.954,"REG","Summer"
"10","Hartranft & Pietro Wy","rotating","39.91118246, -75.1885003",39.91118246,-75.1885003,NA,"Non-Industrial","Residential","Low",NA,"LowT/NoI","P733885","P733885 082523 082323 Siena Place SS","P733885 082523 082323 Siena Place SS.D","2023-08-25","2023-08-23","sample","2023-08-16","2023-08-23",9944,2,"342023",1,1.584,"REG",0.599,0.733,"REG",0.277,0.306,"REG",0.112,0.436,"REG",0.171,1.048,"REG",0.416,0.15,"LOD",0.099,0.118,"LOD",0.089,0.119,"LOD",0.098,0.24,"REG",0.117,0.09,"LOD",0.079,0.282,"REG",0.116,0.18,"LOD",0.16,0.461,"REG",0.187,0.425,"REG",0.117,0.435,"REG",0.239,0.313,"REG",0.143,0.381,"REG",0.229,0.46,"REG",0.295,0.729,"REG",0.382,0.342,"REG",0.173,0.165,"LOD",0.107,0.357,"REG",0.123,0.534,"REG",0.259,0.854,"REG",0.335,0.763,"REG",0.306,1.868,"REG",0.735,0.125,"REG",0.047,1.275,"REG",0.501,0.099,"REG",0.059,0.058,"REG",0.034,0.078,"REG",0.036,0.007,"ND",0.011,0.002,"ND",0.003,0.067,"LOD",0.075,1.092,"REG",0.405,0.092,"REG",0.037,0.06,"REG",0.018,0.161,"REG",0.04,0.23943608014404477,0.12,2.02,"REG",4.107,"REG","Summer"
"10","Hartranft & Pietro Wy","rotating","39.91118246, -75.1885003",39.91118246,-75.1885003,NA,"Non-Industrial","Residential","Low",NA,"LowT/NoI","P733870","P733870 021624 021424 Siena Place SS","P733870 021624 021424 Siena Place SS.D","2024-02-16","2024-02-14","sample","2024-02-07","2024-02-14",9982,2,"72024",1,4.958,"REG",1.872,3.491,"REG",1.313,0.864,"REG",0.317,1.025,"REG",0.358,3.65,"REG",1.447,0.205,"REG",0.109,0.167,"REG",0.097,0.17,"LOD",0.106,0.397,"REG",0.128,0.26,"REG",0.102,0.739,"REG",0.276,0.298,"REG",0.183,2.177,"REG",0.88,2.581,"REG",0.703,0.902,"REG",0.458,0.672,"REG",0.286,0.633,"REG",0.302,0.486,"REG",0.303,1.105,"REG",0.436,0.993,"REG",0.363,0.642,"REG",0.235,1.531,"REG",0.39,1.263,"REG",0.472,3.655,"REG",1.238,4.346,"REG",1.593,9.753,"REG",3.57,0.642,"ULOD",0.416,5.376,"REG",2,0.235,"REG",0.098,0.053,"REG",0.033,0.009,"ND",0.016,0.007,"ND",0.011,0.002,"ND",0.003,0.255,"REG",0.098,2.449,"REG",0.89,0.217,"REG",0.083,0.241,"REG",0.045,1.313,"REG",0.322,0.23852458234345633,0.98,5.9830000000000005,"REG",13.988000000000001,"REG","Winter"
"10","Hartranft & Pietro Wy","rotating","39.91118246, -75.1885003",39.91118246,-75.1885003,NA,"Non-Industrial","Residential","Low",NA,"LowT/NoI","P733877","P733877 022924 022124 Siena Place SS","P733877 022924 022124 Siena Place SS.D","2024-02-29","2024-02-21","sample","2024-02-14","2024-02-21",10086,2,"82024",1,2.018,"REG",0.762,1.514,"REG",0.57,0.36,"REG",0.132,0.426,"REG",0.167,1.498,"REG",0.594,0.129,"LOD",0.095,0.083,"LOD",0.084,0.084,"LOD",0.092,0.188,"LOD",0.112,0.092,"LOD",0.078,0.284,"REG",0.116,0.147,"LOD",0.153,0.555,"REG",0.225,0.784,"REG",0.214,0.249,"REG",0.159,0.221,"REG",0.108,0.26,"LOD",0.2,0.219,"LOD",0.23,0.46,"LOD",0.35,0.337,"REG",0.171,0.23,"REG",0.119,0.404,"REG",0.131,0.541,"REG",0.259,0.941,"REG",0.359,1.541,"REG",0.577,3.794,"REG",1.411,0.165,"REG",0.062,1.59,"REG",0.612,0.115,"REG",0.062,0.033,"LOD",0.03,0.009,"ND",0.016,0.007,"ND",0.011,0.03,"REG",0.011,0.02,"LOD",0.072,1.706,"REG",0.623,0.169,"REG",0.065,0.09,"REG",0.022,0.478,"REG",0.117,0.23606507842081906,0.36,2.444,"REG",5.816,"REG","Winter"
"11","Snyder & Vare","rotating","39.92759256, -75.1950607",39.92759256,-75.1950607,NA,"Non-Industrial","Mixed Use","High","Auto body shop","HighT/NoI","P733875","P733875 082423 081623 Bus Depot on Snyder RENAME","P733875 082423 081623 Bus Depot on Snyder RENAME.D","2023-08-24","2023-08-16","sample","2023-08-09","2023-08-16",10184,1,"332023",1,2.566,"REG",0.969,0.667,"REG",0.252,0.49,"REG",0.18,0.706,"REG",0.254,1.701,"REG",0.674,0.183,"REG",0.103,0.164,"REG",0.095,0.15,"REG",0.101,0.395,"REG",0.126,0.152,"REG",0.084,0.396,"REG",0.153,0.205,"REG",0.161,0.8,"REG",0.324,0.646,"REG",0.177,1.799,"REG",0.895,0.794,"REG",0.336,0.748,"REG",0.338,0.764,"REG",0.401,1.151,"REG",0.439,0.417,"REG",0.19,0.254,"REG",0.124,0.496,"REG",0.149,0.738,"REG",0.311,1.129,"REG",0.415,0.976,"REG",0.377,2.549,"REG",0.968,0.162,"REG",0.06,1.473,"REG",0.57,0.233,"REG",0.097,0.028,"REG",0.029,0.108,"REG",0.045,0.007,"ND",0.011,0.002,"ND",0.003,0.115,"REG",0.076,1.066,"REG",0.396,0.112,"REG",0.044,0.089,"REG",0.022,0.237,"REG",0.058,0.23379343882093295,0.18,3.272,"REG",6.130000000000001,"REG","Summer"
"11","Snyder & Vare","rotating","39.92759256, -75.1950607",39.92759256,-75.1950607,NA,"Non-Industrial","Mixed Use","High","Auto body shop","HighT/NoI","P733881","P733881 082523 082323 Bus Depot on Snyder SS","P733881 082523 082323 Bus Depot on Snyder SS.D","2023-08-25","2023-08-23","sample","2023-08-16","2023-08-23",10012,2,"342023",1,2.007,"REG",0.758,0.848,"REG",0.32,0.39,"REG",0.143,0.548,"REG",0.204,1.362,"REG",0.54,0.168,"LOD",0.102,0.117,"LOD",0.088,0.118,"LOD",0.097,0.307,"REG",0.12,0.108,"LOD",0.08,0.321,"REG",0.128,0.149,"LOD",0.155,0.458,"REG",0.186,0.446,"REG",0.122,0.483,"REG",0.26,0.272,"REG",0.127,0.435,"REG",0.243,0.382,"REG",0.271,0.681,"REG",0.375,0.255,"REG",0.154,0.177,"LOD",0.109,0.382,"REG",0.127,0.421,"REG",0.232,0.898,"REG",0.347,0.722,"REG",0.292,1.922,"REG",0.752,0.164,"REG",0.061,0.802,"REG",0.34,0.099,"REG",0.058,0.014,"ND",0.023,0.069,"REG",0.033,0.062,"REG",0.024,0.045,"REG",0.015,0.1,"LOD",0.076,1.175,"REG",0.435,0.137,"REG",0.053,0.09,"REG",0.022,0.187,"REG",0.047,0.23780986625573122,0.14,2.555,"REG",5.155,"REG","Summer"
"11","Snyder & Vare","rotating","39.92759256, -75.1950607",39.92759256,-75.1950607,NA,"Non-Industrial","Mixed Use","High","Auto body shop","HighT/NoI","P726645","P726645 021624 021424 Snyder SS","P726645 021624 021424 Snyder SS.D","2024-02-16","2024-02-14","sample","2024-02-07","2024-02-14",9961,2,"72024",1,6.835,"REG",2.581,3.237,"REG",1.218,1.128,"REG",0.412,1.348,"REG",0.465,4.318,"REG",1.712,0.337,"REG",0.138,0.269,"REG",0.118,0.221,"REG",0.117,0.554,"REG",0.146,0.373,"REG",0.125,1.193,"REG",0.44,0.508,"REG",0.24,2.368,"REG",0.957,2.916,"REG",0.794,1.13,"REG",0.569,0.693,"REG",0.295,0.89,"REG",0.389,1.696,"REG",0.793,2.904,"REG",0.813,0.064,"ND",0.107,0.712,"REG",0.257,1.726,"REG",0.437,1.652,"REG",0.598,4.215,"REG",1.424,5.48,"REG",2.006,11.256,"REG",4.117,0.643,"ULOD",0.449,8.485,"ULOD",4.533,0.355,"REG",0.139,0.073,"REG",0.038,0.01,"ND",0.016,0.007,"ND",0.011,0.053,"REG",0.018,0.088,"LOD",0.076,2.545,"REG",0.925,0.218,"REG",0.083,0.273,"REG",0.051,1.45,"REG",0.356,0.23902744513125,1.08,8.183,"REG",16.866,"REG","Winter"
"11","Snyder & Vare","rotating","39.92759256, -75.1950607",39.92759256,-75.1950607,NA,"Non-Industrial","Mixed Use","High","Auto body shop","HighT/NoI","P733875","P733875 022924 022124 Snyder SS","P733875 022924 022124 Snyder SS.D","2024-02-29","2024-02-21","sample","2024-02-14","2024-02-21",10090,2,"82024",1,2.294,"REG",0.866,1.395,"REG",0.526,0.36,"REG",0.132,0.494,"REG",0.188,1.513,"REG",0.6,0.043,"ND",0.072,0.066,"LOD",0.082,0.084,"LOD",0.092,0.205,"LOD",0.113,0.092,"LOD",0.078,0.284,"REG",0.116,0.118,"LOD",0.15,0.582,"REG",0.236,0.783,"REG",0.214,0.571,"REG",0.3,0.317,"REG",0.144,0.289,"REG",0.205,0.145,"LOD",0.217,0.375,"LOD",0.343,0.196,"LOD",0.143,0.176,"LOD",0.108,0.377,"REG",0.126,0.378,"REG",0.222,0.842,"REG",0.33,1.254,"REG",0.475,3.527,"REG",1.315,0.156,"REG",0.058,0.835,"REG",0.35,0.193,"REG",0.085,0.033,"LOD",0.03,0.009,"ND",0.016,0.007,"ND",0.011,0.002,"ND",0.003,0.087,"LOD",0.075,1.794,"REG",0.655,0.169,"REG",0.065,0.09,"REG",0.022,0.504,"REG",0.124,0.23597149464344705,0.38,2.7880000000000003,"REG",6.055999999999999,"REG","Winter"
"12","29th & Moore","rotating","39.931447, -75.193386",39.931447,-75.193386,NA,"Non-Industrial","Residential","High",NA,"HighT/NoI","P733891","P733891 082423 081623 Tasker (near Morris) SS","P733891 082423 081623 Tasker (near Morris) SS.D","2023-08-24","2023-08-16","sample","2023-08-09","2023-08-16",10154,1.3,"332023",1,2.018,"REG",0.763,0.615,"REG",0.233,0.389,"REG",0.143,0.555,"REG",0.207,1.37,"REG",0.543,0.167,"REG",0.101,0.04,"ND",0.066,0.13,"REG",0.098,0.306,"REG",0.119,0.104,"REG",0.078,0.308,"REG",0.123,0.152,"LOD",0.153,0.515,"REG",0.209,0.488,"REG",0.134,0.611,"REG",0.318,0.385,"REG",0.17,0.517,"REG",0.264,1.065,"REG",0.522,1.034,"REG",0.421,0.29,"REG",0.16,0.201,"REG",0.113,0.385,"REG",0.127,0.51,"REG",0.25,0.864,"REG",0.336,0.787,"REG",0.313,1.955,"REG",0.762,0.141,"REG",0.053,0.947,"REG",0.387,0.169,"REG",0.077,0.025,"LOD",0.029,0.095,"REG",0.041,0.066,"REG",0.025,0.002,"ND",0.003,0.364,"REG",0.118,1.043,"REG",0.388,0.117,"REG",0.046,0.096,"REG",0.022,0.222,"REG",0.055,0.2344841816971027,0.169,2.573,"REG",4.946999999999999,"REG","Summer"
"12","29th & Moore","rotating","39.931447, -75.193386",39.931447,-75.193386,NA,"Non-Industrial","Residential","High",NA,"HighT/NoI","P733882","P733882 082523 082323 Tasker (near Morris) SS","P733882 082523 082323 Tasker (near Morris) SS.D","2023-08-25","2023-08-23","sample","2023-08-16","2023-08-23",10018,2,"342023",1,1.882,"REG",0.711,0.887,"REG",0.335,0.368,"REG",0.135,0.502,"REG",0.19,1.361,"REG",0.54,0.149,"LOD",0.099,0.117,"LOD",0.088,0.118,"LOD",0.097,0.273,"REG",0.118,0.126,"LOD",0.082,0.279,"REG",0.115,0.148,"LOD",0.155,0.457,"REG",0.186,0.422,"REG",0.116,1.055,"REG",0.532,0.505,"REG",0.219,0.52,"REG",0.267,1.059,"REG",0.521,1.149,"REG",0.442,0.198,"LOD",0.144,0.045,"ND",0.076,0.3,"REG",0.113,0.366,"REG",0.221,0.698,"REG",0.291,0.65,"REG",0.268,1.653,"REG",0.662,0.135,"REG",0.05,0.591,"REG",0.274,0.178,"REG",0.08,0.019,"LOD",0.029,0.068,"REG",0.033,0.007,"ND",0.011,0.002,"ND",0.003,0.2,"REG",0.089,1.175,"REG",0.434,0.137,"REG",0.053,0.06,"REG",0.018,0.213,"REG",0.053,0.23766743670916163,0.16,2.384,"REG",5,"REG","Summer"
"12","29th & Moore","rotating","39.931447, -75.193386",39.931447,-75.193386,NA,"Non-Industrial","Residential","High",NA,"HighT/NoI","P733900","P733900 020824 013124 Tasker St SS","P733900 020824 013124 Tasker St SS.D","2024-02-08","2024-01-31","sample","2024-01-24","2024-01-31",10103,2,"52024",1,3.579,"REG",1.352,1.433,"REG",0.54,0.532,"REG",0.195,0.741,"REG",0.266,2.527,"REG",1.002,0.148,"LOD",0.098,0.083,"LOD",0.084,0.151,"LOD",0.102,0.393,"REG",0.127,0.147,"REG",0.084,0.365,"REG",0.143,0.177,"LOD",0.158,1,"REG",0.404,1.387,"REG",0.378,0.199,"REG",0.142,0.221,"REG",0.108,0.4,"REG",0.232,0.144,"LOD",0.217,0.332,"LOD",0.339,0.224,"LOD",0.148,0.202,"REG",0.114,0.809,"REG",0.218,0.541,"REG",0.259,1.632,"REG",0.573,1.36,"REG",0.512,4.187,"REG",1.551,0.448,"REG",0.167,0.834,"REG",0.35,0.022,"ND",0.038,0.033,"LOD",0.03,0.032,"LOD",0.023,0.007,"ND",0.011,0.002,"ND",0.003,0.186,"REG",0.086,2.24,"REG",0.815,0.26,"REG",0.099,0.149,"REG",0.031,0.371,"REG",0.091,0.23566785914603394,0.28,4.32,"REG",8.812,"REG","Winter"
"12","29th & Moore","rotating","39.931447, -75.193386",39.931447,-75.193386,NA,"Non-Industrial","Residential","High",NA,"HighT/NoI","P726608","P726608 021524 020724 Tasker St SS","P726608 021524 020724 Tasker St SS.D","2024-02-15","2024-02-07","sample","2024-01-31","2024-02-07",10138,2,"62024",1,3.445,"REG",1.301,1.999,"REG",0.752,0.53,"REG",0.194,0.739,"REG",0.265,2.708,"REG",1.074,0.111,"LOD",0.092,0.066,"LOD",0.082,0.084,"LOD",0.092,0.255,"REG",0.116,0.128,"LOD",0.081,0.364,"REG",0.143,0.117,"LOD",0.149,1.022,"REG",0.414,1.428,"REG",0.389,0.691,"REG",0.357,0.354,"REG",0.158,0.287,"REG",0.204,0.144,"LOD",0.216,0.415,"LOD",0.345,0.279,"REG",0.158,0.296,"REG",0.134,0.753,"REG",0.205,0.484,"REG",0.245,1.627,"REG",0.571,1.961,"REG",0.727,5.033,"REG",1.856,0.631,"ULOD",0.282,1.29,"REG",0.505,0.271,"REG",0.11,0.052,"REG",0.033,0.009,"ND",0.016,0.007,"ND",0.011,0.045,"REG",0.015,0.12,"REG",0.078,2.768,"REG",1.005,0.214,"REG",0.082,0.149,"REG",0.031,1.398,"REG",0.343,0.2348542494527896,1.06,4.184,"REG",9.421000000000001,"REG","Winter"
"13","Wharton Park","rotating","39.935920, -75.183090",39.93592,-75.183090000000007,NA,"Non-Industrial","Recreation","Low",NA,"LowT/NoI","P733870","P733870 090723 083023 Wharton Playground SS","P733870 090723 083023 Wharton Playground SS.D","2023-09-07","2023-08-30","sample","2023-08-23","2023-08-30",9967,2,"352023",1,1.337,"REG",0.505,0.541,"REG",0.206,0.26,"REG",0.096,0.364,"REG",0.151,0.885,"REG",0.351,0.112,"LOD",0.094,0.067,"LOD",0.083,0.059,"LOD",0.091,0.19,"LOD",0.113,0.112,"LOD",0.08,0.205,"REG",0.091,0.087,"LOD",0.148,0.296,"REG",0.12,0.356,"REG",0.098,0.115,"REG",0.117,0.083,"REG",0.067,0.261,"LOD",0.201,0.201,"LOD",0.228,0.346,"LOD",0.345,0.199,"LOD",0.145,0.187,"REG",0.111,0.302,"REG",0.113,0.326,"LOD",0.214,0.702,"REG",0.292,0.61,"REG",0.256,1.819,"REG",0.718,0.135,"REG",0.05,0.721,"REG",0.314,0.056,"REG",0.05,0.014,"ND",0.023,0.118,"REG",0.049,0.007,"ND",0.011,0.002,"ND",0.003,0.092,"LOD",0.076,1.271,"REG",0.469,0.137,"REG",0.053,0.06,"REG",0.018,0.322,"REG",0.079,0.23888355382285353,0.24,1.701,"REG",3.387,"REG","Summer"
"13","Wharton Park","rotating","39.935920, -75.183090",39.93592,-75.183090000000007,NA,"Non-Industrial","Recreation","Low",NA,"LowT/NoI","P726645","P726645 090823 090623 Wharton Playground SS","P726645 090823 090623 Wharton Playground SS.D","2023-09-08","2023-09-06","sample","2023-08-30","2023-09-06",10004,2,"362023",1,1.889,"REG",0.714,0.599,"REG",0.227,0.367,"REG",0.135,0.523,"REG",0.197,1.234,"REG",0.49,0.149,"LOD",0.099,0.1,"LOD",0.087,0.093,"LOD",0.094,0.31,"REG",0.121,0.297,"REG",0.109,0.327,"REG",0.13,0.146,"LOD",0.154,0.348,"REG",0.141,0.401,"REG",0.11,0.339,"REG",0.197,0.161,"REG",0.088,0.516,"REG",0.265,0.238,"LOD",0.235,0.77,"REG",0.386,0.255,"REG",0.154,0.186,"REG",0.111,0.328,"REG",0.118,0.325,"LOD",0.213,0.75,"REG",0.304,0.644,"REG",0.266,1.946,"REG",0.761,0.032,"REG",0.012,0.634,"REG",0.287,0.023,"ND",0.038,0.011,"LOD",0.028,0.154,"REG",0.062,0.007,"ND",0.011,0.002,"ND",0.003,0.125,"LOD",0.079,1.086,"REG",0.403,0.137,"REG",0.053,0.09,"REG",0.022,0.267,"REG",0.066,0.23800003808000608,0.2,2.412,"REG",4.612,"REG","Summer"
"13","Wharton Park","rotating","39.935920, -75.183090",39.93592,-75.183090000000007,NA,"Non-Industrial","Recreation","Low",NA,"LowT/NoI","P733863","P733863 101323 101123 Wharton Playground SS","P733863 101323 101123 Wharton Playground SS.D","2023-10-13","2023-10-11","sample","2023-10-04","2023-10-11",9924,1.99,"412023",1,2.635,"REG",0.995,1.03,"REG",0.389,0.389,"REG",0.143,0.572,"REG",0.213,1.535,"REG",0.609,0.112,"LOD",0.094,0.067,"LOD",0.084,0.119,"LOD",0.098,0.277,"REG",0.119,0.112,"LOD",0.081,0.324,"REG",0.13,0.149,"LOD",0.156,0.617,"REG",0.25,1.037,"REG",0.283,0.121,"REG",0.119,0.138,"REG",0.082,0.395,"REG",0.233,0.124,"LOD",0.218,0.341,"LOD",0.346,0.369,"REG",0.18,0.232,"REG",0.121,0.545,"REG",0.16,0.441,"REG",0.238,1.253,"REG",0.454,1.704,"REG",0.635,4.847,"REG",1.79,0.634,"ULOD",0.363,1.013,"REG",0.41,0.099,"REG",0.059,0.015,"REG",0.029,0.08,"REG",0.036,0.007,"ND",0.011,0.002,"ND",0.003,0.261,"REG",0.1,1.815,"REG",0.663,0.229,"REG",0.087,0.121,"REG",0.026,0.697,"REG",0.171,0.23991861960423025,0.5174,3.207,"REG",6.161,"REG","Summer"
"13","Wharton Park","rotating","39.935920, -75.183090",39.93592,-75.183090000000007,NA,"Non-Industrial","Recreation","Low",NA,"LowT/NoI","P733843","P733843 102623 101823 Wharton Playground SS RENAME","P733843 102623 101823 Wharton Playground SS RENAME.D","2023-10-26","2023-10-18","sample","2023-10-11","2023-10-18",10098,2,"422023",1,2.572,"REG",0.971,0.761,"REG",0.288,0.385,"REG",0.142,0.565,"REG",0.21,1.294,"REG",0.513,0.092,"LOD",0.091,0.066,"LOD",0.082,0.084,"LOD",0.092,0.239,"REG",0.115,0.092,"LOD",0.078,0.28,"REG",0.115,0.118,"LOD",0.15,0.348,"REG",0.141,0.535,"REG",0.147,0.051,"ND",0.084,0.041,"REG",0.059,0.307,"REG",0.209,0.123,"LOD",0.215,0.295,"LOD",0.338,0.224,"LOD",0.148,0.189,"REG",0.111,0.376,"REG",0.125,0.272,"LOD",0.203,0.743,"REG",0.302,1.038,"REG",0.399,2.859,"REG",1.078,0.227,"REG",0.085,0.624,"REG",0.283,0.059,"REG",0.05,0.014,"ND",0.023,0.043,"REG",0.025,0.007,"ND",0.011,0.002,"ND",0.003,0.225,"REG",0.093,2.062,"REG",0.751,0.181,"REG",0.069,0.119,"REG",0.026,0.61,"REG",0.149,0.23578454951003971,0.46,3.137,"REG",5.577,"REG","Summer"
"13","Wharton Park","rotating","39.935920, -75.183090",39.93592,-75.183090000000007,NA,"Non-Industrial","Recreation","Low",NA,"LowT/NoI","P726641","P726641 011624 011024 Wharton Playground SS","P726641 011624 011024 Wharton Playground SS.D","2024-01-16","2024-01-10","sample","2024-01-03","2024-01-10",10080,2,"22024",1,2.629,"REG",0.993,1.594,"REG",0.601,0.474,"REG",0.174,0.614,"REG",0.225,2.06,"REG",0.817,0.148,"LOD",0.098,0.083,"LOD",0.084,0.135,"LOD",0.099,0.305,"REG",0.119,0.146,"REG",0.084,0.402,"REG",0.156,0.148,"LOD",0.154,0.761,"REG",0.308,1.005,"REG",0.274,1.296,"REG",0.649,0.775,"REG",0.328,0.45,"REG",0.246,0.127,"LOD",0.215,0.368,"LOD",0.343,0.337,"REG",0.171,0.234,"REG",0.12,0.908,"REG",0.241,0.463,"REG",0.241,1.963,"REG",0.68,1.578,"REG",0.59,5.735,"REG",2.11,0.117,"ULOD",0.07,1.12,"REG",0.446,0.106,"REG",0.06,0.076,"REG",0.038,0.009,"ND",0.016,0.007,"ND",0.011,0.037,"REG",0.013,0.119,"LOD",0.078,1.796,"REG",0.656,0.159,"REG",0.061,0.17,"REG",0.034,0.74,"REG",0.182,0.2362055933484505,0.5579999999999999,3.243,"REG",7.3709999999999996,"REG","Winter"
"13","Wharton Park","rotating","39.935920, -75.183090",39.93592,-75.183090000000007,NA,"Non-Industrial","Recreation","Low",NA,"LowT/NoI","P733861","P733861 012524 011724 Wharton Playground SS","P733861 012524 011724 Wharton Playground SS.D","2024-01-25","2024-01-17","sample","2024-01-10","2024-01-17",10426,2,"32024",1,1.798,"REG",0.679,1.197,"REG",0.451,0.291,"REG",0.107,0.397,"REG",0.157,1.192,"REG",0.473,0.089,"LOD",0.088,0.064,"LOD",0.08,0.081,"LOD",0.089,0.212,"REG",0.11,0.087,"LOD",0.075,0.232,"REG",0.098,0.115,"LOD",0.145,0.482,"REG",0.196,0.791,"REG",0.216,0.39,"REG",0.217,0.207,"REG",0.102,0.326,"REG",0.209,0.051,"LOD",0.202,0.274,"LOD",0.327,0.244,"REG",0.148,0.148,"LOD",0.101,0.485,"REG",0.145,0.342,"REG",0.21,0.988,"REG",0.37,1.387,"REG",0.521,3.87,"REG",1.436,0.404,"REG",0.151,0.718,"REG",0.31,0.022,"ND",0.036,0.013,"ND",0.022,0.009,"ND",0.015,0.007,"ND",0.011,0.002,"ND",0.003,0.147,"REG",0.079,2.257,"REG",0.821,0.153,"REG",0.059,0.107,"REG",0.024,1.614,"REG",0.396,0.22836681190795904,1.258,2.1950000000000003,"REG",4.875,"REG","Winter"
"14","Finnegan Playground","rotating","39.938448, -75.192335",39.938448,-75.192335,NA,"Industrial","Mixed Use","Low","Commissary kitchen","LowT/I","P733871","P733871 090723 083023 Finnegan  SS","P733871 090723 083023 Finnegan SS.D","2023-09-07","2023-08-30","sample","2023-08-23","2023-08-30",9954,2,"352023",1,1.743,"REG",0.659,0.562,"REG",0.213,0.325,"REG",0.12,0.48,"REG",0.184,1.112,"REG",0.441,0.206,"REG",0.109,0.168,"REG",0.097,0.111,"LOD",0.097,0.347,"REG",0.124,0.13,"LOD",0.083,0.411,"REG",0.159,0.177,"LOD",0.16,0.482,"REG",0.196,0.45,"REG",0.124,0.051,"ND",0.085,0.005,"REG",0.058,0.518,"REG",0.267,1.186,"REG",0.575,1.288,"REG",0.469,0.228,"LOD",0.15,0.228,"REG",0.12,0.494,"REG",0.149,0.492,"REG",0.249,1.155,"REG",0.424,0.829,"REG",0.328,2.293,"REG",0.88,0.146,"REG",0.055,0.934,"REG",0.384,0.023,"ND",0.038,0.014,"ND",0.023,0.081,"REG",0.036,0.007,"ND",0.011,0.002,"ND",0.003,0.092,"LOD",0.076,1.273,"REG",0.469,0.138,"REG",0.053,0.212,"REG",0.041,0.322,"REG",0.079,0.23919553756805112,0.24,2.223,"REG",4.2219999999999995,"REG","Summer"
"14","Finnegan Playground","rotating","39.938448, -75.192335",39.938448,-75.192335,NA,"Industrial","Mixed Use","Low","Commissary kitchen","LowT/I","P726646","P726646 090823 090623 Finnegan  SS","P726646 090823 090623 Finnegan SS.D","2023-09-08","2023-09-06","sample","2023-08-30","2023-09-06",9987,2,"362023",1,1.924,"REG",0.727,0.64,"REG",0.242,0.346,"REG",0.127,0.524,"REG",0.197,1.156,"REG",0.459,0.168,"LOD",0.102,0.151,"LOD",0.094,0.076,"LOD",0.093,0.259,"REG",0.117,0.112,"LOD",0.08,0.287,"REG",0.117,0.117,"LOD",0.151,0.455,"REG",0.184,0.449,"REG",0.123,1.94,"REG",0.965,0.57,"REG",0.245,0.886,"REG",0.387,1.332,"REG",0.637,1.796,"REG",0.566,0.199,"LOD",0.144,0.118,"LOD",0.1,0.301,"REG",0.113,0.326,"LOD",0.214,0.701,"REG",0.291,0.754,"REG",0.302,2.084,"REG",0.808,0.067,"REG",0.025,0.593,"REG",0.275,0.175,"REG",0.079,0.108,"REG",0.046,0.108,"REG",0.046,0.007,"ND",0.011,0.002,"ND",0.003,0.092,"LOD",0.076,1.178,"REG",0.436,0.137,"REG",0.053,0.06,"REG",0.018,0.161,"REG",0.04,0.23840516480949042,0.12,2.448,"REG",4.59,"REG","Summer"
"14","Finnegan Playground","rotating","39.938448, -75.192335",39.938448,-75.192335,NA,"Industrial","Mixed Use","Low","Commissary kitchen","LowT/I","P726660","P726660 020824 013124 Finnegan Playground SS","P726660 020824 013124 Finnegan Playground SS.D","2024-02-08","2024-01-31","sample","2024-01-24","2024-01-31",10101,2,"52024",1,3.641,"REG",1.375,1.453,"REG",0.547,0.554,"REG",0.203,0.764,"REG",0.273,2.543,"REG",1.008,0.166,"LOD",0.101,0.033,"LOD",0.08,0.151,"LOD",0.102,0.376,"REG",0.125,0.147,"REG",0.084,0.365,"REG",0.143,0.206,"LOD",0.163,0.973,"REG",0.394,1.387,"REG",0.378,0.199,"REG",0.142,0.24,"REG",0.115,0.428,"REG",0.24,0.182,"LOD",0.222,0.375,"LOD",0.343,0.196,"LOD",0.143,0.175,"LOD",0.108,0.756,"REG",0.206,0.486,"REG",0.246,1.583,"REG",0.558,1.288,"REG",0.487,3.988,"REG",1.48,0.482,"REG",0.18,0.792,"REG",0.336,0.233,"REG",0.097,0.052,"REG",0.033,0.009,"ND",0.016,0.007,"ND",0.011,0.002,"ND",0.003,0.087,"LOD",0.075,2.33,"REG",0.847,0.214,"REG",0.082,0.328,"REG",0.06,0.53,"REG",0.13,0.23571452142880714,0.4,4.405,"REG",8.955,"REG","Winter"
"14","Finnegan Playground","rotating","39.938448, -75.192335",39.938448,-75.192335,NA,"Industrial","Mixed Use","Low","Commissary kitchen","LowT/I","P726611","P726611 021524 020724 Finnegan Playground SS","P726611 021524 020724 Finnegan Playground SS.D","2024-02-15","2024-02-07","sample","2024-01-31","2024-02-07",10140,2,"62024",1,2.833,"REG",1.07,1.9,"REG",0.715,0.444,"REG",0.163,0.604,"REG",0.222,2.28,"REG",0.904,0.043,"ND",0.071,0.066,"LOD",0.082,0.084,"LOD",0.092,0.204,"LOD",0.112,0.11,"LOD",0.079,0.283,"REG",0.116,0.117,"LOD",0.149,0.813,"REG",0.329,1.196,"REG",0.326,0.445,"REG",0.242,0.277,"REG",0.129,0.287,"REG",0.204,0.144,"LOD",0.216,0.415,"LOD",0.345,0.223,"LOD",0.147,0.229,"REG",0.118,0.564,"REG",0.163,0.43,"REG",0.232,1.232,"REG",0.447,1.569,"REG",0.586,4.039,"REG",1.498,0.602,"REG",0.225,0.914,"REG",0.376,0.271,"REG",0.11,0.052,"REG",0.033,0.009,"ND",0.016,0.007,"ND",0.011,0.002,"ND",0.003,0.087,"LOD",0.075,2.589,"REG",0.941,0.214,"REG",0.082,0.208,"REG",0.04,1.266,"REG",0.311,0.2348079271156194,0.96,3.4370000000000003,"REG",8.061,"REG","Winter"
"15","31st & Grays Ferry","rotating","39.93924766, -75.1944459",39.93924766,-75.1944459,NA,"Industrial","Commercial","High","Fire station","HighT/I","P726604","P726604 090723 083023 Grays Ferry Ave SS","P726604 090723 083023 Grays Ferry Ave SS.D","2023-09-07","2023-08-30","sample","2023-08-23","2023-08-30",9945,2,"352023",1,2.68,"REG",1.012,0.723,"REG",0.273,0.5,"REG",0.183,0.71,"REG",0.256,1.87,"REG",0.742,0.206,"REG",0.109,0.134,"LOD",0.092,0.145,"LOD",0.102,0.434,"REG",0.132,0.186,"REG",0.09,0.453,"REG",0.174,0.207,"LOD",0.165,0.509,"REG",0.207,0.545,"REG",0.149,0.051,"ND",0.086,0.064,"REG",0.064,0.29,"REG",0.208,0.392,"REG",0.274,0.432,"LOD",0.352,0.313,"REG",0.167,0.242,"REG",0.123,0.522,"REG",0.155,0.603,"REG",0.277,1.156,"REG",0.425,1.012,"REG",0.391,2.7,"REG",1.023,0.14,"REG",0.052,1.105,"REG",0.442,0.136,"REG",0.068,0.031,"LOD",0.03,0.01,"ND",0.016,0.007,"ND",0.011,0.002,"ND",0.003,0.059,"LOD",0.074,1.183,"REG",0.437,0.138,"REG",0.054,0.06,"REG",0.018,0.323,"REG",0.079,0.2394120041178865,0.24,3.39,"REG",6.483,"REG","Summer"
"15","31st & Grays Ferry","rotating","39.93924766, -75.1944459",39.93924766,-75.1944459,NA,"Industrial","Commercial","High","Fire station","HighT/I","P726647","P726647 090823 090623 Grays Ferry Ave SS","P726647 090823 090623 Grays Ferry Ave SS.D","2023-09-08","2023-09-06","sample","2023-08-30","2023-09-06",9975,2,"362023",1,2.89,"REG",1.091,0.781,"REG",0.295,0.521,"REG",0.191,0.777,"REG",0.277,1.881,"REG",0.746,0.149,"LOD",0.099,0.117,"LOD",0.089,0.093,"LOD",0.094,0.346,"REG",0.124,0.335,"REG",0.117,0.328,"REG",0.131,0.147,"LOD",0.155,0.429,"REG",0.174,0.497,"REG",0.136,0.415,"REG",0.23,0.2,"REG",0.101,0.346,"REG",0.22,0.353,"LOD",0.263,0.644,"REG",0.371,0.256,"REG",0.155,0.159,"LOD",0.106,0.384,"REG",0.127,0.381,"REG",0.224,0.852,"REG",0.334,0.791,"REG",0.315,2.356,"REG",0.902,0.001,"ND",0.001,0.678,"REG",0.301,0.215,"REG",0.092,0.108,"REG",0.046,0.127,"REG",0.052,0.007,"ND",0.011,0.002,"ND",0.003,0.092,"LOD",0.076,1.18,"REG",0.436,0.137,"REG",0.053,0.06,"REG",0.018,0.134,"REG",0.034,0.23869196801527628,0.1,3.6670000000000003,"REG",6.8500000000000005,"REG","Summer"
"15","31st & Grays Ferry","rotating","39.93924766, -75.1944459",39.93924766,-75.1944459,NA,"Industrial","Commercial","High","Fire station","HighT/I","P726662","P726662 020824 013124 Grays Ferry SS","P726662 020824 013124 Grays Ferry SS.D","2024-02-08","2024-01-31","sample","2024-01-24","2024-01-31",10108,2,"52024",1,5.049,"REG",1.907,1.571,"REG",0.591,0.725,"REG",0.265,1.012,"REG",0.354,3.208,"REG",1.272,0.203,"REG",0.108,0.116,"LOD",0.088,0.201,"REG",0.111,0.495,"REG",0.138,0.183,"REG",0.088,0.486,"REG",0.185,0.236,"LOD",0.168,0.999,"REG",0.404,1.479,"REG",0.403,0.471,"REG",0.254,0.336,"REG",0.151,0.793,"REG",0.354,0.219,"LOD",0.229,0.627,"REG",0.366,0.28,"REG",0.158,0.216,"REG",0.116,0.809,"REG",0.218,0.649,"REG",0.287,1.533,"REG",0.541,1.431,"REG",0.537,4.317,"REG",1.598,0.496,"REG",0.185,0.875,"REG",0.363,0.232,"REG",0.097,0.033,"LOD",0.03,0.009,"ND",0.016,0.007,"ND",0.011,0.002,"ND",0.003,0.087,"LOD",0.075,2.239,"REG",0.815,0.214,"REG",0.082,0.179,"REG",0.035,0.476,"REG",0.117,0.23555128422560162,0.36,6.061,"REG",11.565000000000001,"REG","Winter"
"15","31st & Grays Ferry","rotating","39.93924766, -75.1944459",39.93924766,-75.1944459,NA,"Industrial","Commercial","High","Fire station","HighT/I","P726612","P726612 021724 020724 Grays Ferry SS","P726612 021724 020724 Grays Ferry SS.D","2024-02-17","2024-02-07","sample","2024-01-31","2024-02-07",10140,2,"62024",1,3.903,"REG",1.474,1.999,"REG",0.752,0.573,"REG",0.21,0.807,"REG",0.286,3.941,"REG",1.563,0.111,"LOD",0.092,0.066,"LOD",0.082,0.084,"LOD",0.092,0.255,"REG",0.116,0.128,"LOD",0.081,0.364,"REG",0.143,0.117,"LOD",0.149,1.048,"REG",0.424,1.382,"REG",0.376,1.061,"REG",0.535,0.488,"REG",0.212,0.371,"REG",0.224,0.181,"LOD",0.222,0.583,"REG",0.36,0.279,"REG",0.158,0.296,"REG",0.134,0.672,"REG",0.186,0.484,"REG",0.245,1.479,"REG",0.524,1.89,"REG",0.701,5.231,"REG",1.928,0.631,"ULOD",0.251,1.123,"REG",0.447,0.154,"REG",0.072,0.033,"LOD",0.03,0.009,"ND",0.016,0.076,"REG",0.027,0.002,"ND",0.003,0.087,"LOD",0.075,2.589,"REG",0.941,0.214,"REG",0.082,0.178,"REG",0.035,1.161,"REG",0.285,0.2348079271156194,0.88,4.71,"REG",11.223,"REG","Winter"
"16","Crescent Park","rotating","39.93965, -75.204199",39.93965,-75.204199,NA,"Industrial","Open Space","Low","FedEx warehouse, municipal waste transfer station","LowT/I","P726668","P726668 102723 102523 Crescent Park SS","P726668 102723 102523 Crescent Park SS.D","2023-10-27","2023-10-25","sample","2023-10-18","2023-10-25",10009,2,"432023",1,2.533,"REG",0.957,0.748,"REG",0.283,0.41,"REG",0.151,0.525,"REG",0.197,1.338,"REG",0.531,0.093,"LOD",0.091,0.067,"LOD",0.083,0.068,"LOD",0.092,0.207,"LOD",0.114,0.148,"REG",0.084,0.241,"REG",0.102,0.089,"LOD",0.148,0.51,"REG",0.207,0.775,"REG",0.211,0.122,"REG",0.119,0.119,"REG",0.076,0.253,"LOD",0.199,0.086,"LOD",0.212,0.213,"LOD",0.336,0.226,"LOD",0.149,0.218,"REG",0.117,0.516,"REG",0.154,0.385,"REG",0.225,1.248,"REG",0.452,1.589,"REG",0.594,4.293,"REG",1.59,0.419,"ULOD",0.193,1.094,"REG",0.438,0.138,"REG",0.068,0.014,"ND",0.023,0.009,"ND",0.016,0.007,"ND",0.011,0.002,"ND",0.003,0.194,"REG",0.088,1.899,"REG",0.693,0.182,"REG",0.07,0.151,"REG",0.031,0.775,"REG",0.19,0.2378811450646799,0.58,3.058,"REG",5.554,"REG","Summer"
"16","Crescent Park","rotating","39.93965, -75.204199",39.93965,-75.204199,NA,"Industrial","Open Space","Low","FedEx warehouse, municipal waste transfer station","LowT/I","P726617","P726617 111023 110123 Crescent Park SS RR","P726617 111023 110123 Crescent Park SS RR.D","2023-11-10","2023-11-01","sample","2023-10-25","2023-11-01",10278,2,"442023",1,2.976,"REG",1.124,0.942,"REG",0.356,0.482,"REG",0.177,0.644,"REG",0.234,2.604,"REG",1.033,0.127,"LOD",0.093,0.081,"LOD",0.082,0.116,"LOD",0.095,0.285,"REG",0.116,0.108,"LOD",0.078,0.275,"REG",0.113,0.145,"LOD",0.151,0.674,"REG",0.273,0.889,"REG",0.243,0.642,"REG",0.333,0.35,"REG",0.157,0.4,"REG",0.23,0.194,"LOD",0.222,0.419,"LOD",0.341,0.248,"REG",0.15,0.186,"REG",0.109,0.505,"REG",0.15,0.422,"REG",0.229,1.118,"REG",0.411,1.337,"REG",0.503,3.723,"REG",1.384,0.391,"REG",0.146,0.822,"REG",0.345,0.166,"REG",0.075,0.03,"LOD",0.029,0.027,"LOD",0.021,0.007,"ND",0.011,0.059,"REG",0.02,0.153,"REG",0.081,1.762,"REG",0.643,0.173,"REG",0.067,0.176,"REG",0.035,0.703,"REG",0.172,0.23165522289865545,0.54,3.62,"REG",7.648000000000001,"REG","Summer"
"16","Crescent Park","rotating","39.93965, -75.204199",39.93965,-75.204199,NA,"Industrial","Open Space","Low","FedEx warehouse, municipal waste transfer station","LowT/I","P726668","P726668 122123 121323 Crescent Park SS","P726668 122123 121323 Crescent Park SS.D","2023-12-21","2023-12-13","sample","2023-12-06","2023-12-13",10174,2,"502023",1,4.243,"REG",1.603,1.266,"REG",0.477,0.634,"REG",0.232,0.891,"REG",0.314,2.208,"REG",0.876,0.165,"LOD",0.1,0.115,"LOD",0.087,0.133,"LOD",0.098,0.339,"REG",0.121,0.164,"REG",0.086,0.403,"REG",0.156,0.175,"LOD",0.157,0.816,"REG",0.33,1.291,"REG",0.352,0.297,"REG",0.178,0.184,"REG",0.095,0.435,"REG",0.241,0.259,"LOD",0.236,0.482,"LOD",0.349,0.39,"REG",0.183,0.389,"REG",0.159,0.886,"REG",0.235,0.594,"REG",0.271,1.867,"REG",0.648,2.629,"REG",0.969,7.246,"REG",2.658,0.414,"ULOD",0.397,1.496,"REG",0.578,0.288,"REG",0.115,0.085,"REG",0.04,0.009,"ND",0.016,0.007,"ND",0.011,0.037,"REG",0.013,0.151,"REG",0.081,2.313,"REG",0.841,0.224,"REG",0.086,0.178,"REG",0.035,1.262,"REG",0.31,0.23402323382665433,0.96,5.134,"REG",9.242,"REG","Winter"
"16","Crescent Park","rotating","39.93965, -75.204199",39.93965,-75.204199,NA,"Industrial","Open Space","Low","FedEx warehouse, municipal waste transfer station","LowT/I","P726659","P726659 122123 122023 Crescent Park SS","P726659 122123 122023 Crescent Park SS.D","2023-12-21","2023-12-20","sample","2023-12-13","2023-12-20",9866,2,"512023",1,2.931,"REG",1.107,1.265,"REG",0.477,0.455,"REG",0.167,0.641,"REG",0.234,1.854,"REG",0.735,0.132,"LOD",0.097,0.085,"LOD",0.086,0.138,"LOD",0.101,0.332,"REG",0.124,0.15,"REG",0.086,0.374,"REG",0.146,0.181,"LOD",0.161,1.083,"REG",0.438,1.045,"REG",0.285,2.408,"REG",1.195,2.025,"REG",0.847,0.449,"REG",0.248,0.229,"LOD",0.235,0.54,"LOD",0.364,0.258,"REG",0.157,0.359,"REG",0.152,0.665,"REG",0.186,0.501,"REG",0.252,1.368,"REG",0.491,2.052,"REG",0.76,5.567,"REG",2.05,0.427,"ULOD",0.374,0.986,"REG",0.402,0.023,"ND",0.039,0.068,"REG",0.037,0.01,"ND",0.016,0.137,"REG",0.045,0.046,"REG",0.016,0.189,"REG",0.088,2.294,"REG",0.835,0.185,"REG",0.071,0.183,"REG",0.036,1.356,"REG",0.333,0.24132904732945273,1,3.572,"REG",7.146,"REG","Winter"
"18","Audenreid School","rotating","39.93416729, -75.19723264",39.93416729,-75.19723264,NA,"Non-Industrial","Residential","Low",NA,"LowT/NoI","P726664","P726664 102723 102523 Audenreid SS","P726664 102723 102523 Audenreid SS.D","2023-10-27","2023-10-25","sample","2023-10-18","2023-10-25",10061,2,"432023",1,7.756,"REG",2.929,1.439,"REG",0.542,1.271,"REG",0.465,1.611,"REG",0.553,3.467,"REG",1.375,0.26,"REG",0.119,0.183,"REG",0.099,0.219,"REG",0.115,0.651,"REG",0.157,0.221,"REG",0.095,0.769,"REG",0.287,0.296,"REG",0.181,1.453,"REG",0.588,2.522,"REG",0.687,0.395,"REG",0.22,0.486,"REG",0.211,0.364,"REG",0.223,0.199,"LOD",0.226,0.381,"LOD",0.345,0.676,"REG",0.263,0.569,"REG",0.212,1.491,"REG",0.38,1.256,"REG",0.47,3.279,"REG",1.112,4.779,"REG",1.751,12.012,"REG",4.392,0.416,"ULOD",0.482,2.895,"REG",1.086,0.256,"REG",0.105,0.073,"REG",0.037,0.043,"REG",0.025,0.007,"ND",0.011,0.045,"REG",0.015,0.259,"REG",0.099,1.979,"REG",0.722,0.227,"REG",0.087,0.12,"REG",0.026,0.771,"REG",0.189,0.23665166295123558,0.58,9.367,"REG",15.544,"REG","Summer"
"18","Audenreid School","rotating","39.93416729, -75.19723264",39.93416729,-75.19723264,NA,"Non-Industrial","Residential","Low",NA,"LowT/NoI","P726616","P726616 111023 110123 Audenreid SS RR","P726616 111023 110123 Audenreid SS RR.D","2023-11-10","2023-11-01","sample","2023-10-25","2023-11-01",10284,2,"442023",1,7.133,"REG",2.694,1.524,"REG",0.574,1.115,"REG",0.408,1.51,"REG",0.519,5.004,"REG",1.984,0.272,"REG",0.121,0.195,"REG",0.1,0.231,"REG",0.117,0.688,"REG",0.16,0.253,"REG",0.099,0.673,"REG",0.252,0.319,"REG",0.184,1.856,"REG",0.75,2.443,"REG",0.665,1.03,"REG",0.519,0.823,"REG",0.348,0.511,"REG",0.261,0.268,"LOD",0.236,0.543,"LOD",0.352,0.716,"REG",0.275,0.504,"REG",0.192,1.541,"REG",0.391,1.384,"REG",0.509,3.256,"REG",1.104,3.656,"REG",1.342,10.25,"REG",3.75,0.405,"ULOD",0.303,2.425,"REG",0.913,0.435,"REG",0.167,0.105,"REG",0.045,0.036,"LOD",0.023,0.007,"ND",0.011,0.059,"REG",0.02,0.185,"REG",0.085,1.76,"REG",0.643,0.173,"REG",0.066,0.176,"REG",0.035,0.676,"REG",0.166,0.23152006815950807,0.52,8.643,"REG",16.286,"REG","Summer"
"18","Audenreid School","rotating","39.93416729, -75.19723264",39.93416729,-75.19723264,NA,"Non-Industrial","Residential","Low",NA,"LowT/NoI","P733876","P733876 122123 121323 Audenreid SS","P733876 122123 121323 Audenreid SS.D","2023-12-21","2023-12-13","sample","2023-12-06","2023-12-13",10123,2,"502023",1,6.468,"REG",2.443,1.903,"REG",0.717,0.959,"REG",0.351,1.369,"REG",0.472,3.661,"REG",1.452,0.258,"REG",0.118,0.182,"REG",0.098,0.218,"REG",0.115,0.596,"REG",0.149,0.238,"REG",0.097,0.647,"REG",0.243,0.265,"LOD",0.174,1.395,"REG",0.564,2.249,"REG",0.613,0.546,"REG",0.288,0.396,"REG",0.175,0.549,"REG",0.275,0.297,"LOD",0.247,0.611,"REG",0.363,0.671,"REG",0.262,0.687,"REG",0.249,1.593,"REG",0.404,1.086,"REG",0.415,3.308,"REG",1.122,4.571,"REG",1.675,12.389,"REG",4.529,0.416,"ULOD",0.647,2.38,"REG",0.897,0.328,"REG",0.129,0.143,"REG",0.057,0.045,"REG",0.026,0.007,"ND",0.011,0.002,"ND",0.003,0.185,"REG",0.086,2.235,"REG",0.813,0.226,"REG",0.086,0.149,"REG",0.031,1.269,"REG",0.311,0.23520225041513199,0.96,7.837,"REG",14.36,"REG","Winter"
"18","Audenreid School","rotating","39.93416729, -75.19723264",39.93416729,-75.19723264,NA,"Non-Industrial","Residential","Low",NA,"LowT/NoI","P726662","P726662 122123 122023 Audenreid SS","P726662 122123 122023 Audenreid SS.D","2023-12-21","2023-12-20","sample","2023-12-13","2023-12-20",9867,2,"512023",1,5.035,"REG",1.902,1.609,"REG",0.606,0.742,"REG",0.271,1.081,"REG",0.377,2.959,"REG",1.174,0.208,"REG",0.11,0.034,"LOD",0.082,0.172,"LOD",0.107,0.472,"REG",0.137,0.188,"REG",0.091,0.498,"REG",0.19,0.211,"LOD",0.167,1.056,"REG",0.427,1.712,"REG",0.466,0.458,"REG",0.249,0.308,"REG",0.141,0.363,"REG",0.226,0.191,"LOD",0.228,0.41,"LOD",0.353,0.517,"REG",0.219,0.539,"REG",0.204,1.191,"REG",0.308,0.891,"REG",0.358,2.381,"REG",0.817,3.371,"REG",1.238,9.581,"REG",3.507,0.427,"ULOD",0.513,1.714,"REG",0.657,0.257,"REG",0.105,0.088,"REG",0.041,0.01,"ND",0.016,0.007,"ND",0.011,0.038,"REG",0.013,0.122,"LOD",0.079,2.202,"REG",0.801,0.185,"REG",0.071,0.153,"REG",0.031,1.22,"REG",0.299,0.24130458913067612,0.9,6.116,"REG",11.425999999999998,"REG","Winter"
"19","Carl Moore Health Center","rotating","39.93592967, -75.19557444",39.93592967,-75.19557444,NA,"Non-Industrial","Mixed Use","Low","Medical clinic","LowT/NoI","P726667","P726667 102723 102523 Carl Moore Health Center SS","P726667 102723 102523 Carl Moore Health Center SS.D","2023-10-27","2023-10-25","sample","2023-10-18","2023-10-25",10008,2,"432023",1,5.134,"REG",1.939,1.227,"REG",0.463,0.779,"REG",0.285,1.027,"REG",0.359,2.636,"REG",1.045,0.149,"LOD",0.099,0.1,"LOD",0.087,0.136,"LOD",0.1,0.396,"REG",0.128,0.167,"REG",0.087,0.487,"REG",0.186,0.178,"LOD",0.159,1.038,"REG",0.42,1.479,"REG",0.403,0.521,"REG",0.277,0.372,"REG",0.165,0.395,"REG",0.232,0.162,"LOD",0.222,0.384,"LOD",0.347,0.453,"REG",0.2,0.423,"REG",0.169,1.007,"REG",0.264,0.879,"REG",0.353,2.247,"REG",0.773,3.215,"REG",1.181,8.453,"REG",3.096,0.419,"ULOD",0.369,2.277,"REG",0.86,0.257,"REG",0.105,0.035,"REG",0.03,0.034,"LOD",0.023,0.007,"ND",0.011,0.002,"ND",0.003,0.227,"REG",0.093,1.899,"REG",0.693,0.183,"REG",0.07,0.121,"REG",0.026,0.748,"REG",0.184,0.237904914163907,0.56,6.1610000000000005,"REG",10.802999999999999,"REG","Summer"
"19","Carl Moore Health Center","rotating","39.93592967, -75.19557444",39.93592967,-75.19557444,NA,"Non-Industrial","Mixed Use","Low","Medical clinic","LowT/NoI","P726615","P726615 111023 110123 CM Health Center SS RR","P726615 111023 110123 CM Health Center SS RR.D","2023-11-10","2023-11-01","sample","2023-10-25","2023-11-01",10308,2,"442023",1,4.591,"REG",1.734,1.308,"REG",0.493,0.712,"REG",0.261,0.975,"REG",0.341,3.421,"REG",1.357,0.181,"REG",0.102,0.13,"LOD",0.088,0.165,"LOD",0.103,0.435,"REG",0.129,0.18,"REG",0.087,0.433,"REG",0.166,0.203,"LOD",0.159,1.082,"REG",0.438,1.457,"REG",0.397,0.615,"REG",0.32,0.463,"REG",0.201,0.482,"REG",0.253,0.157,"LOD",0.215,0.459,"LOD",0.343,0.44,"REG",0.195,0.291,"REG",0.132,0.822,"REG",0.22,0.795,"REG",0.326,1.794,"REG",0.624,2.034,"REG",0.753,5.797,"REG",2.132,0.404,"ULOD",0.211,1.6,"REG",0.614,0.357,"REG",0.139,0.067,"REG",0.036,0.035,"LOD",0.023,0.007,"ND",0.011,0.002,"ND",0.003,0.152,"REG",0.08,1.668,"REG",0.61,0.173,"REG",0.066,0.176,"REG",0.035,0.701,"REG",0.172,0.23098102259918327,0.54,5.566,"REG",11.007,"REG","Summer"
"19","Carl Moore Health Center","rotating","39.93592967, -75.19557444",39.93592967,-75.19557444,NA,"Non-Industrial","Mixed Use","Low","Medical clinic","LowT/NoI","P733841","P733841 122123 121323 Carl Moore Health Center SS","P733841 122123 121323 Carl Moore Health Center SS.D","2023-12-21","2023-12-13","sample","2023-12-06","2023-12-13",10171,2,"502023",1,5.219,"REG",1.971,1.796,"REG",0.676,0.783,"REG",0.287,1.093,"REG",0.38,2.95,"REG",1.17,0.202,"REG",0.107,0.148,"LOD",0.092,0.183,"REG",0.107,0.475,"REG",0.135,0.201,"REG",0.091,0.524,"REG",0.199,0.234,"LOD",0.167,1.024,"REG",0.414,1.661,"REG",0.453,0.322,"REG",0.188,0.241,"REG",0.115,0.575,"REG",0.282,0.259,"LOD",0.236,0.524,"LOD",0.353,0.473,"REG",0.205,0.496,"REG",0.19,1.155,"REG",0.299,0.756,"REG",0.316,2.408,"REG",0.825,3.341,"REG",1.227,9.03,"REG",3.306,0.414,"ULOD",0.494,1.953,"REG",0.742,0.288,"REG",0.115,0.104,"REG",0.045,0.036,"LOD",0.023,0.007,"ND",0.011,0.037,"REG",0.013,0.184,"REG",0.085,2.314,"REG",0.842,0.224,"REG",0.086,0.148,"REG",0.031,1.184,"REG",0.29,0.2340922604416853,0.9,6.312,"REG",11.841000000000001,"REG","Winter"
"19","Carl Moore Health Center","rotating","39.93592967, -75.19557444",39.93592967,-75.19557444,NA,"Non-Industrial","Mixed Use","Low","Medical clinic","LowT/NoI","P726660","P726660 122123 122023 Carl Moore Health Center SS","P726660 122123 122023 Carl Moore Health Center SS.D","2023-12-21","2023-12-20","sample","2023-12-13","2023-12-20",9867,2,"512023",1,3.967,"REG",1.498,1.588,"REG",0.598,0.587,"REG",0.215,0.873,"REG",0.308,2.423,"REG",0.961,0.227,"REG",0.114,0.153,"LOD",0.095,0.189,"REG",0.11,0.455,"REG",0.135,0.207,"REG",0.093,0.54,"REG",0.204,0.241,"LOD",0.172,0.788,"REG",0.319,1.284,"REG",0.35,0.585,"REG",0.307,0.209,"REG",0.105,0.967,"REG",0.417,0.267,"LOD",0.244,0.885,"REG",0.405,0.402,"REG",0.189,0.415,"REG",0.168,0.886,"REG",0.236,0.613,"REG",0.28,1.773,"REG",0.62,2.675,"REG",0.986,7.335,"REG",2.691,0.427,"ULOD",0.446,1.285,"REG",0.505,0.257,"REG",0.105,0.088,"REG",0.041,0.01,"ND",0.016,0.007,"ND",0.011,0.002,"ND",0.003,0.156,"REG",0.084,2.294,"REG",0.835,0.231,"REG",0.088,0.153,"REG",0.031,1.356,"REG",0.333,0.24130458913067612,1,4.84,"REG",9.437999999999999,"REG","Winter"
"20","Vare & New Hope","rotating","39.92957166, -75.1962242",39.92957166,-75.1962242,NA,"Non-Industrial","Mixed Use","High","Car dealer, auto body shop","HighT/NoI","P726609","P726609 101323 101123 Vare st. SS","P726609 101323 101123 Vare st SS.D","2023-10-13","2023-10-11","sample","2023-10-04","2023-10-11",10002,1.99,"412023",1,3.724,"REG",1.407,1.32,"REG",0.497,0.538,"REG",0.197,0.795,"REG",0.283,2.098,"REG",0.832,0.043,"ND",0.072,0.04,"ND",0.067,0.118,"LOD",0.097,0.326,"REG",0.122,0.166,"REG",0.087,0.363,"REG",0.143,0.148,"LOD",0.155,0.771,"REG",0.312,1.332,"REG",0.363,0.095,"REG",0.113,0.195,"REG",0.1,0.279,"LOD",0.205,0.123,"LOD",0.216,0.339,"LOD",0.343,0.591,"REG",0.239,0.339,"REG",0.146,0.758,"REG",0.207,0.711,"REG",0.305,1.69,"REG",0.592,2.445,"REG",0.902,6.679,"REG",2.453,0.629,"ULOD",0.425,1.468,"REG",0.569,0.255,"REG",0.105,0.053,"REG",0.034,0.052,"REG",0.028,0.007,"ND",0.011,0.002,"ND",0.003,0.192,"REG",0.088,1.891,"REG",0.69,0.182,"REG",0.07,0.15,"REG",0.031,0.745,"REG",0.183,0.2380476285695242,0.5572,4.519,"REG",8.475000000000001,"REG","Summer"
"20","Vare & New Hope","rotating","39.92957166, -75.1962242",39.92957166,-75.1962242,NA,"Non-Industrial","Mixed Use","High","Car dealer, auto body shop","HighT/NoI","P733876","P733876 102623 101823 Vare St. SS RENAME","P733876 102623 101823 Vare St SS RENAME.D","2023-10-26","2023-10-18","sample","2023-10-11","2023-10-18",10038,2,"422023",1,2.988,"REG",1.129,0.806,"REG",0.304,0.452,"REG",0.166,0.66,"REG",0.239,1.478,"REG",0.586,0.112,"LOD",0.093,0.066,"LOD",0.083,0.085,"LOD",0.093,0.258,"REG",0.117,0.111,"LOD",0.08,0.282,"REG",0.115,0.119,"LOD",0.151,0.43,"REG",0.174,0.562,"REG",0.154,0.023,"REG",0.103,0.099,"REG",0.071,0.195,"LOD",0.189,0.086,"LOD",0.212,0.17,"LOD",0.334,0.254,"REG",0.154,0.231,"REG",0.12,0.433,"REG",0.136,0.328,"LOD",0.213,0.996,"REG",0.375,1.153,"REG",0.439,3.143,"REG",1.179,0.288,"REG",0.107,0.669,"REG",0.298,0.059,"REG",0.05,0.014,"ND",0.023,0.034,"LOD",0.023,0.007,"ND",0.011,0.002,"ND",0.003,0.193,"REG",0.088,1.984,"REG",0.723,0.182,"REG",0.07,0.12,"REG",0.026,0.56,"REG",0.138,0.23719390127041054,0.42,3.648,"REG",6.384,"REG","Summer"
"20","Vare & New Hope","rotating","39.92957166, -75.1962242",39.92957166,-75.1962242,NA,"Non-Industrial","Mixed Use","High","Car dealer, auto body shop","HighT/NoI","P726617","P726617 011624 011024 Vare St SS","P726617 011624 011024 Vare St SS.D","2024-01-16","2024-01-10","sample","2024-01-03","2024-01-10",10114,2,"22024",1,2.865,"REG",1.082,1.806,"REG",0.68,0.515,"REG",0.189,0.634,"REG",0.231,2.243,"REG",0.89,0.147,"LOD",0.098,0.099,"LOD",0.086,0.117,"LOD",0.096,0.269,"REG",0.117,0.145,"REG",0.083,0.401,"REG",0.155,0.147,"LOD",0.153,0.81,"REG",0.328,1.141,"REG",0.311,0.749,"REG",0.384,0.445,"REG",0.194,0.393,"REG",0.23,0.127,"LOD",0.215,0.366,"LOD",0.342,0.42,"REG",0.191,0.287,"REG",0.132,0.932,"REG",0.246,0.625,"REG",0.28,2.056,"REG",0.71,1.93,"REG",0.716,6.977,"REG",2.56,0.117,"ULOD",0.095,1.492,"REG",0.577,0.145,"REG",0.07,0.076,"REG",0.038,0.009,"ND",0.016,0.007,"ND",0.011,0.037,"REG",0.013,0.119,"LOD",0.078,1.79,"REG",0.654,0.158,"REG",0.061,0.14,"REG",0.029,0.606,"REG",0.149,0.23541154646553103,0.458,3.499,"REG",8.062999999999999,"REG","Winter"
"20","Vare & New Hope","rotating","39.92957166, -75.1962242",39.92957166,-75.1962242,NA,"Non-Industrial","Mixed Use","High","Car dealer, auto body shop","HighT/NoI","P733868","P733868 012524 011724 Vare St SS","P733868 012524 011724 Vare St SS.D","2024-01-25","2024-01-17","sample","2024-01-10","2024-01-17",10413,2,"32024",1,2.188,"REG",0.827,1.486,"REG",0.56,0.292,"REG",0.108,0.528,"REG",0.197,1.609,"REG",0.638,0.108,"LOD",0.09,0.064,"LOD",0.08,0.098,"LOD",0.091,0.245,"REG",0.112,0.105,"LOD",0.077,0.232,"REG",0.098,0.115,"LOD",0.145,0.686,"REG",0.277,1.018,"REG",0.277,0.631,"REG",0.327,0.469,"REG",0.203,0.272,"LOD",0.197,0.087,"LOD",0.205,0.315,"LOD",0.329,0.326,"REG",0.166,0.187,"REG",0.108,0.617,"REG",0.173,0.501,"REG",0.245,1.325,"REG",0.474,1.701,"REG",0.633,4.842,"REG",1.786,0.421,"ULOD",0.162,1.003,"REG",0.404,0.255,"REG",0.104,0.055,"REG",0.033,0.009,"ND",0.015,0.007,"ND",0.011,0.002,"ND",0.003,0.147,"REG",0.079,2.521,"REG",0.916,0.153,"REG",0.059,0.078,"REG",0.02,1.796,"REG",0.44,0.22865191404517246,1.398,2.716,"REG",6.103,"REG","Winter"
"21","Universal Charter School at Vare","rotating","39.92640295, -75.18538637",39.92640295,-75.18538637,NA,"Non-Industrial","Mixed Use","High","Splash pad","HighT/NoI","P726610","P726610 101323 101123 Universal Charter at Vare SS","P726610 101323 101123 Universal Charter at Vare SS.D","2023-10-13","2023-10-11","sample","2023-10-04","2023-10-11",9985,1.99,"412023",1,4.255,"REG",1.607,1.442,"REG",0.543,0.604,"REG",0.221,0.91,"REG",0.321,2.261,"REG",0.897,0.167,"LOD",0.102,0.117,"LOD",0.089,0.152,"LOD",0.103,0.378,"REG",0.127,0.185,"REG",0.089,0.445,"REG",0.171,0.208,"LOD",0.164,0.903,"REG",0.366,1.522,"REG",0.415,0.294,"REG",0.178,0.273,"REG",0.128,0.365,"REG",0.225,0.123,"LOD",0.217,0.382,"LOD",0.347,0.621,"REG",0.248,0.381,"REG",0.158,0.841,"REG",0.225,0.767,"REG",0.321,1.893,"REG",0.658,2.774,"REG",1.021,7.426,"REG",2.724,0.63,"ULOD",0.493,1.639,"REG",0.63,0.217,"REG",0.092,0.073,"REG",0.038,0.009,"ND",0.016,0.007,"ND",0.011,0.002,"ND",0.003,0.226,"REG",0.093,1.804,"REG",0.659,0.546,"REG",0.207,0.15,"REG",0.031,0.666,"REG",0.163,0.23845291747144529,0.4975,5.165,"REG",9.472000000000001,"REG","Summer"
"21","Universal Charter School at Vare","rotating","39.92640295, -75.18538637",39.92640295,-75.18538637,NA,"Non-Industrial","Mixed Use","High","Splash pad","HighT/NoI","P733878","P733878 102623 101823 Universal Charter at Vare SS RENAME","P733878 102623 101823 Universal Charter at Vare SS RENAME.D","2023-10-26","2023-10-18","sample","2023-10-11","2023-10-18",10042,2,"422023",1,4.253,"REG",1.606,1.024,"REG",0.386,0.647,"REG",0.237,0.932,"REG",0.328,2.036,"REG",0.807,0.148,"LOD",0.098,0.117,"LOD",0.088,0.135,"LOD",0.1,0.378,"REG",0.126,0.203,"REG",0.092,0.445,"REG",0.171,0.178,"LOD",0.159,0.587,"REG",0.238,0.819,"REG",0.223,0.147,"REG",0.125,0.157,"REG",0.087,0.421,"REG",0.239,0.161,"LOD",0.22,0.339,"LOD",0.342,0.479,"REG",0.207,0.339,"REG",0.146,0.65,"REG",0.182,0.602,"REG",0.275,1.443,"REG",0.513,1.764,"REG",0.656,4.947,"REG",1.826,0.417,"ULOD",0.179,1.216,"REG",0.48,0.098,"REG",0.058,0.014,"ND",0.023,0.043,"REG",0.025,0.007,"ND",0.011,0.002,"ND",0.003,0.26,"REG",0.099,2.074,"REG",0.755,0.272,"REG",0.104,0.12,"REG",0.026,0.693,"REG",0.17,0.23709942052901625,0.52,5.1850000000000005,"REG",8.892,"REG","Summer"
"21","Universal Charter School at Vare","rotating","39.92640295, -75.18538637",39.92640295,-75.18538637,NA,"Non-Industrial","Mixed Use","High","Splash pad","HighT/NoI","P726657","P726657 011724 011024 Universal Charter at Vare SS","P726657 011724 011024 Universal Charter at Vare SS.D","2024-01-17","2024-01-10","sample","2024-01-03","2024-01-10",10068,2,"22024",1,3.309,"REG",1.25,2.053,"REG",0.772,0.604,"REG",0.221,0.751,"REG",0.269,2.684,"REG",1.064,0.167,"LOD",0.101,0.1,"LOD",0.086,0.135,"LOD",0.099,0.322,"REG",0.121,0.164,"REG",0.086,0.362,"REG",0.142,0.207,"LOD",0.163,0.998,"REG",0.404,1.449,"REG",0.395,0.553,"REG",0.292,0.408,"REG",0.179,0.395,"REG",0.231,0.164,"LOD",0.22,0.368,"LOD",0.343,0.506,"REG",0.214,0.343,"REG",0.147,1.235,"REG",0.318,0.791,"REG",0.327,2.611,"REG",0.892,2.406,"REG",0.888,8.942,"REG",3.274,0.117,"ULOD",0.152,1.709,"REG",0.654,0.224,"REG",0.094,0.115,"REG",0.048,0.009,"ND",0.016,0.007,"ND",0.011,0.002,"ND",0.003,0.12,"LOD",0.078,1.708,"REG",0.624,0.204,"REG",0.078,0.14,"REG",0.029,0.608,"REG",0.149,0.23648712564088015,0.458,4.0600000000000005,"REG",9.401,"REG","Winter"
"21","Universal Charter School at Vare","rotating","39.92640295, -75.18538637",39.92640295,-75.18538637,NA,"Non-Industrial","Mixed Use","High","Splash pad","HighT/NoI","P733864","P733864 012524 011724 Universal Charter at Vare SS","P733864 012524 011724 Universal Charter at Vare SS.D","2024-01-25","2024-01-17","sample","2024-01-10","2024-01-17",10396,2,"32024",1,2.996,"REG",1.132,1.68,"REG",0.633,0.501,"REG",0.184,0.661,"REG",0.239,1.905,"REG",0.756,0.162,"LOD",0.098,0.097,"LOD",0.083,0.13,"LOD",0.096,0.345,"REG",0.12,0.123,"LOD",0.079,0.35,"REG",0.138,0.172,"LOD",0.153,0.738,"REG",0.298,1.223,"REG",0.333,0.536,"REG",0.283,0.339,"REG",0.152,0.41,"REG",0.231,0.123,"LOD",0.208,0.398,"LOD",0.336,0.436,"REG",0.193,0.227,"REG",0.116,0.775,"REG",0.209,0.555,"REG",0.259,1.711,"REG",0.597,2.121,"REG",0.784,6.206,"REG",2.28,0.421,"ULOD",0.197,1.289,"REG",0.504,0.179,"REG",0.079,0.037,"LOD",0.03,0.009,"ND",0.015,0.007,"ND",0.011,0.002,"ND",0.003,0.115,"LOD",0.075,2.438,"REG",0.886,0.198,"REG",0.076,0.078,"REG",0.02,1.67,"REG",0.41,0.22902581578995587,1.298,3.657,"REG",7.743,"REG","Winter"
