"site_id","site","site_type","coordinates","lat","long","site_color","industrial_20","land_use","site_traffic","nearby_sources","ind_traf","tube_number","file_name_sampling","file_name","analysis_batch_date","sample_end_date","sample_type","start_date","end_date","time_difference","multiplier","week","sample_length","m_p_xylene_2","m_p_xylene_2_flag","m_p_xylene_2_unc","benzene","benzene_flag","benzene_unc","ethylbenzene","ethylbenzene_flag","ethylbenzene_unc","o_xylene","o_xylene_flag","o_xylene_unc","toluene","toluene_flag","toluene_unc","benzene_1_2_3_trimethyl","benzene_1_2_3_trimethyl_flag","benzene_1_2_3_trimethyl_unc","benzene_1_4_diethyl","benzene_1_4_diethyl_flag","benzene_1_4_diethyl_unc","benzene_1_ethyl_2_methyl","benzene_1_ethyl_2_methyl_flag","benzene_1_ethyl_2_methyl_unc","benzene_1_ethyl_3_methyl","benzene_1_ethyl_3_methyl_flag","benzene_1_ethyl_3_methyl_unc","benzene_1_ethyl_4_methyl","benzene_1_ethyl_4_methyl_flag","benzene_1_ethyl_4_methyl_unc","mesitylene","mesitylene_flag","mesitylene_unc","benzene_propyl","benzene_propyl_flag","benzene_propyl_unc","heptane","heptane_flag","heptane_unc","n_hexane","n_hexane_flag","n_hexane_unc","nonane","nonane_flag","nonane_unc","octane","octane_flag","octane_unc","decane","decane_flag","decane_unc","dodecane","dodecane_flag","dodecane_unc","undecane","undecane_flag","undecane_unc","pentane_2_3_4_trimethyl","pentane_2_3_4_trimethyl_flag","pentane_2_3_4_trimethyl_unc","pentane_2_4_dimethyl","pentane_2_4_dimethyl_flag","pentane_2_4_dimethyl_unc","hexane_2_methyl","hexane_2_methyl_flag","hexane_2_methyl_unc","heptane_3_methyl","heptane_3_methyl_flag","heptane_3_methyl_unc","hexane_3_methyl","hexane_3_methyl_flag","hexane_3_methyl_unc","pentane_3_methyl","pentane_3_methyl_flag","pentane_3_methyl_unc","pentane_2_methyl","pentane_2_methyl_flag","pentane_2_methyl_unc","butane_2_methyl","butane_2_methyl_flag","butane_2_methyl_unc","cyclohexane_methyl","cyclohexane_methyl_flag","cyclohexane_methyl_unc","x1_hexene","x1_hexene_flag","x1_hexene_unc","x2_pentene_z_cis","x2_pentene_z_cis_flag","x2_pentene_z_cis_unc","x1_3_butadiene_2_methyl","x1_3_butadiene_2_methyl_flag","x1_3_butadiene_2_methyl_unc","x2_hexanone","x2_hexanone_flag","x2_hexanone_unc","methyl_isobutyl_ketone","methyl_isobutyl_ketone_flag","methyl_isobutyl_ketone_unc","benzene_1_2_dichloro","benzene_1_2_dichloro_flag","benzene_1_2_dichloro_unc","carbon_tetrachloride","carbon_tetrachloride_flag","carbon_tetrachloride_unc","trichloromethane","trichloromethane_flag","trichloromethane_unc","tetrachloroethylene","tetrachloroethylene_flag","tetrachloroethylene_unc","trichloromonofluoromethane","trichloromonofluoromethane_flag","trichloromonofluoromethane_unc","conversion_factor","blank_corrected_value","xylenes","xylenes_flag","btex","btex_flag","season"
"1","Bartram’s Garden","stationary","39.92896, -75.212541",39.92896,-75.212541,"#619CFF","Non-Industrial","Open Space","Low",NA,"LowT/NoI","P733856","P733856 071323 070523 Bartrams 1WK SS","P733856 071323 070523 Bartrams 1WK SS.D","2023-07-13","2023-07-05","sample","2023-06-28","2023-07-05",9991,2,"272023",1,0.2788,"REG",0.1054,0.2909,"REG",0.1098,0.0601,"REG",0.0222,0.0843,"REG",0.0347,0.2667,"REG",0.1058,0.0152,"LOD",0.0183,0.0073,"ND",0.0122,0.0138,"LOD",0.0187,0.011,"ND",0.0183,0.0302,"REG",0.0172,0.0917,"REG",0.0352,0.0182,"LOD",0.0302,0.0702,"REG",0.0286,0.1101,"REG",0.0303,0.0098,"ND",0.0163,0.0062,"ND",0.0103,0.0208,"LOD",0.0309,0.0237,"LOD",0.0319,0.026,"ND",0.0434,0.0607,"REG",0.0343,0.0533,"REG",0.0287,0.0601,"REG",0.0255,0.0574,"LOD",0.0436,0.1343,"REG",0.0616,0.1848,"REG",0.0762,0.5386,"REG",0.2112,0.0477,"REG",0.0178,0.1264,"REG",0.0623,0.0115,"REG",0.0139,0.0049,"ND",0.0081,0.119,"REG",0.0461,0.0017,"ND",0.0028,5e-4,"ND",8e-4,0.0167,"LOD",0.0127,0.1872,"REG",0.0692,0.0281,"REG",0.0109,0.0089,"REG",0.0027,0.0477,"REG",0.0118,0.23830971684039443,0.2,0.3631,"REG",0.9808000000000001,"REG",NA
"1","Bartram’s Garden","stationary","39.92896, -75.212541",39.92896,-75.212541,"#619CFF","Non-Industrial","Open Space","Low",NA,"LowT/NoI","P726645","P726645 071323 071223 Bartrams 1WK SS","P726645 071323 071223 Bartrams 1WK SS.D","2023-07-13","2023-07-12","sample","2023-07-05","2023-07-12",10105,2,"282023",1,0.3676,"REG",0.1389,0.1701,"REG",0.0646,0.0693,"REG",0.0255,0.1042,"REG",0.0404,0.2932,"REG",0.1163,0.0225,"LOD",0.0189,0.0121,"LOD",0.015,0.0205,"LOD",0.0192,0.0451,"REG",0.0231,0.0187,"LOD",0.0158,0.0495,"REG",0.0209,0.018,"LOD",0.0299,0.0886,"REG",0.036,0.1221,"REG",0.0335,0.0077,"REG",0.0197,0.0211,"REG",0.015,0.0447,"REG",0.0342,0.0234,"LOD",0.0315,0.0783,"LOD",0.0552,0.06,"REG",0.0339,0.0626,"REG",0.0305,0.0792,"REG",0.0284,0.0684,"LOD",0.0451,0.1931,"REG",0.077,0.2233,"REG",0.0888,0.6456,"REG",0.2477,0.0522,"REG",0.0195,0.1667,"REG",0.0739,0.0065,"ND",0.0109,0.0048,"ND",0.008,0.1371,"REG",0.053,0.0016,"ND",0.0027,5e-4,"ND",8e-4,0.022,"LOD",0.0131,0.1993,"REG",0.0735,0.037,"REG",0.0142,0.0132,"REG",0.0032,0.0424,"REG",0.0105,0.23562121533422872,0.18,0.4718,"REG",1.0044000000000002,"REG",NA
"1","Bartram’s Garden","stationary","39.92896, -75.212541",39.92896,-75.212541,"#619CFF","Non-Industrial","Open Space","Low",NA,"LowT/NoI","P637224","P637224 072723 071923 Bartrams 1WK DS","P637224 072723 071923 Bartrams 1WK DS.D","2023-07-27","2023-07-19","sample","2023-07-12","2023-07-19",10113,14.3,"292023",1,0.6494,"REG",0.2453,0.3257,"REG",0.1228,0.1061,"REG",0.0389,0.1861,"LOD",0.0661,0.5616,"REG",0.2227,0.0537,"LOD",0.0244,0.0072,"ND",0.0121,0.0488,"LOD",0.0243,0.0992,"LOD",0.0278,0.0267,"LOD",0.0166,0.1178,"LOD",0.0444,0.0145,"ND",0.0242,0.2081,"REG",0.0842,0.3201,"REG",0.0872,0.0489,"LOD",0.0309,0.073,"LOD",0.0328,0.0806,"LOD",0.0431,0.1006,"LOD",0.0542,0.134,"LOD",0.0617,0.0857,"LOD",0.0398,0.0941,"LOD",0.0387,0.1414,"LOD",0.0406,0.1649,"LOD",0.0686,0.3449,"LOD",0.1229,0.7251,"REG",0.2673,1.8712,"REG",0.6871,0.2362,"REG",0.0882,0.3721,"LOD",0.1438,0.0585,"LOD",0.0253,0.0048,"ND",0.008,0.2294,"REG",0.0882,0.0668,"REG",0.0214,5e-4,"ND",8e-4,0.0393,"LOD",0.0157,0.5086,"REG",0.1845,0.0661,"REG",0.0252,0.0314,"REG",0.006,0.202,"REG",0.0496,0.2354348245775122,0.858,0.8354999999999999,"REG",1.8288999999999997,"REG",NA
"1","Bartram’s Garden","stationary","39.92896, -75.212541",39.92896,-75.212541,"#619CFF","Non-Industrial","Open Space","Low",NA,"LowT/NoI","P726608","P726608 072823 072623 Bartrams 1WK DS","P726608 072823 072623 Bartrams 1WK DS.D","2023-07-28","2023-07-26","sample","2023-07-19","2023-07-26",9912,14.3,"302023",1,0.7141,"REG",0.2697,0.3323,"REG",0.1253,0.1443,"REG",0.0528,0.2278,"LOD",0.0798,0.573,"REG",0.2272,0.0548,"LOD",0.0249,0.0074,"ND",0.0123,0.0249,"LOD",0.0201,0.1012,"LOD",0.0284,0.0272,"LOD",0.0169,0.1202,"LOD",0.0453,0.0437,"LOD",0.0339,0.2124,"REG",0.0859,0.2785,"REG",0.0759,0.0155,"LOD",0.0211,0.0445,"LOD",0.0223,0.0822,"LOD",0.044,0.0637,"LOD",0.0417,0.1367,"LOD",0.063,0.0874,"LOD",0.0407,0.096,"LOD",0.0394,0.1443,"LOD",0.0415,0.1682,"LOD",0.07,0.4398,"LOD",0.1535,0.5919,"REG",0.2192,1.7718,"REG",0.6513,0.2671,"REG",0.0997,0.3797,"LOD",0.1467,0.0597,"LOD",0.0258,0.0049,"ND",0.0082,0.234,"REG",0.09,0.0017,"ND",0.0028,5e-4,"ND",8e-4,0.0801,"LOD",0.0242,0.519,"REG",0.1882,0.0674,"REG",0.0257,0.0321,"REG",0.0061,0.2061,"REG",0.0506,0.2402090779814751,0.858,0.9419,"REG",1.9915,"REG",NA
"1","Bartram’s Garden","stationary","39.92896, -75.212541",39.92896,-75.212541,"#619CFF","Non-Industrial","Open Space","Low",NA,"LowT/NoI","P726661","P726661 081023 080223 Bartrams 1WK SS","P726661 081023 080223 Bartrams 1WK SS.D","2023-08-10","2023-08-02","sample","2023-07-26","2023-08-02",10110,2,"312023",1,0.3026,"REG",0.1144,0.2071,"REG",0.0784,0.0544,"REG",0.0201,0.0833,"REG",0.0343,0.2778,"REG",0.1102,0.0188,"LOD",0.0184,0.0121,"LOD",0.015,0.0136,"LOD",0.0185,0.0108,"ND",0.0181,0.033,"REG",0.0174,0.0398,"REG",0.0179,0.018,"LOD",0.0298,0.0915,"REG",0.0371,0.1121,"REG",0.0308,0.1947,"REG",0.0982,0.0783,"REG",0.0349,0.0643,"REG",0.0387,0.0148,"ND",0.0247,0.0989,"REG",0.0573,0.042,"LOD",0.0306,0.0461,"REG",0.027,0.0659,"REG",0.0262,0.0543,"LOD",0.0427,0.1568,"REG",0.0671,0.1826,"REG",0.0753,0.5401,"REG",0.2114,0.0674,"REG",0.0252,0.1249,"REG",0.0616,0.0625,"REG",0.0266,0.0133,"LOD",0.0107,0.1605,"REG",0.0619,0.0151,"REG",0.0058,5e-4,"ND",8e-4,0.0275,"REG",0.0138,0.2135,"REG",0.0785,0.037,"REG",0.0142,0.0132,"REG",0.0032,0.0754,"REG",0.0185,0.23550468654326223,0.32,0.38589999999999997,"REG",0.9252,"REG",NA
"1","Bartram’s Garden","stationary","39.92896, -75.212541",39.92896,-75.212541,"#619CFF","Non-Industrial","Open Space","Low",NA,"LowT/NoI","P726659","P726659 081123 080923 Bartrams 1WK SS","P726659 081123 080923 Bartrams 1WK SS.D","2023-08-11","2023-08-09","sample","2023-08-02","2023-08-09",10048,2,"322023",1,0.3258,"REG",0.1231,0.2022,"REG",0.0766,0.0597,"REG",0.0221,0.089,"REG",0.036,0.2541,"REG",0.1008,0.0227,"LOD",0.019,0.0121,"LOD",0.0151,0.0172,"LOD",0.0189,0.0378,"LOD",0.0228,0.0182,"LOD",0.0158,0.0401,"REG",0.018,0.0181,"LOD",0.03,0.0985,"REG",0.04,0.1261,"REG",0.0346,0.1106,"REG",0.0581,0.0581,"REG",0.0271,0.055,"REG",0.0366,0.0386,"LOD",0.0346,0.073,"LOD",0.055,0.0362,"LOD",0.0298,0.0397,"LOD",0.0259,0.073,"REG",0.0274,0.0663,"LOD",0.0449,0.1821,"REG",0.074,0.2246,"REG",0.0893,0.6003,"REG",0.2321,0.0584,"REG",0.0218,0.1571,"REG",0.0712,0.04,"REG",0.0198,0.0134,"LOD",0.0107,0.106,"REG",0.0412,0.0202,"REG",0.0072,5e-4,"ND",8e-4,0.0111,"LOD",0.0122,0.2148,"REG",0.079,0.0279,"REG",0.0108,0.0088,"REG",0.0027,0.0758,"REG",0.0186,0.2369578404610252,0.32,0.41479999999999995,"REG",0.9308,"REG",NA
"1","Bartram’s Garden","stationary","39.92896, -75.212541",39.92896,-75.212541,"#619CFF","Non-Industrial","Open Space","Low",NA,"LowT/NoI","P726620","P726620 082423 081623 Bartrams SS","P726620 082423 081623 Bartrams SS.D","2023-08-24","2023-08-16","sample","2023-08-09","2023-08-16",10197,1.3,"332023",1,0.3859,"REG",0.1458,0.1637,"REG",0.0622,0.0765,"REG",0.0281,0.1074,"REG",0.0412,0.3078,"REG",0.1221,0.0218,"LOD",0.0186,0.0072,"ND",0.012,0.0198,"LOD",0.019,0.0509,"REG",0.0233,0.0186,"REG",0.0156,0.0411,"REG",0.0182,0.0232,"LOD",0.0301,0.0964,"REG",0.0391,0.1294,"REG",0.0355,0.0644,"REG",0.0372,0.0474,"REG",0.0232,0.0573,"REG",0.0368,0.0489,"REG",0.0368,0.0255,"ND",0.0425,0.0425,"REG",0.0304,0.0318,"REG",0.0244,0.0765,"REG",0.0278,0.0636,"REG",0.0439,0.171,"REG",0.0706,0.1961,"REG",0.0796,0.528,"REG",0.207,0.053,"REG",0.0198,0.1543,"REG",0.07,0.0065,"ND",0.0108,0.0086,"LOD",0.01,0.128,"REG",0.0495,0.0016,"ND",0.0027,4e-4,"ND",7e-4,0.0248,"REG",0.0134,0.1743,"REG",0.0646,0.0298,"REG",0.0115,0.0142,"REG",0.0033,0.0455,"REG",0.0112,0.2334953791264471,0.195,0.4933,"REG",1.0413000000000001,"REG","Summer"
"1","Bartram’s Garden","stationary","39.92896, -75.212541",39.92896,-75.212541,"#619CFF","Non-Industrial","Open Space","Low",NA,"LowT/NoI","P733895","P733895 082523 082323 Bartrams SS","P733895 082523 082323 Bartrams SS.D","2023-08-25","2023-08-23","sample","2023-08-16","2023-08-23",9977,2,"342023",1,0.2637,"REG",0.0997,0.2224,"REG",0.0842,0.0551,"REG",0.0204,0.0739,"REG",0.0319,0.2474,"REG",0.0981,0.0228,"LOD",0.0191,0.0073,"ND",0.0122,0.0173,"LOD",0.0191,0.0346,"LOD",0.0228,0.0145,"LOD",0.0156,0.0404,"REG",0.0181,0.0182,"LOD",0.0302,0.0862,"REG",0.035,0.0802,"REG",0.0223,0.245,"REG",0.1228,0.1629,"REG",0.0691,0.0847,"REG",0.0446,0.0876,"REG",0.0497,0.1403,"REG",0.0632,0.0243,"LOD",0.0286,0.0112,"ND",0.0186,0.0535,"REG",0.0246,0.0432,"LOD",0.0417,0.11,"REG",0.056,0.1131,"REG",0.0545,0.3182,"REG",0.1395,0.0364,"REG",0.0136,0.0739,"LOD",0.0494,0.0403,"REG",0.0199,0.0269,"REG",0.0135,0.0904,"REG",0.0353,0.0254,"REG",0.0087,5e-4,"ND",8e-4,0.0223,"LOD",0.0133,0.1731,"REG",0.0642,0.0281,"REG",0.0109,0.0134,"REG",0.0033,0.043,"REG",0.0106,0.23864411957024967,0.18,0.3376,"REG",0.8624999999999999,"REG","Summer"
"1","Bartram’s Garden","stationary","39.92896, -75.212541",39.92896,-75.212541,"#619CFF","Non-Industrial","Open Space","Low",NA,"LowT/NoI","P733889","P733889 090723 083023 Bartrams SS","P733889 090723 083023 Bartrams SS.D","2023-09-07","2023-08-30","sample","2023-08-23","2023-08-30",10054,2,"352023",1,0.341,"REG",0.1289,0.1865,"REG",0.0708,0.0692,"REG",0.0255,0.0938,"REG",0.0374,0.2793,"REG",0.1108,0.0226,"LOD",0.019,0.0152,"LOD",0.0153,0.0154,"LOD",0.0187,0.0419,"LOD",0.023,0.0188,"LOD",0.0158,0.0497,"REG",0.021,0.0236,"LOD",0.0305,0.1102,"REG",0.0447,0.1332,"REG",0.0365,0.0028,"REG",0.0195,0.0218,"REG",0.0152,0.059,"REG",0.0375,0.0663,"REG",0.0423,0.0934,"REG",0.0569,0.0482,"LOD",0.0318,0.0519,"REG",0.0282,0.0928,"REG",0.0309,0.0809,"REG",0.0476,0.2062,"REG",0.0808,0.2023,"REG",0.0819,0.6252,"REG",0.2407,0.062,"REG",0.0231,0.1885,"REG",0.0809,0.0619,"REG",0.0264,0.0106,"LOD",0.0103,0.0614,"REG",0.0245,0.0016,"ND",0.0027,5e-4,"ND",8e-4,0.0097,"LOD",0.0121,0.2004,"REG",0.0739,0.0279,"REG",0.0108,0.0088,"REG",0.0027,0.0616,"REG",0.0152,0.2368164293766044,0.26,0.4348,"REG",0.9698000000000001,"REG","Summer"
"1","Bartram’s Garden","stationary","39.92896, -75.212541",39.92896,-75.212541,"#619CFF","Non-Industrial","Open Space","Low",NA,"LowT/NoI","P726607","P726607 090823 090623 Bartrams SS","P726607 090823 090623 Bartrams SS.D","2023-09-08","2023-09-06","sample","2023-08-30","2023-09-06",10207,2,"362023",1,0.2799,"REG",0.1058,0.1776,"REG",0.0674,0.0584,"REG",0.0216,0.0821,"REG",0.0339,0.2501,"REG",0.0992,0.0223,"LOD",0.0187,0.0072,"ND",0.0119,0.0118,"LOD",0.0182,0.0344,"LOD",0.0223,0.0148,"LOD",0.0153,0.0327,"REG",0.0157,0.0173,"LOD",0.0295,0.0643,"REG",0.0262,0.092,"REG",0.0254,0.0867,"REG",0.047,0.0337,"REG",0.0185,0.0534,"REG",0.0358,0.0441,"LOD",0.0355,0.0855,"REG",0.0554,0.0297,"LOD",0.0286,0.0478,"REG",0.0272,0.0588,"REG",0.025,0.0451,"LOD",0.0411,0.1314,"REG",0.0603,0.1491,"REG",0.0646,0.4105,"REG",0.1678,0.0441,"REG",0.0165,0.0928,"REG",0.0529,0.0065,"ND",0.0108,0.0301,"REG",0.0141,0.1151,"REG",0.0446,0.012,"REG",0.005,4e-4,"ND",7e-4,0.0422,"REG",0.0161,0.1833,"REG",0.0678,0.0366,"REG",0.0141,0.0131,"REG",0.0032,0.042,"REG",0.0104,0.2332666190802764,0.18,0.362,"REG",0.8481000000000001,"REG","Summer"
"1","Bartram’s Garden","stationary","39.92896, -75.212541",39.92896,-75.212541,"#619CFF","Non-Industrial","Open Space","Low",NA,"LowT/NoI","P733859","P733859 092923 092723 Bartrams SS","P733859 092923 092723 Bartrams SS RENAME.D","2023-09-29","2023-09-27","sample","2023-09-20","2023-09-27",10069,2,"392023",1,0.3405,"REG",0.1287,0.1986,"REG",0.0753,0.0542,"REG",0.0201,0.0675,"REG",0.0301,0.2409,"REG",0.0955,0.0113,"LOD",0.0179,0.0073,"ND",0.0121,0.0051,"LOD",0.0181,0.0244,"LOD",0.0222,0.0112,"LOD",0.0153,0.0331,"REG",0.0159,0.0115,"LOD",0.0295,0.0523,"REG",0.0214,0.0999,"REG",0.0275,0.0097,"ND",0.0162,0.0061,"ND",0.0102,0.0202,"LOD",0.0306,0.0072,"LOD",0.03,0.0204,"LOD",0.0519,0.0241,"LOD",0.0283,0.0353,"LOD",0.0251,0.0596,"REG",0.0253,0.0341,"LOD",0.0403,0.1332,"REG",0.0612,0.202,"REG",0.0818,0.6053,"REG",0.2338,0.0964,"REG",0.036,0.1045,"REG",0.0563,0.0066,"ND",0.0109,0.0048,"ND",0.0081,0.019,"REG",0.01,0.0016,"ND",0.0027,5e-4,"ND",8e-4,0.0262,"REG",0.0137,0.2715,"REG",0.0992,0.0278,"REG",0.0108,0.0177,"REG",0.0038,0.1419,"REG",0.0348,0.2364636389862331,0.6,0.40800000000000003,"REG",0.9017000000000001,"REG","Summer"
"1","Bartram’s Garden","stationary","39.92896, -75.212541",39.92896,-75.212541,"#619CFF","Non-Industrial","Open Space","Low",NA,"LowT/NoI","P733897","P733897 101223 100423 Bartrams SS","P733897 101223 100423 Bartrams SS.D","2023-10-12","2023-10-04","sample","2023-09-27","2023-10-04",10123,2,"402023",1,0.5984,"REG",0.226,0.2809,"REG",0.1061,0.0934,"REG",0.0343,0.13,"REG",0.0482,0.4183,"REG",0.1659,0.0187,"LOD",0.0184,0.012,"LOD",0.015,0.017,"LOD",0.0188,0.0485,"REG",0.0233,0.0224,"LOD",0.0161,0.0486,"REG",0.0206,0.0239,"LOD",0.0304,0.1166,"REG",0.0473,0.2239,"REG",0.0611,0.0089,"REG",0.0198,0.0333,"REG",0.0185,0.0332,"LOD",0.0321,0.0123,"LOD",0.0301,0.0263,"LOD",0.0518,0.0599,"REG",0.0338,0.0592,"REG",0.0297,0.1047,"REG",0.0331,0.0697,"LOD",0.0453,0.2409,"REG",0.0908,0.3749,"REG",0.1414,1.0725,"REG",0.3988,0.0774,"REG",0.0289,0.2069,"REG",0.0868,0.0284,"REG",0.0168,0.0048,"ND",0.008,0.0347,"REG",0.0149,0.0016,"ND",0.0027,5e-4,"ND",8e-4,0.0428,"REG",0.0163,0.2843,"REG",0.1038,0.0369,"REG",0.0142,0.0176,"REG",0.0038,0.08,"REG",0.0197,0.23520225041513199,0.34,0.7284,"REG",1.521,"REG","Summer"
"1","Bartram’s Garden","stationary","39.92896, -75.212541",39.92896,-75.212541,"#619CFF","Non-Industrial","Open Space","Low",NA,"LowT/NoI","P726604","P726604 101323 101123 Bartrams SS","P726604 101323 101123 Bartrams SS.D","2023-10-13","2023-10-11","sample","2023-10-04","2023-10-11",9990,1.99,"412023",1,0.6744,"REG",0.2547,0.3391,"REG",0.1279,0.1041,"REG",0.0382,0.1468,"REG",0.0536,0.464,"REG",0.184,0.0227,"LOD",0.0191,0.0152,"LOD",0.0154,0.0206,"LOD",0.0194,0.0559,"REG",0.024,0.0226,"LOD",0.0163,0.0656,"REG",0.0262,0.0302,"LOD",0.0315,0.1496,"REG",0.0606,0.332,"REG",0.0905,0.0098,"ND",0.0163,0.0252,"REG",0.0162,0.0383,"LOD",0.0333,0.0123,"LOD",0.0305,0.0331,"LOD",0.0527,0.0845,"REG",0.0398,0.0696,"REG",0.0324,0.1454,"REG",0.0416,0.1172,"REG",0.0561,0.3279,"REG",0.1177,0.5414,"REG",0.201,1.6695,"REG",0.6141,0.3914,"ULOD",0.1461,0.282,"REG",0.1123,0.0514,"REG",0.0231,0.0253,"REG",0.0131,0.0349,"REG",0.0151,0.0017,"ND",0.0028,0.0073,"REG",0.0026,0.0653,"REG",0.0208,0.2866,"REG",0.1047,0.0465,"REG",0.0178,0.0177,"REG",0.0039,0.1423,"REG",0.0349,0.238333571666905,0.597,0.8212,"REG",1.7284,"REG","Summer"
"1","Bartram’s Garden","stationary","39.92896, -75.212541",39.92896,-75.212541,"#619CFF","Non-Industrial","Open Space","Low",NA,"LowT/NoI","P733869","P733869 102623 101823 Bartrams SS RENAME","P733869 102623 101823 Bartrams SS RENAME.D","2023-10-26","2023-10-18","sample","2023-10-11","2023-10-18",10255,2,"422023",1,0.521,"REG",0.1968,0.2225,"REG",0.0842,0.0824,"REG",0.0303,0.1129,"REG",0.0429,0.305,"REG",0.121,0.0148,"LOD",0.0178,0.0089,"LOD",0.0146,0.0168,"LOD",0.0185,0.0411,"LOD",0.0226,0.0221,"LOD",0.0159,0.0479,"REG",0.0203,0.0177,"LOD",0.0294,0.0711,"REG",0.0289,0.143,"REG",0.0392,0.0095,"ND",0.0159,0.0045,"REG",0.0121,0.0328,"LOD",0.0317,0.0121,"LOD",0.0298,0.026,"LOD",0.0511,0.0414,"LOD",0.0301,0.0422,"LOD",0.026,0.0839,"REG",0.029,0.0459,"LOD",0.041,0.1903,"REG",0.0758,0.3,"REG",0.1149,0.8544,"REG",0.3208,0.1385,"REG",0.0517,0.1324,"REG",0.0633,0.0168,"REG",0.0143,0.0047,"ND",0.0079,0.0182,"REG",0.0097,0.0016,"ND",0.0027,4e-4,"ND",7e-4,0.0748,"REG",0.0228,0.3227,"REG",0.1176,0.0365,"REG",0.014,0.0217,"REG",0.0044,0.13,"REG",0.0319,0.23217478117526877,0.56,0.6339,"REG",1.2438,"REG","Summer"
"1","Bartram’s Garden","stationary","39.92896, -75.212541",39.92896,-75.212541,"#619CFF","Non-Industrial","Open Space","Low",NA,"LowT/NoI","P726601","P726601 102723 102523 Bartrams SS","P726601 102723 102523 Bartrams SS.D","2023-10-27","2023-10-25","sample","2023-10-18","2023-10-25",9883,2,"432023",1,0.5912,"REG",0.2233,0.2245,"REG",0.085,0.0906,"REG",0.0333,0.1278,"REG",0.0477,0.3724,"REG",0.1477,0.0154,"LOD",0.0185,0.0123,"LOD",0.0153,0.014,"LOD",0.0189,0.0426,"LOD",0.0234,0.0229,"LOD",0.0165,0.0497,"REG",0.0211,0.0184,"LOD",0.0305,0.126,"REG",0.0511,0.2159,"REG",0.0589,0.0332,"REG",0.0257,0.0299,"REG",0.0176,0.0341,"LOD",0.0329,0.0071,"LOD",0.0305,0.027,"LOD",0.0531,0.0552,"REG",0.0334,0.0606,"REG",0.0304,0.1207,"REG",0.0366,0.0833,"REG",0.0487,0.2838,"REG",0.1042,0.4566,"REG",0.1707,1.1949,"REG",0.443,0.1934,"ULOD",0.0722,0.2226,"REG",0.0924,0.0291,"REG",0.0172,0.0049,"ND",0.0082,0.0035,"ND",0.0058,0.0017,"ND",0.0028,5e-4,"ND",8e-4,0.0495,"REG",0.0177,0.3057,"REG",0.1115,0.0378,"REG",0.0146,0.018,"REG",0.0039,0.1494,"REG",0.0367,0.24091393108897918,0.62,0.719,"REG",1.4064999999999999,"REG","Summer"
"1","Bartram’s Garden","stationary","39.92896, -75.212541",39.92896,-75.212541,"#619CFF","Non-Industrial","Open Space","Low",NA,"LowT/NoI","P726603","P726603 110923 110123 Bartrams SS","P726603 110923 110123 Bartrams SS.D","2023-11-09","2023-11-01","sample","2023-10-25","2023-11-01",10310,2,"442023",1,0.6422,"REG",0.2426,0.294,"REG",0.111,0.1057,"REG",0.0388,0.1429,"REG",0.0521,0.7177,"REG",0.2846,0.0221,"LOD",0.0185,0.0071,"ND",0.0118,0.0201,"LOD",0.0188,0.0545,"REG",0.0233,0.0256,"LOD",0.0162,0.0558,"REG",0.0228,0.0294,"LOD",0.0306,0.1577,"REG",0.0638,0.2515,"REG",0.0686,0.3159,"REG",0.1574,0.1596,"REG",0.0677,0.0781,"REG",0.042,0.0225,"LOD",0.0308,0.0653,"LOD",0.0531,0.0529,"REG",0.0321,0.0484,"REG",0.0271,0.1229,"REG",0.0365,0.1016,"REG",0.0514,0.2721,"REG",0.0999,0.3681,"REG",0.1388,1.0715,"REG",0.3981,0.1341,"REG",0.05,0.194,"REG",0.0822,0.0479,"REG",0.0219,0.0104,"LOD",0.0101,0.0033,"ND",0.0056,0.0016,"ND",0.0027,4e-4,"ND",7e-4,0.0361,"REG",0.0149,0.2791,"REG",0.1019,0.0354,"REG",0.0136,0.0259,"REG",0.0051,0.1247,"REG",0.0306,0.23093621541730175,0.54,0.7851,"REG",1.9024999999999999,"REG","Summer"
"1","Bartram’s Garden","stationary","39.92896, -75.212541",39.92896,-75.212541,"#619CFF","Non-Industrial","Open Space","Low",NA,"LowT/NoI","P726645","P726645 111023 110823 Bartrams SS","P726645 111023 110823 Bartrams SS.D","2023-11-10","2023-11-08","sample","2023-11-01","2023-11-08",9905,2,"452023",1,0.8993,"REG",0.3396,0.4259,"REG",0.1605,0.1454,"REG",0.0533,0.1966,"REG",0.0696,0.6698,"REG",0.2656,0.0307,"LOD",0.0203,0.0185,"LOD",0.0159,0.0279,"LOD",0.0205,0.0779,"REG",0.026,0.0267,"LOD",0.0169,0.0749,"REG",0.0294,0.0367,"LOD",0.0327,0.2162,"REG",0.0875,0.3695,"REG",0.1007,0.1077,"REG",0.0568,0.0778,"REG",0.0348,0.0813,"REG",0.0437,0.0235,"LOD",0.0321,0.068,"LOD",0.0553,0.0734,"REG",0.0373,0.0672,"REG",0.0319,0.175,"REG",0.0482,0.1413,"REG",0.0625,0.3694,"REG",0.1309,0.5592,"REG",0.2074,1.6153,"REG",0.5946,0.2338,"ULOD",0.0873,0.2869,"REG",0.1142,0.0615,"REG",0.0264,0.0176,"REG",0.0116,0.0132,"LOD",0.0086,0.0017,"ND",0.0028,5e-4,"ND",8e-4,0.1049,"REG",0.03,0.3051,"REG",0.1113,0.0368,"REG",0.0142,0.0359,"REG",0.0068,0.0721,"REG",0.0177,0.2403788370471864,0.3,1.0958999999999999,"REG",2.3369999999999997,"REG",NA
"1","Bartram’s Garden","stationary","39.92896, -75.212541",39.92896,-75.212541,"#619CFF","Non-Industrial","Open Space","Low",NA,"LowT/NoI","P733848","P733848 112423 111523 Bartrams SS","P733848 112423 111523 Bartrams SS.D","2023-11-24","2023-11-15","sample","2023-11-08","2023-11-15",10107,2,"462023",1,0.4219,"REG",0.1594,0.3123,"REG",0.1178,0.0683,"REG",0.0252,0.0937,"REG",0.0373,0.3532,"REG",0.1401,0.015,"LOD",0.0181,0.0072,"ND",0.0121,0.0136,"LOD",0.0185,0.0347,"LOD",0.0225,0.0149,"LOD",0.0155,0.0404,"REG",0.018,0.018,"LOD",0.0299,0.1098,"REG",0.0445,0.217,"REG",0.0592,0.0914,"REG",0.0492,0.0557,"REG",0.0262,0.041,"LOD",0.0335,0.007,"LOD",0.0298,0.0402,"LOD",0.0525,0.042,"LOD",0.0306,0.0395,"LOD",0.0258,0.1055,"REG",0.0332,0.057,"LOD",0.0432,0.2293,"REG",0.0874,0.3552,"REG",0.1344,1.0365,"REG",0.3859,0.1983,"REG",0.074,0.1458,"REG",0.0676,0.0375,"REG",0.0191,0.0106,"LOD",0.0103,0.0032,"LOD",0.0069,0.0016,"ND",0.0027,5e-4,"ND",8e-4,0.0423,"REG",0.0162,0.2563,"REG",0.0938,0.0361,"REG",0.0139,0.0176,"REG",0.0038,0.1649,"REG",0.0405,0.23557458998242617,0.7,0.5156000000000001,"REG",1.2494,"REG",NA
"1","Bartram’s Garden","stationary","39.92896, -75.212541",39.92896,-75.212541,"#619CFF","Non-Industrial","Open Space","Low",NA,"LowT/NoI","P733865","P733865 112523 112223 Bartrams SS","P733865 112523 112223 Bartrams SS.D","2023-11-25","2023-11-22","sample","2023-11-15","2023-11-22",10171,2,"472023",1,0.8125,"REG",0.3069,0.3963,"REG",0.1494,0.1268,"REG",0.0465,0.1759,"REG",0.0628,0.6062,"REG",0.2404,0.0299,"LOD",0.0198,0.018,"LOD",0.0155,0.0237,"LOD",0.0195,0.0655,"REG",0.0244,0.0297,"REG",0.0169,0.0647,"REG",0.0258,0.0358,"LOD",0.0319,0.2296,"REG",0.0929,0.3992,"REG",0.1088,0.1096,"REG",0.0575,0.084,"REG",0.0371,0.0647,"REG",0.0387,0.0229,"LOD",0.0312,0.0596,"LOD",0.0533,0.0775,"REG",0.0377,0.0687,"REG",0.0319,0.2032,"REG",0.0544,0.1492,"REG",0.0641,0.4436,"REG",0.1544,0.5748,"REG",0.2129,1.6106,"REG",0.5926,0.2618,"ULOD",0.0977,0.3415,"REG",0.1329,0.0712,"REG",0.0294,0.0172,"REG",0.0112,0.0034,"ND",0.0056,0.0016,"ND",0.0027,5e-4,"ND",8e-4,0.053,"REG",0.0182,0.2546,"REG",0.0932,0.0358,"REG",0.0138,0.0262,"REG",0.0052,0.1685,"REG",0.0414,0.2340922604416853,0.72,0.9884,"REG",2.1177,"REG",NA
"1","Bartram’s Garden","stationary","39.92896, -75.212541",39.92896,-75.212541,"#619CFF","Non-Industrial","Open Space","Low",NA,"LowT/NoI","P733886","P733886 120823 112923 Bartrams SS","P733886 120823 112923 Bartrams SS.D","2023-12-08","2023-11-29","sample","2023-11-22","2023-11-29",9982,2,"482023",1,0.3098,"REG",0.1171,0.3162,"REG",0.1193,0.0536,"REG",0.0199,0.067,"REG",0.0301,0.2647,"REG",0.105,0.0088,"ND",0.0147,0.0073,"ND",0.0122,0.0104,"LOD",0.0185,0.0246,"LOD",0.0224,0.0113,"LOD",0.0154,0.025,"REG",0.0139,0.0121,"LOD",0.0298,0.0801,"REG",0.0326,0.1463,"REG",0.0401,0.0386,"REG",0.0273,0.015,"REG",0.0138,0.0323,"LOD",0.0324,0.0162,"LOD",0.0309,0.0301,"LOD",0.0527,0.0243,"LOD",0.0286,0.0233,"LOD",0.0237,0.0668,"REG",0.0265,0.0471,"LOD",0.0422,0.1344,"REG",0.0617,0.2055,"REG",0.083,0.645,"REG",0.2477,0.0871,"REG",0.0325,0.1055,"REG",0.0567,0.0507,"REG",0.0229,0.0034,"LOD",0.0098,0.0034,"ND",0.0057,0.0017,"ND",0.0028,5e-4,"ND",8e-4,0.0256,"REG",0.0137,0.2883,"REG",0.1053,0.0375,"REG",0.0144,0.0134,"REG",0.0033,0.0859,"REG",0.0211,0.23852458234345633,0.36,0.3768,"REG",1.0112999999999999,"REG",NA
"1","Bartram’s Garden","stationary","39.92896, -75.212541",39.92896,-75.212541,"#619CFF","Non-Industrial","Open Space","Low",NA,"LowT/NoI","P726613","P726613 120923 120623 Bartrams SS","P726613 120923 120623 Bartrams SS.D","2023-12-09","2023-12-06","sample","2023-11-29","2023-12-06",10206,2,"492023",1,0.73,"REG",0.2757,0.3766,"REG",0.1419,0.1161,"REG",0.0426,0.1583,"REG",0.0571,0.5508,"REG",0.2184,0.0223,"LOD",0.0187,0.0149,"LOD",0.0151,0.0203,"LOD",0.019,0.055,"REG",0.0236,0.0222,"LOD",0.016,0.0572,"REG",0.0233,0.0297,"LOD",0.0309,0.1922,"REG",0.0778,0.3325,"REG",0.0906,0.0425,"REG",0.0284,0.0392,"REG",0.0203,0.0507,"LOD",0.0352,0.0212,"LOD",0.0309,0.0425,"LOD",0.0521,0.0534,"REG",0.0324,0.0587,"REG",0.0295,0.1568,"REG",0.0439,0.1153,"REG",0.055,0.3585,"REG",0.1271,0.4824,"REG",0.1796,1.4333,"REG",0.5285,0.2206,"ULOD",0.0823,0.2475,"REG",0.1002,0.0496,"REG",0.0224,0.0164,"REG",0.0111,0.0034,"ND",0.0056,0.0016,"ND",0.0027,4e-4,"ND",7e-4,0.0305,"REG",0.0142,0.2538,"REG",0.0929,0.0366,"REG",0.0141,0.0174,"REG",0.0038,0.0793,"REG",0.0195,0.2332894749120499,0.34,0.8883,"REG",1.9318,"REG",NA
"1","Bartram’s Garden","stationary","39.92896, -75.212541",39.92896,-75.212541,"#619CFF","Non-Industrial","Open Space","Low",NA,"LowT/NoI","P726654","P726654 122123 121323 Bartrams SS","P726654 122123 121323 Bartrams SS.D","2023-12-21","2023-12-13","sample","2023-12-06","2023-12-13",9458,2,"502023",1,1.2031,"REG",0.4544,0.4527,"REG",0.1705,0.1782,"REG",0.0652,0.2543,"REG",0.0887,0.7383,"REG",0.2928,0.0401,"REG",0.0226,0.0258,"LOD",0.0175,0.0328,"LOD",0.0221,0.089,"REG",0.028,0.0359,"REG",0.0187,0.0969,"REG",0.0372,0.0449,"LOD",0.0353,0.2551,"REG",0.1032,0.4857,"REG",0.1323,0.076,"REG",0.0429,0.0555,"REG",0.0266,0.0753,"REG",0.0431,0.0343,"LOD",0.0353,0.067,"LOD",0.0576,0.1089,"REG",0.0471,0.1267,"REG",0.0488,0.2749,"REG",0.0717,0.1741,"REG",0.0727,0.5673,"REG",0.1953,0.9868,"REG",0.3625,2.7148,"REG",0.9941,0.5661,"ULOD",0.2113,0.4786,"REG",0.1826,0.1021,"REG",0.0402,0.039,"REG",0.0169,0.0036,"ND",0.0061,0.0017,"ND",0.0029,5e-4,"ND",8e-4,0.0446,"REG",0.0172,0.3955,"REG",0.1439,0.0494,"REG",0.0189,0.0235,"REG",0.0048,0.2618,"REG",0.0642,0.2517395200837789,1.04,1.4574,"REG",2.8266,"REG","Winter"
"1","Bartram’s Garden","stationary","39.92896, -75.212541",39.92896,-75.212541,"#619CFF","Non-Industrial","Open Space","Low",NA,"LowT/NoI","P733888","P733888 122123 122023 Bartrams SS","P733888 122123 122023 Bartrams SS.D","2023-12-21","2023-12-20","sample","2023-12-13","2023-12-20",9878,2,"512023",1,0.6096,"REG",0.2303,0.3575,"REG",0.1348,0.0947,"REG",0.0348,0.1316,"REG",0.0489,0.4441,"REG",0.1761,0.0231,"LOD",0.0193,0.0154,"LOD",0.0156,0.0209,"LOD",0.0196,0.0497,"REG",0.0239,0.0267,"LOD",0.0169,0.0591,"REG",0.0241,0.0245,"LOD",0.0311,0.1463,"REG",0.0593,0.303,"REG",0.0826,0.0632,"REG",0.037,0.0447,"REG",0.0224,0.0622,"REG",0.0387,0.0274,"LOD",0.0328,0.0641,"LOD",0.0551,0.0552,"REG",0.0335,0.0707,"REG",0.0329,0.162,"REG",0.0453,0.0953,"REG",0.0512,0.3333,"REG",0.1196,0.6334,"REG",0.2342,1.7316,"REG",0.6367,0.4278,"ULOD",0.1597,0.2451,"REG",0.0999,0.0977,"REG",0.0385,0.051,"REG",0.0201,0.0035,"ND",0.0058,0.0017,"ND",0.0028,5e-4,"ND",8e-4,0.0371,"REG",0.0155,0.3787,"REG",0.1377,0.0378,"REG",0.0146,0.0225,"REG",0.0046,0.4628,"REG",0.1135,0.24103587577975105,1.92,0.7412000000000001,"REG",1.6375,"REG","Winter"
"1","Bartram’s Garden","stationary","39.92896, -75.212541",39.92896,-75.212541,"#619CFF","Non-Industrial","Open Space","Low",NA,"LowT/NoI","P726606","P726606 011624 011024 Bartrams SS","P726606 011624 011024 Bartrams SS.D","2024-01-16","2024-01-10","sample","2024-01-03","2024-01-10",10098,2,"22024",1,0.5411,"REG",0.2044,0.4797,"REG",0.1807,0.099,"REG",0.0363,0.1204,"REG",0.0453,0.5036,"REG",0.1997,0.0225,"LOD",0.0189,0.0121,"LOD",0.015,0.0171,"LOD",0.0188,0.0445,"REG",0.0231,0.022,"LOD",0.0161,0.0569,"REG",0.0233,0.024,"LOD",0.0305,0.1597,"REG",0.0647,0.2845,"REG",0.0776,0.0674,"REG",0.0386,0.0541,"REG",0.0256,0.0531,"REG",0.036,0.0128,"LOD",0.0303,0.0376,"LOD",0.0524,0.072,"REG",0.0366,0.0636,"REG",0.0308,0.1882,"REG",0.051,0.1107,"REG",0.0542,0.4179,"REG",0.1462,0.4469,"REG",0.167,1.6429,"REG",0.6044,0.0725,"ULOD",0.0271,0.2783,"REG",0.1109,0.0421,"REG",0.0203,0.0665,"REG",0.0249,0.0034,"ND",0.0057,0.0016,"ND",0.0027,5e-4,"ND",8e-4,0.0198,"LOD",0.0129,0.2707,"REG",0.0989,0.0324,"REG",0.0125,0.0207,"REG",0.0043,0.1033,"REG",0.0254,0.23578454951003971,0.438,0.6615,"REG",1.7438000000000002,"REG","Winter"
"1","Bartram’s Garden","stationary","39.92896, -75.212541",39.92896,-75.212541,"#619CFF","Non-Industrial","Open Space","Low",NA,"LowT/NoI","P733850","P733850 012524 011724 Bartrams SS","P733850 012524 011724 Bartrams SS.D","2024-01-25","2024-01-17","sample","2024-01-10","2024-01-17",9484,2,"32024",1,0.418,"REG",0.1579,0.5173,"REG",0.1948,0.0791,"REG",0.0291,0.0949,"REG",0.0383,0.3926,"REG",0.1557,0.0093,"ND",0.0155,0.0077,"ND",0.0129,0.0145,"LOD",0.0197,0.0363,"LOD",0.024,0.0195,"LOD",0.0168,0.0431,"REG",0.0192,0.0192,"LOD",0.0318,0.1429,"REG",0.0579,0.2678,"REG",0.0731,0.1672,"REG",0.0852,0.0883,"REG",0.0391,0.0566,"REG",0.0384,0.0251,"LOD",0.0336,0.0471,"LOD",0.0561,0.0575,"REG",0.0348,0.0572,"REG",0.0304,0.1511,"REG",0.0434,0.093,"REG",0.052,0.342,"REG",0.123,0.3893,"REG",0.1471,1.4882,"REG",0.5492,0.0779,"REG",0.0291,0.2408,"REG",0.0992,0.0448,"REG",0.0217,0.0212,"REG",0.0126,0.0036,"ND",0.006,0.0017,"ND",0.0029,5e-4,"ND",8e-4,0.0211,"LOD",0.0137,0.3489,"REG",0.1271,0.0443,"REG",0.017,0.0127,"REG",0.0032,0.1501,"REG",0.0369,0.25104938643529956,0.598,0.5129,"REG",1.5018999999999998,"REG","Winter"
"1","Bartram’s Garden","stationary","39.92896, -75.212541",39.92896,-75.212541,"#619CFF","Non-Industrial","Open Space","Low",NA,"LowT/NoI","P733877","P733877 012624 012424 Bartrams SS","P733877 012624 012424 Bartrams SS.D","2024-01-26","2024-01-24","sample","2024-01-17","2024-01-24",9822,2,"42024",1,0.5345,"REG",0.2019,0.4741,"REG",0.1786,0.0916,"REG",0.0337,0.1184,"REG",0.0449,0.4701,"REG",0.1864,0.0232,"LOD",0.0194,0.0124,"LOD",0.0154,0.0176,"LOD",0.0194,0.0493,"REG",0.0239,0.0188,"LOD",0.0162,0.0416,"REG",0.0186,0.0247,"LOD",0.0313,0.1511,"REG",0.0612,0.2925,"REG",0.0798,0.0451,"REG",0.0299,0.0428,"REG",0.0218,0.0447,"LOD",0.035,0.0187,"LOD",0.0317,0.0455,"LOD",0.0542,0.074,"REG",0.0376,0.0451,"REG",0.0273,0.1595,"REG",0.0449,0.1018,"REG",0.0529,0.3551,"REG",0.1265,0.4803,"REG",0.1792,1.34,"REG",0.4953,0.2086,"ULOD",0.0778,0.2969,"REG",0.1177,0.0667,"REG",0.0281,0.0273,"REG",0.0137,0.0035,"ND",0.0058,0.0017,"ND",0.0028,5e-4,"ND",8e-4,0.0147,"LOD",0.0128,0.3369,"REG",0.1227,0.0333,"REG",0.0129,0.0167,"REG",0.0037,0.2953,"REG",0.0724,0.2424101385616352,1.218,0.6529,"REG",1.6887,"REG","Winter"
"1","Bartram’s Garden","stationary","39.92896, -75.212541",39.92896,-75.212541,"#619CFF","Non-Industrial","Open Space","Low",NA,"LowT/NoI","P733891","P733891 020824 013124 Bartrams SS","P733891 020824 013124 Bartrams SS.D","2024-02-08","2024-01-31","sample","2024-01-24","2024-01-31",10094,2,"52024",1,1.0168,"REG",0.384,0.4056,"REG",0.1528,0.1573,"REG",0.0576,0.218,"REG",0.0765,0.7048,"REG",0.2795,0.0376,"REG",0.0212,0.0181,"LOD",0.0156,0.0376,"REG",0.0219,0.1008,"REG",0.028,0.0411,"REG",0.0186,0.0826,"REG",0.032,0.048,"LOD",0.0342,0.2313,"REG",0.0936,0.4731,"REG",0.1289,0.0286,"REG",0.024,0.0596,"REG",0.0277,0.0737,"REG",0.0412,0.0154,"LOD",0.0305,0.052,"LOD",0.0532,0.066,"REG",0.0352,0.056,"REG",0.0291,0.2175,"REG",0.0578,0.1391,"REG",0.0615,0.4229,"REG",0.1478,0.4064,"REG",0.1526,1.2077,"REG",0.4473,0.1261,"REG",0.0471,0.2601,"REG",0.1046,0.1132,"REG",0.0438,0.0116,"LOD",0.0104,0.0034,"ND",0.0057,0.0016,"ND",0.0027,5e-4,"ND",8e-4,0.0144,"LOD",0.0124,0.2566,"REG",0.0939,0.044,"REG",0.0169,0.0264,"REG",0.0052,0.0613,"REG",0.0151,0.23587798503590066,0.26,1.2348,"REG",2.5025,"REG","Winter"
"1","Bartram’s Garden","stationary","39.92896, -75.212541",39.92896,-75.212541,"#619CFF","Non-Industrial","Open Space","Low",NA,"LowT/NoI","P726666","P726666 021524 020724 Bartrams SS","P726666 021524 020724 Bartrams SS.D","2024-02-15","2024-02-07","sample","2024-01-31","2024-02-07",10085,2,"62024",1,0.8335,"REG",0.3148,0.5175,"REG",0.1949,0.1277,"REG",0.0468,0.1765,"REG",0.063,0.6632,"REG",0.263,0.0226,"LOD",0.0189,0.0121,"LOD",0.015,0.0171,"LOD",0.0189,0.0487,"REG",0.0234,0.0262,"LOD",0.0166,0.0661,"REG",0.0263,0.024,"LOD",0.0305,0.2251,"REG",0.0911,0.3545,"REG",0.0966,0.0145,"REG",0.0206,0.0307,"REG",0.0177,0.0447,"LOD",0.0343,0.0154,"LOD",0.0305,0.0454,"LOD",0.0528,0.0601,"REG",0.034,0.066,"REG",0.0314,0.1781,"REG",0.0487,0.1043,"REG",0.0527,0.387,"REG",0.1363,0.5288,"REG",0.1964,1.3599,"REG",0.5021,0.2101,"REG",0.0784,0.2707,"REG",0.1083,0.0221,"REG",0.0154,0.0048,"ND",0.008,0.0034,"ND",0.0057,0.0016,"ND",0.0027,5e-4,"ND",8e-4,0.0145,"LOD",0.0124,0.4566,"REG",0.1657,0.044,"REG",0.0169,0.022,"REG",0.0045,0.2597,"REG",0.0637,0.23608848596453952,1.1,1.01,"REG",2.3183999999999996,"REG","Winter"
"1","Bartram’s Garden","stationary","39.92896, -75.212541",39.92896,-75.212541,"#619CFF","Non-Industrial","Open Space","Low",NA,"LowT/NoI","P733841","P733841 021624 021424 Bartrams SS","P733841 021624 021424 Bartrams SS.D","2024-02-16","2024-02-14","sample","2024-02-07","2024-02-14",10037,2,"72024",1,1.2788,"REG",0.4829,0.7503,"REG",0.2824,0.203,"REG",0.0743,0.2822,"REG",0.0977,1.1243,"REG",0.4458,0.034,"LOD",0.0207,0.0213,"LOD",0.0161,0.0344,"LOD",0.0214,0.0909,"REG",0.027,0.0451,"REG",0.0193,0.1328,"REG",0.0498,0.0483,"LOD",0.0344,0.374,"REG",0.1512,0.6484,"REG",0.1766,0.043,"REG",0.0288,0.0641,"REG",0.0294,0.0693,"REG",0.0401,0.0263,"LOD",0.0322,0.0722,"LOD",0.055,0.1147,"REG",0.0478,0.1094,"REG",0.0431,0.2852,"REG",0.0738,0.1985,"REG",0.0786,0.6318,"REG",0.2159,0.8992,"REG",0.3305,2.2393,"REG",0.8208,0.3423,"ULOD",0.1278,0.6181,"REG",0.2328,0.0066,"ND",0.011,0.0251,"REG",0.013,0.0034,"ND",0.0057,0.0016,"ND",0.0027,5e-4,"ND",8e-4,0.0201,"REG",0.013,0.4157,"REG",0.151,0.0535,"REG",0.0205,0.0399,"REG",0.0074,0.2277,"REG",0.0559,0.23721753322231554,0.96,1.561,"REG",3.6386,"REG","Winter"
"1","Bartram’s Garden","stationary","39.92896, -75.212541",39.92896,-75.212541,"#619CFF","Non-Industrial","Open Space","Low",NA,"LowT/NoI","P726649","P726649 022924 022124 Bartrams SS","P726649 022924 022124 Bartrams SS.D","2024-02-29","2024-02-21","sample","2024-02-14","2024-02-21",10089,2,"82024",1,0.3659,"REG",0.1383,0.4367,"REG",0.1645,0.0632,"REG",0.0233,0.0773,"REG",0.0327,0.3551,"REG",0.1408,0.0113,"LOD",0.0179,0.0073,"ND",0.0121,0.0103,"LOD",0.0183,0.0209,"LOD",0.022,0.0112,"LOD",0.0153,0.033,"REG",0.0159,0.012,"LOD",0.0295,0.1419,"REG",0.0575,0.209,"REG",0.0571,0.09,"REG",0.0485,0.0596,"REG",0.0277,0.0302,"LOD",0.0318,0.01,"LOD",0.0301,0.0388,"LOD",0.0525,0.03,"LOD",0.0289,0.0297,"LOD",0.0243,0.0723,"REG",0.0272,0.0459,"LOD",0.0416,0.1692,"REG",0.0704,0.2643,"REG",0.1028,0.6608,"REG",0.253,0.1334,"REG",0.0498,0.1245,"REG",0.0615,0.0335,"REG",0.018,0.005,"LOD",0.0098,0.0034,"ND",0.0057,0.0135,"REG",0.0054,5e-4,"ND",8e-4,0.0145,"LOD",0.0124,0.4564,"REG",0.1657,0.044,"REG",0.0169,0.0176,"REG",0.0038,0.354,"REG",0.0869,0.23599488363092289,1.5,0.4432,"REG",1.2982,"REG","Winter"
"1","Bartram’s Garden","stationary","39.92896, -75.212541",39.92896,-75.212541,"#619CFF","Non-Industrial","Open Space","Low",NA,"LowT/NoI","P733882","P733882 030124 022824 Bartrams SS","P733882 030124 022824 Bartrams SS.D","2024-03-01","2024-02-28","sample","2024-02-21","2024-02-28",10107,2,"92024",1,0.7045,"REG",0.2661,0.3989,"REG",0.1503,0.1076,"REG",0.0395,0.15,"REG",0.0545,0.5187,"REG",0.2057,0.0087,"ND",0.0146,0.0151,"LOD",0.0153,0.0239,"LOD",0.0196,0.0555,"REG",0.0238,0.0261,"LOD",0.0165,0.066,"REG",0.0263,0.03,"LOD",0.0312,0.1927,"REG",0.078,0.2878,"REG",0.0785,0.1369,"REG",0.0704,0.0843,"REG",0.0372,0.0639,"REG",0.0386,0.0261,"LOD",0.0319,0.0717,"LOD",0.0546,0.048,"LOD",0.0316,0.0527,"REG",0.0283,0.1249,"REG",0.0372,0.104,"REG",0.0526,0.2775,"REG",0.1019,0.4364,"REG",0.1632,1.2815,"REG",0.4739,0.0644,"REG",0.024,0.2285,"REG",0.0939,0.0675,"REG",0.0282,0.0183,"REG",0.0115,0.0034,"ND",0.0057,0.0016,"ND",0.0027,5e-4,"ND",8e-4,0.0089,"LOD",0.012,0.2278,"REG",0.0836,0.0347,"REG",0.0134,0.0176,"REG",0.0038,0.066,"REG",0.0162,0.23557458998242617,0.28,0.8545,"REG",1.8796999999999997,"REG",NA
"1","Bartram’s Garden","stationary","39.92896, -75.212541",39.92896,-75.212541,"#619CFF","Non-Industrial","Open Space","Low",NA,"LowT/NoI","P733861","P733861 031524 030624 Bartrams SS","P733861 031524 030624 Bartrams SS.D","2024-03-15","2024-03-06","sample","2024-02-28","2024-03-06",10116,1,"102024",1,0.2302,"REG",0.0871,0.1328,"REG",0.0508,0.0359,"REG",0.0135,0.0511,"REG",0.0261,0.1855,"REG",0.0736,0.0075,"LOD",0.0176,0.0045,"LOD",0.0145,0.0079,"LOD",0.0181,0.0207,"LOD",0.022,0.0092,"LOD",0.0151,0.0242,"REG",0.0136,0.0119,"LOD",0.0294,0.0538,"REG",0.022,0.1031,"REG",0.0284,0.0096,"ND",0.0161,0.0061,"ND",0.0101,0.0078,"LOD",0.0296,0.0012,"LOD",0.0297,0.0051,"LOD",0.0514,0.027,"REG",0.0285,0.0226,"REG",0.0233,0.0546,"REG",0.0245,0.039,"REG",0.0407,0.1245,"REG",0.0589,0.1607,"REG",0.0684,0.4491,"REG",0.1808,0.0747,"ULOD",0.0279,0.0852,"REG",0.0514,0.0082,"REG",0.0134,0.0048,"ND",0.008,0.0034,"ND",0.0057,0.0016,"ND",0.0027,0.0036,"REG",0.0015,0.0117,"REG",0.0122,0.1351,"REG",0.0509,0.0129,"REG",0.0054,0.0064,"REG",0.0025,0.0553,"REG",0.0136,0.23536500404827806,0.23475,0.2813,"REG",0.6355000000000001,"REG",NA
"1","Bartram’s Garden","stationary","39.92896, -75.212541",39.92896,-75.212541,"#619CFF","Non-Industrial","Open Space","Low",NA,"LowT/NoI","P733848","P733848 031624 031324 Bartrams SS","P733848 031624 031324 Bartrams SS.D","2024-03-16","2024-03-13","sample","2024-03-06","2024-03-13",10002,2,"112024",1,0.5899,"REG",0.2228,0.3499,"REG",0.1319,0.0888,"REG",0.0326,0.1201,"REG",0.0453,0.5131,"REG",0.2035,0.019,"LOD",0.0186,0.0122,"LOD",0.0151,0.02,"LOD",0.0193,0.049,"REG",0.0235,0.0187,"LOD",0.0159,0.0495,"REG",0.0209,0.0302,"LOD",0.0315,0.1253,"REG",0.0508,0.2842,"REG",0.0775,0.0098,"ND",0.0163,0.0157,"REG",0.0139,0.0323,"LOD",0.0323,0.0066,"LOD",0.0301,0.0251,"LOD",0.0524,0.0667,"REG",0.0356,0.0495,"REG",0.0278,0.1319,"REG",0.0387,0.0806,"REG",0.0477,0.2783,"REG",0.1023,0.4394,"REG",0.1644,1.2636,"REG",0.4675,0.2441,"ULOD",0.0911,0.2072,"REG",0.0871,0.06,"REG",0.0258,0.0294,"REG",0.0141,0.0034,"ND",0.0057,0.0016,"ND",0.0027,0.0073,"REG",0.0026,0.0313,"REG",0.0145,0.2877,"REG",0.105,0.0364,"REG",0.014,0.0221,"REG",0.0045,0.1083,"REG",0.0266,0.2380476285695242,0.45475000000000004,0.71,"REG",1.6618000000000002,"REG",NA
"1","Bartram’s Garden","stationary","39.92896, -75.212541",39.92896,-75.212541,"#619CFF","Non-Industrial","Open Space","Low",NA,"LowT/NoI","P726642","P726642 040224 032024 Bartrams SS RR","P726642 040224 032024 Bartrams SS.D","2024-04-02","2024-03-20","sample","2024-03-13","2024-03-20",9656,2,"122024",1,0.7738,"REG",0.2923,0.3172,"REG",0.1197,0.1178,"REG",0.0432,0.1625,"REG",0.0588,0.6593,"REG",0.2614,0.0354,"LOD",0.0215,0.0189,"LOD",0.0163,0.0315,"LOD",0.0215,0.0798,"REG",0.0267,0.0389,"REG",0.0188,0.0858,"REG",0.0332,0.0439,"LOD",0.0346,0.1632,"REG",0.0661,0.2599,"REG",0.0709,0.1074,"REG",0.0569,0.068,"REG",0.0311,0.0739,"REG",0.0422,0.0236,"LOD",0.0328,0.0743,"LOD",0.0571,0.069,"REG",0.0368,0.0961,"REG",0.0398,0.1505,"REG",0.0431,0.12,"REG",0.0577,0.3388,"REG",0.1217,0.6358,"REG",0.2352,1.6837,"REG",0.6196,0.1592,"REG",0.0594,0.3673,"REG",0.1426,0.0068,"ND",0.0114,0.0097,"LOD",0.0106,0.0036,"ND",0.0059,0.0017,"ND",0.0028,0.0113,"REG",0.0039,0.0324,"REG",0.015,0.3576,"REG",0.1302,0.028,"REG",0.0109,0.0182,"REG",0.004,0.2305,"REG",0.0566,0.24657750424113306,0.93475,0.9363,"REG",2.0305999999999997,"REG",NA
"1","Bartram’s Garden","stationary","39.92896, -75.212541",39.92896,-75.212541,"#619CFF","Non-Industrial","Open Space","Low",NA,"LowT/NoI","P733856","P733856 041224 041024 Bartrams SS","P733856 041224 041024 Bartrams SS.D","2024-04-12","2024-04-10","sample","2024-04-03","2024-04-10",10028,2,"152024",1,0.4559,"REG",0.1722,0.24,"REG",0.0907,0.0679,"REG",0.025,0.0932,"REG",0.0372,0.4015,"REG",0.1592,0.0227,"LOD",0.019,0.0122,"LOD",0.0151,0.0138,"LOD",0.0186,0.0175,"LOD",0.0221,0.0188,"LOD",0.0159,0.0416,"REG",0.0184,0.0181,"LOD",0.0301,0.0885,"REG",0.0359,0.1355,"REG",0.0371,0.0097,"ND",0.0162,0.0156,"REG",0.0139,0.0413,"LOD",0.0338,0.0377,"LOD",0.0344,0.0482,"LOD",0.0533,0.0363,"LOD",0.0299,0.0232,"LOD",0.0236,0.0723,"REG",0.0273,0.0587,"LOD",0.0437,0.1703,"REG",0.0708,0.2033,"REG",0.0822,0.6031,"REG",0.2331,0.0901,"REG",0.0336,0.168,"REG",0.0745,0.0272,"REG",0.0166,0.0067,"LOD",0.01,0.0034,"ND",0.0057,0.0016,"ND",0.0027,0.0055,"REG",0.002,0.0291,"REG",0.0141,0.2009,"REG",0.0741,0.028,"REG",0.0109,0.0177,"REG",0.0039,0.057,"REG",0.014,0.23743043288316523,0.24,0.5491,"REG",1.2585,"REG",NA
"1","Bartram’s Garden","stationary","39.92896, -75.212541",39.92896,-75.212541,"#619CFF","Non-Industrial","Open Space","Low",NA,"LowT/NoI","P733880","P733880 042624 041724 Bartrams SS","P733880 042624 041724 Bartrams SS.D","2024-04-26","2024-04-17","sample","2024-04-10","2024-04-17",10185,2,"162024",1,0.4559,"REG",0.1722,0.224,"REG",0.0847,0.062,"REG",0.0229,0.0969,"REG",0.0382,0.2742,"REG",0.1087,0.0224,"LOD",0.0187,0.0072,"ND",0.012,0.0169,"LOD",0.0187,0.0379,"LOD",0.0225,0.0185,"LOD",0.0156,0.0573,"REG",0.0233,0.0179,"LOD",0.0296,0.0998,"REG",0.0405,0.153,"REG",0.0419,0.0503,"REG",0.0314,0.044,"REG",0.022,0.0359,"LOD",0.0324,0.0159,"LOD",0.0303,0.0344,"LOD",0.0518,0.0417,"LOD",0.0303,0.0457,"REG",0.0268,0.0843,"REG",0.0292,0.0693,"LOD",0.045,0.1916,"REG",0.0764,0.3411,"REG",0.1294,0.893,"REG",0.3346,0.1512,"REG",0.0564,0.2067,"REG",0.0866,0.0268,"REG",0.0163,0.0066,"LOD",0.0098,0.0034,"ND",0.0056,0.0016,"ND",0.0027,5e-4,"ND",8e-4,0.0177,"LOD",0.0126,0.3249,"REG",0.1184,0.0275,"REG",0.0107,0.0131,"REG",0.0032,0.1169,"REG",0.0287,0.23377048413867266,0.5,0.5528000000000001,"REG",1.113,"REG",NA
"1","Bartram’s Garden","stationary","39.92896, -75.212541",39.92896,-75.212541,"#619CFF","Non-Industrial","Open Space","Low",NA,"LowT/NoI","P726669","P726669 042724 042424 Bartrams SS","P726669 042724 042424 Bartrams SS.D","2024-04-27","2024-04-24","sample","2024-04-17","2024-04-24",9810,2,"172024",1,0.3204,"REG",0.1211,0.2134,"REG",0.0808,0.044,"REG",0.0164,0.0684,"REG",0.0307,0.2283,"REG",0.0905,0.009,"ND",0.015,0.0075,"ND",0.0124,0.0105,"LOD",0.0188,0.0286,"LOD",0.0229,0.0115,"LOD",0.0157,0.0425,"REG",0.0188,0.0124,"LOD",0.0303,0.0773,"REG",0.0314,0.0977,"REG",0.027,0.0425,"REG",0.0289,0.0287,"REG",0.0173,0.0423,"LOD",0.0345,0.0165,"LOD",0.0315,0.0425,"LOD",0.0541,0.0309,"LOD",0.0297,0.0271,"LOD",0.0245,0.0603,"REG",0.0259,0.048,"LOD",0.0429,0.1492,"REG",0.0659,0.2078,"REG",0.0841,0.5582,"REG",0.2184,0.081,"REG",0.0302,0.161,"REG",0.0729,0.0278,"REG",0.017,0.0068,"LOD",0.0102,0.0035,"ND",0.0058,0.0017,"ND",0.0028,5e-4,"ND",8e-4,0.0127,"LOD",0.0126,0.3373,"REG",0.1229,0.0191,"REG",0.0076,0.0091,"REG",0.0028,0.1602,"REG",0.0393,0.24270666472501337,0.66,0.38880000000000003,"REG",0.8745,"REG",NA
"1","Bartram’s Garden","stationary","39.92896, -75.212541",39.92896,-75.212541,"#619CFF","Non-Industrial","Open Space","Low",NA,"LowT/NoI","P726605","P726605 051124 050124 Bartrams SS.D","P726605 051124 050124 Bartrams SS.D","2024-05-11","2024-05-01","sample","2024-04-24","2024-05-01",10184,2,"182024",1,0.6291,"REG",0.2376,0.27,"REG",0.102,0.0913,"REG",0.0335,0.1318,"REG",0.0487,0.4124,"REG",0.1635,0.0261,"LOD",0.0192,0.018,"LOD",0.0155,0.0203,"LOD",0.019,0.0517,"REG",0.0234,0.0296,"REG",0.0168,0.0646,"REG",0.0258,0.0298,"LOD",0.0309,0.1634,"REG",0.0662,0.2134,"REG",0.0583,0.1291,"REG",0.0667,0.0847,"REG",0.0373,0.0848,"REG",0.0442,0.0318,"LOD",0.0328,0.0884,"REG",0.0558,0.0476,"LOD",0.0313,0.0817,"REG",0.0352,0.1113,"REG",0.0343,0.104,"REG",0.0523,0.2515,"REG",0.0939,0.1914,"REG",0.0781,1.3467,"REG",0.4972,0.1808,"REG",0.0675,0.2584,"REG",0.1039,0.0474,"REG",0.0218,0.0059,"LOD",0.0098,0.0034,"ND",0.0056,0.0016,"ND",0.0027,0.009,"REG",0.0031,0.0196,"REG",0.0128,0.3391,"REG",0.1234,0.0257,"REG",0.01,0.0131,"REG",0.0032,0.0463,"REG",0.0114,0.23379343882093295,0.198,0.7609,"REG",1.5346,"REG",NA
"1","Bartram’s Garden","stationary","39.92896, -75.212541",39.92896,-75.212541,"#619CFF","Non-Industrial","Open Space","Low",NA,"LowT/NoI","P726618","P726618 051224 050824 Bartrams SS","P726618 051224 050824 Bartrams SS.D","2024-05-12","2024-05-08","sample","2024-05-01","2024-05-08",10241,2,"192024",1,0.5838,"REG",0.2205,0.2868,"REG",0.1083,0.081,"REG",0.0298,0.1259,"REG",0.0469,0.4018,"REG",0.1593,0.0222,"LOD",0.0186,0.0119,"LOD",0.0148,0.0202,"LOD",0.0189,0.0411,"LOD",0.0226,0.0221,"LOD",0.0159,0.048,"REG",0.0203,0.0237,"LOD",0.03,0.1058,"REG",0.0429,0.1471,"REG",0.0403,0.0446,"REG",0.0292,0.0395,"REG",0.0204,0.0462,"LOD",0.0342,0.0211,"LOD",0.0308,0.0553,"LOD",0.0527,0.0355,"LOD",0.0293,0.0487,"REG",0.0273,0.0846,"REG",0.0291,0.0689,"LOD",0.0447,0.1905,"REG",0.0759,0.1402,"REG",0.0618,0.9486,"REG",0.3543,0.0993,"REG",0.0371,0.1747,"REG",0.0762,0.0247,"REG",0.0158,0.0059,"LOD",0.0097,0.0034,"ND",0.0056,0.0016,"ND",0.0027,4e-4,"ND",7e-4,0.0304,"REG",0.0141,0.3231,"REG",0.1177,0.0256,"REG",0.01,0.0174,"REG",0.0038,0.0414,"REG",0.0102,0.2324921766382561,0.178,0.7097,"REG",1.4792999999999998,"REG",NA
"1","Bartram’s Garden","stationary","39.92896, -75.212541",39.92896,-75.212541,"#619CFF","Non-Industrial","Open Space","Low",NA,"LowT/NoI","P726664","P726664 052324 051524 Bartrams SS","P726664 052324 051524 Bartrams SS.D","2024-05-23","2024-05-15","sample","2024-05-08","2024-05-15",9435,2,"202024",1,0.4293,"REG",0.1622,0.2451,"REG",0.0927,0.0562,"REG",0.0208,0.0865,"REG",0.036,0.2647,"REG",0.105,0.0161,"LOD",0.0194,0.0078,"ND",0.0129,0.0146,"LOD",0.0198,0.0335,"LOD",0.024,0.02,"LOD",0.0169,0.0433,"REG",0.0193,0.0193,"LOD",0.032,0.0875,"REG",0.0356,0.1244,"REG",0.0342,0.0485,"REG",0.0317,0.034,"REG",0.0193,0.0346,"LOD",0.0343,0.0229,"LOD",0.0334,0.053,"LOD",0.0567,0.045,"LOD",0.0327,0.0317,"LOD",0.0259,0.0848,"REG",0.0304,0.0623,"LOD",0.0464,0.1939,"REG",0.0788,0.3805,"REG",0.144,0.969,"REG",0.363,0.14,"REG",0.0523,0.212,"REG",0.0898,0.007,"ND",0.0117,0.0052,"ND",0.0086,0.0278,"REG",0.0129,0.0017,"ND",0.0029,5e-4,"ND",8e-4,0.0212,"REG",0.0138,0.427,"REG",0.1552,0.0277,"REG",0.0108,0.0141,"REG",0.0034,0.1913,"REG",0.0469,0.2523531935296641,0.758,0.5158,"REG",1.0818,"REG",NA
"1","Bartram’s Garden","stationary","39.92896, -75.212541",39.92896,-75.212541,"#619CFF","Non-Industrial","Open Space","Low",NA,"LowT/NoI","P733841","P733841 052424 052224 Bartrams SS","P733841 052424 052224 Bartrams SS.D","2024-05-24","2024-05-22","sample","2024-05-15","2024-05-22",9848,2,"212024",1,0.5781,"REG",0.2184,0.1967,"REG",0.0746,0.0741,"REG",0.0273,0.1149,"REG",0.0438,0.3444,"REG",0.1366,0.009,"ND",0.0149,0.0093,"LOD",0.0152,0.021,"LOD",0.0197,0.0499,"REG",0.0239,0.0268,"LOD",0.017,0.0584,"REG",0.0239,0.0246,"LOD",0.0312,0.1166,"REG",0.0473,0.1868,"REG",0.0511,0.0222,"REG",0.0227,0.0326,"REG",0.0185,0.048,"LOD",0.0356,0.0152,"ND",0.0254,0.0575,"LOD",0.0548,0.0615,"REG",0.0348,0.0439,"LOD",0.0271,0.1151,"REG",0.0355,0.0836,"REG",0.0488,0.2477,"REG",0.0934,0.4895,"REG",0.1824,1.3152,"REG",0.4863,0.1708,"ULOD",0.0638,0.2993,"REG",0.1185,0.0257,"REG",0.0164,0.0049,"ND",0.0082,0.0035,"ND",0.0058,0.0017,"ND",0.0028,0.0093,"REG",0.0032,0.0203,"REG",0.0132,0.336,"REG",0.1224,0.0266,"REG",0.0104,0.0135,"REG",0.0033,0.1349,"REG",0.0331,0.2417701442884221,0.558,0.693,"REG",1.3081999999999998,"REG",NA
"1","Bartram’s Garden","stationary","39.92896, -75.212541",39.92896,-75.212541,"#619CFF","Non-Industrial","Open Space","Low",NA,"LowT/NoI","P733888","P733888 060624 052924 Bartrams SS","P733888 060624 052924 Bartrams SS.D","2024-06-06","2024-05-29","sample","2024-05-22","2024-05-29",9569,2,"222024",1,0.359,"REG",0.1357,0.1992,"REG",0.0756,0.0515,"REG",0.0191,0.0762,"REG",0.0331,0.3266,"REG",0.1295,0.0092,"ND",0.0154,0.0076,"ND",0.0127,0.0108,"LOD",0.0193,0.0293,"LOD",0.0235,0.0156,"LOD",0.0163,0.0335,"REG",0.0164,0.0127,"LOD",0.0311,0.0988,"REG",0.0401,0.1122,"REG",0.0309,0.05,"REG",0.0321,0.0409,"REG",0.0214,0.0456,"LOD",0.0358,0.0339,"LOD",0.0349,0.0738,"LOD",0.0575,0.0253,"LOD",0.0298,0.0383,"LOD",0.0266,0.0697,"REG",0.0277,0.0492,"LOD",0.044,0.1529,"REG",0.0675,0.246,"REG",0.0972,0.6768,"REG",0.2598,0.0696,"REG",0.026,0.187,"REG",0.0815,0.0805,"REG",0.0328,0.007,"LOD",0.0105,0.0682,"REG",0.0271,0.0017,"ND",0.0029,5e-4,"ND",8e-4,0.0366,"REG",0.0157,0.1804,"REG",0.067,0.0293,"REG",0.0114,0.0139,"REG",0.0034,0.0547,"REG",0.0135,0.24881935217393467,0.22,0.4352,"REG",1.0125,"REG",NA
"1","Bartram’s Garden","stationary","39.92896, -75.212541",39.92896,-75.212541,"#619CFF","Non-Industrial","Open Space","Low",NA,"LowT/NoI","P726608","P726608 060724 060524 Bartrams SS","P726608 060724 060524 Bartrams SS.D","2024-06-07","2024-06-05","sample","2024-05-29","2024-06-05",10071,2,"232024",1,0.327,"REG",0.1236,0.152,"REG",0.0579,0.0489,"REG",0.0182,0.0672,"REG",0.03,0.2132,"REG",0.0846,0.0149,"LOD",0.0182,0.0073,"ND",0.0121,0.0103,"LOD",0.0183,0.0244,"LOD",0.0222,0.0111,"LOD",0.0153,0.0319,"REG",0.0156,0.012,"LOD",0.0295,0.0682,"REG",0.0278,0.0933,"REG",0.0258,0.0097,"REG",0.02,0.0182,"REG",0.0144,0.0191,"LOD",0.0305,0.0161,"LOD",0.0307,0.0437,"LOD",0.0528,0.0241,"LOD",0.0283,0.0363,"LOD",0.0253,0.0662,"REG",0.0263,0.0467,"LOD",0.0418,0.1332,"REG",0.0612,0.2134,"REG",0.0855,0.5863,"REG",0.2273,0.0812,"REG",0.0303,0.1777,"REG",0.0775,0.0308,"REG",0.0174,0.0048,"ND",0.0081,0.0713,"REG",0.0282,0.0016,"ND",0.0027,0.0068,"REG",0.0024,0.0237,"REG",0.0134,0.1572,"REG",0.0586,0.0278,"REG",0.0108,0.0088,"REG",0.0027,0.0473,"REG",0.0117,0.23641667966958407,0.2,0.3942,"REG",0.8083,"REG",NA
"1","Bartram’s Garden","stationary","39.92896, -75.212541",39.92896,-75.212541,"#619CFF","Non-Industrial","Open Space","Low",NA,"LowT/NoI","P726647","P726647 062124 061224 Bartrams SS","P726647 062124 061224 Bartrams SS.D","2024-06-21","2024-06-12","sample","2024-06-05","2024-06-12",9899,2,"242024",1,0.4265,"REG",0.1611,0.161,"REG",0.0613,0.0599,"REG",0.0221,0.0843,"REG",0.0349,0.2341,"REG",0.0928,0.019,"LOD",0.0188,0.0074,"ND",0.0123,0.0139,"LOD",0.0189,0.0354,"LOD",0.023,0.0151,"LOD",0.0158,0.0492,"REG",0.0209,0.0184,"LOD",0.0305,0.0824,"REG",0.0335,0.095,"REG",0.0262,0.1157,"REG",0.0605,0.0606,"REG",0.0282,0.0392,"LOD",0.0337,0.0164,"LOD",0.0312,0.0512,"LOD",0.0541,0.0306,"LOD",0.0295,0.0269,"LOD",0.0243,0.0673,"REG",0.0268,0.0594,"LOD",0.0443,0.1355,"REG",0.0622,0.1445,"REG",0.0638,0.4426,"REG",0.1793,0.0417,"REG",0.0156,0.1276,"REG",0.0629,0.0662,"REG",0.0279,0.0136,"LOD",0.0109,0.0891,"REG",0.0348,0.0017,"ND",0.0028,0.0088,"REG",0.0031,0.0241,"REG",0.0136,0.218,"REG",0.0802,0.0283,"REG",0.011,0.0135,"REG",0.0033,0.0433,"REG",0.0107,0.24052453590790798,0.18,0.5108,"REG",0.9658,"REG",NA
"1","Bartram’s Garden","stationary","39.92896, -75.212541",39.92896,-75.212541,"#619CFF","Non-Industrial","Open Space","Low",NA,"LowT/NoI","P726666","P726666 062124 061924 Bartrams SS","P726666 062124 061924 Bartrams SS.D","2024-06-21","2024-06-19","sample","2024-06-12","2024-06-19",10125,2,"252024",1,0.3182,"REG",0.1203,0.1265,"REG",0.0485,0.0437,"REG",0.0163,0.072,"REG",0.0312,0.2036,"REG",0.0808,0.0223,"LOD",0.0188,0.0072,"ND",0.012,0.0136,"LOD",0.0185,0.0312,"LOD",0.0223,0.0147,"LOD",0.0154,0.0399,"REG",0.0179,0.012,"LOD",0.0294,0.0742,"REG",0.0302,0.0928,"REG",0.0256,0.052,"REG",0.0321,0.0346,"REG",0.0189,0.0431,"LOD",0.0339,0.016,"LOD",0.0305,0.0435,"LOD",0.0525,0.0299,"LOD",0.0288,0.023,"LOD",0.0233,0.0527,"REG",0.0242,0.0465,"LOD",0.0416,0.1204,"REG",0.0579,0.1413,"REG",0.0624,0.4327,"REG",0.1753,0.0458,"REG",0.0171,0.1455,"REG",0.0675,0.0193,"REG",0.0149,0.0048,"ND",0.008,0.126,"REG",0.0488,0.0016,"ND",0.0027,0.0068,"REG",0.0024,0.0071,"LOD",0.0119,0.199,"REG",0.0733,0.0185,"REG",0.0074,0.0088,"REG",0.0027,0.0423,"REG",0.0105,0.23515579071134626,0.18,0.3902,"REG",0.7639999999999999,"REG",NA
"1","Bartram’s Garden","stationary","39.92896, -75.212541",39.92896,-75.212541,"#619CFF","Non-Industrial","Open Space","Low",NA,"LowT/NoI","P726670","P726670 062724 061924 Bartrams SS","P726670 062724 061924 Bartrams SS.D","2024-06-27","2024-06-19","sample","2024-06-19","2024-06-26",10060,2,"262024",1,0.235,"REG",0.0889,0.0963,"REG",0.0374,0.034,"REG",0.0129,0.0515,"REG",0.0263,0.1923,"REG",0.0763,0.0111,"LOD",0.0179,0.0073,"ND",0.0121,0.0103,"LOD",0.0183,0.014,"LOD",0.0219,0.0111,"LOD",0.0153,0.0236,"REG",0.0135,0.012,"LOD",0.0296,0.0683,"REG",0.0278,0.0736,"REG",0.0205,0.057,"REG",0.0342,0.0348,"REG",0.019,0.0482,"LOD",0.0351,0.0215,"LOD",0.0314,0.057,"LOD",0.0537,0.0181,"LOD",0.0278,0.0111,"ND",0.0185,0.0398,"LOD",0.0228,0.0351,"LOD",0.0404,0.0849,"REG",0.0506,0.1014,"REG",0.0511,0.284,"REG",0.1289,3e-4,"ND",4e-4,0.0837,"REG",0.0513,0.0194,"REG",0.015,0.0048,"ND",0.0081,0.13,"REG",0.0503,0.0016,"ND",0.0027,5e-4,"ND",8e-4,0.0072,"LOD",0.012,0.1716,"REG",0.0637,0.0186,"REG",0.0074,0.0088,"REG",0.0027,0.0663,"REG",0.0163,0.2366751869733977,0.28,0.2865,"REG",0.6091,"REG",NA
"2","Essington & Mingo","stationary","39.90131732, -75.2250262",39.90131732,-75.2250262,"#DB72FB","Industrial","Industrial","High","Auto body shop, junkyard","HighT/I","P733857","P733857 071323 070523 Essington 1WK SS","P733857 071323 070523 Essington 1WK.D","2023-07-13","2023-07-05","sample","2023-06-28","2023-07-05",10018,1,"272023",1,0.8877,"REG",0.3353,0.3338,"REG",0.1259,0.1622,"REG",0.0594,0.2548,"REG",0.0886,0.7417,"REG",0.2941,0.0322,"REG",0.0204,0.0167,"REG",0.0156,0.0293,"REG",0.0206,0.0841,"REG",0.0264,0.0283,"REG",0.0169,0.0707,"REG",0.0279,0.0363,"REG",0.0323,0.1344,"REG",0.0545,0.1897,"REG",0.0518,0.0077,"REG",0.0199,0.0421,"REG",0.0214,0.0304,"REG",0.032,0.0236,"REG",0.0318,0.0591,"REG",0.054,0.1089,"REG",0.0462,0.0764,"REG",0.0341,0.1198,"REG",0.0362,0.0925,"REG",0.0502,0.2617,"REG",0.0973,0.3634,"REG",0.1374,1.0125,"REG",0.3774,0.0822,"REG",0.0307,0.1524,"REG",0.0698,0.0402,"REG",0.0199,0.0025,"REG",0.0098,0.0745,"REG",0.0294,0.0127,"REG",0.0052,5e-4,"ND",8e-4,0.0055,"LOD",0.012,0.1867,"REG",0.069,0.0233,"REG",0.0092,0.0089,"REG",0.0027,0.0547,"REG",0.0135,0.23766743670916163,0.23,1.1425,"REG",2.3802,"REG",NA
"2","Essington & Mingo","stationary","39.90131732, -75.2250262",39.90131732,-75.2250262,"#DB72FB","Industrial","Industrial","High","Auto body shop, junkyard","HighT/I","P726644","P726644 071323 071223 Essington  1WK SS","P726644 071323 071223 Essington  1WK SS.D","2023-07-13","2023-07-12","sample","2023-07-05","2023-07-12",10068,2,"282023",1,0.5747,"REG",0.2171,0.2018,"REG",0.0765,0.1043,"REG",0.0383,0.1621,"REG",0.0584,0.3788,"REG",0.1502,0.0088,"ND",0.0146,0.0151,"LOD",0.0153,0.024,"LOD",0.0197,0.0627,"REG",0.0244,0.0225,"LOD",0.0162,0.0579,"REG",0.0236,0.0241,"LOD",0.0306,0.0889,"REG",0.0361,0.1291,"REG",0.0354,0.0097,"ND",0.0162,0.0171,"REG",0.0141,0.0303,"LOD",0.0318,0.0289,"LOD",0.0325,0.0654,"LOD",0.0543,0.0602,"REG",0.034,0.0727,"REG",0.0331,0.0927,"REG",0.0308,0.0687,"LOD",0.0452,0.2059,"REG",0.0807,0.326,"REG",0.1242,0.875,"REG",0.3284,0.0682,"REG",0.0254,0.1464,"REG",0.0679,0.0571,"REG",0.0249,0.0058,"LOD",0.0099,0.0464,"REG",0.0191,0.0016,"ND",0.0027,0.0146,"REG",0.0049,0.011,"LOD",0.0122,0.2001,"REG",0.0738,0.0186,"REG",0.0074,0.0177,"REG",0.0038,0.0473,"REG",0.0117,0.23648712564088015,0.2,0.7368,"REG",1.4217,"REG",NA
"2","Essington & Mingo","stationary","39.90131732, -75.2250262",39.90131732,-75.2250262,"#DB72FB","Industrial","Industrial","High","Auto body shop, junkyard","HighT/I","P637225","P637225 072723 071923 Essington 1WK DS","P637225 072723 071923 Essington 1WK DS.D","2023-07-27","2023-07-19","sample","2023-07-12","2023-07-19",10113,14.3,"292023",1,0.6999,"REG",0.2644,0.3699,"REG",0.1394,0.1414,"REG",0.0518,0.1861,"LOD",0.0661,0.5917,"REG",0.2346,0.0268,"LOD",0.0194,0.0216,"LOD",0.016,0.0244,"LOD",0.0197,0.0744,"LOD",0.0253,0.08,"LOD",0.0263,0.0589,"LOD",0.0239,0.0428,"LOD",0.0332,0.1625,"REG",0.0658,0.2729,"REG",0.0744,0.0152,"LOD",0.0207,0.073,"LOD",0.0328,0.0806,"LOD",0.0431,0.0624,"LOD",0.0409,0.0869,"LOD",0.056,0.0135,"ND",0.0225,0.0941,"LOD",0.0387,0.1414,"LOD",0.0406,0.1649,"LOD",0.0686,0.3449,"LOD",0.1229,0.7977,"REG",0.2936,2.2752,"REG",0.8338,0.2822,"REG",0.1053,0.2977,"LOD",0.1176,0.0585,"LOD",0.0253,0.0048,"ND",0.008,0.1135,"REG",0.044,0.0016,"ND",0.0027,0.0259,"REG",0.0086,0.0059,"ND",0.0098,0.4069,"REG",0.1479,0.0661,"REG",0.0252,0.0011,"ND",0.0018,0.202,"REG",0.0496,0.2354348245775122,0.858,0.8859999999999999,"REG",1.9889999999999999,"REG",NA
"2","Essington & Mingo","stationary","39.90131732, -75.2250262",39.90131732,-75.2250262,"#DB72FB","Industrial","Industrial","High","Auto body shop, junkyard","HighT/I","P726609","P726609 072823 072623 Essington 1WK DS","P726609 072823 072623 Essington 1WK DS.D","2023-07-28","2023-07-26","sample","2023-07-19","2023-07-26",9924,14.3,"302023",1,0.7647,"REG",0.2888,0.3769,"REG",0.1421,0.1441,"REG",0.0528,0.2275,"LOD",0.0797,0.603,"REG",0.2391,0.0547,"LOD",0.0249,0.0074,"ND",0.0123,0.0497,"LOD",0.0247,0.0758,"LOD",0.0258,0.0272,"LOD",0.0169,0.1201,"LOD",0.0452,0.0437,"LOD",0.0338,0.2121,"REG",0.0858,0.2301,"REG",0.0628,0.0498,"LOD",0.0315,0.0744,"LOD",0.0334,0.0821,"LOD",0.0439,0.0636,"LOD",0.0417,0.1365,"LOD",0.0629,0.0873,"LOD",0.0406,0.0719,"LOD",0.0331,0.1441,"LOD",0.0414,0.168,"LOD",0.0699,0.3515,"LOD",0.1252,0.8128,"REG",0.2992,2.0441,"REG",0.75,0.3293,"REG",0.1229,0.3034,"LOD",0.1198,0.0596,"LOD",0.0258,0.0049,"ND",0.0082,0.092,"LOD",0.0359,0.0017,"ND",0.0028,0.0264,"REG",0.0088,0.04,"LOD",0.016,0.5183,"REG",0.188,0.0012,"ND",0.002,0.032,"REG",0.0061,0.2059,"REG",0.0505,0.23991861960423025,0.858,0.9922000000000001,"REG",2.1162,"REG",NA
"2","Essington & Mingo","stationary","39.90131732, -75.2250262",39.90131732,-75.2250262,"#DB72FB","Industrial","Industrial","High","Auto body shop, junkyard","HighT/I","P726662","P726662 081023 080223 Essington 1WK SS","P726662 081023 080223 Essington 1WK SS.D","2023-08-10","2023-08-02","sample","2023-07-26","2023-08-02",10104,2,"312023",1,0.423,"REG",0.1598,0.2072,"REG",0.0785,0.0742,"REG",0.0273,0.1094,"REG",0.0419,0.3327,"REG",0.1319,0.0225,"LOD",0.0189,0.0121,"LOD",0.015,0.0171,"LOD",0.0188,0.0446,"REG",0.0231,0.0181,"LOD",0.0157,0.0399,"REG",0.0179,0.024,"LOD",0.0305,0.0915,"REG",0.0372,0.1386,"REG",0.038,0.0534,"REG",0.0327,0.0371,"REG",0.0197,0.0402,"LOD",0.0334,0.033,"LOD",0.0332,0.0594,"LOD",0.0536,0.042,"LOD",0.0306,0.056,"REG",0.029,0.0858,"REG",0.0295,0.0543,"LOD",0.0427,0.2052,"REG",0.0804,0.2944,"REG",0.1131,0.842,"REG",0.3166,0.1147,"REG",0.0428,0.1563,"REG",0.0708,0.0398,"REG",0.0197,0.0048,"ND",0.008,0.0633,"REG",0.0252,0.0016,"ND",0.0027,0.0145,"REG",0.0049,0.022,"LOD",0.0131,0.2136,"REG",0.0786,0.0277,"REG",0.0108,0.0132,"REG",0.0032,0.0754,"REG",0.0185,0.23564453493194584,0.32,0.5324,"REG",1.1465,"REG",NA
"2","Essington & Mingo","stationary","39.90131732, -75.2250262",39.90131732,-75.2250262,"#DB72FB","Industrial","Industrial","High","Auto body shop, junkyard","HighT/I","P726660","P726660 081123 080923 Essington 1WK SS","P726660 081123 080923 Essington 1WK SS.D","2023-08-11","2023-08-09","sample","2023-08-02","2023-08-09",10049,2,"322023",1,0.34,"REG",0.1285,0.227,"REG",0.0859,0.0647,"REG",0.0239,0.089,"REG",0.036,0.271,"REG",0.1075,0.0088,"ND",0.0146,0.0073,"ND",0.0121,0.0137,"LOD",0.0186,0.0343,"LOD",0.0226,0.0144,"LOD",0.0155,0.0318,"REG",0.0156,0.0181,"LOD",0.03,0.1177,"REG",0.0477,0.1128,"REG",0.031,0.0679,"REG",0.0388,0.0456,"REG",0.0226,0.0405,"LOD",0.0336,0.0332,"LOD",0.0334,0.126,"REG",0.0609,0.0422,"LOD",0.0307,0.0662,"REG",0.0315,0.0929,"REG",0.0309,0.0546,"LOD",0.043,0.2184,"REG",0.0844,0.2654,"REG",0.1032,0.7519,"REG",0.2849,0.075,"REG",0.028,0.1362,"REG",0.0649,0.0515,"REG",0.0231,0.0134,"LOD",0.0107,0.044,"REG",0.0182,0.0016,"ND",0.0027,5e-4,"ND",8e-4,0.0059,"ND",0.0099,0.2148,"REG",0.079,0.0279,"REG",0.0108,0.0088,"REG",0.0027,0.0758,"REG",0.0186,0.23693426022015932,0.32,0.42900000000000005,"REG",0.9917,"REG",NA
"2","Essington & Mingo","stationary","39.90131732, -75.2250262",39.90131732,-75.2250262,"#DB72FB","Industrial","Industrial","High","Auto body shop, junkyard","HighT/I","P726641","P726641 082423 081623 Essington SS","P726641 082423 081623 Essington SS.D","2023-08-24","2023-08-16","sample","2023-08-09","2023-08-16",10199,1.3,"332023",1,0.5041,"REG",0.1904,0.1955,"REG",0.0741,0.0956,"REG",0.0351,0.1342,"REG",0.0495,0.3809,"REG",0.1511,0.0242,"REG",0.0189,0.0072,"ND",0.012,0.0198,"LOD",0.019,0.0553,"REG",0.0236,0.021,"REG",0.0159,0.0464,"REG",0.0198,0.027,"LOD",0.0306,0.1457,"REG",0.059,0.1634,"REG",0.0447,0.1008,"REG",0.0534,0.066,"REG",0.03,0.0573,"REG",0.0368,0.0488,"REG",0.0368,0.0255,"ND",0.0425,0.0464,"REG",0.0311,0.0551,"REG",0.0287,0.1232,"REG",0.0367,0.0711,"REG",0.0453,0.2876,"REG",0.1049,0.3203,"REG",0.1221,0.8557,"REG",0.3213,0.1065,"REG",0.0397,0.1811,"REG",0.0783,0.0417,"REG",0.0201,0.0128,"REG",0.0105,0.0903,"REG",0.0353,0.0016,"ND",0.0027,4e-4,"ND",7e-4,0.0106,"LOD",0.012,0.1926,"REG",0.0711,0.0298,"REG",0.0115,0.0425,"REG",0.0079,0.0789,"REG",0.0194,0.23344959122976577,0.338,0.6383,"REG",1.3103,"REG","Summer"
"2","Essington & Mingo","stationary","39.90131732, -75.2250262",39.90131732,-75.2250262,"#DB72FB","Industrial","Industrial","High","Auto body shop, junkyard","HighT/I","P733896","P733896 082523 082323 Essington SS","P733896 082523 082323 Essington SS.D","2023-08-25","2023-08-23","sample","2023-08-16","2023-08-23",9985,2,"342023",1,0.4495,"REG",0.1698,0.266,"REG",0.1005,0.0851,"REG",0.0313,0.1212,"REG",0.0456,0.3921,"REG",0.1555,0.0304,"LOD",0.0201,0.0073,"ND",0.0122,0.0242,"LOD",0.0199,0.0521,"REG",0.0238,0.0183,"LOD",0.0159,0.0487,"REG",0.0207,0.0243,"LOD",0.0308,0.0926,"REG",0.0376,0.1402,"REG",0.0384,0.0302,"REG",0.0246,0.0334,"REG",0.0186,0.0456,"LOD",0.0347,0.0767,"REG",0.0458,0.0801,"LOD",0.0559,0.0425,"LOD",0.0309,0.0433,"LOD",0.0267,0.0935,"REG",0.0311,0.0668,"LOD",0.0452,0.2076,"REG",0.0814,0.2465,"REG",0.0968,0.6613,"REG",0.2534,0.0834,"REG",0.0311,0.1265,"REG",0.0624,0.0066,"ND",0.011,0.0134,"LOD",0.0108,0.0378,"REG",0.016,0.0017,"ND",0.0028,5e-4,"ND",8e-4,0.0111,"LOD",0.0123,0.1729,"REG",0.0642,0.0281,"REG",0.0109,0.0134,"REG",0.0033,0.0382,"REG",0.0094,0.23845291747144529,0.16,0.5707,"REG",1.3138999999999998,"REG","Summer"
"2","Essington & Mingo","stationary","39.90131732, -75.2250262",39.90131732,-75.2250262,"#DB72FB","Industrial","Industrial","High","Auto body shop, junkyard","HighT/I","P733890","P733890 090723 083023 Essington SS","P733890 090723 083023 Essington SS.D","2023-09-07","2023-08-30","sample","2023-08-23","2023-08-30",10043,2,"352023",1,0.3698,"REG",0.1398,0.1867,"REG",0.0708,0.0693,"REG",0.0255,0.0991,"REG",0.0389,0.2839,"REG",0.1126,0.0227,"LOD",0.019,0.0121,"LOD",0.0151,0.012,"LOD",0.0185,0.0384,"LOD",0.0229,0.0188,"LOD",0.0159,0.0415,"REG",0.0184,0.0236,"LOD",0.0306,0.0974,"REG",0.0395,0.1599,"REG",0.0437,0.0097,"ND",0.0162,0.0176,"REG",0.0143,0.0397,"LOD",0.0334,0.0395,"LOD",0.0348,0.0669,"LOD",0.0545,0.0603,"REG",0.0341,0.0718,"REG",0.0329,0.1062,"REG",0.0335,0.081,"REG",0.0477,0.2429,"REG",0.0916,0.417,"REG",0.1564,1.0621,"REG",0.3951,0.1118,"REG",0.0417,0.1782,"REG",0.0777,0.0505,"REG",0.0229,0.0106,"LOD",0.0104,0.0354,"REG",0.0152,0.0122,"REG",0.0051,5e-4,"ND",8e-4,0.0041,"LOD",0.0119,0.2006,"REG",0.0739,0.0279,"REG",0.0108,0.0133,"REG",0.0032,0.0522,"REG",0.0129,0.2370758121031944,0.22,0.4689,"REG",1.0088000000000001,"REG","Summer"
"2","Essington & Mingo","stationary","39.90131732, -75.2250262",39.90131732,-75.2250262,"#DB72FB","Industrial","Industrial","High","Auto body shop, junkyard","HighT/I","P726611","P726611 090823 090623 Essington SS","P726611 090823 090623 Essington SS.D","2023-09-08","2023-09-06","sample","2023-08-30","2023-09-06",10153,2,"362023",1,0.4291,"REG",0.1621,0.2031,"REG",0.077,0.0784,"REG",0.0288,0.1188,"REG",0.0447,0.3688,"REG",0.1463,0.0262,"LOD",0.0193,0.015,"LOD",0.0152,0.0153,"LOD",0.0186,0.0484,"REG",0.0232,0.0223,"LOD",0.016,0.0492,"REG",0.0208,0.0234,"LOD",0.0303,0.0964,"REG",0.0391,0.1253,"REG",0.0344,0.0309,"REG",0.0246,0.0298,"REG",0.0173,0.0392,"LOD",0.0331,0.039,"LOD",0.0344,0.0662,"LOD",0.053900000000000003,0.0358,"LOD",0.0295,0.0481,"REG",0.0273,0.0854,"REG",0.0294,0.0686,"LOD",0.045,0.1922,"REG",0.0766,0.2105,"REG",0.0844,0.6566,"REG",0.2514,0.0493,"REG",0.0184,0.1348,"REG",0.0643,0.0065,"ND",0.0108,0.0369,"REG",0.0159,0.0318,"REG",0.0139,0.0016,"ND",0.0027,5e-4,"ND",8e-4,0.015,"LOD",0.0124,0.1701,"REG",0.0631,0.0184,"REG",0.0074,0.0175,"REG",0.0038,0.0375,"REG",0.0093,0.23450727676079788,0.16,0.5478999999999999,"REG",1.1982000000000002,"REG","Summer"
"2","Essington & Mingo","stationary","39.90131732, -75.2250262",39.90131732,-75.2250262,"#DB72FB","Industrial","Industrial","High","Auto body shop, junkyard","HighT/I","P733860","P733860 092923 092723 Essington SS","P733860 092923 092723 Essington SS RENAME.D","2023-09-29","2023-09-27","sample","2023-09-20","2023-09-27",10050,2,"392023",1,0.6254,"REG",0.2362,0.2612,"REG",0.0987,0.0941,"REG",0.0346,0.1305,"REG",0.0484,0.4149,"REG",0.1645,0.0189,"LOD",0.0186,0.0073,"ND",0.0121,0.012,"LOD",0.0185,0.0454,"REG",0.0232,0.0225,"LOD",0.0162,0.0498,"REG",0.021,0.0236,"LOD",0.0306,0.1295,"REG",0.0525,0.2725,"REG",0.0743,0.0097,"ND",0.0162,0.0259,"REG",0.0163,0.0251,"LOD",0.0312,0.0072,"LOD",0.03,0.0259,"ND",0.0431,0.0663,"REG",0.0354,0.0949,"REG",0.039,0.1393,"REG",0.0403,0.081,"REG",0.0477,0.3034,"REG",0.11,0.7025,"REG",0.2591,2.028,"REG",0.744,0.4104,"ULOD",0.1532,0.2514,"REG",0.1017,0.0505,"REG",0.0228,0.0306,"REG",0.0143,0.0125,"REG",0.0084,0.0016,"ND",0.0027,5e-4,"ND",8e-4,0.0152,"LOD",0.0125,0.2577,"REG",0.0943,0.0279,"REG",0.0108,0.0177,"REG",0.0038,0.1516,"REG",0.0372,0.2369106846718787,0.64,0.7559,"REG",1.5261,"REG","Summer"
"2","Essington & Mingo","stationary","39.90131732, -75.2250262",39.90131732,-75.2250262,"#DB72FB","Industrial","Industrial","High","Auto body shop, junkyard","HighT/I","P733898","P733898 101223 100423 Essington SS","P733898 101223 100423 Essington SS.D","2023-10-12","2023-10-04","sample","2023-09-27","2023-10-04",10123,2,"402023",1,0.8947,"REG",0.3379,0.3612,"REG",0.1362,0.1279,"REG",0.0469,0.1872,"REG",0.0664,0.578,"REG",0.2292,0.0262,"LOD",0.0193,0.0181,"LOD",0.0156,0.0238,"LOD",0.0196,0.0659,"REG",0.0245,0.0186,"LOD",0.0157,0.0733,"REG",0.0288,0.0299,"LOD",0.0311,0.1804,"REG",0.073,0.3227,"REG",0.088,0.0607,"REG",0.0357,0.0663,"REG",0.0302,0.0525,"REG",0.0359,0.0283,"LOD",0.0323,0.0527,"LOD",0.0531,0.0838,"REG",0.0394,0.0822,"REG",0.0354,0.1772,"REG",0.0485,0.1162,"REG",0.0555,0.3855,"REG",0.1358,0.618,"REG",0.2285,1.6935,"REG",0.6227,0.2739,"ULOD",0.1022,0.2589,"REG",0.1042,0.0852,"REG",0.0341,0.0119,"REG",0.0105,0.0185,"REG",0.0098,0.0016,"ND",0.0027,5e-4,"ND",8e-4,0.0209,"LOD",0.013,0.2701,"REG",0.0987,0.0369,"REG",0.0142,0.022,"REG",0.0045,0.0753,"REG",0.0185,0.23520225041513199,0.32,1.0819,"REG",2.149,"REG","Summer"
"2","Essington & Mingo","stationary","39.90131732, -75.2250262",39.90131732,-75.2250262,"#DB72FB","Industrial","Industrial","High","Auto body shop, junkyard","HighT/I","P726605","P726605 101323 101123 Essington SS","P726605 101323 101123 Essington SS.D","2023-10-13","2023-10-11","sample","2023-10-04","2023-10-11",9990,1.99,"412023",1,0.7384,"REG",0.2789,0.3578,"REG",0.1349,0.1041,"REG",0.0382,0.1468,"REG",0.0536,0.5149,"REG",0.2042,0.0189,"LOD",0.0187,0.0073,"ND",0.0122,0.0206,"LOD",0.0194,0.0454,"REG",0.0234,0.0226,"LOD",0.0163,0.049,"REG",0.0208,0.0241,"LOD",0.0308,0.1432,"REG",0.058,0.2855,"REG",0.0778,0.0418,"REG",0.0285,0.0459,"REG",0.0228,0.0335,"LOD",0.0325,0.0177,"LOD",0.0311,0.0331,"LOD",0.0527,0.0664,"REG",0.0355,0.0795,"REG",0.0349,0.1388,"REG",0.0402,0.082,"REG",0.0481,0.3158,"REG",0.1139,0.6231,"REG",0.2304,1.6505,"REG",0.6073,0.3359,"ULOD",0.1254,0.2086,"REG",0.0876,0.0066,"ND",0.011,0.012,"REG",0.0106,0.0034,"ND",0.0057,0.0017,"ND",0.0028,5e-4,"ND",8e-4,0.021,"LOD",0.0132,0.3153,"REG",0.1149,0.0372,"REG",0.0143,0.0266,"REG",0.0052,0.1328,"REG",0.0326,0.238333571666905,0.5572,0.8852,"REG",1.8619999999999999,"REG","Summer"
"2","Essington & Mingo","stationary","39.90131732, -75.2250262",39.90131732,-75.2250262,"#DB72FB","Industrial","Industrial","High","Auto body shop, junkyard","HighT/I","P733870","P733870 102623 101823 Essington SS RENAME","P733870 102623 101823 Essington SS RENAME.D","2023-10-26","2023-10-18","sample","2023-10-11","2023-10-18",10050,2,"422023",1,0.951,"REG",0.3592,0.2892,"REG",0.1092,0.1438,"REG",0.0527,0.1833,"REG",0.0652,0.5272,"REG",0.209,0.0227,"LOD",0.019,0.0152,"LOD",0.0154,0.0206,"LOD",0.0193,0.0109,"ND",0.0182,0.0676,"REG",0.0236,0.0655,"REG",0.0261,0.0241,"LOD",0.0306,0.1303,"REG",0.0528,0.2388,"REG",0.0652,0.0097,"ND",0.0162,0.0211,"REG",0.0151,0.0383,"LOD",0.0332,0.0231,"LOD",0.0316,0.0398,"LOD",0.0527,0.0603,"REG",0.0341,0.0728,"REG",0.0331,0.1585,"REG",0.0444,0.0819,"REG",0.0479,0.3519,"REG",0.1252,0.5715,"REG",0.2118,1.592,"REG",0.586,0.2759,"ULOD",0.103,0.2084,"REG",0.0874,0.0286,"REG",0.0169,0.0053,"REG",0.0099,0.0034,"ND",0.0057,0.0016,"ND",0.0027,5e-4,"ND",8e-4,0.0321,"REG",0.0145,0.3436,"REG",0.1251,0.0372,"REG",0.0143,0.0354,"REG",0.0067,0.1327,"REG",0.0326,0.2369106846718787,0.56,1.1342999999999999,"REG",2.0945,"REG","Summer"
"2","Essington & Mingo","stationary","39.90131732, -75.2250262",39.90131732,-75.2250262,"#DB72FB","Industrial","Industrial","High","Auto body shop, junkyard","HighT/I","P726613","P726613 102723 102523 Essington SS","P726613 102723 102523 Essington SS.D","2023-10-27","2023-10-25","sample","2023-10-18","2023-10-25",10089,2,"432023",1,0.7774,"REG",0.2936,0.2633,"REG",0.0995,0.1135,"REG",0.0416,0.1513,"REG",0.0549,0.4787,"REG",0.1898,0.0188,"LOD",0.0185,0.0073,"ND",0.0121,0.0171,"LOD",0.0188,0.0452,"REG",0.0231,0.0224,"LOD",0.0161,0.0487,"REG",0.0206,0.018,"LOD",0.0299,0.1362,"REG",0.0552,0.2247,"REG",0.0613,0.0562,"REG",0.0339,0.05,"REG",0.0241,0.043,"LOD",0.034,0.023,"LOD",0.0315,0.0529,"LOD",0.0533,0.0541,"REG",0.0328,0.0792,"REG",0.0347,0.1447,"REG",0.0414,0.07,"LOD",0.0454,0.3264,"REG",0.1171,0.5591,"REG",0.2073,1.4915,"REG",0.5496,0.2813,"ULOD",0.105,0.1868,"REG",0.0803,0.0285,"REG",0.0168,0.0053,"REG",0.0098,0.0034,"ND",0.0057,0.0016,"ND",0.0027,0.0127,"REG",0.0043,0.0264,"REG",0.0137,0.2995,"REG",0.1092,0.0278,"REG",0.0108,0.0264,"REG",0.0052,0.1369,"REG",0.0336,0.23599488363092289,0.58,0.9287,"REG",1.7842,"REG","Summer"
"2","Essington & Mingo","stationary","39.90131732, -75.2250262",39.90131732,-75.2250262,"#DB72FB","Industrial","Industrial","High","Auto body shop, junkyard","HighT/I","P726605","P726605 110923 110123 Essington SS","P726605 110923 110123 Essington SS.D","2023-11-09","2023-11-01","sample","2023-10-25","2023-11-01",10315,2,"442023",1,0.7804,"REG",0.2948,0.3181,"REG",0.12,0.1202,"REG",0.0441,0.1582,"REG",0.057,0.7587,"REG",0.3008,0.0258,"LOD",0.019,0.0148,"LOD",0.015,0.0234,"LOD",0.0192,0.0578,"REG",0.0236,0.022,"LOD",0.0158,0.0557,"REG",0.0228,0.0294,"LOD",0.0306,0.2014,"REG",0.0815,0.2837,"REG",0.0774,0.145,"REG",0.0742,0.1111,"REG",0.0479,0.0638,"REG",0.0381,0.033,"LOD",0.0327,0.0717,"LOD",0.0536,0.0529,"REG",0.032,0.0581,"REG",0.0292,0.1487,"REG",0.042,0.1129,"REG",0.0542,0.331,"REG",0.1182,0.4375,"REG",0.1635,1.2003,"REG",0.4444,0.1971,"ULOD",0.0736,0.2347,"REG",0.0957,0.0479,"REG",0.0219,0.0169,"REG",0.0111,0.0033,"ND",0.0056,0.0016,"ND",0.0027,0.016,"REG",0.0054,0.0145,"LOD",0.0122,0.279,"REG",0.1019,0.0263,"REG",0.0102,0.0345,"REG",0.0065,0.12,"REG",0.0295,0.23082427348059922,0.52,0.9386,"REG",2.1356,"REG","Summer"
"2","Essington & Mingo","stationary","39.90131732, -75.2250262",39.90131732,-75.2250262,"#DB72FB","Industrial","Industrial","High","Auto body shop, junkyard","HighT/I","P726646","P726646 111023 110823 Essington SS","P726646 111023 110823 Essington SS.D","2023-11-10","2023-11-08","sample","2023-11-01","2023-11-08",9899,2,"452023",1,1.0585,"REG",0.3998,0.4704,"REG",0.1772,0.1657,"REG",0.0607,0.2233,"REG",0.0783,0.8464,"REG",0.3356,0.0345,"LOD",0.0209,0.0185,"LOD",0.0159,0.0279,"LOD",0.0206,0.078,"REG",0.026,0.0343,"REG",0.0178,0.0749,"REG",0.0294,0.0367,"LOD",0.0327,0.2359,"REG",0.0954,0.3967,"REG",0.1081,0.4012,"REG",0.1994,0.1494,"REG",0.0636,0.1355,"REG",0.0609,0.0508,"LOD",0.038,0.196,"REG",0.0725,0.0796,"REG",0.0387,0.084,"REG",0.0362,0.2088,"REG",0.0559,0.1414,"REG",0.0626,0.4435,"REG",0.1546,0.7771,"REG",0.2862,2.1359,"REG",0.7833,0.3084,"ULOD",0.1151,0.2765,"REG",0.1106,0.1312,"REG",0.0503,0.0312,"REG",0.0146,0.0132,"LOD",0.0086,0.0017,"ND",0.0028,0.0148,"REG",0.005,0.0376,"REG",0.0156,0.3052,"REG",0.1113,0.0368,"REG",0.0142,0.0449,"REG",0.0083,0.1443,"REG",0.0354,0.24052453590790798,0.6,1.2818,"REG",2.7643,"REG",NA
"2","Essington & Mingo","stationary","39.90131732, -75.2250262",39.90131732,-75.2250262,"#DB72FB","Industrial","Industrial","High","Auto body shop, junkyard","HighT/I","P733899","P733899 112423 111523 Essington SS","P733899 112423 111523 Essington SS.D","2023-11-24","2023-11-15","sample","2023-11-08","2023-11-15",10111,2,"462023",1,0.775,"REG",0.2927,0.4358,"REG",0.1642,0.1177,"REG",0.0431,0.1562,"REG",0.0564,0.5593,"REG",0.2218,0.0225,"LOD",0.0189,0.0151,"LOD",0.0153,0.0205,"LOD",0.0192,0.0555,"REG",0.0238,0.0187,"LOD",0.0158,0.0486,"REG",0.0206,0.024,"LOD",0.0304,0.1927,"REG",0.078,0.3422,"REG",0.0933,0.162,"REG",0.0824,0.1257,"REG",0.0538,0.0555,"REG",0.0366,0.023,"LOD",0.0314,0.06,"LOD",0.0537,0.0659,"REG",0.0352,0.0625,"REG",0.0305,0.1846,"REG",0.0502,0.1036,"REG",0.0524,0.4101,"REG",0.1436,0.5985,"REG",0.2215,1.639,"REG",0.603,0.3456,"ULOD",0.129,0.2394,"REG",0.0976,0.1057,"REG",0.0412,0.0305,"REG",0.0143,0.0034,"ND",0.0057,0.0016,"ND",0.0027,5e-4,"ND",8e-4,0.0203,"LOD",0.013,0.2704,"REG",0.0988,0.036,"REG",0.0139,0.0264,"REG",0.0052,0.1837,"REG",0.0451,0.23548139461501147,0.78,0.9312,"REG",2.044,"REG",NA
"2","Essington & Mingo","stationary","39.90131732, -75.2250262",39.90131732,-75.2250262,"#DB72FB","Industrial","Industrial","High","Auto body shop, junkyard","HighT/I","P733866","P733866 112523 112223 Essington SS","P733866 112523 112223 Essington SS.D","2023-11-25","2023-11-22","sample","2023-11-15","2023-11-22",10164,2,"472023",1,0.8553,"REG",0.323,0.4212,"REG",0.1587,0.1318,"REG",0.0483,0.1812,"REG",0.0645,0.7029,"REG",0.2787,0.0261,"LOD",0.0193,0.018,"LOD",0.0155,0.0237,"LOD",0.0195,0.0656,"REG",0.0244,0.026,"LOD",0.0164,0.0648,"REG",0.0259,0.0298,"LOD",0.031,0.2234,"REG",0.0904,0.4388,"REG",0.1195,0.0956,"REG",0.051,0.0758,"REG",0.0339,0.06,"REG",0.0375,0.0229,"LOD",0.0313,0.0662,"LOD",0.053900000000000003,0.0894,"REG",0.0407,0.0982,"REG",0.0397,0.2296,"REG",0.0605,0.1262,"REG",0.0579,0.5399,"REG",0.1857,0.9485,"REG",0.3484,2.5674,"REG",0.94,0.4847,"ULOD",0.1809,0.3314,"REG",0.1293,0.0826,"REG",0.0332,0.0238,"REG",0.0126,0.0097,"LOD",0.0077,0.0016,"ND",0.0027,5e-4,"ND",8e-4,0.0148,"LOD",0.0124,0.2548,"REG",0.0932,0.0359,"REG",0.0138,0.0481,"REG",0.0088,0.178,"REG",0.0437,0.23425348100672774,0.76,1.0365,"REG",2.2923999999999998,"REG",NA
"2","Essington & Mingo","stationary","39.90131732, -75.2250262",39.90131732,-75.2250262,"#DB72FB","Industrial","Industrial","High","Auto body shop, junkyard","HighT/I","P733891","P733891 120823 112923 Essington SS","P733891 120823 112923 Essington SS.D","2023-12-08","2023-11-29","sample","2023-11-22","2023-11-29",9985,2,"482023",1,0.5673,"REG",0.2143,0.3724,"REG",0.1404,0.0886,"REG",0.0326,0.1144,"REG",0.0435,0.4138,"REG",0.1641,0.019,"LOD",0.0187,0.0092,"LOD",0.0149,0.0138,"LOD",0.0187,0.0387,"LOD",0.023,0.0151,"LOD",0.0157,0.0417,"REG",0.0185,0.0182,"LOD",0.0302,0.1253,"REG",0.0508,0.2263,"REG",0.0618,0.0768,"REG",0.0427,0.0401,"REG",0.0208,0.0371,"LOD",0.0331,0.0217,"LOD",0.0316,0.0434,"LOD",0.0532,0.0425,"LOD",0.0309,0.0467,"REG",0.0273,0.1135,"REG",0.035,0.0707,"LOD",0.0459,0.2565,"REG",0.0958,0.4211,"REG",0.1579,1.2552,"REG",0.4645,0.2138,"REG",0.0798,0.1581,"REG",0.0716,0.0622,"REG",0.0265,0.0101,"LOD",0.0103,0.0034,"ND",0.0057,0.0017,"ND",0.0028,5e-4,"ND",8e-4,0.0145,"LOD",0.0125,0.2882,"REG",0.1052,0.0374,"REG",0.0144,0.0178,"REG",0.0039,0.0906,"REG",0.0223,0.23845291747144529,0.38,0.6817,"REG",1.5565,"REG",NA
"2","Essington & Mingo","stationary","39.90131732, -75.2250262",39.90131732,-75.2250262,"#DB72FB","Industrial","Industrial","High","Auto body shop, junkyard","HighT/I","P726614","P726614 120923 120623 Essington SS","P726614 120923 120623 Essington SS.D","2023-12-09","2023-12-06","sample","2023-11-29","2023-12-06",10209,2,"492023",1,0.8277,"REG",0.3126,0.4438,"REG",0.1672,0.1308,"REG",0.0479,0.1737,"REG",0.062,0.6757,"REG",0.2679,0.026,"LOD",0.0192,0.006,"LOD",0.0145,0.0236,"LOD",0.0194,0.0653,"REG",0.0243,0.0296,"REG",0.0168,0.0653,"REG",0.026,0.0297,"LOD",0.0309,0.2111,"REG",0.0854,0.4303,"REG",0.1172,0.0471,"REG",0.0301,0.0392,"REG",0.0203,0.0745,"REG",0.0412,0.0424,"LOD",0.0351,0.0751,"LOD",0.0544,0.0594,"REG",0.0336,0.0717,"REG",0.0326,0.1959,"REG",0.0527,0.1152,"REG",0.055,0.43,"REG",0.1499,0.6731,"REG",0.2484,2.0486,"REG",0.7514,0.3934,"ULOD",0.1468,0.2578,"REG",0.1037,0.0833,"REG",0.0334,0.0296,"REG",0.014,0.0034,"ND",0.0056,0.0016,"ND",0.0027,4e-4,"ND",7e-4,0.0087,"LOD",0.0119,0.2537,"REG",0.0928,0.0366,"REG",0.0141,0.0305,"REG",0.0058,0.0793,"REG",0.0195,0.2332209208494839,0.34,1.0014,"REG",2.2517,"REG",NA
"2","Essington & Mingo","stationary","39.90131732, -75.2250262",39.90131732,-75.2250262,"#DB72FB","Industrial","Industrial","High","Auto body shop, junkyard","HighT/I","P726663","P726663 122123 121323 Essington SS","P726663 122123 121323 Essington SS.D","2023-12-21","2023-12-13","sample","2023-12-06","2023-12-13",9465,2,"502023",1,1.3607,"REG",0.5139,0.5382,"REG",0.2027,0.1992,"REG",0.0729,0.2875,"REG",0.0997,1.0165,"REG",0.4031,0.0441,"REG",0.0233,0.0258,"LOD",0.0175,0.0364,"LOD",0.0227,0.0964,"REG",0.0287,0.0399,"REG",0.0192,0.1057,"REG",0.0403,0.0448,"LOD",0.0353,0.3231,"REG",0.1307,0.6262,"REG",0.1705,0.0659,"REG",0.0386,0.0687,"REG",0.0315,0.0752,"REG",0.043,0.0457,"LOD",0.0378,0.074,"LOD",0.0581,0.1217,"REG",0.0506,0.1828,"REG",0.066,0.3874,"REG",0.0987,0.1864,"REG",0.0763,0.786,"REG",0.2672,1.5604,"REG",0.5714,4.2422,"ULOD",1.5503,0.9378,"ULOD",0.35,0.5672,"REG",0.2147,0.102,"REG",0.0402,0.0745,"REG",0.0277,0.0036,"ND",0.0061,0.0017,"ND",0.0029,0.0136,"REG",0.0046,0.0153,"LOD",0.0132,0.4256,"REG",0.1547,0.0494,"REG",0.0189,0.0423,"REG",0.0079,0.2666,"REG",0.0654,0.251553341886147,1.06,1.6482,"REG",3.4021000000000003,"REG","Winter"
"2","Essington & Mingo","stationary","39.90131732, -75.2250262",39.90131732,-75.2250262,"#DB72FB","Industrial","Industrial","High","Auto body shop, junkyard","HighT/I","P733856","P733856 122123 122023 Essington SS","P733856 122123 122023 Essington SS.D","2023-12-21","2023-12-20","sample","2023-12-13","2023-12-20",9870,2,"512023",1,0.7693,"REG",0.2906,0.3958,"REG",0.1492,0.115,"REG",0.0422,0.1584,"REG",0.0573,0.5911,"REG",0.2344,0.0231,"LOD",0.0193,0.0154,"LOD",0.0156,0.021,"LOD",0.0197,0.0533,"REG",0.0241,0.0191,"LOD",0.0161,0.0507,"REG",0.0214,0.0246,"LOD",0.0312,0.166,"REG",0.0672,0.337,"REG",0.0919,0.0391,"REG",0.0277,0.0279,"REG",0.017,0.0672,"REG",0.04,0.0329,"LOD",0.0338,0.0709,"LOD",0.0557,0.0798,"REG",0.0389,0.118,"REG",0.0458,0.2094,"REG",0.0561,0.0954,"REG",0.0513,0.4325,"REG",0.1511,1.0807,"REG",0.3965,2.7751,"REG",1.0158,0.7469,"ULOD",0.2788,0.2986,"REG",0.1183,0.0512,"REG",0.0232,0.0374,"REG",0.0162,0.0035,"ND",0.0058,0.0017,"ND",0.0028,0.0149,"REG",0.005,0.009,"LOD",0.0123,0.4082,"REG",0.1483,0.0379,"REG",0.0146,0.0405,"REG",0.0076,0.468,"REG",0.1148,0.24123124427075798,1.94,0.9277,"REG",2.0296,"REG","Winter"
"2","Essington & Mingo","stationary","39.90131732, -75.2250262",39.90131732,-75.2250262,"#DB72FB","Industrial","Industrial","High","Auto body shop, junkyard","HighT/I","P726607","P726607 011624 011024 Essington SS","P726607 011624 011024 Essington SS.D","2024-01-16","2024-01-10","sample","2024-01-03","2024-01-10",10082,2,"22024",1,1.0733,"REG",0.4054,0.6478,"REG",0.2438,0.1835,"REG",0.0672,0.2354,"REG",0.0822,1.0615,"REG",0.4209,0.0376,"REG",0.0212,0.0212,"LOD",0.016,0.0274,"LOD",0.0202,0.0759,"REG",0.0255,0.0371,"REG",0.018,0.0818,"REG",0.0317,0.0421,"LOD",0.0332,0.288,"REG",0.1165,0.5164,"REG",0.1407,0.2045,"REG",0.103,0.1161,"REG",0.05,0.0774,"REG",0.0423,0.0236,"LOD",0.0316,0.0708,"LOD",0.0546,0.1443,"REG",0.0563,0.1396,"REG",0.052,0.4001,"REG",0.1015,0.1692,"REG",0.0699,0.8903,"REG",0.3014,1.1902,"REG",0.4363,4.215,"REG",1.5401,0.2419,"ULOD",0.0903,0.4771,"REG",0.1815,0.0992,"REG",0.0389,0.0533,"REG",0.0207,0.0034,"ND",0.0057,0.0016,"ND",0.0027,0.0127,"REG",0.0043,0.0088,"LOD",0.0121,0.2997,"REG",0.1093,0.0324,"REG",0.0125,0.0339,"REG",0.0064,0.1082,"REG",0.0266,0.23615873645629648,0.458,1.3087,"REG",3.2015,"REG","Winter"
"2","Essington & Mingo","stationary","39.90131732, -75.2250262",39.90131732,-75.2250262,"#DB72FB","Industrial","Industrial","High","Auto body shop, junkyard","HighT/I","P733851","P733851 012524 011724 Essington SS","P733851 012524 011724 Essington SS.D","2024-01-25","2024-01-17","sample","2024-01-10","2024-01-17",9496,2,"32024",1,0.5679,"REG",0.2145,0.4443,"REG",0.1674,0.0948,"REG",0.0348,0.1225,"REG",0.0465,0.4593,"REG",0.1821,0.0093,"ND",0.0155,0.0077,"ND",0.0128,0.0145,"LOD",0.0197,0.0399,"LOD",0.0241,0.0155,"LOD",0.0164,0.0342,"REG",0.0167,0.0191,"LOD",0.0318,0.1427,"REG",0.0578,0.2675,"REG",0.073,0.0667,"REG",0.0389,0.0487,"REG",0.0241,0.0308,"LOD",0.0336,0.0137,"LOD",0.0322,0.033,"LOD",0.0554,0.0574,"REG",0.0348,0.0536,"REG",0.0296,0.165,"REG",0.0464,0.0805,"REG",0.0494,0.3673,"REG",0.1309,0.5724,"REG",0.2125,1.6067,"REG",0.5919,0.2317,"ULOD",0.0865,0.2073,"REG",0.0882,0.0811,"REG",0.0331,0.0051,"ND",0.0085,0.0036,"ND",0.006,0.0017,"ND",0.0029,0.0116,"REG",0.0039,0.0094,"LOD",0.0128,0.4091,"REG",0.1487,0.0344,"REG",0.0133,0.0173,"REG",0.0039,0.3255,"REG",0.0799,0.2507321378425001,1.298,0.6903999999999999,"REG",1.6888,"REG","Winter"
"2","Essington & Mingo","stationary","39.90131732, -75.2250262",39.90131732,-75.2250262,"#DB72FB","Industrial","Industrial","High","Auto body shop, junkyard","HighT/I","P733879","P733879 012624 012424 Essington SS","P733879 012624 012424 Essington SS.D","2024-01-26","2024-01-24","sample","2024-01-17","2024-01-24",9810,2,"42024",1,0.79,"REG",0.2984,0.6021,"REG",0.2266,0.1325,"REG",0.0486,0.1508,"REG",0.055,0.7266,"REG",0.2881,0.0271,"LOD",0.0199,0.0155,"LOD",0.0157,0.0246,"LOD",0.0202,0.0637,"REG",0.025,0.0265,"LOD",0.017,0.0586,"REG",0.024,0.0309,"LOD",0.0321,0.2236,"REG",0.0905,0.4356,"REG",0.1187,0.0888,"REG",0.0482,0.0854,"REG",0.0378,0.0547,"REG",0.0371,0.0242,"LOD",0.0325,0.0455,"LOD",0.0543,0.0988,"REG",0.0438,0.0655,"REG",0.0317,0.2209,"REG",0.0588,0.1259,"REG",0.0588,0.5171,"REG",0.1786,0.8782,"REG",0.3229,2.4678,"REG",0.904,0.3843,"ULOD",0.1434,0.3723,"REG",0.1442,0.1254,"REG",0.0483,0.0479,"REG",0.0193,0.0035,"ND",0.0058,0.0017,"ND",0.0028,0.0112,"REG",0.0038,0.0034,"LOD",0.0122,0.3667,"REG",0.1334,0.0333,"REG",0.0129,0.0304,"REG",0.0059,0.315,"REG",0.0773,0.24270666472501337,1.298,0.9408000000000001,"REG",2.4019999999999997,"REG","Winter"
"2","Essington & Mingo","stationary","39.90131732, -75.2250262",39.90131732,-75.2250262,"#DB72FB","Industrial","Industrial","High","Auto body shop, junkyard","HighT/I","P733892","P733892 020824 013124 Essington SS","P733892 020824 013124 Essington SS.D","2024-02-08","2024-01-31","sample","2024-01-24","2024-01-31",10099,2,"52024",1,1.2285,"REG",0.4639,0.5106,"REG",0.1923,0.1919,"REG",0.0702,0.2648,"REG",0.0919,0.9657,"REG",0.3829,0.0376,"REG",0.0212,0.0211,"LOD",0.016,0.041,"REG",0.0226,0.1181,"REG",0.03,0.0448,"REG",0.0192,0.099,"REG",0.0377,0.06,"REG",0.0368,0.3462,"REG",0.14,0.6313,"REG",0.1719,0.0805,"REG",0.0442,0.1008,"REG",0.0438,0.093,"REG",0.0468,0.0314,"LOD",0.0329,0.052,"LOD",0.0532,0.072,"REG",0.0366,0.0857,"REG",0.0364,0.3165,"REG",0.0812,0.1857,"REG",0.0747,0.4589,"REG",0.1594,0.7211,"REG",0.2658,2.1879,"REG",0.8021,0.2493,"ULOD",0.093,0.3433,"REG",0.1336,0.1131,"REG",0.0438,0.0249,"REG",0.0129,0.0034,"ND",0.0057,0.0016,"ND",0.0027,0.0109,"REG",0.0037,0.0144,"LOD",0.0124,0.3277,"REG",0.1194,0.0347,"REG",0.0134,0.0396,"REG",0.0074,0.0754,"REG",0.0185,0.23576120219352223,0.32,1.4932999999999998,"REG",3.1615,"REG","Winter"
"2","Essington & Mingo","stationary","39.90131732, -75.2250262",39.90131732,-75.2250262,"#DB72FB","Industrial","Industrial","High","Auto body shop, junkyard","HighT/I","P726667","P726667 021524 020724 Essington SS","P726667 021524 020724 Essington SS.D","2024-02-15","2024-02-07","sample","2024-01-31","2024-02-07",10081,2,"62024",1,0.9756,"REG",0.3684,0.7409,"REG",0.2788,0.1525,"REG",0.0559,0.2079,"REG",0.0732,0.9632,"REG",0.3819,0.0264,"LOD",0.0194,0.0151,"LOD",0.0153,0.0205,"LOD",0.0192,0.0592,"REG",0.0241,0.0299,"REG",0.017,0.0744,"REG",0.0292,0.0301,"LOD",0.0313,0.2892,"REG",0.117,0.5266,"REG",0.1434,0.0664,"REG",0.0381,0.0597,"REG",0.0277,0.0496,"REG",0.0353,0.0261,"LOD",0.032,0.0653,"LOD",0.0542,0.0782,"REG",0.038,0.0957,"REG",0.0391,0.2509,"REG",0.0656,0.116,"REG",0.0555,0.5323,"REG",0.1833,0.8648,"REG",0.3179,2.154,"REG",0.7898,0.4205,"ULOD",0.1569,0.3126,"REG",0.1228,0.0905,"REG",0.0359,0.025,"REG",0.0129,0.0034,"ND",0.0057,0.0016,"ND",0.0027,0.0146,"REG",0.0049,0.0145,"LOD",0.0124,0.4567,"REG",0.1658,0.044,"REG",0.0169,0.0309,"REG",0.0059,0.2551,"REG",0.0626,0.23618216257835345,1.08,1.1835,"REG",3.0401000000000002,"REG","Winter"
"2","Essington & Mingo","stationary","39.90131732, -75.2250262",39.90131732,-75.2250262,"#DB72FB","Industrial","Industrial","High","Auto body shop, junkyard","HighT/I","P733843","P733843 021624 021424 Essington SS","P733843 021624 021424 Essington SS.D","2024-02-16","2024-02-14","sample","2024-02-07","2024-02-14",10037,2,"72024",1,1.1293,"REG",0.4265,0.8438,"REG",0.3175,0.1781,"REG",0.0652,0.2455,"REG",0.0856,1.2133,"REG",0.4811,0.0302,"LOD",0.02,0.0182,"LOD",0.0157,0.0309,"LOD",0.0208,0.0804,"REG",0.026,0.0414,"REG",0.0187,0.1079,"REG",0.0409,0.0423,"LOD",0.0333,0.4833,"REG",0.1954,0.6484,"REG",0.1766,0.5032,"REG",0.2497,0.4252,"REG",0.1778,0.079,"REG",0.0428,0.0424,"LOD",0.0355,0.0922,"REG",0.0569,0.0906,"REG",0.0412,0.1061,"REG",0.0421,0.2586,"REG",0.0675,0.1634,"REG",0.0683,0.5711,"REG",0.196,0.9503,"REG",0.349,2.3912,"REG",0.876,0.436,"ULOD",0.1627,0.4608,"REG",0.1757,0.068,"REG",0.0284,0.0251,"REG",0.013,0.0034,"ND",0.0057,0.0016,"ND",0.0027,5e-4,"ND",8e-4,0.009,"LOD",0.0121,0.4301,"REG",0.1562,0.0535,"REG",0.0205,0.0443,"REG",0.0082,0.2325,"REG",0.057,0.23721753322231554,0.98,1.3748,"REG",3.6100000000000003,"REG","Winter"
"2","Essington & Mingo","stationary","39.90131732, -75.2250262",39.90131732,-75.2250262,"#DB72FB","Industrial","Industrial","High","Auto body shop, junkyard","HighT/I","P733880","P733880 030124 022124 Essington SS","P733880 030124 022124 Essington SS.D","2024-03-01","2024-02-21","sample","2024-02-14","2024-02-21",10090,2,"82024",1,0.5783,"REG",0.2184,0.4801,"REG",0.1808,0.088,"REG",0.0323,0.1242,"REG",0.0464,0.4478,"REG",0.1776,0.0226,"LOD",0.0189,0.0121,"LOD",0.015,0.009,"ND",0.015,0.0417,"LOD",0.0229,0.0187,"LOD",0.0158,0.0496,"REG",0.0209,0.018,"LOD",0.0299,0.1611,"REG",0.0652,0.2552,"REG",0.0696,0.1844,"REG",0.0932,0.0885,"REG",0.0389,0.0496,"REG",0.0353,0.0583,"REG",0.0397,0.0586,"LOD",0.0537,0.036,"LOD",0.0297,0.0462,"REG",0.027,0.1053,"REG",0.0332,0.0692,"LOD",0.0453,0.2296,"REG",0.0876,0.3659,"REG",0.1382,1.1138,"REG",0.4136,0.0832,"REG",0.031,0.1454,"REG",0.0675,0.0449,"REG",0.0211,0.0183,"REG",0.0115,0.0034,"ND",0.0057,0.0016,"ND",0.0027,0.0109,"REG",0.0037,0.031,"REG",0.0143,0.2852,"REG",0.1041,0.0347,"REG",0.0134,0.0264,"REG",0.0052,0.0897,"REG",0.022,0.23597149464344705,0.38,0.7025,"REG",1.7184000000000001,"REG","Winter"
"2","Essington & Mingo","stationary","39.90131732, -75.2250262",39.90131732,-75.2250262,"#DB72FB","Industrial","Industrial","High","Auto body shop, junkyard","HighT/I","P733885","P733885 030124 022824 Essington SS","P733885 030124 022824 Essington SS.D","2024-03-01","2024-02-28","sample","2024-02-21","2024-02-28",10106,2,"92024",1,0.8318,"REG",0.3142,0.4855,"REG",0.1828,0.1225,"REG",0.0449,0.1813,"REG",0.0645,0.7082,"REG",0.2808,0.0338,"LOD",0.0205,0.0181,"LOD",0.0156,0.0273,"LOD",0.0201,0.066,"REG",0.0246,0.0336,"REG",0.0175,0.0825,"REG",0.0319,0.036,"LOD",0.0321,0.231,"REG",0.0935,0.3406,"REG",0.0928,0.0851,"REG",0.0463,0.076,"REG",0.034,0.064,"REG",0.0386,0.0314,"LOD",0.0329,0.0849,"REG",0.0558,0.084,"REG",0.0394,0.0856,"REG",0.0363,0.1645,"REG",0.0457,0.1273,"REG",0.0583,0.3741,"REG",0.1321,0.7409,"REG",0.273,2.0167,"REG",0.7399,0.1066,"REG",0.0398,0.3014,"REG",0.1189,0.0675,"REG",0.0282,0.0183,"REG",0.0115,0.0034,"ND",0.0057,0.0016,"ND",0.0027,0.0109,"REG",0.0037,0.0144,"LOD",0.0124,0.2563,"REG",0.0938,0.0347,"REG",0.0134,0.022,"REG",0.0045,0.0613,"REG",0.0151,0.2355979003515121,0.26,1.0131,"REG",2.3293,"REG",NA
"2","Essington & Mingo","stationary","39.90131732, -75.2250262",39.90131732,-75.2250262,"#DB72FB","Industrial","Industrial","High","Auto body shop, junkyard","HighT/I","P733863","P733863 031524 030624 Essington SS","P733863 031524 030624 Essington SS.D","2024-03-15","2024-03-06","sample","2024-02-28","2024-03-06",10115,1,"102024",1,1.2471,"REG",0.471,0.2564,"REG",0.0969,0.1669,"REG",0.0611,0.2644,"REG",0.0918,0.8418,"REG",0.3338,0.03,"REG",0.0199,0.0181,"REG",0.0156,0.0283,"REG",0.0203,0.09,"REG",0.0268,0.0316,"REG",0.0172,0.086,"REG",0.0332,0.0389,"REG",0.0325,0.344,"REG",0.1391,0.7259,"REG",0.1977,0.0084,"REG",0.0197,0.0732,"REG",0.0329,0.0151,"LOD",0.03,0.0092,"LOD",0.0299,0.0149,"LOD",0.0515,0.0689,"REG",0.0358,0.0736,"REG",0.0332,0.3183,"REG",0.0817,0.2076,"REG",0.0812,0.6791,"REG",0.2314,1.0632,"ULOD",0.3901,2.9443,"ULOD",1.0772,0.4469,"ULOD",0.1668,0.4599,"REG",0.1753,0.0593,"REG",0.0255,0.0291,"REG",0.0139,0.0034,"ND",0.0057,0.0016,"ND",0.0027,0.0054,"REG",0.002,0.009,"LOD",0.012,0.1351,"REG",0.0509,0.0175,"REG",0.007,0.0086,"REG",0.0027,0.06,"REG",0.0148,0.23538827295624132,0.25475000000000003,1.5115,"REG",2.7766,"REG",NA
"2","Essington & Mingo","stationary","39.90131732, -75.2250262",39.90131732,-75.2250262,"#DB72FB","Industrial","Industrial","High","Auto body shop, junkyard","HighT/I","P733849","P733849 031624 031324 Essington SS","P733849 031624 031324 Essington SS.D","2024-03-16","2024-03-13","sample","2024-03-06","2024-03-13",10003,2,"112024",1,0.9683,"REG",0.3657,0.4249,"REG",0.1601,0.1338,"REG",0.049,0.1884,"REG",0.0669,0.8576,"REG",0.3401,0.0266,"LOD",0.0196,0.0152,"LOD",0.0154,0.0235,"LOD",0.0197,0.063,"REG",0.0245,0.0225,"LOD",0.0163,0.0662,"REG",0.0264,0.0302,"LOD",0.0315,0.2414,"REG",0.0977,0.5041,"REG",0.1373,0.0098,"ND",0.0163,0.0407,"REG",0.0209,0.0323,"LOD",0.0323,0.0174,"LOD",0.031,0.0251,"LOD",0.0524,0.0848,"REG",0.0398,0.0728,"REG",0.0332,0.2452,"REG",0.0643,0.1511,"REG",0.065,0.5465,"REG",0.188,0.829,"REG",0.305,2.2727,"REG",0.833,0.4017,"ULOD",0.1499,0.3756,"REG",0.1452,0.0715,"REG",0.0295,0.0429,"REG",0.0177,0.0034,"ND",0.0057,0.0016,"ND",0.0027,0.0109,"REG",0.0037,0.0091,"LOD",0.0122,0.3021,"REG",0.1102,0.0364,"REG",0.014,0.0265,"REG",0.0052,0.113,"REG",0.0277,0.2380238309459543,0.47475,1.1567,"REG",2.573,"REG",NA
"2","Essington & Mingo","stationary","39.90131732, -75.2250262",39.90131732,-75.2250262,"#DB72FB","Industrial","Industrial","High","Auto body shop, junkyard","HighT/I","P726643","P726643 040324 032024 Essington SS RR","P726643 040324 032024 Essington SS RR.D","2024-04-03","2024-03-20","sample","2024-03-13","2024-03-20",9659,2,"122024",1,0.7883,"REG",0.2977,0.3624,"REG",0.1366,0.1075,"REG",0.0394,0.1516,"REG",0.0553,0.7163,"REG",0.2841,0.0236,"LOD",0.0198,0.0076,"ND",0.0126,0.0172,"LOD",0.0196,0.0507,"REG",0.0244,0.0194,"LOD",0.0165,0.0513,"REG",0.0217,0.025,"LOD",0.0318,0.1632,"REG",0.0661,0.2253,"REG",0.0615,0.1567,"REG",0.0801,0.0853,"REG",0.0378,0.0486,"LOD",0.0362,0.0236,"LOD",0.0328,0.0605,"LOD",0.056,0.0502,"LOD",0.0331,0.0788,"REG",0.0352,0.1159,"REG",0.0359,0.0834,"REG",0.0494,0.2756,"REG",0.1021,0.5294,"REG",0.1969,1.4662,"REG",0.541,0.2258,"ULOD",0.0843,0.2582,"REG",0.1047,0.0383,"REG",0.0197,0.0096,"LOD",0.0106,0.0036,"ND",0.0059,0.0017,"ND",0.0028,0.0132,"REG",0.0045,0.0209,"LOD",0.0135,0.3873,"REG",0.1409,0.028,"REG",0.0109,0.0182,"REG",0.004,0.2846,"REG",0.0698,0.24650091944842956,1.15475,0.9399,"REG",2.1261,"REG",NA
"2","Essington & Mingo","stationary","39.90131732, -75.2250262",39.90131732,-75.2250262,"#DB72FB","Industrial","Industrial","High","Auto body shop, junkyard","HighT/I","P733857","P733857 041224 041024 Essington SS","P733857 041224 041024 Essington SS.D","2024-04-12","2024-04-10","sample","2024-04-03","2024-04-10",10034,2,"152024",1,0.598,"REG",0.2259,0.3831,"REG",0.1444,0.0779,"REG",0.0286,0.1193,"REG",0.045,0.414,"REG",0.1642,0.0227,"LOD",0.019,0.0152,"LOD",0.0154,0.0172,"LOD",0.0189,0.021,"LOD",0.0222,0.0226,"LOD",0.0162,0.0581,"REG",0.0237,0.0242,"LOD",0.0307,0.1206,"REG",0.0489,0.1819,"REG",0.0497,0.0463,"REG",0.03,0.0446,"REG",0.0223,0.0413,"LOD",0.0338,0.0269,"LOD",0.0323,0.0415,"LOD",0.0529,0.0423,"LOD",0.0308,0.0398,"LOD",0.026,0.1055,"REG",0.0333,0.1055,"REG",0.0531,0.2552,"REG",0.0953,0.3769,"REG",0.1422,1.0393,"REG",0.387,0.1866,"REG",0.0697,0.2308,"REG",0.0948,0.0501,"REG",0.0227,0.0134,"LOD",0.0107,0.0034,"ND",0.0057,0.0016,"ND",0.0027,0.0091,"REG",0.0032,0.0125,"LOD",0.0123,0.2008,"REG",0.074,0.0279,"REG",0.0109,0.0177,"REG",0.0039,0.0569,"REG",0.014,0.23728845734028114,0.24,0.7172999999999999,"REG",1.5922999999999998,"REG",NA
"2","Essington & Mingo","stationary","39.90131732, -75.2250262",39.90131732,-75.2250262,"#DB72FB","Industrial","Industrial","High","Auto body shop, junkyard","HighT/I","P733881","P733881 042624 041724 Essington SS","P733881 042624 041724 Essington SS.D","2024-04-26","2024-04-17","sample","2024-04-10","2024-04-17",10179,2,"162024",1,0.5263,"REG",0.1988,0.2241,"REG",0.0848,0.0669,"REG",0.0247,0.1021,"REG",0.0397,0.3538,"REG",0.1403,0.0186,"LOD",0.0183,0.012,"LOD",0.0149,0.0136,"LOD",0.0184,0.0345,"LOD",0.0224,0.0148,"LOD",0.0154,0.0491,"REG",0.0207,0.0179,"LOD",0.0296,0.1062,"REG",0.0431,0.1465,"REG",0.0401,0.0082,"REG",0.0196,0.0276,"REG",0.0167,0.0311,"LOD",0.0317,0.0159,"LOD",0.0303,0.0278,"LOD",0.0516,0.0417,"LOD",0.0304,0.0523,"REG",0.0281,0.0974,"REG",0.0316,0.0693,"LOD",0.045,0.2276,"REG",0.0868,0.3716,"REG",0.1401,0.931,"REG",0.3481,0.1285,"REG",0.048,0.2378,"REG",0.097,0.0268,"REG",0.0163,0.0066,"LOD",0.0098,0.0034,"ND",0.0056,0.0016,"ND",0.0027,0.0108,"REG",0.0037,0.0068,"LOD",0.0119,0.3251,"REG",0.1184,0.0275,"REG",0.0107,0.0175,"REG",0.0038,0.117,"REG",0.0287,0.23390827988529136,0.5,0.6284,"REG",1.2732,"REG",NA
"2","Essington & Mingo","stationary","39.90131732, -75.2250262",39.90131732,-75.2250262,"#DB72FB","Industrial","Industrial","High","Auto body shop, junkyard","HighT/I","P726670","P726670 042724 042424 Essington SS","P726670 042724 042424 Essington SS.D","2024-04-27","2024-04-24","sample","2024-04-17","2024-04-24",9785,2,"172024",1,0.4818,"REG",0.182,0.2395,"REG",0.0906,0.0645,"REG",0.0238,0.1009,"REG",0.0397,0.3376,"REG",0.1339,0.0194,"LOD",0.0191,0.0075,"ND",0.0125,0.0141,"LOD",0.0191,0.0359,"LOD",0.0233,0.0154,"LOD",0.016,0.0511,"REG",0.0215,0.0186,"LOD",0.0308,0.1038,"REG",0.0421,0.1524,"REG",0.0417,0.0912,"REG",0.0494,0.05,"REG",0.0244,0.0374,"LOD",0.0337,0.0166,"LOD",0.0316,0.0358,"LOD",0.053900000000000003,0.0372,"LOD",0.0306,0.051,"REG",0.0286,0.0877,"REG",0.0303,0.0721,"LOD",0.0468,0.1994,"REG",0.0795,0.3551,"REG",0.1347,0.949,"REG",0.3552,0.1899,"REG",0.0709,0.1936,"REG",0.0831,0.0279,"REG",0.017,0.005,"ND",0.0083,0.0035,"ND",0.0059,0.0017,"ND",0.0028,0.0075,"REG",0.0026,0.0071,"LOD",0.0123,0.3382,"REG",0.1232,0.0287,"REG",0.0111,0.0091,"REG",0.0028,0.1703,"REG",0.0418,0.24332676351071855,0.7,0.5827,"REG",1.2243,"REG",NA
"2","Essington & Mingo","stationary","39.90131732, -75.2250262",39.90131732,-75.2250262,"#DB72FB","Industrial","Industrial","High","Auto body shop, junkyard","HighT/I","P733866","P733866 051124 050124 Essington SS","P733866 051124 050124 Essington SS.D","2024-05-11","2024-05-01","sample","2024-04-24","2024-05-01",10210,2,"182024",1,0.8654,"REG",0.3268,0.2816,"REG",0.1063,0.1107,"REG",0.0406,0.1727,"REG",0.0617,0.5447,"REG",0.216,0.0335,"LOD",0.0203,0.0209,"LOD",0.0158,0.0236,"LOD",0.0194,0.0584,"REG",0.0238,0.0333,"REG",0.0173,0.0808,"REG",0.0313,0.0297,"LOD",0.0309,0.2389,"REG",0.0966,0.2912,"REG",0.0794,0.3526,"REG",0.1755,0.2396,"REG",0.1007,0.0893,"REG",0.0455,0.0582,"REG",0.0394,0.1012,"REG",0.0571,0.0594,"REG",0.0336,0.088,"REG",0.0369,0.1567,"REG",0.0439,0.1268,"REG",0.0579,0.3464,"REG",0.1232,0.2913,"REG",0.112,1.9402,"REG",0.7121,0.2597,"ULOD",0.0969,0.3505,"REG",0.136,0.036,"REG",0.0186,0.0125,"LOD",0.0105,0.0034,"ND",0.0056,0.0016,"ND",0.0027,0.0144,"REG",0.0048,0.0087,"LOD",0.0119,0.3241,"REG",0.1181,0.0256,"REG",0.01,0.0131,"REG",0.0032,0.0415,"REG",0.0102,0.2331980784478336,0.178,1.0381,"REG",1.9751,"REG",NA
"2","Essington & Mingo","stationary","39.90131732, -75.2250262",39.90131732,-75.2250262,"#DB72FB","Industrial","Industrial","High","Auto body shop, junkyard","HighT/I","P726620","P726620 051224 050824 Essington SS","P726620 051224 050824 Essington SS.D","2024-05-12","2024-05-08","sample","2024-05-01","2024-05-08",10243,2,"192024",1,0.7231,"REG",0.2731,0.2929,"REG",0.1105,0.0957,"REG",0.0351,0.1516,"REG",0.0549,0.4765,"REG",0.189,0.0296,"LOD",0.0196,0.0149,"LOD",0.0151,0.0202,"LOD",0.0189,0.048,"REG",0.023,0.0258,"LOD",0.0163,0.0643,"REG",0.0257,0.0237,"LOD",0.03,0.1499,"REG",0.0607,0.1927,"REG",0.0526,0.1562,"REG",0.0796,0.0883,"REG",0.0387,0.0652,"REG",0.0387,0.0317,"LOD",0.0326,0.0814,"LOD",0.0548,0.0473,"LOD",0.0312,0.0682,"REG",0.0317,0.1106,"REG",0.0341,0.0919,"REG",0.0494,0.25,"REG",0.0933,0.2203,"REG",0.0876,1.4319,"REG",0.5279,0.1522,"REG",0.0568,0.2364,"REG",0.0964,0.0471,"REG",0.0217,0.0124,"LOD",0.0104,0.0034,"ND",0.0056,0.0016,"ND",0.0027,0.0161,"REG",0.0054,0.0141,"REG",0.0122,0.3231,"REG",0.1177,0.0255,"REG",0.01,0.026,"REG",0.0051,0.046,"REG",0.0114,0.23244678130941923,0.198,0.8747,"REG",1.7398,"REG",NA
"2","Essington & Mingo","stationary","39.90131732, -75.2250262",39.90131732,-75.2250262,"#DB72FB","Industrial","Industrial","High","Auto body shop, junkyard","HighT/I","P726665","P726665 052324 051524 Essington SS","P726665 052324 051524 Essington SS.D","2024-05-23","2024-05-15","sample","2024-05-08","2024-05-15",9431,2,"202024",1,0.543,"REG",0.2051,0.5633,"REG",0.2121,0.0668,"REG",0.0247,0.0977,"REG",0.0392,0.4228,"REG",0.1677,0.0161,"LOD",0.0194,0.0078,"ND",0.0129,0.011,"LOD",0.0195,0.0298,"LOD",0.0238,0.016,"LOD",0.0166,0.0433,"REG",0.0193,0.0193,"LOD",0.032,0.0944,"REG",0.0383,0.1315,"REG",0.0361,0.003,"REG",0.0208,0.0208,"REG",0.0156,0.0243,"LOD",0.033,0.0172,"LOD",0.0327,0.0389,"LOD",0.056,0.0386,"LOD",0.0318,0.0318,"LOD",0.026,0.106,"REG",0.0343,0.0624,"LOD",0.0464,0.2457,"REG",0.0937,0.4133,"REG",0.1556,1.1108,"REG",0.4136,0.1546,"ULOD",0.0577,0.2009,"REG",0.0863,0.0146,"REG",0.015,0.0064,"LOD",0.0106,0.0174,"REG",0.0099,0.0017,"ND",0.0029,5e-4,"ND",8e-4,0.0035,"LOD",0.0127,0.3967,"REG",0.1443,0.0277,"REG",0.0108,0.0189,"REG",0.0041,0.1762,"REG",0.0432,0.25246022489156833,0.698,0.6407,"REG",1.6935999999999998,"REG",NA
"2","Essington & Mingo","stationary","39.90131732, -75.2250262",39.90131732,-75.2250262,"#DB72FB","Industrial","Industrial","High","Auto body shop, junkyard","HighT/I","P733843","P733843 052424 052224 Essington SS","P733843 052424 052224 Essington SS.D","2024-05-24","2024-05-22","sample","2024-05-15","2024-05-22",9850,2,"212024",1,0.723,"REG",0.2731,0.2475,"REG",0.0936,0.0893,"REG",0.0328,0.1363,"REG",0.0504,0.435,"REG",0.1725,0.0231,"LOD",0.0194,0.0124,"LOD",0.0154,0.021,"LOD",0.0197,0.0463,"REG",0.0237,0.023,"LOD",0.0165,0.0499,"REG",0.0211,0.0246,"LOD",0.0312,0.1493,"REG",0.0605,0.2003,"REG",0.0547,0.1141,"REG",0.0598,0.0706,"REG",0.032,0.053,"REG",0.0366,0.0329,"LOD",0.0339,0.0711,"LOD",0.0558,0.0615,"REG",0.0348,0.0473,"REG",0.0277,0.1286,"REG",0.0382,0.0836,"REG",0.0488,0.2971,"REG",0.1084,0.531,"REG",0.1973,1.431,"REG",0.5281,0.1818,"ULOD",0.0679,0.3099,"REG",0.1222,0.0373,"REG",0.0193,0.0129,"LOD",0.0108,0.03,"REG",0.0134,0.0017,"ND",0.0028,5e-4,"ND",8e-4,0.0429,"REG",0.0165,0.3506,"REG",0.1276,0.0266,"REG",0.0104,0.018,"REG",0.0039,0.13,"REG",0.0319,0.24172105390379503,0.538,0.8593,"REG",1.6311000000000002,"REG",NA
"2","Essington & Mingo","stationary","39.90131732, -75.2250262",39.90131732,-75.2250262,"#DB72FB","Industrial","Industrial","High","Auto body shop, junkyard","HighT/I","P733889","P733889 060624 052924 Essington SS","P733889 060624 052924 Essington SS.D","2024-06-06","2024-05-29","sample","2024-05-22","2024-05-29",9571,2,"222024",1,0.5306,"REG",0.2005,0.2253,"REG",0.0853,0.0724,"REG",0.0267,0.1092,"REG",0.0424,0.4777,"REG",0.1894,0.0196,"LOD",0.0195,0.0076,"ND",0.0127,0.0144,"LOD",0.0195,0.033,"LOD",0.0236,0.0156,"LOD",0.0163,0.0335,"REG",0.0164,0.019,"LOD",0.0315,0.1257,"REG",0.051,0.133,"REG",0.0365,0.0799,"REG",0.0445,0.0583,"REG",0.0275,0.0354,"LOD",0.034,0.0282,"LOD",0.0338,0.0529,"LOD",0.056,0.0253,"LOD",0.0298,0.0487,"REG",0.0285,0.0906,"REG",0.0312,0.0615,"LOD",0.0458,0.2039,"REG",0.0813,0.3317,"REG",0.1267,0.8956,"REG",0.3366,0.0877,"REG",0.0328,0.187,"REG",0.0815,0.0925,"REG",0.0369,0.014,"LOD",0.0113,0.0271,"REG",0.0126,0.0017,"ND",0.0029,5e-4,"ND",8e-4,0.0134,"LOD",0.013,0.1804,"REG",0.067,0.0293,"REG",0.0114,0.0139,"REG",0.0034,0.0597,"REG",0.0147,0.24876735774238648,0.24,0.6397999999999999,"REG",1.4152,"REG",NA
"2","Essington & Mingo","stationary","39.90131732, -75.2250262",39.90131732,-75.2250262,"#DB72FB","Industrial","Industrial","High","Auto body shop, junkyard","HighT/I","P726609","P726609 060724 060524 Essington SS","P726609 060724 060524 Essington SS.D","2024-06-07","2024-06-05","sample","2024-05-29","2024-06-05",9353,2,"232024",1,0.5659,"REG",0.2138,0.2105,"REG",0.0798,0.074,"REG",0.0273,0.1173,"REG",0.045,0.3706,"REG",0.147,0.0241,"LOD",0.0204,0.0098,"LOD",0.016,0.0184,"LOD",0.0203,0.0413,"LOD",0.0245,0.0159,"LOD",0.0167,0.0521,"REG",0.0221,0.0194,"LOD",0.0323,0.2114,"REG",0.0856,0.1219,"REG",0.0335,0.0206,"REG",0.0232,0.0241,"REG",0.0165,0.0258,"LOD",0.0334,0.0173,"LOD",0.033,0.0399,"LOD",0.0565,0.0389,"LOD",0.0321,0.0605,"REG",0.0314,0.2637,"REG",0.0691,0.0629,"LOD",0.0468,0.5867,"REG",0.2018,0.3065,"REG",0.1182,0.8553,"REG",0.3229,0.1176,"REG",0.0439,0.2251,"REG",0.0943,0.0455,"REG",0.022,0.0072,"LOD",0.0107,0.0312,"REG",0.014,0.0018,"ND",0.0029,0.0113,"REG",0.0039,0.0255,"REG",0.0144,0.1692,"REG",0.0631,0.03,"REG",0.0116,0.0143,"REG",0.0035,0.0509,"REG",0.0126,0.2545656346575838,0.2,0.6831999999999999,"REG",1.3382999999999998,"REG",NA
"2","Essington & Mingo","stationary","39.90131732, -75.2250262",39.90131732,-75.2250262,"#DB72FB","Industrial","Industrial","High","Auto body shop, junkyard","HighT/I","P726648","P726648 062124 061224 Essington SS","P726648 062124 061224 Essington SS.D","2024-06-21","2024-06-12","sample","2024-06-05","2024-06-12",9900,2,"242024",1,0.7006,"REG",0.2646,0.1862,"REG",0.0707,0.0952,"REG",0.035,0.1374,"REG",0.0507,0.4275,"REG",0.1695,0.019,"LOD",0.0188,0.0092,"LOD",0.0151,0.0139,"LOD",0.0189,0.0425,"LOD",0.0234,0.0189,"LOD",0.0161,0.0492,"REG",0.0209,0.0184,"LOD",0.0305,0.1215,"REG",0.0493,0.1286,"REG",0.0353,0.082,"REG",0.0451,0.0564,"REG",0.0266,0.0342,"LOD",0.0329,0.0164,"LOD",0.0312,0.0512,"LOD",0.0541,0.0429,"LOD",0.0312,0.037,"LOD",0.0257,0.1077,"REG",0.0339,0.0594,"LOD",0.0442,0.2464,"REG",0.0929,0.2274,"REG",0.0905,0.6734,"REG",0.2578,0.0666,"REG",0.0248,0.1489,"REG",0.069,0.0313,"REG",0.0177,0.0068,"LOD",0.0101,0.0262,"REG",0.0122,0.0017,"ND",0.0028,0.0144,"REG",0.0048,0.0073,"LOD",0.0122,0.218,"REG",0.0802,0.0283,"REG",0.011,0.0224,"REG",0.0046,0.0481,"REG",0.0119,0.2405002405002405,0.2,0.838,"REG",1.5469,"REG",NA
"2","Essington & Mingo","stationary","39.90131732, -75.2250262",39.90131732,-75.2250262,"#DB72FB","Industrial","Industrial","High","Auto body shop, junkyard","HighT/I","P726665","P726665 062124 061924 Essington SS","P726665 062124 061924 Essington SS.D","2024-06-21","2024-06-19","sample","2024-06-12","2024-06-19",10120,2,"252024",1,0.3889,"REG",0.1469,0.139,"REG",0.0531,0.0536,"REG",0.0199,0.0876,"REG",0.0356,0.2668,"REG",0.1058,0.0186,"LOD",0.0184,0.0072,"ND",0.0121,0.0136,"LOD",0.0185,0.0312,"LOD",0.0223,0.0147,"LOD",0.0154,0.0399,"REG",0.0179,0.012,"LOD",0.0294,0.087,"REG",0.0354,0.0863,"REG",0.0239,0.0332,"REG",0.0253,0.0346,"REG",0.0189,0.0239,"LOD",0.0308,0.016,"LOD",0.0305,0.0369,"LOD",0.0522,0.0299,"LOD",0.0288,0.023,"LOD",0.0234,0.0593,"REG",0.0252,0.0465,"LOD",0.0416,0.1326,"REG",0.0609,0.1312,"REG",0.0594,0.3764,"REG",0.1571,0.038,"REG",0.0142,0.1144,"REG",0.0587,0.0193,"REG",0.0149,0.0048,"ND",0.008,0.0548,"REG",0.0221,0.0016,"ND",0.0027,5e-4,"ND",8e-4,0.0016,"LOD",0.0118,0.1848,"REG",0.0683,0.0185,"REG",0.0074,0.0088,"REG",0.0027,0.0376,"REG",0.0093,0.2352719744024092,0.16,0.47650000000000003,"REG",0.9359000000000001,"REG",NA
"2","Essington & Mingo","stationary","39.90131732, -75.2250262",39.90131732,-75.2250262,"#DB72FB","Industrial","Industrial","High","Auto body shop, junkyard","HighT/I","P733843","P733843 062724 061924 Essington SS","P733843 062724 061924 Essington SS.D","2024-06-27","2024-06-19","sample","2024-06-19","2024-06-26",10062,2,"262024",1,0.3344,"REG",0.1264,0.1273,"REG",0.0488,0.0489,"REG",0.0182,0.0724,"REG",0.0314,0.2387,"REG",0.0947,0.0149,"LOD",0.0182,0.0073,"ND",0.0121,0.0137,"LOD",0.0186,0.0174,"LOD",0.022,0.0111,"LOD",0.0153,0.0236,"REG",0.0135,0.012,"LOD",0.0296,0.0811,"REG",0.033,0.0868,"REG",0.024,0.0712,"REG",0.0402,0.0389,"REG",0.0203,0.0337,"LOD",0.0324,0.0161,"LOD",0.0307,0.0371,"LOD",0.0525,0.0241,"LOD",0.0283,0.0198,"LOD",0.0231,0.053,"REG",0.0244,0.0351,"LOD",0.0404,0.1212,"REG",0.0583,0.132,"REG",0.0597,0.3786,"REG",0.158,0.036,"REG",0.0135,0.0942,"REG",0.0537,0.0194,"REG",0.015,0.0048,"ND",0.0081,0.0714,"REG",0.0282,0.0016,"ND",0.0027,5e-4,"ND",8e-4,0.0017,"LOD",0.0119,0.1859,"REG",0.0687,0.0186,"REG",0.0074,0.0088,"REG",0.0027,0.0615,"REG",0.0151,0.2366281436048878,0.26,0.4068,"REG",0.8217,"REG",NA
"3","61st & Passyunk","stationary","39.91820446, -75.2085474",39.91820446,-75.2085474,"#00B9E3","Industrial","Industrial","High","Auto body shop, junkyard, gas station","HighT/I","P733880","P733880 071323 070523 61st & Passyunk 1WK SS","P733880 071323 070523 61st _ Passyunk 1WK SS.D","2023-07-13","2023-07-05","sample","2023-06-28","2023-07-05",10010,2,"272023",1,0.578,"REG",0.2183,0.3465,"REG",0.1307,0.1099,"REG",0.0403,0.1683,"REG",0.0604,0.4618,"REG",0.1831,0.0341,"LOD",0.0207,0.0244,"LOD",0.0166,0.0276,"LOD",0.0203,0.0736,"REG",0.0254,0.0264,"LOD",0.0167,0.0749,"REG",0.0294,0.0363,"LOD",0.0324,0.1539,"REG",0.0623,0.2231,"REG",0.0609,0.003,"REG",0.0196,0.0463,"REG",0.0229,0.05,"REG",0.0356,0.0236,"LOD",0.0318,0.0724,"LOD",0.0551,0.0908,"REG",0.0413,0.0731,"REG",0.0332,0.1332,"REG",0.039,0.1161,"REG",0.0557,0.2924,"REG",0.1067,0.3689,"REG",0.1393,1.0513,"REG",0.3913,0.0693,"REG",0.0259,0.2734,"REG",0.1093,0.0574,"REG",0.025,0.0059,"LOD",0.0099,0.0565,"REG",0.0227,0.0152,"REG",0.0058,5e-4,"ND",8e-4,0.0111,"LOD",0.0123,0.1869,"REG",0.0691,0.0187,"REG",0.0075,0.0133,"REG",0.0032,0.0428,"REG",0.0106,0.2378573807145236,0.18,0.7463,"REG",1.6644999999999999,"REG",NA
"3","61st & Passyunk","stationary","39.91820446, -75.2085474",39.91820446,-75.2085474,"#00B9E3","Industrial","Industrial","High","Auto body shop, junkyard, gas station","HighT/I","P637226","P637226 072723 071923 61st & Passyunk 1WK DS","P637226 072723 071923 61st _ Passyunk 1WK DS.D","2023-07-27","2023-07-19","sample","2023-07-12","2023-07-19",9375,14.3,"292023",1,0.9185,"REG",0.3469,0.399,"REG",0.1504,0.1525,"REG",0.0559,0.281,"LOD",0.0976,0.7357,"REG",0.2917,0.0579,"LOD",0.0263,0.0078,"ND",0.013,0.0526,"LOD",0.0262,0.1338,"LOD",0.0331,0.0288,"LOD",0.0179,0.1271,"LOD",0.0479,0.0462,"LOD",0.0358,0.3229,"REG",0.1306,0.4469,"REG",0.1218,0.089,"LOD",0.0487,0.1106,"LOD",0.048,0.1241,"LOD",0.058,0.1085,"LOD",0.0585,0.0277,"ND",0.0462,0.1387,"LOD",0.0557,0.1777,"LOD",0.0645,0.2542,"LOD",0.0669,0.2676,"LOD",0.1011,0.558,"LOD",0.1924,1.0951,"REG",0.4019,2.8902,"REG",1.0579,0.3761,"REG",0.1404,0.6422,"REG",0.2421,0.0631,"LOD",0.0273,0.0052,"ND",0.0087,0.1224,"REG",0.0475,0.0018,"ND",0.0029,5e-4,"ND",8e-4,0.0064,"ND",0.0106,0.5487,"REG",0.199,0.0713,"REG",0.0272,0.0339,"REG",0.0065,0.1816,"REG",0.0446,0.25396825396825395,0.7150000000000001,1.1995,"REG",2.4867000000000004,"REG",NA
"3","61st & Passyunk","stationary","39.91820446, -75.2085474",39.91820446,-75.2085474,"#00B9E3","Industrial","Industrial","High","Auto body shop, junkyard, gas station","HighT/I","P726610","P726610 072823 072623 61st & Passyunk 1WK DS","P726610 072823 072623 61st _ Passyunk 1WK DS.D","2023-07-28","2023-07-26","sample","2023-07-19","2023-07-26",9923,14.3,"302023",1,2.3088,"REG",0.8719,0.5121,"REG",0.1928,0.3603,"REG",0.1318,0.6826,"REG",0.2324,1.5229,"REG",0.6039,0.1367,"LOD",0.047,0.0074,"ND",0.0123,0.0994,"LOD",0.0381,0.3034,"LOD",0.0576,0.1088,"LOD",0.0331,0.3002,"REG",0.1105,0.131,"LOD",0.0574,0.491,"REG",0.1985,0.6144,"REG",0.1673,0.1184,"LOD",0.0618,0.1645,"REG",0.0697,0.1524,"LOD",0.0667,0.0636,"LOD",0.0417,0.1846,"LOD",0.0704,0.262,"LOD",0.0938,0.2398,"LOD",0.084,0.4323,"REG",0.1094,0.4224,"LOD",0.1508,0.9666,"REG",0.3268,1.552,"REG",0.5682,4.3775,"REG",1.5994,0.4805,"REG",0.1793,0.9102,"REG",0.3399,0.1425,"LOD",0.0543,0.0408,"LOD",0.0171,0.092,"LOD",0.0359,0.0017,"ND",0.0028,0.0264,"REG",0.0088,0.04,"LOD",0.016,0.5184,"REG",0.188,0.0673,"REG",0.0257,0.032,"REG",0.0061,0.2059,"REG",0.0505,0.23994279763704335,0.858,2.9914,"REG",5.3867,"REG",NA
"3","61st & Passyunk","stationary","39.91820446, -75.2085474",39.91820446,-75.2085474,"#00B9E3","Industrial","Industrial","High","Auto body shop, junkyard, gas station","HighT/I","P726663","P726663 081023 080223 61st & Passyunk 1WK SS","P726663 081023 080223 61st & Passyunk 1WK SS.D","2023-08-10","2023-08-02","sample","2023-07-26","2023-08-02",10105,2,"312023",1,1.0096,"REG",0.3813,0.2814,"REG",0.1063,0.1732,"REG",0.0634,0.2813,"REG",0.0974,0.7285,"REG",0.2889,0.0526,"REG",0.0242,0.0392,"REG",0.0192,0.0409,"REG",0.0226,0.0109,"ND",0.0181,0.1189,"REG",0.0354,0.1058,"REG",0.0401,0.054,"LOD",0.0354,0.232,"REG",0.0938,0.3629,"REG",0.0989,0.0817,"REG",0.0448,0.0825,"REG",0.0365,0.0644,"REG",0.0387,0.0437,"LOD",0.0356,0.0924,"REG",0.0566,0.1319,"REG",0.0526,0.112,"REG",0.0437,0.2309,"REG",0.0609,0.194,"REG",0.0772,0.5069,"REG",0.175,0.6699,"REG",0.2473,1.9164,"REG",0.7035,0.1912,"REG",0.0714,0.3854,"REG",0.1485,0.0853,"REG",0.0341,0.0332,"REG",0.015,0.06,"REG",0.024,0.0016,"ND",0.0027,0.0109,"REG",0.0037,0.0165,"LOD",0.0126,0.1993,"REG",0.0735,0.0277,"REG",0.0108,0.0132,"REG",0.0032,0.066,"REG",0.0162,0.23562121533422872,0.28,1.2909000000000002,"REG",2.474,"REG",NA
"3","61st & Passyunk","stationary","39.91820446, -75.2085474",39.91820446,-75.2085474,"#00B9E3","Industrial","Industrial","High","Auto body shop, junkyard, gas station","HighT/I","P733841","P733841 081123 080923 61st & Passyunk 1WK SS","P733841 081123 080923 61st & Passyunk 1WK SS.D","2023-08-11","2023-08-09","sample","2023-08-02","2023-08-09",10048,2,"322023",1,0.6315,"REG",0.2385,0.2395,"REG",0.0906,0.1145,"REG",0.042,0.1729,"REG",0.0618,0.4701,"REG",0.1864,0.034,"LOD",0.0206,0.0073,"ND",0.0121,0.0275,"LOD",0.0202,0.0728,"REG",0.0253,0.0257,"LOD",0.0165,0.0733,"REG",0.0288,0.0302,"LOD",0.0314,0.1434,"REG",0.0581,0.2057,"REG",0.0562,0.0679,"REG",0.0388,0.0581,"REG",0.0271,0.0502,"LOD",0.0355,0.0332,"LOD",0.0334,0.0663,"LOD",0.0544,0.0724,"REG",0.0367,0.0629,"REG",0.0307,0.1327,"REG",0.0389,0.1132,"REG",0.0549,0.3034,"REG",0.11,0.3777,"REG",0.1424,1.1121,"REG",0.4131,0.1088,"REG",0.0406,0.2514,"REG",0.1018,0.04,"REG",0.0198,0.0267,"REG",0.0134,0.0865,"REG",0.0338,0.0016,"ND",0.0027,5e-4,"ND",8e-4,0.0111,"LOD",0.0122,0.2291,"REG",0.0841,0.0279,"REG",0.0108,0.0133,"REG",0.0032,0.109,"REG",0.0268,0.2369578404610252,0.46,0.8044,"REG",1.6285,"REG",NA
"3","61st & Passyunk","stationary","39.91820446, -75.2085474",39.91820446,-75.2085474,"#00B9E3","Industrial","Industrial","High","Auto body shop, junkyard, gas station","HighT/I","P726642","P726642 082423 081623 61st & Passyunk SS","P726642 082423 081623 61st & Passyunk SS.D","2023-08-24","2023-08-16","sample","2023-08-09","2023-08-16",10196,1.3,"332023",1,0.7137,"REG",0.2696,0.2155,"REG",0.0816,0.1371,"REG",0.0502,0.2013,"REG",0.071,0.5302,"REG",0.2103,0.046,"REG",0.0227,0.0072,"ND",0.012,0.0352,"REG",0.0213,0.0978,"REG",0.0275,0.0331,"REG",0.0173,0.089,"REG",0.0342,0.0502,"REG",0.0344,0.191,"REG",0.0773,0.24,"REG",0.0655,0.1979,"REG",0.0998,0.1191,"REG",0.0511,0.0978,"REG",0.0481,0.0764,"REG",0.0453,0.1357,"REG",0.0616,0.0811,"REG",0.0386,0.0615,"REG",0.0302,0.153,"REG",0.0431,0.1312,"REG",0.0591,0.3343,"REG",0.1194,0.3858,"REG",0.1452,1.0502,"REG",0.3907,0.0881,"REG",0.0329,0.302,"REG",0.119,0.0564,"REG",0.0245,0.0171,"REG",0.0112,0.0506,"REG",0.0206,0.0227,"REG",0.0079,4e-4,"ND",7e-4,0.0142,"LOD",0.0123,0.1743,"REG",0.0646,0.0238,"REG",0.0093,0.017,"REG",0.0037,0.0455,"REG",0.0112,0.2335182798109436,0.195,0.915,"REG",1.7978,"REG","Summer"
"3","61st & Passyunk","stationary","39.91820446, -75.2085474",39.91820446,-75.2085474,"#00B9E3","Industrial","Industrial","High","Auto body shop, junkyard, gas station","HighT/I","P733897","P733897 082523 082323 61st & Passyunk SS","P733897 082523 082323 61st & Passyunk SS.D","2023-08-25","2023-08-23","sample","2023-08-16","2023-08-23",9986,2,"342023",1,0.8643,"REG",0.3264,0.3035,"REG",0.1146,0.1652,"REG",0.0605,0.2372,"REG",0.0828,0.652,"REG",0.2585,0.0532,"REG",0.0245,0.0397,"REG",0.0194,0.0449,"REG",0.0236,0.1189,"REG",0.0303,0.0372,"REG",0.0181,0.1071,"REG",0.0406,0.0546,"LOD",0.0359,0.1895,"REG",0.0767,0.247,"REG",0.0674,0.116,"REG",0.0606,0.096,"REG",0.0419,0.0749,"REG",0.0418,0.0767,"REG",0.0458,0.1268,"REG",0.0613,0.091,"REG",0.0414,0.0666,"REG",0.0317,0.1669,"REG",0.0463,0.161,"REG",0.0678,0.3664,"REG",0.1299,0.3903,"REG",0.147,1.0618,"REG",0.3951,0.0733,"REG",0.0274,0.2846,"REG",0.1132,0.0518,"REG",0.0233,0.0134,"LOD",0.0108,0.0312,"REG",0.0138,0.0017,"ND",0.0028,5e-4,"ND",8e-4,0.0167,"LOD",0.0127,0.1729,"REG",0.0642,0.0187,"REG",0.0075,0.0312,"REG",0.006,0.0381,"REG",0.0094,0.23842903874948737,0.16,1.1015,"REG",2.2222,"REG","Summer"
"3","61st & Passyunk","stationary","39.91820446, -75.2085474",39.91820446,-75.2085474,"#00B9E3","Industrial","Industrial","High","Auto body shop, junkyard, gas station","HighT/I","P733861","P733861 090723 083023 61st and Passyunk SS","P733861 090723 083023 61st and Passyunk SS.D","2023-09-07","2023-08-30","sample","2023-08-23","2023-08-30",10040,2,"352023",1,0.4838,"REG",0.1828,0.193,"REG",0.0732,0.0892,"REG",0.0328,0.1306,"REG",0.0485,0.3306,"REG",0.1311,0.034,"LOD",0.0206,0.0243,"LOD",0.0165,0.0189,"LOD",0.0191,0.0594,"REG",0.0242,0.0263,"LOD",0.0166,0.0747,"REG",0.0293,0.0297,"LOD",0.0313,0.136,"REG",0.0551,0.1732,"REG",0.0474,0.0097,"ND",0.0162,0.0259,"REG",0.0163,0.0543,"REG",0.0364,0.0502,"LOD",0.0375,0.0736,"LOD",0.0551,0.0664,"REG",0.0354,0.0552,"REG",0.029,0.1328,"REG",0.0389,0.1279,"REG",0.0587,0.328,"REG",0.1177,0.3456,"REG",0.1311,0.9486,"REG",0.3546,0.0786,"REG",0.0294,0.3565,"REG",0.1383,0.0277,"REG",0.0167,0.0106,"LOD",0.0104,0.0354,"REG",0.0152,0.0016,"ND",0.0027,5e-4,"ND",8e-4,0.0042,"LOD",0.0119,0.1863,"REG",0.0689,0.0186,"REG",0.0074,0.0089,"REG",0.0027,0.0617,"REG",0.0152,0.23714665148928096,0.26,0.6144000000000001,"REG",1.2272,"REG","Summer"
"3","61st & Passyunk","stationary","39.91820446, -75.2085474",39.91820446,-75.2085474,"#00B9E3","Industrial","Industrial","High","Auto body shop, junkyard, gas station","HighT/I","P726664","P726664 090823 090623 61st and Passyunk SS","P726664 090823 090623 61st and Passyunk SS.D","2023-09-08","2023-09-06","sample","2023-08-30","2023-09-06",10126,2,"362023",1,1.051,"REG",0.3969,0.2901,"REG",0.1095,0.1823,"REG",0.0667,0.301,"REG",0.1039,0.7648,"REG",0.3033,0.0562,"REG",0.025,0.0422,"REG",0.0198,0.0426,"REG",0.0229,0.1282,"REG",0.0312,0.0484,"REG",0.0198,0.1317,"REG",0.0493,0.0594,"REG",0.0366,0.2304,"REG",0.0932,0.3363,"REG",0.0917,0.031,"REG",0.0246,0.0628,"REG",0.0289,0.0634,"REG",0.0384,0.0391,"LOD",0.0345,0.0796,"LOD",0.0552,0.1317,"REG",0.0525,0.1106,"REG",0.0433,0.237,"REG",0.0623,0.2082,"REG",0.0814,0.5179,"REG",0.1785,0.6364,"REG",0.2352,1.693,"REG",0.6225,0.113,"REG",0.0422,0.395,"REG",0.152,0.0065,"ND",0.0109,0.0171,"REG",0.0113,0.0318,"REG",0.014,0.0221,"REG",0.0077,5e-4,"ND",8e-4,0.0206,"LOD",0.013,0.1847,"REG",0.0683,0.0185,"REG",0.0074,0.0132,"REG",0.0032,0.0376,"REG",0.0093,0.23513256774169275,0.16,1.3519999999999999,"REG",2.5892,"REG","Summer"
"3","61st & Passyunk","stationary","39.91820446, -75.2085474",39.91820446,-75.2085474,"#00B9E3","Industrial","Industrial","High","Auto body shop, junkyard, gas station","HighT/I","P733877","P733877 092923 092723 61st and Passyunk SS","P733877 092923 092723 61st and Passyunk SS RENAME.D","2023-09-29","2023-09-27","sample","2023-09-20","2023-09-27",10024,2,"392023",1,1.1615,"REG",0.4387,0.293,"REG",0.1106,0.1592,"REG",0.0583,0.2516,"REG",0.0876,0.6453,"REG",0.2559,0.0379,"REG",0.0213,0.0274,"LOD",0.017,0.0292,"LOD",0.0206,0.098,"REG",0.0278,0.0376,"REG",0.0182,0.1081,"REG",0.0409,0.0418,"LOD",0.0333,0.1813,"REG",0.0734,0.2599,"REG",0.0709,0.017,"REG",0.0212,0.0592,"REG",0.0276,0.0495,"REG",0.0354,0.018,"LOD",0.031,0.0538,"LOD",0.0537,0.1028,"REG",0.0445,0.1084,"REG",0.0428,0.1862,"REG",0.0506,0.1633,"REG",0.0684,0.4015,"REG",0.141,0.5917,"REG",0.2191,1.6152,"REG",0.5944,0.1668,"REG",0.0623,0.357,"REG",0.1386,0.0066,"ND",0.011,0.0106,"LOD",0.0104,0.0125,"REG",0.0084,0.0016,"ND",0.0027,5e-4,"ND",8e-4,0.0152,"LOD",0.0126,0.2727,"REG",0.0997,0.028,"REG",0.0109,0.0133,"REG",0.0032,0.1473,"REG",0.0361,0.2375251776688329,0.62,1.4131,"REG",2.5105999999999997,"REG","Summer"
"3","61st & Passyunk","stationary","39.91820446, -75.2085474",39.91820446,-75.2085474,"#00B9E3","Industrial","Industrial","High","Auto body shop, junkyard, gas station","HighT/I","P733899","P733899 101223 100423 61st and Passyunk SS","P733899 101223 100423 61st and Passyunk SS.D","2023-10-12","2023-10-04","sample","2023-09-27","2023-10-04",10124,2,"402023",1,1.2403,"REG",0.4684,0.4167,"REG",0.157,0.1773,"REG",0.0649,0.2703,"REG",0.0937,0.7251,"REG",0.2875,0.045,"REG",0.0226,0.0301,"REG",0.0174,0.0409,"REG",0.0226,0.104,"REG",0.0283,0.041,"REG",0.0186,0.1144,"REG",0.0432,0.053900000000000003,"LOD",0.0354,0.225,"REG",0.091,0.3885,"REG",0.1059,0.0372,"REG",0.0266,0.0663,"REG",0.0302,0.067,"REG",0.0394,0.0336,"LOD",0.0333,0.0593,"LOD",0.0535,0.1197,"REG",0.049,0.0953,"REG",0.039,0.2101,"REG",0.056,0.1859,"REG",0.0747,0.4698,"REG",0.1629,0.6686,"REG",0.2468,1.825,"REG",0.6704,0.1967,"REG",0.0734,0.3941,"REG",0.1516,0.0738,"REG",0.0302,0.0048,"ND",0.008,0.0034,"ND",0.0057,0.0016,"ND",0.0027,5e-4,"ND",8e-4,0.0209,"LOD",0.013,0.2558,"REG",0.0936,0.0369,"REG",0.0142,0.022,"REG",0.0045,0.0659,"REG",0.0162,0.23517901826870613,0.28,1.5106,"REG",2.8297,"REG","Summer"
"3","61st & Passyunk","stationary","39.91820446, -75.2085474",39.91820446,-75.2085474,"#00B9E3","Industrial","Industrial","High","Auto body shop, junkyard, gas station","HighT/I","P726606","P726606 101323 101123 61st and Passyunk SS","P726606 101323 101123 61st and Passyunk SS.D","2023-10-13","2023-10-11","sample","2023-10-04","2023-10-11",9988,1.99,"412023",1,1.194,"REG",0.4509,0.4263,"REG",0.1606,0.1689,"REG",0.0618,0.2517,"REG",0.0876,0.7863,"REG",0.3118,0.0378,"REG",0.0214,0.0273,"LOD",0.0171,0.0344,"LOD",0.0215,0.0909,"REG",0.0271,0.0414,"REG",0.0188,0.1071,"REG",0.0406,0.0423,"LOD",0.0334,0.3039,"REG",0.1229,0.5844,"REG",0.1592,0.0466,"REG",0.0302,0.0833,"REG",0.0369,0.0578,"REG",0.0374,0.0285,"LOD",0.0327,0.053,"LOD",0.0538,0.163,"REG",0.0621,0.1359,"REG",0.051,0.2716,"REG",0.0706,0.211,"REG",0.0825,0.5953,"REG",0.204,0.9604,"REG",0.3527,2.7134,"REG",0.9932,0.496,"ULOD",0.1851,0.5757,"REG",0.2173,0.0066,"ND",0.011,0.0387,"REG",0.0165,0.0219,"REG",0.0109,0.0017,"ND",0.0028,5e-4,"ND",8e-4,0.021,"LOD",0.0132,0.2867,"REG",0.1047,0.0466,"REG",0.0178,0.0221,"REG",0.0045,0.1186,"REG",0.0291,0.23838129565001812,0.4975,1.4457,"REG",2.8272,"REG","Summer"
"3","61st & Passyunk","stationary","39.91820446, -75.2085474",39.91820446,-75.2085474,"#00B9E3","Industrial","Industrial","High","Auto body shop, junkyard, gas station","HighT/I","P733871","P733871 102623 101823 61st & Passyunk SS RENAME","P733871 102623 101823 61st and Passyunk SS RENAME.D","2023-10-26","2023-10-18","sample","2023-10-11","2023-10-18",10052,2,"422023",1,2.5567,"REG",0.9655,0.5067,"REG",0.1908,0.3726,"REG",0.1362,0.5602,"REG",0.191,1.3187,"REG",0.5229,0.0717,"REG",0.0288,0.0073,"ND",0.0121,0.0652,"REG",0.0284,0.1955,"REG",0.0406,0.0863,"REG",0.0277,0.2147,"REG",0.0794,0.0844,"REG",0.0431,0.4063,"REG",0.1643,0.8754,"REG",0.2384,0.0469,"REG",0.0303,0.0958,"REG",0.0418,0.0723,"REG",0.0409,0.0285,"LOD",0.0325,0.0597,"LOD",0.053900000000000003,0.2412,"REG",0.0869,0.2284,"REG",0.0802,0.457,"REG",0.1153,0.3043,"REG",0.1118,0.9706,"REG",0.3281,1.9795,"REG",0.7242,5.7605,"ULOD",2.1036,1.0314,"ULOD",0.385,0.732,"REG",0.2744,0.1315,"REG",0.0504,0.0921,"REG",0.0332,0.0153,"REG",0.009,0.0016,"ND",0.0027,0.0128,"REG",0.0043,0.0376,"REG",0.0154,0.3292,"REG",0.1199,0.0372,"REG",0.0143,0.0265,"REG",0.0052,0.1279,"REG",0.0314,0.23686354764747122,0.54,3.1169000000000002,"REG",5.3149,"REG","Summer"
"3","61st & Passyunk","stationary","39.91820446, -75.2085474",39.91820446,-75.2085474,"#00B9E3","Industrial","Industrial","High","Auto body shop, junkyard, gas station","HighT/I","P726614","P726614 102723 102523 61st and Passyunk SS","P726614 102723 102523 61st and Passyunk SS.D","2023-10-27","2023-10-25","sample","2023-10-18","2023-10-25",10088,2,"432023",1,1.9953,"REG",0.7535,0.4306,"REG",0.1622,0.2969,"REG",0.1086,0.4174,"REG",0.1429,1.082,"REG",0.429,0.0564,"REG",0.0251,0.0393,"REG",0.0192,0.0479,"REG",0.0241,0.1461,"REG",0.0336,0.0673,"REG",0.0235,0.1726,"REG",0.0641,0.0661,"REG",0.0383,0.3984,"REG",0.1611,0.7137,"REG",0.1944,0.0467,"REG",0.0301,0.0954,"REG",0.0416,0.0769,"REG",0.0421,0.0552,"REG",0.0388,0.0793,"LOD",0.0554,0.1922,"REG",0.0711,0.1781,"REG",0.064,0.3958,"REG",0.1004,0.2566,"REG",0.0965,0.8825,"REG",0.2988,1.4844,"REG",0.5435,3.9273,"ULOD",1.4353,0.5279,"ULOD",0.1971,0.7815,"REG",0.2926,0.0968,"REG",0.0381,0.0386,"REG",0.0164,0.0055,"LOD",0.0071,0.0016,"ND",0.0027,5e-4,"ND",8e-4,0.0264,"REG",0.0137,0.3138,"REG",0.1144,0.0371,"REG",0.0143,0.0176,"REG",0.0038,0.1274,"REG",0.0313,0.23601827725539065,0.54,2.4127,"REG",4.2222,"REG","Summer"
"3","61st & Passyunk","stationary","39.91820446, -75.2085474",39.91820446,-75.2085474,"#00B9E3","Industrial","Industrial","High","Auto body shop, junkyard, gas station","HighT/I","P726606","P726606 110923 110123 61st and Passyunk SS","P726606 110923 110123 61st and Passyunk SS.D","2023-11-09","2023-11-01","sample","2023-10-25","2023-11-01",10317,2,"442023",1,1.888,"REG",0.713,0.4695,"REG",0.1768,0.2801,"REG",0.1025,0.403,"REG",0.138,1.3524,"REG",0.5363,0.0625,"REG",0.0262,0.0443,"REG",0.0201,0.0535,"REG",0.0251,0.1564,"REG",0.0347,0.0622,"REG",0.0223,0.1607,"REG",0.0598,0.0764,"REG",0.0404,0.4828,"REG",0.1952,0.82,"REG",0.2233,0.2557,"REG",0.1279,0.2161,"REG",0.0909,0.1017,"REG",0.0491,0.054,"REG",0.0379,0.104,"REG",0.057,0.1762,"REG",0.0659,0.1355,"REG",0.0506,0.4006,"REG",0.1015,0.3524,"REG",0.1272,0.8629,"REG",0.2922,1.2526,"REG",0.459,3.5263,"REG",1.2891,0.4263,"ULOD",0.1591,0.6734,"REG",0.2528,0.137,"REG",0.0523,0.0559,"REG",0.0215,0.0127,"LOD",0.0083,0.0016,"ND",0.0027,0.0142,"REG",0.0048,0.0145,"LOD",0.0122,0.2789,"REG",0.1018,0.0353,"REG",0.0136,0.0302,"REG",0.0058,0.1246,"REG",0.0306,0.23077952708659313,0.54,2.291,"REG",4.393000000000001,"REG","Summer"
"3","61st & Passyunk","stationary","39.91820446, -75.2085474",39.91820446,-75.2085474,"#00B9E3","Industrial","Industrial","High","Auto body shop, junkyard, gas station","HighT/I","P726650","P726650 111023 110823 61st and Passyunk SS","P726650 111023 110823 61st and Passyunk SS.D","2023-11-10","2023-11-08","sample","2023-11-01","2023-11-08",9899,2,"452023",1,2.6965,"REG",1.0183,0.6219,"REG",0.2341,0.4031,"REG",0.1474,0.5795,"REG",0.1976,1.6159,"REG",0.6407,0.0882,"REG",0.0332,0.0074,"ND",0.0123,0.0801,"REG",0.0326,0.2304,"REG",0.0461,0.0953,"REG",0.0299,0.2349,"REG",0.0867,0.1041,"REG",0.0491,0.6009,"REG",0.2429,0.9893,"REG",0.2694,0.1655,"REG",0.0842,0.1999,"REG",0.0843,0.1306,"REG",0.0592,0.0508,"LOD",0.038,0.1488,"REG",0.0648,0.2571,"REG",0.0922,0.1782,"REG",0.0642,0.5186,"REG",0.1305,0.4623,"REG",0.1642,1.0841,"REG",0.3659,1.5334,"REG",0.5615,4.1947,"ULOD",1.5328,0.4327,"ULOD",0.1615,0.8826,"REG",0.3298,0.2125,"REG",0.0797,0.0651,"REG",0.0245,0.0166,"REG",0.0094,0.0017,"ND",0.0028,0.0148,"REG",0.005,0.0601,"REG",0.0198,0.2907,"REG",0.1061,0.0368,"REG",0.0142,0.0359,"REG",0.0068,0.1347,"REG",0.0331,0.24052453590790798,0.56,3.276,"REG",5.916900000000001,"REG",NA
"3","61st & Passyunk","stationary","39.91820446, -75.2085474",39.91820446,-75.2085474,"#00B9E3","Industrial","Industrial","High","Auto body shop, junkyard, gas station","HighT/I","P733850","P733850 112423 111523 61st & Passyunk SS","P733850 112423 111523 61st & Passyunk SS.D","2023-11-24","2023-11-15","sample","2023-11-08","2023-11-15",10132,2,"462023",1,1.9366,"REG",0.7313,0.5521,"REG",0.2079,0.2852,"REG",0.1043,0.4156,"REG",0.1423,1.2259,"REG",0.4861,0.0637,"REG",0.0267,0.0421,"REG",0.0198,0.0579,"REG",0.0264,0.1593,"REG",0.0353,0.0633,"REG",0.0227,0.1637,"REG",0.0609,0.0778,"REG",0.0411,0.4788,"REG",0.1936,0.8547,"REG",0.2327,0.251,"REG",0.1256,0.2118,"REG",0.0892,0.1035,"REG",0.05,0.0283,"LOD",0.0322,0.0928,"REG",0.0565,0.2094,"REG",0.0765,0.1577,"REG",0.0576,0.4606,"REG",0.1162,0.3588,"REG",0.1295,0.987,"REG",0.3335,1.4172,"REG",0.519,3.8727,"REG",1.4153,0.5062,"ULOD",0.1889,0.8,"REG",0.2993,0.1395,"REG",0.0532,0.057,"REG",0.0219,0.0129,"LOD",0.0084,0.0016,"ND",0.0027,5e-4,"ND",8e-4,0.0203,"LOD",0.0129,0.2556,"REG",0.0935,0.036,"REG",0.0138,0.0307,"REG",0.0059,0.1739,"REG",0.0427,0.23499332618953625,0.74,2.3522000000000003,"REG",4.415400000000001,"REG",NA
"3","61st & Passyunk","stationary","39.91820446, -75.2085474",39.91820446,-75.2085474,"#00B9E3","Industrial","Industrial","High","Auto body shop, junkyard, gas station","HighT/I","P733867","P733867 112523 112223 61st & Passyunk SS","P733867 112523 112223 61st & Passyunk SS.D","2023-11-25","2023-11-22","sample","2023-11-15","2023-11-22",10146,2,"472023",1,2.2578,"REG",0.8526,0.6068,"REG",0.2284,0.3292,"REG",0.1204,0.4876,"REG",0.1665,1.4382,"REG",0.5703,0.0748,"REG",0.0295,0.0511,"REG",0.0218,0.0646,"REG",0.0281,0.1833,"REG",0.0387,0.0744,"REG",0.025,0.1963,"REG",0.0727,0.0896,"REG",0.0444,0.5418,"REG",0.219,0.9258,"REG",0.2521,0.1521,"REG",0.0776,0.1827,"REG",0.0772,0.1082,"REG",0.0515,0.0389,"LOD",0.0344,0.0992,"REG",0.0572,0.2688,"REG",0.0958,0.2001,"REG",0.071,0.5519,"REG",0.1386,0.4743,"REG",0.168,1.1779,"REG",0.3971,1.5062,"REG",0.5515,4.1302,"REG",1.5092,0.5512,"ULOD",0.2057,0.996,"REG",0.3714,0.1507,"REG",0.0572,0.0569,"REG",0.0218,0.0034,"ND",0.0057,0.0016,"ND",0.0027,5e-4,"ND",8e-4,0.0203,"LOD",0.0129,0.2411,"REG",0.0883,0.0451,"REG",0.0173,0.035,"REG",0.0066,0.1643,"REG",0.0403,0.23466906967794018,0.7,2.7454,"REG",5.119599999999999,"REG",NA
"3","61st & Passyunk","stationary","39.91820446, -75.2085474",39.91820446,-75.2085474,"#00B9E3","Industrial","Industrial","High","Auto body shop, junkyard, gas station","HighT/I","P733892","P733892 120823 112923 61st & Passyunk SS","P733892 120823 112923 61st & Passyunk SS.D","2023-12-08","2023-11-29","sample","2023-11-22","2023-11-29",9986,2,"482023",1,1.962,"REG",0.741,0.5476,"REG",0.2062,0.2689,"REG",0.0984,0.4148,"REG",0.1421,1.2064,"REG",0.4784,0.057,"REG",0.0253,0.0336,"REG",0.0182,0.0483,"REG",0.0244,0.1511,"REG",0.0344,0.0605,"REG",0.0222,0.1586,"REG",0.059,0.0668,"REG",0.0387,0.4354,"REG",0.1761,0.7671,"REG",0.2089,0.1388,"REG",0.0714,0.1319,"REG",0.0564,0.0615,"REG",0.0383,0.0217,"LOD",0.0316,0.0567,"LOD",0.054,0.1881,"REG",0.0699,0.1466,"REG",0.0543,0.4072,"REG",0.1032,0.2945,"REG",0.1088,0.8426,"REG",0.2856,1.2633,"REG",0.463,3.811,"REG",1.3929,0.4478,"ULOD",0.1671,0.5692,"REG",0.215,0.1082,"REG",0.0421,0.0504,"REG",0.0199,0.0034,"ND",0.0057,0.0017,"ND",0.0028,5e-4,"ND",8e-4,0.0145,"LOD",0.0125,0.2738,"REG",0.1001,0.0374,"REG",0.0144,0.0134,"REG",0.0033,0.1335,"REG",0.0328,0.23842903874948737,0.56,2.3768,"REG",4.399699999999999,"REG",NA
"3","61st & Passyunk","stationary","39.91820446, -75.2085474",39.91820446,-75.2085474,"#00B9E3","Industrial","Industrial","High","Auto body shop, junkyard, gas station","HighT/I","P726618","P726618 120923 120623 61st & Passyunk SS","P726618 120923 120623 61st & Passyunk SS.D","2023-12-09","2023-12-06","sample","2023-11-29","2023-12-06",10210,2,"492023",1,1.7791,"REG",0.6719,0.5479,"REG",0.2063,0.2581,"REG",0.0944,0.3748,"REG",0.1286,1.2174,"REG",0.4827,0.0558,"REG",0.0248,0.0328,"REG",0.0178,0.0473,"REG",0.0238,0.1409,"REG",0.0327,0.0591,"REG",0.0218,0.1469,"REG",0.0548,0.0653,"REG",0.0378,0.4385,"REG",0.1773,0.8286,"REG",0.2256,0.1031,"REG",0.0545,0.1086,"REG",0.0469,0.1032,"REG",0.0498,0.0476,"LOD",0.0364,0.1077,"REG",0.0579,0.1425,"REG",0.0556,0.1336,"REG",0.0501,0.3983,"REG",0.101,0.2996,"REG",0.1101,0.848,"REG",0.2873,1.2657,"REG",0.4638,3.7647,"ULOD",1.376,0.5216,"ULOD",0.1947,0.6186,"REG",0.2328,0.1283,"REG",0.0492,0.0493,"REG",0.0195,0.0096,"LOD",0.0077,0.0016,"ND",0.0027,4e-4,"ND",7e-4,0.0141,"LOD",0.0123,0.2537,"REG",0.0928,0.0366,"REG",0.0141,0.0218,"REG",0.0044,0.0793,"REG",0.0195,0.2331980784478336,0.34,2.1539,"REG",4.177300000000001,"REG",NA
"3","61st & Passyunk","stationary","39.91820446, -75.2085474",39.91820446,-75.2085474,"#00B9E3","Industrial","Industrial","High","Auto body shop, junkyard, gas station","HighT/I","P726664","P726664 122123 121323 61st & Passyunk SS","P726664 122123 121323 61st & Passyunk SS.D","2023-12-21","2023-12-13","sample","2023-12-06","2023-12-13",9461,2,"502023",1,2.7277,"REG",1.0301,0.6507,"REG",0.2449,0.3895,"REG",0.1424,0.5769,"REG",0.1968,1.5972,"REG",0.6333,0.1003,"REG",0.037,0.0644,"REG",0.0258,0.0802,"REG",0.0331,0.2114,"REG",0.0437,0.0957,"REG",0.0304,0.2378,"REG",0.0878,0.1025,"REG",0.0494,0.5892,"REG",0.2382,1.0563,"REG",0.2876,0.2069,"REG",0.1044,0.1744,"REG",0.0739,0.1784,"REG",0.0765,0.08,"REG",0.048,0.1656,"REG",0.0693,0.2755,"REG",0.0986,0.2955,"REG",0.1024,0.6694,"REG",0.1677,0.4477,"REG",0.1597,1.3921,"REG",0.4688,2.2766,"ULOD",0.8327,6.1767,"ULOD",2.2556,1.0629,"ULOD",0.3967,1.2906,"REG",0.4804,0.1506,"REG",0.0574,0.0958,"REG",0.0346,0.0139,"LOD",0.009,0.0017,"ND",0.0029,0.0136,"REG",0.0046,0.0211,"LOD",0.0138,0.3954,"REG",0.1438,0.0494,"REG",0.0189,0.0282,"REG",0.0055,0.2668,"REG",0.0655,0.251659695693096,1.06,3.3045999999999998,"REG",5.942,"REG","Winter"
"3","61st & Passyunk","stationary","39.91820446, -75.2085474",39.91820446,-75.2085474,"#00B9E3","Industrial","Industrial","High","Auto body shop, junkyard, gas station","HighT/I","P733889","P733889 122123 122023 61st & Passyunk SS","P733889 122123 122023 61st & Passyunk SS.D","2023-12-21","2023-12-20","sample","2023-12-13","2023-12-20",9869,2,"512023",1,2.0721,"REG",0.7825,0.5795,"REG",0.2182,0.2923,"REG",0.1069,0.4357,"REG",0.1491,1.2983,"REG",0.5148,0.0692,"REG",0.0284,0.0463,"REG",0.021,0.0594,"REG",0.0271,0.1707,"REG",0.0373,0.0688,"REG",0.0241,0.1773,"REG",0.0658,0.0798,"REG",0.0422,0.4471,"REG",0.1808,0.9113,"REG",0.2481,0.1645,"REG",0.0838,0.1334,"REG",0.057,0.1216,"REG",0.0563,0.0548,"LOD",0.0392,0.125,"REG",0.0616,0.2579,"REG",0.0925,0.2495,"REG",0.0872,0.5404,"REG",0.1359,0.3099,"REG",0.1139,1.038,"REG",0.3506,1.9954,"REG",0.73,5.7477,"ULOD",2.099,1.1728,"ULOD",0.4378,0.8533,"REG",0.3191,0.1794,"REG",0.0677,0.153,"REG",0.0537,0.0199,"REG",0.0103,0.0017,"ND",0.0028,0.013,"REG",0.0044,0.0146,"LOD",0.0127,0.3645,"REG",0.1326,0.0379,"REG",0.0146,0.0315,"REG",0.006,0.4873,"REG",0.1196,0.24125568760283525,2.02,2.5077999999999996,"REG",4.6779,"REG","Winter"
"3","61st & Passyunk","stationary","39.91820446, -75.2085474",39.91820446,-75.2085474,"#00B9E3","Industrial","Industrial","High","Auto body shop, junkyard, gas station","HighT/I","P726609","P726609 011624 011024 61st & Passyunk SS","P726609 011624 011024 61st & Passyunk SS.D","2024-01-16","2024-01-10","sample","2024-01-03","2024-01-10",10082,2,"22024",1,2.299,"REG",0.8682,0.7842,"REG",0.2951,0.3868,"REG",0.1415,0.486,"REG",0.166,1.6777,"ULOD",0.6653,0.0753,"REG",0.0297,0.0484,"REG",0.0212,0.0616,"REG",0.0274,0.1698,"REG",0.0369,0.0745,"REG",0.0251,0.1975,"REG",0.0731,0.0842,"REG",0.043,0.5503,"REG",0.2225,0.9727,"REG",0.2649,0.1903,"REG",0.0961,0.1864,"REG",0.0787,0.1064,"REG",0.051,0.0397,"LOD",0.0347,0.0906,"REG",0.0565,0.3246,"REG",0.1143,0.2254,"REG",0.0792,0.7241,"REG",0.181,0.4026,"REG",0.1441,1.5313,"REG",0.5151,1.6684,"REG",0.6107,6.2176,"ULOD",2.2703,0.2929,"ULOD",0.1093,1.1245,"REG",0.4188,0.1334,"REG",0.051,0.0799,"REG",0.0292,0.0034,"ND",0.0057,0.0016,"ND",0.0027,0.0127,"REG",0.0043,0.0143,"LOD",0.0124,0.2712,"REG",0.0991,0.0324,"REG",0.0125,0.0207,"REG",0.0043,0.1129,"REG",0.0277,0.23615873645629648,0.47800000000000004,2.785,"REG",5.6337,"REG","Winter"
"3","61st & Passyunk","stationary","39.91820446, -75.2085474",39.91820446,-75.2085474,"#00B9E3","Industrial","Industrial","High","Auto body shop, junkyard, gas station","HighT/I","P733853","P733853 012524 011724 61st & Passyunk SS","P733853 012524 011724 61st & Passyunk SS.D","2024-01-25","2024-01-17","sample","2024-01-10","2024-01-17",9503,2,"32024",1,1.1613,"REG",0.4386,0.5163,"REG",0.1944,0.1842,"REG",0.0674,0.2553,"REG",0.0891,0.8351,"REG",0.3311,0.0399,"REG",0.0225,0.0225,"LOD",0.017,0.0363,"LOD",0.0226,0.1026,"REG",0.0293,0.0393,"REG",0.0191,0.0956,"REG",0.0367,0.051,"LOD",0.0364,0.3055,"REG",0.1236,0.6531,"REG",0.1779,0.1117,"REG",0.059,0.1013,"REG",0.0442,0.0513,"LOD",0.0372,0.0137,"LOD",0.0322,0.04,"LOD",0.0557,0.1786,"REG",0.0675,0.1061,"REG",0.0428,0.3473,"REG",0.089,0.229,"REG",0.0889,0.7392,"REG",0.2517,1.1225,"REG",0.4118,3.3694,"REG",1.2323,0.399,"ULOD",0.1489,0.5616,"REG",0.2126,0.0931,"REG",0.0371,0.0353,"REG",0.0159,0.0036,"ND",0.006,0.0017,"ND",0.0029,5e-4,"ND",8e-4,0.0094,"LOD",0.0128,0.3937,"REG",0.1432,0.0344,"REG",0.0133,0.0126,"REG",0.0032,0.3102,"REG",0.0761,0.2505474461698812,1.238,1.4166,"REG",2.9522,"REG","Winter"
"3","61st & Passyunk","stationary","39.91820446, -75.2085474",39.91820446,-75.2085474,"#00B9E3","Industrial","Industrial","High","Auto body shop, junkyard, gas station","HighT/I","P733880","P733880 012624 012424 61st & Passyunk SS","P733880 012624 012424 61st & Passyunk SS.D","2024-01-26","2024-01-24","sample","2024-01-17","2024-01-24",9801,2,"42024",1,1.3009,"REG",0.4913,0.6473,"REG",0.2436,0.2143,"REG",0.0784,0.2851,"REG",0.0988,0.8879,"REG",0.3521,0.0542,"REG",0.0249,0.0093,"LOD",0.0152,0.0422,"REG",0.0233,0.121,"REG",0.0308,0.042,"REG",0.0191,0.1182,"REG",0.0446,0.0618,"REG",0.0379,0.3555,"REG",0.1437,0.6741,"REG",0.1836,0.1229,"REG",0.064,0.1152,"REG",0.0497,0.0995,"REG",0.0493,0.0298,"LOD",0.0334,0.0864,"LOD",0.0574,0.1855,"REG",0.0693,0.0927,"REG",0.0387,0.3843,"REG",0.0978,0.2581,"REG",0.0974,0.8287,"REG",0.2811,1.1825,"REG",0.4336,3.4224,"REG",1.2514,0.4385,"ULOD",0.1637,0.8345,"REG",0.3122,0.1255,"REG",0.0483,0.0548,"REG",0.0213,0.0035,"ND",0.0059,0.0017,"ND",0.0028,0.0094,"REG",0.0032,0.0091,"LOD",0.0124,0.3377,"REG",0.123,0.0334,"REG",0.0129,0.0122,"REG",0.0031,0.291,"REG",0.0714,0.2429295358588288,1.198,1.5859999999999999,"REG",3.3354999999999997,"REG","Winter"
"3","61st & Passyunk","stationary","39.91820446, -75.2085474",39.91820446,-75.2085474,"#00B9E3","Industrial","Industrial","High","Auto body shop, junkyard, gas station","HighT/I","P733893","P733893 020824 013124 61st & Passyunk SS","P733893 020824 013124 61st & Passyunk SS.D","2024-02-08","2024-01-31","sample","2024-01-24","2024-01-31",10102,2,"52024",1,1.9917,"REG",0.7522,0.5908,"REG",0.2224,0.2957,"REG",0.1082,0.4262,"REG",0.1459,1.2603,"REG",0.4997,0.0789,"REG",0.0306,0.0072,"ND",0.0121,0.0751,"REG",0.031,0.1945,"REG",0.0404,0.0822,"REG",0.0267,0.1815,"REG",0.0673,0.096,"REG",0.0463,0.4419,"REG",0.1787,1.0006,"REG",0.2725,0.0757,"REG",0.0421,0.1255,"REG",0.0538,0.1219,"REG",0.056,0.0421,"LOD",0.0353,0.085,"REG",0.0559,0.144,"REG",0.0562,0.1087,"REG",0.0428,0.4417,"REG",0.1116,0.3137,"REG",0.1148,0.9658,"REG",0.3264,0.8935,"REG",0.3284,2.8283,"REG",1.035,0.2585,"ULOD",0.0965,0.5516,"REG",0.2085,0.1358,"REG",0.0519,0.0316,"REG",0.0145,0.0049,"LOD",0.0071,0.0016,"ND",0.0027,5e-4,"ND",8e-4,0.0144,"LOD",0.0124,0.3561,"REG",0.1296,0.0439,"REG",0.0168,0.022,"REG",0.0045,0.0707,"REG",0.0174,0.23569118797786387,0.3,2.4179,"REG",4.564699999999999,"REG","Winter"
"3","61st & Passyunk","stationary","39.91820446, -75.2085474",39.91820446,-75.2085474,"#00B9E3","Industrial","Industrial","High","Auto body shop, junkyard, gas station","HighT/I","P726668","P726668 021524 020724 61st & Passyunk SS","P726668 021524 020724 61st & Passyunk SS.D","2024-02-15","2024-02-07","sample","2024-01-31","2024-02-07",10077,2,"62024",1,2.1668,"REG",0.8183,0.859,"REG",0.3232,0.3114,"REG",0.1139,0.4691,"REG",0.1603,1.5759,"REG",0.6249,0.0565,"REG",0.0251,0.0363,"REG",0.0186,0.0513,"REG",0.0249,0.1462,"REG",0.0336,0.0786,"REG",0.026,0.1902,"REG",0.0705,0.0662,"REG",0.0383,0.5326,"REG",0.2153,0.937,"REG",0.2551,0.0712,"REG",0.0402,0.1093,"REG",0.0472,0.0641,"REG",0.0387,0.0261,"LOD",0.032,0.0786,"LOD",0.0554,0.1684,"REG",0.0637,0.1618,"REG",0.0589,0.4495,"REG",0.1135,0.2561,"REG",0.0964,0.944,"REG",0.3192,1.3944,"REG",0.5107,3.5158,"REG",1.2853,0.4723,"ULOD",0.1763,0.6679,"REG",0.2509,0.0905,"REG",0.036,0.0383,"REG",0.0164,0.0034,"ND",0.0057,0.0016,"ND",0.0027,0.0127,"REG",0.0043,0.009,"LOD",0.0121,0.4284,"REG",0.1556,0.0441,"REG",0.0169,0.0397,"REG",0.0074,0.2552,"REG",0.0626,0.23627591356081978,1.08,2.6359,"REG",5.3822,"REG","Winter"
"3","61st & Passyunk","stationary","39.91820446, -75.2085474",39.91820446,-75.2085474,"#00B9E3","Industrial","Industrial","High","Auto body shop, junkyard, gas station","HighT/I","P733845","P733845 021624 021424 61st and Passyunk SS","P733845 021624 021424 61st and Passyunk SS.D","2024-02-16","2024-02-14","sample","2024-02-07","2024-02-14",10039,2,"72024",1,2.6659,"REG",1.0068,1.5533,"REG",0.5843,0.4022,"REG",0.1471,0.5705,"REG",0.1945,1.9888,"REG",0.7886,0.0832,"REG",0.0318,0.0577,"REG",0.0236,0.0721,"REG",0.0302,0.2027,"REG",0.0417,0.1015,"REG",0.0312,0.2988,"REG",0.11,0.1147,"REG",0.0521,0.8045,"REG",0.3252,1.4651,"REG",0.3989,0.1284,"REG",0.0664,0.1554,"REG",0.066,0.1421,"REG",0.063,0.0693,"REG",0.0433,0.1785,"REG",0.069,0.2837,"REG",0.1008,0.2586,"REG",0.09,0.657,"REG",0.1645,0.5149,"REG",0.1817,1.4699,"REG",0.4946,2.3089,"ULOD",0.8445,5.4834,"ULOD",2.0026,0.8394,"ULOD",0.3133,1.9496,"REG",0.7239,0.171,"REG",0.0646,0.0585,"REG",0.0224,0.0034,"ND",0.0057,0.0016,"ND",0.0027,0.0164,"REG",0.0055,0.009,"LOD",0.0121,0.4013,"REG",0.1458,0.0535,"REG",0.0205,0.0487,"REG",0.0089,0.2324,"REG",0.057,0.2371702740265346,0.98,3.2364,"REG",7.1807,"REG","Winter"
"3","61st & Passyunk","stationary","39.91820446, -75.2085474",39.91820446,-75.2085474,"#00B9E3","Industrial","Industrial","High","Auto body shop, junkyard, gas station","HighT/I","P726651","P726651 022924 022124 61st and Passyunk SS","P726651 022924 022124 61st and Passyunk SS.D","2024-02-29","2024-02-21","sample","2024-02-14","2024-02-21",10091,2,"82024",1,1.7108,"REG",0.6461,0.641,"REG",0.2413,0.2515,"REG",0.092,0.3641,"REG",0.125,1.1689,"REG",0.4635,0.0489,"REG",0.0234,0.0332,"REG",0.018,0.0444,"REG",0.0234,0.1321,"REG",0.0318,0.0561,"REG",0.0213,0.1404,"REG",0.0525,0.0661,"REG",0.0382,0.4551,"REG",0.184,0.7308,"REG",0.199,0.4344,"REG",0.2158,0.2661,"REG",0.1117,0.0882,"REG",0.0454,0.0261,"LOD",0.032,0.0785,"LOD",0.0553,0.1321,"REG",0.0527,0.1286,"REG",0.0487,0.2969,"REG",0.0765,0.2791,"REG",0.1036,0.6284,"REG",0.2148,1.1282,"REG",0.4137,3.2655,"REG",1.1942,0.162,"REG",0.0605,0.427,"REG",0.1635,0.0065,"ND",0.0109,0.0382,"REG",0.0163,0.0034,"ND",0.0057,0.0016,"ND",0.0027,5e-4,"ND",8e-4,0.02,"REG",0.0129,0.2709,"REG",0.099,0.0347,"REG",0.0134,0.0132,"REG",0.0032,0.0991,"REG",0.0243,0.23594811029158466,0.42,2.0749,"REG",4.136299999999999,"REG","Winter"
"3","61st & Passyunk","stationary","39.91820446, -75.2085474",39.91820446,-75.2085474,"#00B9E3","Industrial","Industrial","High","Auto body shop, junkyard, gas station","HighT/I","P733883","P733883 030124 022824 61st and Passyunk SS","P733883 030124 022824 61st and Passyunk SS.D","2024-03-01","2024-02-28","sample","2024-02-21","2024-02-28",10105,2,"92024",1,1.2419,"REG",0.469,0.5721,"REG",0.2154,0.1769,"REG",0.0648,0.2647,"REG",0.0919,0.8135,"REG",0.3226,0.0488,"REG",0.0234,0.0302,"REG",0.0174,0.0375,"REG",0.0219,0.1042,"REG",0.0284,0.0448,"REG",0.0192,0.1237,"REG",0.0465,0.054,"LOD",0.0354,0.2693,"REG",0.1089,0.4198,"REG",0.1144,0.0616,"REG",0.0361,0.0801,"REG",0.0356,0.0736,"REG",0.0412,0.0421,"LOD",0.0353,0.0915,"REG",0.0565,0.09,"REG",0.0409,0.0823,"REG",0.0355,0.1975,"REG",0.0532,0.1972,"REG",0.0781,0.4345,"REG",0.1515,0.6699,"REG",0.2473,1.8473,"REG",0.6784,0.0888,"REG",0.0331,0.4056,"REG",0.1558,0.0789,"REG",0.032,0.0249,"REG",0.0129,0.0034,"ND",0.0057,0.0016,"ND",0.0027,5e-4,"ND",8e-4,0.0089,"LOD",0.012,0.2278,"REG",0.0836,0.0347,"REG",0.0134,0.0176,"REG",0.0038,0.066,"REG",0.0162,0.23562121533422872,0.28,1.5066,"REG",3.0691,"REG",NA
"3","61st & Passyunk","stationary","39.91820446, -75.2085474",39.91820446,-75.2085474,"#00B9E3","Industrial","Industrial","High","Auto body shop, junkyard, gas station","HighT/I","P726603","P726603 031524 030624 61st and Passyunk SS","P726603 031524 030624 61st and Passyunk SS RR.D","2024-03-15","2024-03-06","sample","2024-02-28","2024-03-06",10118,2,"102024",1,1.2609,"REG",0.4762,0.7968,"REG",0.2998,0.1816,"REG",0.0665,0.2643,"REG",0.0918,0.9152,"REG",0.3629,0.0413,"REG",0.0218,0.0271,"LOD",0.0169,0.0368,"REG",0.0218,0.1108,"REG",0.0291,0.0484,"REG",0.0198,0.1148,"REG",0.0433,0.0538,"LOD",0.0354,0.3471,"REG",0.1404,0.5445,"REG",0.1483,0.2673,"REG",0.1336,0.1802,"REG",0.0762,0.0753,"REG",0.0416,0.0386,"LOD",0.0344,0.0775,"LOD",0.0551,0.1378,"REG",0.0543,0.1278,"REG",0.0484,0.2754,"REG",0.0714,0.2075,"REG",0.0812,0.5885,"REG",0.2016,0.8196,"REG",0.3015,2.3222,"REG",0.8509,0.2956,"ULOD",0.1103,0.4442,"REG",0.1696,0.1502,"REG",0.057,0.0357,"REG",0.0156,0.0034,"ND",0.0057,0.0477,"REG",0.0154,0.0108,"REG",0.0037,0.0254,"REG",0.0136,0.3129,"REG",0.114,0.036,"REG",0.0138,0.0174,"REG",0.0038,0.1164,"REG",0.0286,0.2353184800308738,0.49475,1.5252,"REG",3.4187999999999996,"REG",NA
"3","61st & Passyunk","stationary","39.91820446, -75.2085474",39.91820446,-75.2085474,"#00B9E3","Industrial","Industrial","High","Auto body shop, junkyard, gas station","HighT/I","P733850","P733850 031624 031324 61st and Passyunk Rename","P733850 031624 031324 61st and Passyunk Rename.D","2024-03-16","2024-03-13","sample","2024-03-06","2024-03-13",10001,1,"112024",1,2.1969,"REG",0.8297,0.6312,"REG",0.2376,0.3188,"REG",0.1166,0.4648,"REG",0.1589,1.5407,"ULOD",0.6109,0.0645,"REG",0.0271,0.0427,"REG",0.02,0.0666,"REG",0.0288,0.1998,"REG",0.0413,0.0829,"REG",0.027,0.1995,"REG",0.0738,0.0939,"REG",0.0459,0.506,"REG",0.2046,1.0741,"REG",0.2925,0.0728,"REG",0.041,0.1261,"REG",0.054,0.0762,"REG",0.0421,0.0309,"REG",0.0331,0.0684,"REG",0.0548,0.2576,"REG",0.0923,0.161,"REG",0.0587,0.5186,"REG",0.1305,0.4041,"REG",0.1446,1.0953,"REG",0.3696,1.665,"ULOD",0.6094,4.7777,"ULOD",1.7453,0.6784,"ULOD",0.2532,0.7756,"REG",0.2905,0.1749,"REG",0.066,0.0865,"REG",0.0314,0.0034,"ND",0.0057,0.0016,"ND",0.0027,0.0118,"REG",0.004,0.0119,"REG",0.0123,0.2805,"REG",0.1025,0.0411,"REG",0.0158,0.0198,"REG",0.0042,0.1178,"REG",0.0289,0.23807143095214287,0.49475,2.6616999999999997,"REG",5.1524,"REG",NA
"3","61st & Passyunk","stationary","39.91820446, -75.2085474",39.91820446,-75.2085474,"#00B9E3","Industrial","Industrial","High","Auto body shop, junkyard, gas station","HighT/I","P726644","P726644 040224 032024 61st & Passyunk SS","P726644 040224 032024 61st & Passyunk SS.D","2024-04-02","2024-03-20","sample","2024-03-13","2024-03-20",9661,2,"122024",1,2.1707,"REG",0.8198,0.524,"REG",0.1973,0.3041,"REG",0.1112,0.4457,"REG",0.1526,1.3989,"REG",0.5547,0.0707,"REG",0.029,0.0473,"REG",0.0214,0.0671,"REG",0.0294,0.1923,"REG",0.0406,0.0858,"REG",0.0279,0.1979,"REG",0.0733,0.094,"REG",0.0466,0.437,"REG",0.1767,0.729,"REG",0.1985,0.1074,"REG",0.0568,0.1327,"REG",0.0568,0.0991,"REG",0.0495,0.0348,"LOD",0.0348,0.095,"REG",0.059,0.207,"REG",0.0763,0.2372,"REG",0.0833,0.4195,"REG",0.1064,0.3391,"REG",0.1237,0.9319,"REG",0.3154,1.8351,"REG",0.6716,4.8176,"REG",1.76,0.5065,"ULOD",0.1891,0.9664,"REG",0.3608,0.1097,"REG",0.0428,0.0235,"REG",0.0129,0.0036,"ND",0.0059,0.0017,"ND",0.0028,0.0113,"REG",0.0039,0.0151,"LOD",0.013,0.3574,"REG",0.1301,0.028,"REG",0.0109,0.0228,"REG",0.0047,0.2254,"REG",0.0553,0.2464498893439997,0.9147500000000001,2.6164,"REG",4.843400000000001,"REG",NA
"3","61st & Passyunk","stationary","39.91820446, -75.2085474",39.91820446,-75.2085474,"#00B9E3","Industrial","Industrial","High","Auto body shop, junkyard, gas station","HighT/I","P733859","P733859 041224 041024 61st & Passyunk SS","P733859 041224 041024 61st & Passyunk SS.D","2024-04-12","2024-04-10","sample","2024-04-03","2024-04-10",10041,2,"152024",1,1.5366,"REG",0.5803,0.4202,"REG",0.1583,0.2123,"REG",0.0777,0.3289,"REG",0.1133,0.8079,"REG",0.3203,0.068,"REG",0.0279,0.0516,"REG",0.0221,0.0549,"REG",0.0258,0.0734,"REG",0.0253,0.0676,"REG",0.0236,0.1743,"REG",0.0647,0.0724,"REG",0.0399,0.3004,"REG",0.1215,0.5071,"REG",0.1381,0.051,"REG",0.0318,0.0861,"REG",0.038,0.0899,"REG",0.046,0.0485,"LOD",0.037,0.0946,"REG",0.0571,0.1449,"REG",0.0565,0.0895,"REG",0.0375,0.2714,"REG",0.0705,0.2812,"REG",0.1044,0.6073,"REG",0.2079,0.7955,"REG",0.2928,2.3665,"REG",0.867,0.4876,"ULOD",0.182,0.5976,"REG",0.2253,0.073,"REG",0.03,0.0201,"REG",0.0119,0.0034,"ND",0.0057,0.0016,"ND",0.0027,0.0091,"REG",0.0032,0.018,"LOD",0.0128,0.1863,"REG",0.0689,0.0279,"REG",0.0109,0.0133,"REG",0.0032,0.0569,"REG",0.014,0.23712303365724338,0.24,1.8655,"REG",3.3059,"REG",NA
"3","61st & Passyunk","stationary","39.91820446, -75.2085474",39.91820446,-75.2085474,"#00B9E3","Industrial","Industrial","High","Auto body shop, junkyard, gas station","HighT/I","P733882","P733882 042624 041724 61st and Passyunk SS","P733882 042624 041724 61st and Passyunk SS.D","2024-04-26","2024-04-17","sample","2024-04-10","2024-04-17",10174,2,"162024",1,1.1022,"REG",0.4163,0.3041,"REG",0.1147,0.1505,"REG",0.0551,0.2315,"REG",0.0809,0.5965,"REG",0.2365,0.0373,"REG",0.021,0.027,"LOD",0.0168,0.0339,"LOD",0.0211,0.0897,"REG",0.0267,0.0408,"REG",0.0185,0.1065,"REG",0.0403,0.0417,"LOD",0.0329,0.2204,"REG",0.0891,0.3104,"REG",0.0846,0.2188,"REG",0.1099,0.1218,"REG",0.0522,0.0791,"REG",0.0426,0.0372,"LOD",0.0339,0.0737,"LOD",0.0545,0.1013,"REG",0.0438,0.0916,"REG",0.0379,0.1827,"REG",0.0497,0.1503,"REG",0.0644,0.3956,"REG",0.1389,0.6641,"REG",0.2451,1.7365,"REG",0.6382,0.2452,"ULOD",0.0915,0.4345,"REG",0.1661,0.072,"REG",0.0296,0.0198,"REG",0.0117,0.0034,"ND",0.0056,0.0016,"ND",0.0027,5e-4,"ND",8e-4,0.0068,"LOD",0.0119,0.3253,"REG",0.1185,0.0184,"REG",0.0073,0.0131,"REG",0.0032,0.117,"REG",0.0287,0.23402323382665433,0.5,1.3337,"REG",2.3848000000000003,"REG",NA
"3","61st & Passyunk","stationary","39.91820446, -75.2085474",39.91820446,-75.2085474,"#00B9E3","Industrial","Industrial","High","Auto body shop, junkyard, gas station","HighT/I","P726666","P726666 042724 042424 61st and Passyunk SS","P726666 042724 042424 61st and Passyunk SS.D","2024-04-27","2024-04-24","sample","2024-04-17","2024-04-24",9802,2,"172024",1,1.0493,"REG",0.3963,0.2965,"REG",0.1119,0.1358,"REG",0.0498,0.2188,"REG",0.0769,0.5584,"REG",0.2214,0.0465,"REG",0.0233,0.028,"LOD",0.0174,0.0317,"LOD",0.0213,0.0859,"REG",0.027,0.0385,"REG",0.0186,0.1105,"REG",0.0419,0.0433,"LOD",0.0341,0.1892,"REG",0.0766,0.2678,"REG",0.073,0.0619,"REG",0.0365,0.0712,"REG",0.0322,0.0722,"REG",0.0414,0.0331,"LOD",0.0341,0.0629,"LOD",0.0554,0.0927,"REG",0.0422,0.0815,"REG",0.0357,0.176,"REG",0.0485,0.144,"REG",0.0635,0.3857,"REG",0.1362,0.5637,"REG",0.2091,1.472,"REG",0.5429,0.1674,"REG",0.0625,0.4188,"REG",0.1608,0.0396,"REG",0.0199,0.0137,"LOD",0.011,0.0035,"ND",0.0059,0.0017,"ND",0.0028,0.0075,"REG",0.0026,0.0128,"LOD",0.0126,0.3376,"REG",0.123,0.0286,"REG",0.0111,0.0091,"REG",0.0028,0.1603,"REG",0.0393,0.2429047521885718,0.66,1.2681,"REG",2.2588,"REG",NA
"3","61st & Passyunk","stationary","39.91820446, -75.2085474",39.91820446,-75.2085474,"#00B9E3","Industrial","Industrial","High","Auto body shop, junkyard, gas station","HighT/I","P726606","P726606 051124 050124 61st SS.D","P726606 051124 050124 61st SS.D","2024-05-11","2024-05-01","sample","2024-04-24","2024-05-01",10191,2,"182024",1,1.1334,"REG",0.428,0.3066,"REG",0.1157,0.1452,"REG",0.0532,0.2298,"REG",0.0803,0.5666,"REG",0.2247,0.0484,"REG",0.0232,0.0359,"REG",0.0184,0.0372,"REG",0.0217,0.093,"REG",0.027,0.0481,"REG",0.0197,0.1382,"REG",0.0517,0.0476,"LOD",0.0339,0.271,"REG",0.1096,0.3768,"REG",0.1027,0.1149,"REG",0.06,0.0969,"REG",0.0422,0.1134,"REG",0.0531,0.069,"REG",0.0428,0.1276,"REG",0.0605,0.1011,"REG",0.0437,0.1274,"REG",0.0482,0.2159,"REG",0.0573,0.2193,"REG",0.0847,0.5026,"REG",0.1735,0.3824,"REG",0.144,2.5419,"REG",0.9307,0.268,"ULOD",0.1,0.5681,"REG",0.2144,0.0474,"REG",0.0218,0.0048,"ND",0.008,0.0034,"ND",0.0056,0.0016,"ND",0.0027,0.0126,"REG",0.0043,0.0087,"LOD",0.0119,0.3247,"REG",0.1183,0.0257,"REG",0.01,0.0131,"REG",0.0032,0.0416,"REG",0.0103,0.23363285064786388,0.178,1.3632,"REG",2.3815999999999997,"REG",NA
"3","61st & Passyunk","stationary","39.91820446, -75.2085474",39.91820446,-75.2085474,"#00B9E3","Industrial","Industrial","High","Auto body shop, junkyard, gas station","HighT/I","P726641","P726641 051224 050824 61st SS","P726641 051224 050824 61st SS.D","2024-05-12","2024-05-08","sample","2024-05-01","2024-05-08",10251,2,"192024",1,1.064,"REG",0.4018,0.4207,"REG",0.1585,0.1444,"REG",0.0529,0.2285,"REG",0.0799,0.638,"REG",0.253,0.0407,"REG",0.0215,0.0268,"LOD",0.0167,0.0336,"LOD",0.021,0.089,"REG",0.0265,0.0405,"REG",0.0183,0.113,"REG",0.0426,0.0414,"LOD",0.0326,0.0017,"ND",0.0029,0.2705,"REG",0.0738,0.1282,"REG",0.0662,0.0841,"REG",0.0371,0.089,"REG",0.0453,0.0369,"LOD",0.0337,0.0878,"REG",0.0554,0.0769,"REG",0.0374,0.0941,"REG",0.0385,0.1561,"REG",0.0437,0.1262,"REG",0.0577,0.3569,"REG",0.1265,0.2701,"REG",0.1046,1.8024,"REG",0.662,0.1909,"REG",0.0713,0.3491,"REG",0.1355,0.0359,"REG",0.0185,0.0124,"LOD",0.0104,0.0034,"ND",0.0056,0.0016,"ND",0.0027,0.0125,"REG",0.0042,0.0141,"REG",0.0122,0.3369,"REG",0.1226,0.0255,"REG",0.01,0.0173,"REG",0.0038,0.0413,"REG",0.0102,0.23226537712929285,0.178,1.2925,"REG",2.4956,"REG",NA
"3","61st & Passyunk","stationary","39.91820446, -75.2085474",39.91820446,-75.2085474,"#00B9E3","Industrial","Industrial","High","Auto body shop, junkyard, gas station","HighT/I","P733847","P733847 052324 051524 61st SS","P733847 052324 051524 61st SS.D","2024-05-23","2024-05-15","sample","2024-05-08","2024-05-15",9425,2,"202024",1,0.7329,"REG",0.2768,0.305,"REG",0.1152,0.0934,"REG",0.0343,0.148,"REG",0.0544,0.4366,"REG",0.1731,0.0282,"LOD",0.0208,0.0162,"LOD",0.0164,0.022,"LOD",0.0206,0.0633,"REG",0.0258,0.032,"REG",0.0182,0.0787,"REG",0.0309,0.0322,"LOD",0.0334,0.1492,"REG",0.0604,0.2235,"REG",0.061,0.1091,"REG",0.0578,0.065,"REG",0.0301,0.0554,"REG",0.0383,0.0344,"LOD",0.0354,0.0743,"LOD",0.0583,0.0836,"REG",0.0407,0.0565,"REG",0.0304,0.1485,"REG",0.0429,0.0999,"REG",0.0537,0.3364,"REG",0.1213,0.6312,"REG",0.2337,1.6168,"REG",0.5957,0.1662,"ULOD",0.062,0.3686,"REG",0.1434,0.0268,"REG",0.0172,0.0135,"LOD",0.0113,0.0037,"ND",0.0061,0.0145,"REG",0.0058,0.0097,"REG",0.0034,0.0094,"LOD",0.0129,0.3969,"REG",0.1444,0.0278,"REG",0.0108,0.0094,"REG",0.0029,0.1864,"REG",0.0458,0.2526209422761147,0.738,0.8809,"REG",1.7159,"REG",NA
"3","61st & Passyunk","stationary","39.91820446, -75.2085474",39.91820446,-75.2085474,"#00B9E3","Industrial","Industrial","High","Auto body shop, junkyard, gas station","HighT/I","P733863","P733863 052424 052224 61st SS","P733863 052424 052224 61st SS.D","2024-05-24","2024-05-22","sample","2024-05-15","2024-05-22",9850,2,"212024",1,0.7592,"REG",0.2868,0.2602,"REG",0.0983,0.0995,"REG",0.0365,0.1576,"REG",0.0571,0.4523,"REG",0.1794,0.0308,"LOD",0.0204,0.0155,"LOD",0.0157,0.0245,"LOD",0.0201,0.0606,"REG",0.0247,0.0268,"LOD",0.0169,0.0753,"REG",0.0296,0.0308,"LOD",0.032,0.1624,"REG",0.0658,0.2477,"REG",0.0676,0.0657,"REG",0.0381,0.0622,"REG",0.0288,0.0728,"REG",0.0415,0.0439,"LOD",0.0363,0.0914,"REG",0.0577,0.0923,"REG",0.042,0.0574,"REG",0.0298,0.1557,"REG",0.044,0.1075,"REG",0.0541,0.3467,"REG",0.1238,0.6664,"REG",0.2461,1.7597,"REG",0.647,0.21560000000000001,"ULOD",0.0805,0.4275,"REG",0.1639,0.0257,"REG",0.0164,0.0129,"LOD",0.0108,0.03,"REG",0.0134,0.0017,"ND",0.0028,5e-4,"ND",8e-4,0.009,"LOD",0.0124,0.3214,"REG",0.1171,0.0266,"REG",0.0104,0.0135,"REG",0.0033,0.1252,"REG",0.0307,0.24172105390379503,0.518,0.9168,"REG",1.7288,"REG",NA
"3","61st & Passyunk","stationary","39.91820446, -75.2085474",39.91820446,-75.2085474,"#00B9E3","Industrial","Industrial","High","Auto body shop, junkyard, gas station","HighT/I","P733890","P733890 060724 052924 61st SS","P733890 060724 052924 61st SS.D","2024-06-07","2024-05-29","sample","2024-05-22","2024-05-29",9572,2,"222024",1,0.7768,"REG",0.2934,0.271,"REG",0.1024,0.1037,"REG",0.0381,0.1696,"REG",0.0611,0.5355,"REG",0.2123,0.0315,"LOD",0.021,0.0191,"LOD",0.0165,0.0252,"LOD",0.0207,0.0623,"REG",0.0254,0.0274,"LOD",0.0174,0.077,"REG",0.0303,0.0317,"LOD",0.0329,0.1661,"REG",0.0673,0.2236,"REG",0.061,0.0599,"REG",0.036,0.0583,"REG",0.0275,0.0609,"REG",0.0392,0.0282,"LOD",0.0338,0.0669,"LOD",0.0569,0.0633,"REG",0.0358,0.0834,"REG",0.0365,0.1532,"REG",0.0438,0.1229,"REG",0.0587,0.3313,"REG",0.1194,0.5352,"REG",0.199,1.4328,"REG",0.529,0.1406,"REG",0.0525,0.4069,"REG",0.1568,0.0444,"REG",0.0215,0.007,"LOD",0.0105,0.0271,"REG",0.0126,0.0017,"ND",0.0029,0.011,"REG",0.0038,0.025,"REG",0.0141,0.1654,"REG",0.0617,0.0195,"REG",0.0078,0.0232,"REG",0.0047,0.0497,"REG",0.0123,0.248741368674507,0.2,0.9464,"REG",1.8566,"REG",NA
"3","61st & Passyunk","stationary","39.91820446, -75.2085474",39.91820446,-75.2085474,"#00B9E3","Industrial","Industrial","High","Auto body shop, junkyard, gas station","HighT/I","P726614","P726614 060724 060524 61st SS","P726614 060724 060524 61st SS.D","2024-06-07","2024-06-05","sample","2024-05-29","2024-06-05",9349,2,"232024",1,0.9634,"REG",0.3639,0.2373,"REG",0.0898,0.1222,"REG",0.0448,0.2018,"REG",0.0716,0.5255,"REG",0.2084,0.0363,"LOD",0.0221,0.0196,"LOD",0.0169,0.0295,"LOD",0.0218,0.0751,"REG",0.0269,0.0321,"REG",0.0183,0.0967,"REG",0.0372,0.0324,"LOD",0.0337,0.1908,"REG",0.0772,0.2432,"REG",0.0664,0.041,"REG",0.0291,0.0553,"REG",0.0265,0.0519,"LOD",0.0377,0.0231,"LOD",0.0337,0.0613,"LOD",0.0578,0.0778,"REG",0.0395,0.089,"REG",0.0383,0.1711,"REG",0.0479,0.1384,"REG",0.0633,0.3652,"REG",0.1305,0.559,"REG",0.2077,1.5077,"REG",0.5564,0.1045,"REG",0.039,0.4954,"REG",0.1888,0.0455,"REG",0.022,0.0072,"LOD",0.0107,0.0382,"REG",0.0164,0.0018,"ND",0.0029,0.0113,"REG",0.0039,0.0196,"REG",0.0138,0.1539,"REG",0.0577,0.02,"REG",0.008,0.0095,"REG",0.0029,0.0458,"REG",0.0113,0.2546745513907777,0.18,1.1652,"REG",2.0502,"REG",NA
"3","61st & Passyunk","stationary","39.91820446, -75.2085474",39.91820446,-75.2085474,"#00B9E3","Industrial","Industrial","High","Auto body shop, junkyard, gas station","HighT/I","P726650","P726650 062124 061224 61st SS","P726650 062124 061224 61st SS.D","2024-06-21","2024-06-12","sample","2024-06-05","2024-06-12",9874,2,"242024",1,1.216,"REG",0.4592,0.269,"REG",0.1016,0.1613,"REG",0.0591,0.2657,"REG",0.0923,0.6958,"REG",0.2759,0.0459,"REG",0.0231,0.0278,"LOD",0.0173,0.0349,"LOD",0.0218,0.0995,"REG",0.0282,0.0418,"REG",0.019,0.1169,"REG",0.0441,0.0491,"LOD",0.035,0.2133,"REG",0.0863,0.291,"REG",0.0794,0.2028,"REG",0.1022,0.1156,"REG",0.0498,0.0739,"REG",0.0417,0.0383,"LOD",0.035,0.0851,"LOD",0.057,0.1105,"REG",0.0468,0.0708,"REG",0.0329,0.189,"REG",0.0514,0.1668,"REG",0.0697,0.4076,"REG",0.1431,0.4669,"REG",0.1743,1.3311,"REG",0.492,0.1312,"REG",0.049,0.3625,"REG",0.1407,0.0896,"REG",0.0357,0.0204,"REG",0.0121,0.0262,"REG",0.0122,0.0017,"ND",0.0028,0.0125,"REG",0.0042,0.0129,"LOD",0.0126,0.204,"REG",0.0752,0.0284,"REG",0.011,0.0135,"REG",0.0033,0.0482,"REG",0.0119,0.2411335204529452,0.2,1.4817,"REG",2.6078,"REG",NA
"3","61st & Passyunk","stationary","39.91820446, -75.2085474",39.91820446,-75.2085474,"#00B9E3","Industrial","Industrial","High","Auto body shop, junkyard, gas station","HighT/I","P726664","P726664 062124 061924 61st SS","P726664 062124 061924 61st SS.D","2024-06-21","2024-06-19","sample","2024-06-12","2024-06-19",10143,2,"252024",1,0.6275,"REG",0.237,0.1756,"REG",0.0667,0.0831,"REG",0.0305,0.1393,"REG",0.0511,0.3291,"REG",0.1305,0.0335,"LOD",0.0204,0.021,"LOD",0.0159,0.0272,"LOD",0.0201,0.0553,"REG",0.0237,0.0259,"LOD",0.0164,0.0809,"REG",0.0314,0.0299,"LOD",0.0311,0.1313,"REG",0.0532,0.1584,"REG",0.0433,0.08,"REG",0.044,0.0633,"REG",0.029,0.0527,"LOD",0.0358,0.032,"LOD",0.0329,0.0697,"LOD",0.0543,0.0717,"REG",0.0364,0.0394,"LOD",0.0257,0.1117,"REG",0.0344,0.116,"REG",0.0554,0.2405,"REG",0.0907,0.2523,"REG",0.0986,0.676,"REG",0.2582,0.0486,"REG",0.0181,0.301,"REG",0.1187,0.0193,"REG",0.0149,0.0066,"LOD",0.0099,0.0546,"REG",0.022,0.0016,"ND",0.0027,5e-4,"ND",8e-4,0.0071,"LOD",0.0119,0.1844,"REG",0.0682,0.0184,"REG",0.0074,0.0088,"REG",0.0027,0.0376,"REG",0.0093,0.23473847786181418,0.16,0.7667999999999999,"REG",1.3546,"REG",NA
"3","61st & Passyunk","stationary","39.91820446, -75.2085474",39.91820446,-75.2085474,"#00B9E3","Industrial","Industrial","High","Auto body shop, junkyard, gas station","HighT/I","P733847","P733847 062724 061924 61st SS","P733847 062724 061924 61st SS.D","2024-06-27","2024-06-19","sample","2024-06-19","2024-06-26",10071,2,"262024",1,0.8163,"REG",0.3083,0.152,"REG",0.0579,0.1184,"REG",0.0434,0.1612,"REG",0.0581,0.4413,"REG",0.175,0.045,"REG",0.0226,0.0303,"REG",0.0175,0.0377,"REG",0.022,0.0523,"REG",0.0236,0.0335,"REG",0.0175,0.0898,"REG",0.0345,0.0361,"LOD",0.0322,0.1835,"REG",0.0743,0.2257,"REG",0.0616,0.0995,"REG",0.0529,0.0803,"REG",0.0356,0.0821,"REG",0.0436,0.0322,"LOD",0.0331,0.0768,"LOD",0.0552,0.1204,"REG",0.0493,0.0496,"REG",0.0277,0.1456,"REG",0.0416,0.1752,"REG",0.0717,0.3269,"REG",0.1173,0.3661,"REG",0.1383,0.9457,"REG",0.3535,0.0884,"REG",0.033,0.324,"REG",0.1268,0.0422,"REG",0.0204,0.0133,"LOD",0.0107,0.0615,"REG",0.0246,0.0016,"ND",0.0027,0.0105,"REG",0.0036,0.0072,"LOD",0.012,0.1857,"REG",0.0687,0.0186,"REG",0.0074,0.0177,"REG",0.0038,0.0615,"REG",0.0151,0.23641667966958407,0.26,0.9775,"REG",1.6892,"REG",NA
"4","28th & Passyunk","stationary","39.92061091, -75.1955879",39.92061091,-75.1955879,"#00BA38","Industrial","Vacant","High","Oil terminal, gas station, former refinery site, natural gas terminal","HighT/I","P733881","P733881 071323 070523 28th & Passyunk 1WK SS","P733881 071323 070523 28th _ Passyunk 1WK SS.D","2023-07-13","2023-07-05","sample","2023-06-28","2023-07-05",9287,2,"272023",1,0.9614,"REG",0.3631,0.4004,"REG",0.1509,0.1615,"REG",0.0592,0.2437,"REG",0.0853,0.4152,"REG",0.1647,0.0654,"REG",0.0282,0.023,"LOD",0.0174,0.0483,"REG",0.0254,0.1096,"REG",0.0304,0.0447,"REG",0.0202,0.1705,"REG",0.0635,0.0718,"REG",0.0416,0.4993,"REG",0.2019,0.5061,"REG",0.1379,0.034,"REG",0.0269,0.1576,"REG",0.0671,0.0906,"REG",0.0478,0.0487,"LOD",0.0391,0.114,"REG",0.0631,0.4046,"REG",0.1416,0.2042,"REG",0.073,0.3589,"REG",0.0919,0.5178,"REG",0.1834,0.9192,"REG",0.3115,1.0492,"REG",0.3853,2.2817,"REG",0.8368,0.0926,"REG",0.0346,2.2782,"REG",0.8457,0.0619,"REG",0.0269,0.0052,"ND",0.0087,0.0397,"REG",0.0169,0.0018,"ND",0.003,5e-4,"ND",8e-4,0.006,"LOD",0.013,0.1859,"REG",0.069,0.0201,"REG",0.008,0.0096,"REG",0.0029,0.0359,"REG",0.0089,0.25637475836679025,0.14,1.2051,"REG",2.1822,"REG",NA
"4","28th & Passyunk","stationary","39.92061091, -75.1955879",39.92061091,-75.1955879,"#00BA38","Industrial","Vacant","High","Oil terminal, gas station, former refinery site, natural gas terminal","HighT/I","P726646","P726646 071323 071223 28th & Passyunk 1WK SS","P726646 071323 071223 28th & Passyunk 1WK SS.D","2023-07-13","2023-07-12","sample","2023-07-05","2023-07-12",9356,2,"282023",1,3.0538,"REG",1.1532,0.4776,"REG",0.1799,0.4489,"REG",0.1642,0.7369,"REG",0.2508,0.9307,"REG",0.369,0.2028,"REG",0.0672,0.1955,"REG",0.0646,0.1511,"REG",0.0544,0.345,"REG",0.0649,0.1775,"REG",0.0505,0.6146,"REG",0.2255,0.2332,"REG",0.093,1.1852,"REG",0.4791,1.336,"REG",0.3638,0.1966,"REG",0.0995,0.3702,"REG",0.155,0.0159,"ND",0.0265,0.1466,"REG",0.0735,0.3198,"REG",0.0987,0.6607,"REG",0.228,0.5157,"REG",0.1756,1.418,"REG",0.3529,1.8343,"REG",0.6339,3.5845,"REG",1.2026,4.1767,"ULOD",1.5267,9.1054,"ULOD",3.324,0.4097,"ULOD",0.1529,8.1569,"ULOD",3.0242,0.3071,"REG",0.1144,0.0135,"REG",0.0114,0.0359,"REG",0.0156,0.0018,"ND",0.0029,5e-4,"ND",8e-4,0.0064,"ND",0.0106,0.1845,"REG",0.0685,0.0012,"ND",0.0021,0.0143,"REG",0.0035,0.0458,"REG",0.0113,0.2544840082249231,0.18,3.7906999999999997,"REG",5.6479,"REG",NA
"4","28th & Passyunk","stationary","39.92061091, -75.1955879",39.92061091,-75.1955879,"#00BA38","Industrial","Vacant","High","Oil terminal, gas station, former refinery site, natural gas terminal","HighT/I","P637227","P637227 072723 071923 28th & Passyunk 1WK DS","P637227 072723 071923 28th & Passyunk 1WK DS.D","2023-07-27","2023-07-19","sample","2023-07-12","2023-07-19",9370,14.3,"292023",1,8.3317,"REG",3.1464,1.2577,"REG",0.4731,1.2591,"REG",0.4603,2.1286,"REG",0.7223,2.9766,"REG",1.1803,0.0094,"ND",0.0157,0.0078,"ND",0.013,0.4473,"REG",0.1518,1.0442,"REG",0.1845,0.4895,"REG",0.1331,1.7169,"REG",0.6293,0.8787,"REG",0.3312,3.1785,"REG",1.2849,3.0416,"REG",0.8281,0.9611,"REG",0.4759,0.0066,"ND",0.0109,1.2781,"REG",0.5005,0.9748,"REG",0.4411,2.3321,"REG",0.5974,0.0146,"ND",0.0243,2.2092,"REG",0.7458,3.3575,"REG",0.8343,5.5644,"REG",1.9192,9.9572,"REG",3.3386,13.6962,"REG",5.0049,29.4903,"REG",10.7625,1.3533,"REG",0.5051,28.7558,"ULOD",10.6605,0.3263,"REG",0.1215,0.0432,"LOD",0.0181,0.0975,"LOD",0.0381,0.0018,"ND",0.0029,5e-4,"ND",8e-4,0.0064,"ND",0.0106,0.0077,"ND",0.0128,0.0012,"ND",0.0021,0.0678,"REG",0.0123,0.1817,"REG",0.0446,0.2541037759821111,0.7150000000000001,10.4603,"REG",15.9537,"REG",NA
"4","28th & Passyunk","stationary","39.92061091, -75.1955879",39.92061091,-75.1955879,"#00BA38","Industrial","Vacant","High","Oil terminal, gas station, former refinery site, natural gas terminal","HighT/I","P726612","P726612 072823 072623 28th & Passyunk 1WK DS","P726612 072823 072623 28th _ Passyunk 1WK DS.D","2023-07-28","2023-07-26","sample","2023-07-19","2023-07-26",9924,14.3,"302023",1,3.7496,"REG",1.416,0.557,"REG",0.2097,0.3963,"REG",0.1449,0.9859,"REG",0.335,1.0629,"REG",0.4214,0.3555,"REG",0.1145,0.3075,"REG",0.0997,0.2236,"LOD",0.0774,0.5562,"REG",0.1,0.1903,"LOD",0.0536,0.9006,"REG",0.3302,0.2183,"LOD",0.0871,0.9558,"REG",0.3864,1.0466,"REG",0.285,0.3586,"REG",0.1785,0.3746,"REG",0.1568,0.4335,"REG",0.1721,0.453,"REG",0.2067,0.905,"REG",0.2367,0.786,"REG",0.2704,0.5275,"REG",0.1794,1.0087,"REG",0.2514,1.4395,"REG",0.4979,2.548,"REG",0.8553,3.9164,"REG",1.4316,9.043,"REG",3.3011,0.569,"REG",0.2124,4.8537,"REG",1.7999,0.1425,"LOD",0.0543,0.0049,"ND",0.0082,0.092,"LOD",0.0359,0.0017,"ND",0.0028,5e-4,"ND",8e-4,0.04,"LOD",0.016,0.5183,"REG",0.188,0.0673,"REG",0.0257,0.032,"REG",0.0061,0.2059,"REG",0.0505,0.23991861960423025,0.858,4.7355,"REG",6.7517000000000005,"REG",NA
"4","28th & Passyunk","stationary","39.92061091, -75.1955879",39.92061091,-75.1955879,"#00BA38","Industrial","Vacant","High","Oil terminal, gas station, former refinery site, natural gas terminal","HighT/I","P726651","P726651 081023 080223 28th & Passyunk 1WK SS","P726651 081023 080223 28th & Passyunk 1WK SS.D","2023-08-10","2023-08-02","sample","2023-07-26","2023-08-02",10105,2,"312023",1,0.8259,"REG",0.3119,0.3433,"REG",0.1294,0.1188,"REG",0.0435,0.224,"REG",0.0784,0.379,"REG",0.1503,0.0087,"ND",0.0146,0.0573,"REG",0.0234,0.0444,"REG",0.0233,0.1001,"REG",0.0279,0.0479,"REG",0.0198,0.1636,"REG",0.0608,0.06,"REG",0.0368,0.4235,"REG",0.1712,0.4222,"REG",0.115,0.2655,"REG",0.1327,0.2103,"REG",0.0886,0.1513,"REG",0.066,0.1186,"REG",0.0612,0.2309,"REG",0.0782,0.3599,"REG",0.1261,0.2437,"REG",0.0851,0.4222,"REG",0.1069,0.5317,"REG",0.1873,1.1224,"REG",0.3786,1.3499,"REG",0.4945,3.0474,"REG",1.1147,0.1848,"REG",0.069,2.3855,"REG",0.8853,0.1081,"REG",0.042,0.0133,"LOD",0.0107,0.047,"REG",0.0193,0.0016,"ND",0.0027,5e-4,"ND",8e-4,0.0059,"ND",0.0099,0.2136,"REG",0.0785,0.037,"REG",0.0142,0.0132,"REG",0.0032,0.0754,"REG",0.0185,0.23562121533422872,0.32,1.0499,"REG",1.8909999999999998,"REG",NA
"4","28th & Passyunk","stationary","39.92061091, -75.1955879",39.92061091,-75.1955879,"#00BA38","Industrial","Vacant","High","Oil terminal, gas station, former refinery site, natural gas terminal","HighT/I","P733845","P733845 081123 080923 28th & Passyunk 1WK SS","P733845 081123 080923 28th _ Passyunk 1WK SS.D","2023-08-11","2023-08-09","sample","2023-08-02","2023-08-09",10046,2,"322023",1,3.0917,"REG",1.1676,0.4697,"REG",0.1769,0.433,"REG",0.1583,0.7335,"REG",0.2496,0.826,"REG",0.3275,0.0088,"ND",0.0146,0.2064,"REG",0.0678,0.1545,"REG",0.055,0.415,"REG",0.076,0.1909,"REG",0.0537,0.6208,"REG",0.2277,0.2413,"REG",0.0952,0.837,"REG",0.3384,0.9556,"REG",0.2602,0.2623,"REG",0.1312,0.3442,"REG",0.1441,0.2298,"REG",0.0946,0.2323,"REG",0.109,0.511,"REG",0.1402,0.7722,"REG",0.2657,0.4538,"REG",0.1547,0.9954,"REG",0.2481,1.7059,"REG",0.5895,2.5371,"REG",0.8516,2.7668,"REG",1.0116,6.5161,"ULOD",2.3792,0.3191,"ULOD",0.1191,3.9922,"ULOD",1.4805,0.1888,"REG",0.071,0.0267,"REG",0.0134,0.0636,"REG",0.0253,0.0016,"ND",0.0027,5e-4,"ND",8e-4,0.0055,"LOD",0.012,0.2148,"REG",0.079,0.0372,"REG",0.0143,0.0011,"ND",0.0018,0.109,"REG",0.0268,0.23700501502611798,0.46,3.8251999999999997,"REG",5.5539000000000005,"REG",NA
"4","28th & Passyunk","stationary","39.92061091, -75.1955879",39.92061091,-75.1955879,"#00BA38","Industrial","Vacant","High","Oil terminal, gas station, former refinery site, natural gas terminal","HighT/I","P726649","P726649 082423 081623 28th & Passyunk SS","P726649 082423 081623 28th & Passyunk SS.D","2023-08-24","2023-08-16","sample","2023-08-09","2023-08-16",10197,1.3,"332023",1,1.1918,"REG",0.4501,0.2354,"REG",0.089,0.1689,"REG",0.0618,0.3355,"REG",0.1154,0.4407,"REG",0.1747,0.0087,"ND",0.0144,0.1302,"REG",0.0442,0.0835,"REG",0.0332,0.1851,"REG",0.0389,0.086,"REG",0.0275,0.3014,"REG",0.1109,0.0966,"REG",0.0463,0.5117,"REG",0.2069,0.4482,"REG",0.1221,0.3224,"REG",0.1606,0.2599,"REG",0.1091,0.219,"REG",0.0904,0.1867,"REG",0.0892,0.3354,"REG",0.0996,0.367,"REG",0.1284,0.1867,"REG",0.0667,0.4802,"REG",0.121,0.7461,"REG",0.2601,1.1894,"REG",0.4009,1.0918,"REG",0.4005,2.4464,"REG",0.896,0.1005,"REG",0.0375,2.0331,"ULOD",0.7548,0.093,"REG",0.0367,0.0128,"REG",0.0105,0.0402,"REG",0.0168,0.0016,"ND",0.0027,4e-4,"ND",7e-4,0.0106,"LOD",0.012,0.1651,"REG",0.0614,0.0238,"REG",0.0093,0.0142,"REG",0.0033,0.0425,"REG",0.0105,0.2334953791264471,0.18200000000000002,1.5272999999999999,"REG",2.3723,"REG","Summer"
"4","28th & Passyunk","stationary","39.92061091, -75.1955879",39.92061091,-75.1955879,"#00BA38","Industrial","Vacant","High","Oil terminal, gas station, former refinery site, natural gas terminal","HighT/I","P733898","P733898 082523 082323 28th & Passyunk SS","P733898 082523 082323 28th _ Passyunk SS.D","2023-08-25","2023-08-23","sample","2023-08-16","2023-08-23",9984,2,"342023",1,1.1149,"REG",0.421,0.6229,"REG",0.2345,0.2103,"REG",0.077,0.3005,"REG",0.1038,0.78,"REG",0.3093,0.0088,"ND",0.0147,0.0824,"REG",0.0302,0.0656,"REG",0.0286,0.154,"REG",0.0348,0.0598,"REG",0.0221,0.21560000000000001,"REG",0.0797,0.0728,"REG",0.0402,0.4674,"REG",0.189,0.4207,"REG",0.1146,0.3355,"REG",0.1671,0.288,"REG",0.1208,0.2459,"REG",0.1006,0.2283,"REG",0.1073,0.3806,"REG",0.1102,0.3157,"REG",0.1114,0.1667,"REG",0.0605,0.3673,"REG",0.0935,0.5617,"REG",0.1976,0.9283,"REG",0.3141,0.904,"REG",0.3322,2.1304,"REG",0.7813,0.1494,"REG",0.0558,1.7291,"REG",0.6423,0.19,"REG",0.0715,0.0269,"REG",0.0135,0.0608,"REG",0.0243,0.0017,"ND",0.0028,5e-4,"ND",8e-4,0.0223,"LOD",0.0133,0.3315,"REG",0.1207,0.0562,"REG",0.0214,0.0223,"REG",0.0045,0.0859,"REG",0.0211,0.238476800976801,0.36,1.4154,"REG",3.0286,"REG","Summer"
"4","28th & Passyunk","stationary","39.92061091, -75.1955879",39.92061091,-75.1955879,"#00BA38","Industrial","Vacant","High","Oil terminal, gas station, former refinery site, natural gas terminal","HighT/I","P733863","P733863 090723 083023 28th and Passyunk SS","P733863 090723 083023 28th and Passyunk SS.D","2023-09-07","2023-08-30","sample","2023-08-23","2023-08-30",10039,2,"352023",1,4.5821,"REG",1.7304,0.6039,"REG",0.2273,0.8064,"REG",0.2949,0.9066,"REG",0.3081,0.9834,"REG",0.3899,0.378,"REG",0.1216,0.41,"REG",0.1323,0.2628,"REG",0.0902,0.6151,"REG",0.11,0.3684,"REG",0.1005,1.0791,"REG",0.3956,0.5247,"REG",0.199,1.5949,"REG",0.6447,2.1057,"REG",0.5733,0.2731,"REG",0.1365,0.4949,"REG",0.2068,0.0148,"ND",0.0247,0.2549,"REG",0.1188,0.3924,"REG",0.1127,1.2557,"REG",0.4306,0.7978,"REG",0.2701,2.2579,"ULOD",0.5612,2.8585,"REG",0.9865,5.345,"ULOD",1.7925,5.7604,"ULOD",2.1052,13.68,"ULOD",4.9929,0.614,"ULOD",0.2292,6.7421,"ULOD",2.4998,0.4284,"REG",0.1589,0.044,"REG",0.018,0.0386,"REG",0.0163,0.0016,"ND",0.0027,5e-4,"ND",8e-4,0.0059,"ND",0.0099,0.172,"REG",0.0638,0.0012,"ND",0.0019,0.0133,"REG",0.0032,0.0617,"REG",0.0152,0.2371702740265346,0.26,5.4887,"REG",7.8824,"REG","Summer"
"4","28th & Passyunk","stationary","39.92061091, -75.1955879",39.92061091,-75.1955879,"#00BA38","Industrial","Vacant","High","Oil terminal, gas station, former refinery site, natural gas terminal","HighT/I","P726666","P726666 090823 090623 28th and Passyunk SS","P726666 090823 090623 28th and Passyunk SS.D","2023-09-08","2023-09-06","sample","2023-08-30","2023-09-06",10097,2,"362023",1,2.0091,"REG",0.7587,0.3466,"REG",0.1307,0.2868,"REG",0.1049,0.5052,"REG",0.1725,0.7165,"REG",0.2841,0.1466,"REG",0.0498,0.151,"REG",0.0505,0.1042,"REG",0.0394,0.2606,"REG",0.0506,0.1271,"REG",0.0374,0.4209,"REG",0.1546,0.1376,"REG",0.0593,0.9148,"REG",0.3698,1.057,"REG",0.2878,0.1584,"REG",0.0807,0.2899,"REG",0.1216,0.1651,"REG",0.0709,0.157,"REG",0.0768,0.3109,"REG",0.0945,0.5882,"REG",0.2031,0.3186,"REG",0.1097,0.9838,"REG",0.2452,1.2341,"REG",0.4273,2.3552,"REG",0.7907,2.4565,"REG",0.8983,6.0178,"ULOD",2.1975,0.2451,"ULOD",0.0915,3.555,"ULOD",1.3185,0.1641,"REG",0.0621,0.0238,"REG",0.0127,0.0319,"REG",0.014,0.0016,"ND",0.0027,5e-4,"ND",8e-4,0.0151,"LOD",0.0125,0.171,"REG",0.0635,0.0012,"ND",0.0019,0.0088,"REG",0.0027,0.0377,"REG",0.0093,0.23580790145116184,0.16,2.5143,"REG",3.8642,"REG","Summer"
"4","28th & Passyunk","stationary","39.92061091, -75.1955879",39.92061091,-75.1955879,"#00BA38","Industrial","Vacant","High","Oil terminal, gas station, former refinery site, natural gas terminal","HighT/I","P733880","P733880 092923 092723 28th and Passyunk SS","P733880 092923 092723 28th and Passyunk SS RENAME.D","2023-09-29","2023-09-27","sample","2023-09-20","2023-09-27",9999,2,"392023",1,0.6786,"REG",0.2563,0.2813,"REG",0.1062,0.0946,"REG",0.0347,0.1417,"REG",0.052,0.3702,"REG",0.1468,0.0228,"LOD",0.0191,0.0152,"LOD",0.0154,0.0155,"LOD",0.0188,0.0561,"REG",0.024,0.0264,"LOD",0.0167,0.0667,"REG",0.0266,0.0237,"LOD",0.0307,0.1624,"REG",0.0657,0.1739,"REG",0.0475,0.1028,"REG",0.0545,0.1469,"REG",0.0625,0.0398,"LOD",0.0336,0.018,"LOD",0.0311,0.0406,"LOD",0.053,0.1091,"REG",0.0462,0.122,"REG",0.0468,0.1267,"REG",0.0376,0.1284,"REG",0.0589,0.3171,"REG",0.1143,0.5112,"REG",0.1901,1.3335,"REG",0.4927,0.2374,"ULOD",0.0886,0.4421,"REG",0.169,0.0066,"ND",0.011,0.0106,"LOD",0.0104,0.0034,"ND",0.0057,0.0016,"ND",0.0027,5e-4,"ND",8e-4,0.0208,"LOD",0.0131,0.259,"REG",0.0948,0.028,"REG",0.0109,0.0133,"REG",0.0033,0.1524,"REG",0.0374,0.23811905000023811,0.64,0.8203,"REG",1.5664,"REG","Summer"
"4","28th & Passyunk","stationary","39.92061091, -75.1955879",39.92061091,-75.1955879,"#00BA38","Industrial","Vacant","High","Oil terminal, gas station, former refinery site, natural gas terminal","HighT/I","P733900","P733900 101323 100423 28th and Passyunk SS RR","P733900 101323 100423 28th and Passyunk SS RR.D","2023-10-13","2023-10-04","sample","2023-09-27","2023-10-04",10128,2,"402023",1,1.2398,"REG",0.4682,0.398,"REG",0.15,0.1525,"REG",0.0559,0.2702,"REG",0.0937,0.5315,"REG",0.2108,0.0525,"REG",0.0241,0.0452,"REG",0.0205,0.0477,"REG",0.024,0.1074,"REG",0.0287,0.0559,"REG",0.0212,0.1637,"REG",0.0609,0.053900000000000003,"LOD",0.0354,0.4032,"REG",0.163,0.6912,"REG",0.1882,0.103,"REG",0.0545,0.1321,"REG",0.0564,0.0862,"REG",0.0447,0.0603,"REG",0.0402,0.1053,"REG",0.0579,0.5206,"REG",0.1802,0.2234,"REG",0.0785,0.3943,"REG",0.1,0.4066,"REG",0.1453,0.9753,"REG",0.3296,1.5494,"REG",0.5672,3.9118,"REG",1.4296,0.5644,"ULOD",0.2107,1.5683,"REG",0.5828,0.0965,"REG",0.038,0.0119,"REG",0.0105,0.0282,"REG",0.0128,0.0016,"ND",0.0027,5e-4,"ND",8e-4,0.0208,"LOD",0.013,0.2557,"REG",0.0936,0.0369,"REG",0.0142,0.0263,"REG",0.0052,0.0705,"REG",0.0173,0.2350861355600692,0.3,1.51,"REG",2.592,"REG","Summer"
"4","28th & Passyunk","stationary","39.92061091, -75.1955879",39.92061091,-75.1955879,"#00BA38","Industrial","Vacant","High","Oil terminal, gas station, former refinery site, natural gas terminal","HighT/I","P726607","P726607 101323 101123 28th and Passyunk SS","P726607 101323 101123 28th and Passyunk SS.D","2023-10-13","2023-10-11","sample","2023-10-04","2023-10-11",9985,1.99,"412023",1,2.2691,"REG",0.8569,0.4825,"REG",0.1817,0.2287,"REG",0.0837,0.4563,"REG",0.156,0.8035,"REG",0.3186,0.0908,"REG",0.0339,0.0073,"ND",0.0122,0.0756,"REG",0.0312,0.1888,"REG",0.0397,0.1015,"REG",0.0313,0.3147,"REG",0.1158,0.0785,"REG",0.0416,0.664,"REG",0.2685,1.3419,"REG",0.3654,0.1842,"REG",0.0932,0.2162,"REG",0.091,0.1015,"REG",0.0496,0.05,"LOD",0.0376,0.0995,"REG",0.0579,0.5556,"REG",0.1921,0.378,"REG",0.1295,0.7434,"REG",0.1858,0.7503,"REG",0.2616,1.7864,"REG",0.6004,3.1479,"ULOD",1.1508,8.0479,"ULOD",2.938,1.1816,"ULOD",0.441,2.2332,"REG",0.8289,0.2232,"REG",0.0836,0.0588,"REG",0.0225,0.0186,"REG",0.0099,0.0017,"ND",0.0028,5e-4,"ND",8e-4,0.021,"LOD",0.0132,0.2724,"REG",0.0996,0.0559,"REG",0.0213,0.0221,"REG",0.0045,0.1044,"REG",0.0256,0.23845291747144529,0.4378,2.7254,"REG",4.2401,"REG","Summer"
"4","28th & Passyunk","stationary","39.92061091, -75.1955879",39.92061091,-75.1955879,"#00BA38","Industrial","Vacant","High","Oil terminal, gas station, former refinery site, natural gas terminal","HighT/I","P733841","P733841 102623 101823 28th & Passyunk SS RENAME","P733841 102623 101823 28th and Passyunk SS RENAME.D","2023-10-26","2023-10-18","sample","2023-10-11","2023-10-18",10051,2,"422023",1,1.0788,"REG",0.4074,0.3389,"REG",0.1278,0.1388,"REG",0.0508,0.2356,"REG",0.0823,0.4678,"REG",0.1855,0.0378,"REG",0.0213,0.0334,"REG",0.0181,0.0309,"LOD",0.0208,0.0838,"REG",0.0263,0.0451,"REG",0.0193,0.1318,"REG",0.0494,0.0362,"LOD",0.0322,0.2587,"REG",0.1046,0.4378,"REG",0.1193,0.0422,"REG",0.0285,0.0792,"REG",0.0352,0.0626,"REG",0.0384,0.0608,"REG",0.0405,0.0663,"LOD",0.0544,0.3256,"REG",0.1147,0.245,"REG",0.0856,0.2978,"REG",0.0768,0.2926,"REG",0.108,0.7159,"REG",0.2436,1.2449,"REG",0.4563,3.2785,"REG",1.1989,0.5184,"ULOD",0.1935,0.931,"REG",0.3476,0.0629,"REG",0.0267,0.012,"REG",0.0105,0.0034,"ND",0.0057,0.0016,"ND",0.0027,5e-4,"ND",8e-4,0.0265,"REG",0.0138,0.3436,"REG",0.1251,0.0372,"REG",0.0143,0.0221,"REG",0.0045,0.1232,"REG",0.0302,0.2368871138147827,0.52,1.3144,"REG",2.2599,"REG","Summer"
"4","28th & Passyunk","stationary","39.92061091, -75.1955879",39.92061091,-75.1955879,"#00BA38","Industrial","Vacant","High","Oil terminal, gas station, former refinery site, natural gas terminal","HighT/I","P726618","P726618 102723 102523 28th and Passyunk SS","P726618 102723 102523 28th and Passyunk SS.D","2023-10-27","2023-10-25","sample","2023-10-18","2023-10-25",10089,2,"432023",1,6.0448,"REG",2.2827,2.9333,"ULOD",1.1033,2.3139,"REG",0.846,3.2083,"ULOD",1.0884,0.0011,"ND",0.0018,0.331,"REG",0.1068,0.2689,"REG",0.0875,0.3076,"REG",0.105,0.9912,"ULOD",0.1751,0.4114,"REG",0.112,1.4612,"REG",0.5356,0.4686,"REG",0.1782,3.973,"ULOD",1.6061,8.3259,"ULOD",2.2669,0.0097,"ND",0.0161,0.8305,"ULOD",0.3467,0.0147,"ND",0.0246,0.0659,"REG",0.0421,0.1454,"REG",0.0635,1.3516,"ULOD",0.4634,1.2171,"ULOD",0.4112,4.4596,"ULOD",1.1079,3.44,"ULOD",1.1869,9.67,"ULOD",3.2422,19.9049,"ULOD",7.2736,52.8251,"ULOD",19.2781,7.6056,"ULOD",2.8387,11.7366,"ULOD",4.3512,1.3387,"REG",0.4951,0.7171,"REG",0.2474,0.0034,"ND",0.0057,0.0016,"ND",0.0027,5e-4,"ND",8e-4,0.0154,"LOD",0.0125,0.0071,"ND",0.0119,0.0012,"ND",0.0019,0.022,"REG",0.0045,6e-4,"ND",0.001,0.23599488363092289,0,9.2531,"ULOD",14.5014,"ULOD","Summer"
"4","28th & Passyunk","stationary","39.92061091, -75.1955879",39.92061091,-75.1955879,"#00BA38","Industrial","Vacant","High","Oil terminal, gas station, former refinery site, natural gas terminal","HighT/I","P726607","P726607 110923 110123 28th and Passyunk SS","P726607 110923 110123 28th and Passyunk SS.D","2023-11-09","2023-11-01","sample","2023-10-25","2023-11-01",10316,2,"442023",1,11.755,"ULOD",4.4391,1.9478,"REG",0.7327,1.613,"REG",0.5897,2.3775,"REG",0.8066,4.3226,"ULOD",1.714,0.3973,"REG",0.1276,0.3399,"REG",0.1099,0.3376,"REG",0.1149,0.9932,"REG",0.1754,0.4572,"REG",0.1242,1.3886,"REG",0.509,0.4935,"REG",0.1873,3.5723,"REG",1.4441,6.507,"ULOD",1.7716,0.685,"REG",0.3394,1.1289,"REG",0.4711,0.3712,"REG",0.1479,0.1221,"REG",0.0623,0.3496,"REG",0.1024,1.4217,"ULOD",0.4873,0.9226,"ULOD",0.312,3.354,"ULOD",0.8333,3.8763,"ULOD",1.3372,7.152,"ULOD",2.3981,10.6282,"ULOD",3.8838,26.9761,"ULOD",9.8449,1.3695,"ULOD",0.5111,8.6529,"ULOD",3.208,1.0396,"REG",0.3846,0.1991,"REG",0.0693,0.0033,"ND",0.0056,0.0016,"ND",0.0027,4e-4,"ND",7e-4,0.0145,"LOD",0.0122,0.007,"ND",0.0116,0.0011,"ND",0.0019,0.1077,"REG",0.0193,0.1246,"REG",0.0306,0.23080189811481008,0.54,14.1325,"ULOD",22.015900000000002,"ULOD","Summer"
"4","28th & Passyunk","stationary","39.92061091, -75.1955879",39.92061091,-75.1955879,"#00BA38","Industrial","Vacant","High","Oil terminal, gas station, former refinery site, natural gas terminal","HighT/I","P726660","P726660 111023 110823 28th and Passyunk SS","P726660 111023 110823 28th and Passyunk SS.D","2023-11-10","2023-11-08","sample","2023-11-01","2023-11-08",9900,2,"452023",1,13.9156,"ULOD",5.255,2.8314,"REG",1.065,2.0747,"REG",0.7585,2.6103,"REG",0.8856,3.7778,"ULOD",1.498,0.5903,"REG",0.1887,0.4835,"REG",0.1558,0.4667,"REG",0.1581,1.3184,"ULOD",0.2322,0.6251,"REG",0.1694,1.9099,"REG",0.7,0.8081,"REG",0.3047,4.6804,"ULOD",1.892,8.3293,"ULOD",2.2678,0.9399,"REG",0.4654,1.5088,"ULOD",0.6296,0.6726,"REG",0.2646,0.231,"REG",0.1085,0.6,"REG",0.1618,1.91,"ULOD",0.6543,1.5025,"ULOD",0.5074,5.266,"ULOD",1.3082,5.5247,"ULOD",1.9055,11.0865,"ULOD",3.7171,17.1562,"ULOD",6.2692,44.81,"ULOD",16.3531,4.9961,"ULOD",1.8648,11.1324,"ULOD",4.1272,1.5709,"REG",0.5809,0.3566,"REG",0.1233,0.0035,"ND",0.0058,0.0017,"ND",0.0028,5e-4,"ND",8e-4,0.032,"REG",0.0147,0.0073,"ND",0.0121,0.0012,"ND",0.002,0.0269,"REG",0.0053,0.1347,"REG",0.0331,0.2405002405002405,0.56,16.5259,"ULOD",25.209799999999998,"ULOD",NA
"4","28th & Passyunk","stationary","39.92061091, -75.1955879",39.92061091,-75.1955879,"#00BA38","Industrial","Vacant","High","Oil terminal, gas station, former refinery site, natural gas terminal","HighT/I","P733853","P733853 112423 111523 28th & Passyunk SS","P733853 112423 111523 28th & Passyunk SS.D","2023-11-24","2023-11-15","sample","2023-11-08","2023-11-15",10135,2,"462023",1,2.0981,"REG",0.7923,0.8418,"REG",0.3167,0.2605,"REG",0.0953,0.4258,"REG",0.1457,1.0031,"REG",0.3977,0.0899,"REG",0.0335,0.0602,"REG",0.0241,0.0612,"REG",0.0273,0.1593,"REG",0.0353,0.0782,"REG",0.0258,0.2541,"REG",0.0937,0.0837,"REG",0.0428,0.606,"REG",0.245,1.065,"REG",0.29,0.2979,"REG",0.1486,0.3022,"REG",0.1266,0.1853,"REG",0.0781,0.0389,"LOD",0.0344,0.1454,"REG",0.0633,0.287,"REG",0.1019,0.2397,"REG",0.0838,0.6775,"REG",0.1695,0.7069,"REG",0.2468,1.5763,"REG",0.5301,2.3984,"REG",0.8771,6.0328,"ULOD",2.2029,0.7901,"ULOD",0.2949,2.0149,"REG",0.7481,0.1508,"REG",0.0573,0.0437,"REG",0.0179,0.0097,"LOD",0.0077,0.0016,"ND",0.0027,5e-4,"ND",8e-4,0.0148,"LOD",0.0124,0.2413,"REG",0.0884,0.036,"REG",0.0138,0.0175,"REG",0.0038,0.1691,"REG",0.0415,0.23492376723753144,0.72,2.5239000000000003,"REG",4.6293,"REG",NA
"4","28th & Passyunk","stationary","39.92061091, -75.1955879",39.92061091,-75.1955879,"#00BA38","Industrial","Vacant","High","Oil terminal, gas station, former refinery site, natural gas terminal","HighT/I","P733875","P733875 112523 112223 28th & Passyunk SS","P733875 112523 112223 28th & Passyunk SS.D","2023-11-25","2023-11-22","sample","2023-11-15","2023-11-22",10142,2,"472023",1,4.6603,"REG",1.7599,1.3095,"REG",0.4926,0.566,"REG",0.2069,0.9082,"REG",0.3086,1.6317,"REG",0.647,0.2357,"REG",0.077,0.1744,"REG",0.0577,0.1598,"REG",0.0567,0.3979,"REG",0.073,0.1972,"REG",0.0553,0.6812,"REG",0.2498,0.2211,"REG",0.0879,1.458,"REG",0.5894,2.4906,"REG",0.6781,0.5324,"REG",0.2641,0.5772,"REG",0.2411,0.4497,"REG",0.1782,0.1295,"REG",0.0655,0.3293,"REG",0.0984,0.7231,"REG",0.2489,0.7055,"REG",0.239,1.7879,"REG",0.4446,2.0984,"REG",0.7246,4.0282,"ULOD",1.3511,6.0373,"ULOD",2.2064,15.2501,"ULOD",5.5659,2.3294,"ULOD",0.8694,4.8677,"ULOD",1.805,0.4227,"REG",0.1568,0.0966,"REG",0.0347,0.0034,"ND",0.0057,0.0016,"ND",0.0027,5e-4,"ND",8e-4,0.0148,"LOD",0.0124,0.227,"REG",0.0833,0.0544,"REG",0.0208,0.1227,"REG",0.0219,0.169,"REG",0.0415,0.23476162304795714,0.72,5.5685,"REG",9.075700000000001,"REG",NA
"4","28th & Passyunk","stationary","39.92061091, -75.1955879",39.92061091,-75.1955879,"#00BA38","Industrial","Vacant","High","Oil terminal, gas station, former refinery site, natural gas terminal","HighT/I","P733893","P733893 120823 112923 28th & Passyunk SS","P733893 120823 112923 28th & Passyunk SS.D","2023-12-08","2023-11-29","sample","2023-11-22","2023-11-29",9989,2,"482023",1,1.0247,"REG",0.387,0.4223,"REG",0.1591,0.1186,"REG",0.0435,0.2092,"REG",0.0736,0.4562,"REG",0.1809,0.0532,"REG",0.0245,0.0305,"REG",0.0176,0.0311,"LOD",0.0209,0.0913,"REG",0.0272,0.0453,"REG",0.0194,0.1418,"REG",0.053,0.0425,"LOD",0.0335,0.248,"REG",0.1003,0.4064,"REG",0.1107,0.2102,"REG",0.1058,0.1694,"REG",0.0717,0.1445,"REG",0.0639,0.0433,"LOD",0.0358,0.1168,"REG",0.06,0.091,"REG",0.0414,0.1133,"REG",0.0443,0.2269,"REG",0.06,0.2591,"REG",0.0974,0.5006,"REG",0.173,0.8214,"REG",0.3022,2.3226,"REG",0.8511,0.3492,"ULOD",0.1303,0.5901,"REG",0.2226,0.0066,"ND",0.011,0.0101,"LOD",0.0103,0.0034,"ND",0.0057,0.0017,"ND",0.0028,5e-4,"ND",8e-4,0.0145,"LOD",0.0125,0.2881,"REG",0.1052,0.0374,"REG",0.0144,0.0133,"REG",0.0033,0.0953,"REG",0.0234,0.23835743126963468,0.4,1.2339,"REG",2.231,"REG",NA
"4","28th & Passyunk","stationary","39.92061091, -75.1955879",39.92061091,-75.1955879,"#00BA38","Industrial","Vacant","High","Oil terminal, gas station, former refinery site, natural gas terminal","HighT/I","P726642","P726642 120923 120623 28th & Passyunk SS","P726642 120923 120623 28th & Passyunk SS.D","2023-12-09","2023-12-06","sample","2023-11-29","2023-12-06",10208,2,"492023",1,2.1013,"REG",0.7935,0.6827,"REG",0.2569,0.2728,"REG",0.0998,0.3903,"REG",0.1338,0.8717,"REG",0.3456,0.1301,"REG",0.0449,0.0866,"REG",0.0313,0.0777,"REG",0.0316,0.1994,"REG",0.041,0.0924,"REG",0.029,0.3429,"REG",0.1261,0.1128,"REG",0.0512,0.5903,"REG",0.2387,0.9333,"REG",0.2541,0.4016,"REG",0.1996,0.2392,"REG",0.1005,0.3708,"REG",0.1478,0.143,"REG",0.0709,0.3298,"REG",0.0983,0.19,"REG",0.0703,0.2217,"REG",0.0779,0.5747,"REG",0.1442,0.5762,"REG",0.2023,1.3141,"REG",0.4425,1.9291,"REG",0.7058,5.2209,"ULOD",1.9068,0.6584,"ULOD",0.2458,1.454,"REG",0.5405,0.1621,"REG",0.0613,0.0362,"REG",0.0157,0.0034,"ND",0.0056,0.0016,"ND",0.0027,4e-4,"ND",7e-4,0.0142,"LOD",0.0123,0.2396,"REG",0.0878,0.0366,"REG",0.0141,0.0218,"REG",0.0044,0.0793,"REG",0.0195,0.23324376772652636,0.34,2.4916,"REG",4.3188,"REG",NA
"4","28th & Passyunk","stationary","39.92061091, -75.1955879",39.92061091,-75.1955879,"#00BA38","Industrial","Vacant","High","Oil terminal, gas station, former refinery site, natural gas terminal","HighT/I","P726666","P726666 122123 121323 28th & Passyunk SS","P726666 122123 121323 28th & Passyunk SS.D","2023-12-21","2023-12-13","sample","2023-12-06","2023-12-13",9460,2,"502023",1,2.879,"REG",1.0872,0.7036,"REG",0.2648,0.379,"REG",0.1386,0.538,"REG",0.1837,1.0755,"REG",0.4265,0.1926,"REG",0.0641,0.1386,"REG",0.0471,0.113,"REG",0.0426,0.2856,"REG",0.0552,0.1356,"REG",0.0399,0.4669,"REG",0.1715,0.1602,"REG",0.0677,0.6779,"REG",0.2741,1.1903,"REG",0.3241,0.4535,"REG",0.2253,0.2581,"REG",0.1085,0.5858,"REG",0.2311,0.2286,"REG",0.1079,0.518,"REG",0.1431,0.2947,"REG",0.1049,0.3975,"REG",0.1362,0.8457,"REG",0.2112,0.7089,"REG",0.2479,1.8177,"REG",0.611,3.4586,"ULOD",1.2644,8.7748,"ULOD",3.2033,1.4506,"ULOD",0.5414,2.4369,"ULOD",0.9044,0.1993,"REG",0.075,0.0816,"REG",0.03,0.0036,"ND",0.0061,0.0017,"ND",0.0029,0.0097,"REG",0.0033,0.0153,"LOD",0.0132,0.3955,"REG",0.1438,0.0494,"REG",0.0189,0.0235,"REG",0.0048,0.2668,"REG",0.0655,0.2516862981979261,1.06,3.417,"REG",5.575100000000001,"REG","Winter"
"4","28th & Passyunk","stationary","39.92061091, -75.1955879",39.92061091,-75.1955879,"#00BA38","Industrial","Vacant","High","Oil terminal, gas station, former refinery site, natural gas terminal","HighT/I","P733847","P733847 122123 122023 28th & Passyunk SS","P733847 122123 122023 28th & Passyunk SS.D","2023-12-21","2023-12-20","sample","2023-12-13","2023-12-20",9868,2,"512023",1,1.363,"REG",0.5147,0.4909,"REG",0.1849,0.1809,"REG",0.0662,0.2704,"REG",0.0939,0.6386,"REG",0.2532,0.0885,"REG",0.0334,0.0741,"REG",0.028,0.0524,"REG",0.0254,0.1387,"REG",0.0329,0.065,"REG",0.0233,0.2111,"REG",0.0781,0.0676,"REG",0.0391,0.3949,"REG",0.1597,0.7087,"REG",0.193,0.1935,"REG",0.0977,0.125,"REG",0.0536,0.2748,"REG",0.1116,0.1369,"REG",0.0689,0.2939,"REG",0.0916,0.2395,"REG",0.0865,0.3339,"REG",0.1149,0.4729,"REG",0.1193,0.3457,"REG",0.1255,1.0257,"REG",0.3465,2.2242,"ULOD",0.8136,5.7097,"ULOD",2.0851,1.4251,"ULOD",0.5319,1.3441,"REG",0.5,0.0978,"REG",0.0386,0.085,"REG",0.0309,0.0035,"ND",0.0058,0.0017,"ND",0.0028,5e-4,"ND",8e-4,0.0146,"LOD",0.0127,0.4083,"REG",0.1484,0.0379,"REG",0.0146,0.0225,"REG",0.0046,0.4777,"REG",0.1172,0.24128013588897257,1.98,1.6334,"REG",2.9438,"REG","Winter"
"4","28th & Passyunk","stationary","39.92061091, -75.1955879",39.92061091,-75.1955879,"#00BA38","Industrial","Vacant","High","Oil terminal, gas station, former refinery site, natural gas terminal","HighT/I","P726610","P726610 011624 011024 28th & Passyunk SS","P726610 011624 011024 28th & Passyunk SS.D","2024-01-16","2024-01-10","sample","2024-01-03","2024-01-10",10083,2,"22024",1,1.1299,"REG",0.4267,0.6601,"REG",0.2485,0.1736,"REG",0.0635,0.2511,"REG",0.0874,0.7786,"REG",0.3088,0.0677,"REG",0.0278,0.0484,"REG",0.0212,0.041,"REG",0.0227,0.1037,"REG",0.0283,0.052,"REG",0.0205,0.1645,"REG",0.0612,0.0601,"REG",0.0369,0.4095,"REG",0.1656,0.6552,"REG",0.1784,0.3037,"REG",0.1515,0.1822,"REG",0.077,0.2032,"REG",0.0847,0.0772,"REG",0.0458,0.1699,"REG",0.0674,0.2044,"REG",0.075,0.232,"REG",0.0813,0.5322,"REG",0.1338,0.3559,"REG",0.1286,1.2288,"REG",0.4141,1.5767,"REG",0.5772,5.3291,"REG",1.9463,0.2885,"ULOD",0.1077,1.3853,"REG",0.5152,0.0764,"REG",0.0311,0.0333,"REG",0.015,0.0034,"ND",0.0057,0.0016,"ND",0.0027,0.0073,"REG",0.0026,0.0088,"LOD",0.0121,0.2854,"REG",0.1042,0.0324,"REG",0.0125,0.0163,"REG",0.0036,0.1081,"REG",0.0266,0.23613531498089668,0.458,1.3809999999999998,"REG",2.9932999999999996,"REG","Winter"
"4","28th & Passyunk","stationary","39.92061091, -75.1955879",39.92061091,-75.1955879,"#00BA38","Industrial","Vacant","High","Oil terminal, gas station, former refinery site, natural gas terminal","HighT/I","P733857","P733857 012524 011724 28th & Passyunk SS","P733857 012524 011724 28th & Passyunk SS.D","2024-01-25","2024-01-17","sample","2024-01-10","2024-01-17",9631,2,"32024",1,0.5896,"REG",0.2227,0.4835,"REG",0.1821,0.0986,"REG",0.0362,0.1262,"REG",0.0475,0.4131,"REG",0.1638,0.0315,"LOD",0.0209,0.0222,"LOD",0.0168,0.0215,"LOD",0.0201,0.053900000000000003,"REG",0.0247,0.0231,"LOD",0.0169,0.0684,"REG",0.0273,0.0315,"LOD",0.0327,0.1943,"REG",0.0786,0.3537,"REG",0.0964,0.0954,"REG",0.0514,0.074,"REG",0.0334,0.0861,"REG",0.0457,0.0303,"LOD",0.034,0.0948,"REG",0.0592,0.0944,"REG",0.043,0.0771,"REG",0.0348,0.1904,"REG",0.0519,0.1649,"REG",0.0697,0.4381,"REG",0.1532,0.7668,"REG",0.2826,2.1182,"REG",0.7771,0.3096,"ULOD",0.1156,0.6634,"REG",0.2496,0.0069,"ND",0.0114,0.0209,"REG",0.0124,0.0036,"ND",0.006,0.0017,"ND",0.0029,5e-4,"ND",8e-4,0.0092,"LOD",0.0126,0.4631,"REG",0.1682,0.034,"REG",0.0131,0.0171,"REG",0.0038,0.3703,"REG",0.0909,0.2472175662913904,1.498,0.7158,"REG",1.711,"REG","Winter"
"4","28th & Passyunk","stationary","39.92061091, -75.1955879",39.92061091,-75.1955879,"#00BA38","Industrial","Vacant","High","Oil terminal, gas station, former refinery site, natural gas terminal","HighT/I","P733881","P733881 012624 012424 28th & Passyunk SS","P733881 012624 012424 28th & Passyunk SS.D","2024-01-26","2024-01-24","sample","2024-01-17","2024-01-24",9678,2,"42024",1,0.8303,"REG",0.3136,0.5457,"REG",0.2055,0.1292,"REG",0.0473,0.18,"REG",0.0644,0.6969,"REG",0.2763,0.051,"REG",0.0244,0.0347,"REG",0.0188,0.0321,"LOD",0.0216,0.0827,"REG",0.0269,0.0347,"REG",0.0182,0.1111,"REG",0.0421,0.0438,"LOD",0.0345,0.2467,"REG",0.0998,0.5311,"REG",0.1447,0.1589,"REG",0.0812,0.1253,"REG",0.0538,0.1462,"REG",0.0649,0.0357,"LOD",0.0349,0.1288,"REG",0.063,0.1503,"REG",0.0587,0.1076,"REG",0.043,0.2996,"REG",0.0774,0.2735,"REG",0.1025,0.7006,"REG",0.2389,1.1128,"REG",0.4083,3.0132,"REG",1.1025,0.3753,"ULOD",0.1401,1.1714,"REG",0.4363,0.1033,"REG",0.0406,0.0347,"REG",0.0156,0.0036,"ND",0.0059,0.0017,"ND",0.0028,0.0076,"REG",0.0027,0.0092,"LOD",0.0126,0.3271,"REG",0.1192,0.0338,"REG",0.0131,0.0445,"REG",0.0083,0.3095,"REG",0.0759,0.2460169850126453,1.258,1.0103,"REG",2.3821,"REG","Winter"
"4","28th & Passyunk","stationary","39.92061091, -75.1955879",39.92061091,-75.1955879,"#00BA38","Industrial","Vacant","High","Oil terminal, gas station, former refinery site, natural gas terminal","HighT/I","P733894","P733894 020824 013124 28th & Passyunk SS","P733894 020824 013124 28th & Passyunk SS.D","2024-02-08","2024-01-31","sample","2024-01-24","2024-01-31",10099,2,"52024",1,1.2214,"REG",0.4613,0.5539,"REG",0.2085,0.172,"REG",0.063,0.1762,"REG",0.0629,0.6118,"REG",0.2426,0.0752,"REG",0.0296,0.0423,"REG",0.0198,0.058,"REG",0.0265,0.1251,"REG",0.0309,0.0486,"REG",0.0199,0.1568,"REG",0.0584,0.072,"REG",0.0397,0.3653,"REG",0.1477,0.6048,"REG",0.1647,0.0805,"REG",0.0442,0.1008,"REG",0.0438,0.1509,"REG",0.0659,0.0582,"REG",0.0397,0.1378,"REG",0.0623,0.09,"REG",0.041,0.1054,"REG",0.0419,0.3231,"REG",0.0828,0.1624,"REG",0.0679,0.5434,"REG",0.1869,0.7718,"REG",0.2842,2.4331,"REG",0.8912,0.3123,"ULOD",0.1166,0.6456,"REG",0.2428,0.1017,"REG",0.0398,0.0183,"REG",0.0115,0.0034,"ND",0.0057,0.0016,"ND",0.0027,5e-4,"ND",8e-4,0.0199,"REG",0.0129,0.3277,"REG",0.1194,0.044,"REG",0.0168,0.0396,"REG",0.0074,0.0754,"REG",0.0185,0.23576120219352223,0.32,1.3976,"REG",2.7353,"REG","Winter"
"4","28th & Passyunk","stationary","39.92061091, -75.1955879",39.92061091,-75.1955879,"#00BA38","Industrial","Vacant","High","Oil terminal, gas station, former refinery site, natural gas terminal","HighT/I","P726669","P726669 021524 020724 28th & Passyunk SS","P726669 021524 020724 28th & Passyunk SS.D","2024-02-15","2024-02-07","sample","2024-01-31","2024-02-07",10101,2,"62024",1,0.9666,"REG",0.365,0.758,"REG",0.2852,0.1473,"REG",0.053900000000000003,0.1866,"REG",0.0662,0.6622,"REG",0.2626,0.0451,"REG",0.0226,0.0302,"REG",0.0174,0.0239,"LOD",0.0196,0.066,"REG",0.0246,0.0411,"REG",0.0186,0.1403,"REG",0.0524,0.048,"LOD",0.0342,0.4419,"REG",0.1787,0.6311,"REG",0.1719,0.1182,"REG",0.0616,0.1049,"REG",0.0454,0.1219,"REG",0.056,0.0689,"REG",0.043,0.1642,"REG",0.0664,0.0135,"ND",0.0225,0.1483,"REG",0.0547,0.3362,"REG",0.086,0.2555,"REG",0.0961,0.7968,"REG",0.2704,1.3809,"REG",0.5058,2.8851,"REG",1.0557,0.4375,"ULOD",0.1633,1.9794,"REG",0.7349,0.0676,"REG",0.0282,0.0183,"REG",0.0115,0.0034,"ND",0.0057,0.0016,"ND",0.0027,0.0091,"REG",0.0031,0.0144,"LOD",0.0124,0.4131,"REG",0.1501,0.0439,"REG",0.0168,0.0308,"REG",0.0059,0.2357,"REG",0.0578,0.23571452142880714,1,1.1532,"REG",2.7207,"REG","Winter"
"4","28th & Passyunk","stationary","39.92061091, -75.1955879",39.92061091,-75.1955879,"#00BA38","Industrial","Vacant","High","Oil terminal, gas station, former refinery site, natural gas terminal","HighT/I","P733847","P733847 021624 021424 28th and Passyunk SS","P733847 021624 021424 28th and Passyunk SS.D","2024-02-16","2024-02-14","sample","2024-02-07","2024-02-14",10012,2,"72024",1,5.4983,"REG",2.0764,2.1193,"REG",0.7972,0.9526,"REG",0.3483,0.8296,"REG",0.2821,1.3694,"REG",0.543,0.3563,"REG",0.1148,0.271,"REG",0.0881,0.1757,"REG",0.0618,0.3785,"REG",0.0699,0.3505,"REG",0.0958,1.2069,"REG",0.4424,0.5145,"REG",0.1953,1.8506,"REG",0.7481,2.9406,"REG",0.8006,0.5996,"REG",0.2972,0.4055,"REG",0.1696,0.7808,"ULOD",0.3066,0.3988,"REG",0.1825,0.958,"REG",0.2498,0.0136,"ND",0.0227,0.7346,"ULOD",0.2488,1.8507,"ULOD",0.4602,1.7971,"ULOD",0.6209,4.5311,"ULOD",1.5197,7.7343,"ULOD",2.8264,15.1247,"ULOD",5.5201,1.9571,"ULOD",0.7305,13.9826,"ULOD",5.1838,0.3667,"REG",0.1362,0.0452,"REG",0.0184,0.0034,"ND",0.0057,0.0016,"ND",0.0027,5e-4,"ND",8e-4,0.006,"ND",0.0099,0.3737,"REG",0.1359,0.0723,"REG",0.0276,0.0311,"REG",0.006,0.2378,"REG",0.0584,0.23780986625573122,1,6.3279000000000005,"REG",10.7692,"REG","Winter"
"4","28th & Passyunk","stationary","39.92061091, -75.1955879",39.92061091,-75.1955879,"#00BA38","Industrial","Vacant","High","Oil terminal, gas station, former refinery site, natural gas terminal","HighT/I","P726652","P726652 022924 022124 28th and Passyunk SS","P726652 022924 022124 28th and Passyunk SS.D","2024-02-29","2024-02-21","sample","2024-02-14","2024-02-21",10093,2,"82024",1,0.5427,"REG",0.205,0.4675,"REG",0.1761,0.0929,"REG",0.0341,0.1033,"REG",0.0401,0.3339,"REG",0.1324,0.0376,"REG",0.0212,0.0302,"REG",0.0174,0.0171,"LOD",0.0188,0.0417,"LOD",0.0229,0.0299,"REG",0.017,0.0908,"REG",0.0348,0.054,"LOD",0.0355,0.1738,"REG",0.0703,0.2948,"REG",0.0804,0.0711,"REG",0.0401,0.0596,"REG",0.0277,0.0834,"REG",0.0439,0.0475,"LOD",0.0367,0.1049,"REG",0.058,0.0135,"ND",0.0225,0.0791,"REG",0.0347,0.1317,"REG",0.0386,0.1625,"REG",0.068,0.3262,"REG",0.117,0.6605,"REG",0.2439,1.6041,"REG",0.5904,0.1061,"REG",0.0396,0.8963,"REG",0.3347,0.0448,"REG",0.0211,0.0048,"ND",0.008,0.0034,"ND",0.0057,0.0016,"ND",0.0027,5e-4,"ND",8e-4,0.0089,"LOD",0.0121,0.2709,"REG",0.099,0.0347,"REG",0.0134,0.0132,"REG",0.0032,0.0991,"REG",0.0243,0.23590135548918867,0.42,0.6459999999999999,"REG",1.5402999999999998,"REG","Winter"
"4","28th & Passyunk","stationary","39.92061091, -75.1955879",39.92061091,-75.1955879,"#00BA38","Industrial","Vacant","High","Oil terminal, gas station, former refinery site, natural gas terminal","HighT/I","P733857","P733857 030124 022824 28th and Passyunk SS","P733857 030124 022824 28th and Passyunk SS.D","2024-03-01","2024-02-28","sample","2024-02-21","2024-02-28",10103,2,"92024",1,1.2492,"REG",0.4718,0.6155,"REG",0.2317,0.1522,"REG",0.0557,0.2282,"REG",0.0798,0.502,"REG",0.1991,0.0751,"REG",0.0296,0.0573,"REG",0.0234,0.0444,"REG",0.0233,0.1077,"REG",0.0288,0.0598,"REG",0.022,0.1897,"REG",0.0703,0.072,"REG",0.0397,0.4163,"REG",0.1683,0.631,"REG",0.1719,0.1511,"REG",0.0772,0.1297,"REG",0.0554,0.204,"REG",0.085,0.1759,"REG",0.0848,0.2829,"REG",0.0886,0.156,"REG",0.0598,0.2108,"REG",0.0745,0.3691,"REG",0.0939,0.4185,"REG",0.1493,0.8812,"REG",0.2983,1.6446,"REG",0.602,4.0535,"REG",1.4812,0.2248,"ULOD",0.0839,1.1559,"REG",0.4304,0.1244,"REG",0.0478,0.0249,"REG",0.0129,0.0034,"ND",0.0057,0.0016,"ND",0.0027,0.0091,"REG",0.0031,0.0089,"LOD",0.0121,0.2279,"REG",0.0836,0.0347,"REG",0.0134,0.0176,"REG",0.0038,0.066,"REG",0.0162,0.23566785914603394,0.28,1.4774,"REG",2.7471000000000005,"REG",NA
"4","28th & Passyunk","stationary","39.92061091, -75.1955879",39.92061091,-75.1955879,"#00BA38","Industrial","Vacant","High","Oil terminal, gas station, former refinery site, natural gas terminal","HighT/I","P726606","P726606 031524 030624 28th and Passyunk SS","P726606 031524 030624 28th and Passyunk SS.D","2024-03-15","2024-03-06","sample","2024-02-28","2024-03-06",10118,2,"102024",1,0.7384,"REG",0.2789,0.3953,"REG",0.149,0.1026,"REG",0.0376,0.1447,"REG",0.0528,0.4105,"REG",0.1628,0.0375,"REG",0.0211,0.0301,"REG",0.0174,0.03,"LOD",0.0205,0.0727,"REG",0.0251,0.0372,"REG",0.018,0.1148,"REG",0.0433,0.0419,"LOD",0.033,0.2132,"REG",0.0862,0.36,"REG",0.0981,0.0367,"REG",0.0265,0.0567,"REG",0.0266,0.0898,"REG",0.0458,0.076,"REG",0.0453,0.1171,"REG",0.0594,0.1318,"REG",0.0525,0.0851,"REG",0.0362,0.2161,"REG",0.0574,0.2424,"REG",0.092,0.5162,"REG",0.178,0.6878,"REG",0.2538,1.8515,"REG",0.68,0.292,"ULOD",0.109,0.7042,"REG",0.2642,0.0593,"REG",0.0255,0.0048,"ND",0.008,0.0034,"ND",0.0057,0.0016,"ND",0.0027,0.0072,"REG",0.0025,0.0145,"LOD",0.0124,0.2844,"REG",0.1038,0.0267,"REG",0.0104,0.013,"REG",0.0032,0.107,"REG",0.0263,0.2353184800308738,0.45475000000000004,0.8831,"REG",1.7914999999999999,"REG",NA
"4","28th & Passyunk","stationary","39.92061091, -75.1955879",39.92061091,-75.1955879,"#00BA38","Industrial","Vacant","High","Oil terminal, gas station, former refinery site, natural gas terminal","HighT/I","P733851","P733851 031624 031324 28th and Passyunk SS","P733851 031624 031324 28th and Passyunk SS.D","2024-03-16","2024-03-13","sample","2024-03-06","2024-03-13",9999,2,"112024",1,1.8616,"REG",0.703,0.6938,"REG",0.2611,0.2338,"REG",0.0855,0.3412,"REG",0.1174,1.058,"REG",0.4195,0.0645,"REG",0.0271,0.0518,"REG",0.0221,0.0545,"REG",0.0258,0.1507,"REG",0.0343,0.0527,"REG",0.0207,0.2079,"REG",0.0769,0.0909,"REG",0.045,0.5125,"REG",0.2072,1.4511,"REG",0.3951,0.1228,"REG",0.0638,0.1365,"REG",0.0583,0.1201,"REG",0.0556,0.0985,"REG",0.0536,0.1385,"REG",0.0629,0.3091,"REG",0.1093,0.1959,"REG",0.0698,0.6187,"REG",0.1551,0.5042,"REG",0.1781,1.4126,"REG",0.4755,2.6347,"ULOD",0.9634,7.3217,"ULOD",2.6731,0.9878,"ULOD",0.36870000000000003,1.3337,"REG",0.4961,0.3014,"REG",0.1122,0.1033,"REG",0.0369,0.0034,"ND",0.0057,0.0016,"ND",0.0027,0.0073,"REG",0.0026,0.0091,"LOD",0.0122,0.3022,"REG",0.1102,0.0457,"REG",0.0175,0.0221,"REG",0.0045,0.113,"REG",0.0278,0.23811905000023811,0.47475,2.2028,"REG",4.1884,"REG",NA
"4","28th & Passyunk","stationary","39.92061091, -75.1955879",39.92061091,-75.1955879,"#00BA38","Industrial","Vacant","High","Oil terminal, gas station, former refinery site, natural gas terminal","HighT/I","P726647","P726647 040224 032024 28th & Passyunk SS","P726647 040224 032024 28th & Passyunk SS.D","2024-04-02","2024-03-20","sample","2024-03-13","2024-03-20",9665,2,"122024",1,4.2244,"REG",1.5953,0.8083,"REG",0.3042,0.5626,"REG",0.2057,0.7233,"REG",0.2462,1.4248,"REG",0.5649,0.161,"REG",0.0544,0.142,"REG",0.048,0.1278,"REG",0.0469,0.3629,"REG",0.0675,0.1756,"REG",0.0499,0.5168,"REG",0.1897,0.2131,"REG",0.0856,1.1043,"REG",0.4464,2.2738,"REG",0.6191,0.3488,"REG",0.1737,0.3654,"REG",0.153,0.2404,"REG",0.0989,0.1299,"REG",0.0663,0.2812,"REG",0.0897,0.5142,"REG",0.1782,0.6021,"REG",0.2044,1.2402,"REG",0.3088,1.1789,"REG",0.4085,2.8368,"REG",0.9521,6.3974,"ULOD",2.338,16.0688,"ULOD",5.8647,1.4276,"ULOD",0.5328,3.6125,"ULOD",1.3399,0.2524,"REG",0.0943,0.0444,"REG",0.0183,0.0036,"ND",0.0059,0.0017,"ND",0.0028,0.0113,"REG",0.0039,0.0209,"LOD",0.0135,0.3871,"REG",0.1408,0.0473,"REG",0.0181,0.0136,"REG",0.0033,0.2943,"REG",0.0722,0.24634789249377972,1.19475,4.9477,"REG",7.7434,"REG",NA
"4","28th & Passyunk","stationary","39.92061091, -75.1955879",39.92061091,-75.1955879,"#00BA38","Industrial","Vacant","High","Oil terminal, gas station, former refinery site, natural gas terminal","HighT/I","P733860","P733860 041224 041024 28th & Passyunk SS","P733860 041224 041024 28th & Passyunk SS.D","2024-04-12","2024-04-10","sample","2024-04-03","2024-04-10",10048,2,"152024",1,1.6634,"REG",0.6282,0.4261,"REG",0.1605,0.1922,"REG",0.0703,0.3234,"REG",0.1115,0.4685,"REG",0.1858,0.1171,"REG",0.0412,0.0971,"REG",0.0344,0.0755,"REG",0.0311,0.0838,"REG",0.0263,0.1014,"REG",0.0312,0.3317,"REG",0.122,0.1025,"REG",0.0483,0.4607,"REG",0.1863,0.7589,"REG",0.2067,0.10780000000000001,"REG",0.0568,0.1358,"REG",0.058,0.1918,"REG",0.0806,0.113,"REG",0.0591,0.2007,"REG",0.0728,0.2533,"REG",0.0909,0.149,"REG",0.055,0.5366,"REG",0.1349,0.5854,"REG",0.2055,1.2744,"REG",0.4293,1.4584,"REG",0.5341,3.9003,"REG",1.4254,0.4757,"ULOD",0.1776,1.4457,"REG",0.5375,0.1187,"REG",0.0458,0.02,"REG",0.0119,0.0034,"ND",0.0057,0.0016,"ND",0.0027,0.0073,"REG",0.0026,0.0069,"LOD",0.012,0.1862,"REG",0.0688,0.0279,"REG",0.0108,0.0133,"REG",0.0032,0.0569,"REG",0.014,0.2369578404610252,0.24,1.9868000000000001,"REG",3.0736,"REG",NA
"4","28th & Passyunk","stationary","39.92061091, -75.1955879",39.92061091,-75.1955879,"#00BA38","Industrial","Vacant","High","Oil terminal, gas station, former refinery site, natural gas terminal","HighT/I","P733883","P733883 042624 041724 28th and Passyunk SS","P733883 042624 041724 28th and Passyunk SS.D","2024-04-26","2024-04-17","sample","2024-04-10","2024-04-17",10170,2,"162024",1,1.194,"REG",0.4509,0.3103,"REG",0.1171,0.1407,"REG",0.0516,0.2264,"REG",0.0792,0.3708,"REG",0.1471,0.0821,"REG",0.0314,0.066,"REG",0.0256,0.0509,"REG",0.0247,0.107,"REG",0.0286,0.0631,"REG",0.0226,0.2212,"REG",0.0817,0.0656,"REG",0.038,0.3346,"REG",0.1353,0.5269,"REG",0.1435,0.1065,"REG",0.0561,0.1014,"REG",0.044,0.1607,"REG",0.0693,0.0904,"REG",0.0503,0.159,"REG",0.0653,0.1728,"REG",0.0649,0.1767,"REG",0.0635,0.3794,"REG",0.0964,0.3817,"REG",0.1371,0.9113,"REG",0.3083,1.5417,"REG",0.5644,3.7224,"REG",1.3606,0.3818,"ULOD",0.1425,1.3973,"REG",0.5196,0.0834,"REG",0.0334,0.0198,"REG",0.0118,0.0034,"ND",0.0056,0.0016,"ND",0.0027,5e-4,"ND",8e-4,0.0068,"LOD",0.0119,0.3254,"REG",0.1185,0.0276,"REG",0.0107,0.0131,"REG",0.0032,0.1264,"REG",0.031,0.234115278363066,0.54,1.4203999999999999,"REG",2.2422,"REG",NA
"4","28th & Passyunk","stationary","39.92061091, -75.1955879",39.92061091,-75.1955879,"#00BA38","Industrial","Vacant","High","Oil terminal, gas station, former refinery site, natural gas terminal","HighT/I","P733867","P733867 042724 042424 28th and Passyunk SS","P733867 042724 042424 28th and Passyunk SS.D","2024-04-27","2024-04-24","sample","2024-04-17","2024-04-24",9801,2,"172024",1,1.6106,"REG",0.6083,0.4304,"REG",0.1622,0.1868,"REG",0.0684,0.2779,"REG",0.0964,0.3761,"REG",0.1491,0.1162,"REG",0.0411,0.0902,"REG",0.0326,0.0668,"REG",0.0291,0.1575,"REG",0.0355,0.0847,"REG",0.0276,0.3231,"REG",0.1189,0.1051,"REG",0.0496,0.4196,"REG",0.1697,0.6896,"REG",0.1878,0.2271,"REG",0.1141,0.1477,"REG",0.0629,0.3011,"REG",0.1215,0.1268,"REG",0.0649,0.267,"REG",0.0863,0.1608,"REG",0.0617,0.2037,"REG",0.0724,0.5025,"REG",0.1266,0.4921,"REG",0.1743,1.1945,"REG",0.4028,2.0079,"REG",0.7346,4.912,"REG",1.7943,0.6257,"ULOD",0.2336,1.5251,"REG",0.5669,0.1217,"REG",0.047,0.0205,"REG",0.0122,0.0035,"ND",0.0059,0.0017,"ND",0.0028,0.0075,"REG",0.0026,0.0071,"LOD",0.0123,0.3377,"REG",0.123,0.0286,"REG",0.0111,0.0091,"REG",0.0028,0.1603,"REG",0.0394,0.2429295358588288,0.66,1.8885,"REG",2.8817999999999997,"REG",NA
"4","28th & Passyunk","stationary","39.92061091, -75.1955879",39.92061091,-75.1955879,"#00BA38","Industrial","Vacant","High","Oil terminal, gas station, former refinery site, natural gas terminal","HighT/I","P726607","P726607 051324 050124 28th SS.D","P726607 051324 050124 28th SS.D","2024-05-13","2024-05-01","sample","2024-04-24","2024-05-01",10190,2,"182024",1,8.2483,"REG",3.1149,1.2512,"REG",0.4707,0.95,"REG",0.3473,1.5314,"REG",0.5198,1.9615,"REG",0.7778,0.4767,"REG",0.1527,0.4039,"REG",0.1303,0.3113,"REG",0.1063,0.7679,"REG",0.1363,0.4629,"REG",0.1258,1.4385,"REG",0.5273,0.4163,"REG",0.1589,2.1957,"REG",0.8876,2.9545,"REG",0.8044,1.3954,"ULOD",0.6905,1.0006,"REG",0.4176,1.2001,"REG",0.4699,0.7214,"REG",0.3269,1.3183,"REG",0.3401,0.6186,"REG",0.2134,0.9699,"REG",0.328,1.9823,"ULOD",0.4928,2.3091,"REG",0.7972,4.3563,"ULOD",1.4611,3.3316,"ULOD",1.2179,21.4029,"ULOD",7.8111,1.878,"ULOD",0.7009,5.2683,"ULOD",1.9535,0.4647,"REG",0.1723,0.0784,"REG",0.0287,0.0034,"ND",0.0056,0.0016,"ND",0.0027,0.0288,"REG",0.0096,0.0578,"REG",0.0191,0.5366,"REG",0.1946,0.0715,"REG",0.0273,0.0262,"REG",0.0051,0.0836,"REG",0.0206,0.23365577830739753,0.358,9.7797,"REG",13.942400000000001,"REG",NA
"4","28th & Passyunk","stationary","39.92061091, -75.1955879",39.92061091,-75.1955879,"#00BA38","Industrial","Vacant","High","Oil terminal, gas station, former refinery site, natural gas terminal","HighT/I","P726642","P726642 051224 050824 28th SS","P726642 051224 050824 28th SS.D","2024-05-12","2024-05-08","sample","2024-05-01","2024-05-08",10252,2,"192024",1,1.1057,"REG",0.4176,0.4085,"REG",0.1539,0.12,"REG",0.044,0.2285,"REG",0.0798,0.4678,"REG",0.1855,0.0703,"REG",0.0282,0.0535,"REG",0.0223,0.0437,"REG",0.023,0.0993,"REG",0.0276,0.0552,"REG",0.0209,0.1861,"REG",0.069,0.0473,"LOD",0.0337,0.3134,"REG",0.1267,0.4721,"REG",0.1286,0.1979,"REG",0.0997,0.1248,"REG",0.0534,0.2127,"REG",0.088,0.1265,"REG",0.0642,0.2374,"REG",0.079,0.1419,"REG",0.0554,0.2532,"REG",0.0881,0.3056,"REG",0.0785,0.3098,"REG",0.1134,0.7256,"REG",0.2467,0.7103,"REG",0.2618,4.4405,"REG",1.6223,0.5423,"ULOD",0.2024,1.0268,"REG",0.3827,0.0807,"REG",0.0325,0.019,"REG",0.0115,0.0034,"ND",0.0056,0.0016,"ND",0.0027,4e-4,"ND",7e-4,0.0141,"REG",0.0122,0.3088,"REG",0.1125,0.0255,"REG",0.01,0.013,"REG",0.0032,0.0413,"REG",0.0102,0.23224272151310776,0.178,1.3341999999999998,"REG",2.3305,"REG",NA
"4","28th & Passyunk","stationary","39.92061091, -75.1955879",39.92061091,-75.1955879,"#00BA38","Industrial","Vacant","High","Oil terminal, gas station, former refinery site, natural gas terminal","HighT/I","P733849","P733849 052324 051524 28th SS","P733849 052324 051524 28th SS.D","2024-05-23","2024-05-15","sample","2024-05-08","2024-05-15",9425,2,"202024",1,0.9451,"REG",0.3569,0.305,"REG",0.1152,0.0987,"REG",0.0362,0.1759,"REG",0.0632,0.3192,"REG",0.1266,0.0805,"REG",0.0317,0.055,"REG",0.0235,0.0439,"REG",0.0242,0.0893,"REG",0.028,0.0601,"REG",0.0228,0.1936,"REG",0.0718,0.0707,"REG",0.041,0.4367,"REG",0.1766,0.6196,"REG",0.1688,0.19,"REG",0.0962,0.1269,"REG",0.0545,0.2986,"REG",0.1209,0.2237,"REG",0.1058,0.3926,"REG",0.1143,0.1672,"REG",0.0641,0.1801,"REG",0.0652,0.5376,"REG",0.1353,0.5492,"REG",0.1938,1.4362,"REG",0.4836,2.6117,"ULOD",0.9551,6.2044,"ULOD",2.2657,0.573,"ULOD",0.2139,4.0542,"ULOD",1.5036,0.0878,"REG",0.0354,0.0207,"REG",0.0125,0.0037,"ND",0.0061,0.0018,"ND",0.0029,5e-4,"ND",8e-4,0.0094,"LOD",0.0129,0.3817,"REG",0.1389,0.0278,"REG",0.0108,0.0141,"REG",0.0034,0.1662,"REG",0.0408,0.2526209422761147,0.658,1.121,"REG",1.8439,"REG",NA
"4","28th & Passyunk","stationary","39.92061091, -75.1955879",39.92061091,-75.1955879,"#00BA38","Industrial","Vacant","High","Oil terminal, gas station, former refinery site, natural gas terminal","HighT/I","P733871","P733871 052424 052224 28th SS","P733871 052424 052224 28th SS.D","2024-05-24","2024-05-22","sample","2024-05-15","2024-05-22",9851,2,"212024",1,0.73740000000000006,"REG",0.2785,0.2284,"REG",0.0864,0.0843,"REG",0.031,0.1469,"REG",0.0537,0.651,"REG",0.2581,0.0424,"REG",0.0224,0.0279,"LOD",0.0173,0.028,"LOD",0.0207,0.0606,"REG",0.0247,0.0345,"REG",0.0179,0.1007,"REG",0.0384,0.0308,"LOD",0.032,0.2279,"REG",0.0922,0.356,"REG",0.097,0.1141,"REG",0.0598,0.0918,"REG",0.0403,0.1273,"REG",0.0582,0.0933,"REG",0.052,0.1793,"REG",0.0698,0.1354,"REG",0.054,0.1351,"REG",0.0509,0.3654,"REG",0.0932,0.2269,"REG",0.0876,0.7675,"REG",0.2608,1.3223,"REG",0.4845,3.3064,"REG",1.2092,0.3977,"ULOD",0.1484,1.122,"REG",0.418,0.0607,"REG",0.0261,0.0198,"REG",0.012,0.02,"REG",0.0104,0.0017,"ND",0.0028,0.0093,"REG",0.0032,0.009,"LOD",0.0124,0.3067,"REG",0.1119,0.0266,"REG",0.0104,0.0135,"REG",0.0033,0.1107,"REG",0.0272,0.2416965161864157,0.458,0.8843000000000001,"REG",1.848,"REG",NA
"4","28th & Passyunk","stationary","39.92061091, -75.1955879",39.92061091,-75.1955879,"#00BA38","Industrial","Vacant","High","Oil terminal, gas station, former refinery site, natural gas terminal","HighT/I","P733891","P733891 060624 052924 28th SS","P733891 060624 052924 28th SS.D","2024-06-06","2024-05-29","sample","2024-05-22","2024-05-29",9577,2,"222024",1,0.7018,"REG",0.2651,0.2447,"REG",0.0926,0.0723,"REG",0.0267,0.15310000000000001,"REG",0.0559,0.3352,"REG",0.1329,0.0592,"REG",0.0264,0.0446,"REG",0.0209,0.036,"LOD",0.0225,0.0733,"REG",0.0263,0.0431,"REG",0.0196,0.1727,"REG",0.0642,0.038,"LOD",0.0338,0.2671,"REG",0.108,0.3696,"REG",0.1007,0.1444,"REG",0.0743,0.0975,"REG",0.0426,0.1984,"REG",0.0835,0.1524,"REG",0.0756,0.2757,"REG",0.0888,0.1582,"REG",0.0612,0.2259,"REG",0.0797,0.362,"REG",0.0925,0.3685,"REG",0.1334,0.8404,"REG",0.2852,1.4988,"REG",0.5489,3.6795,"REG",1.3452,0.2825,"ULOD",0.1055,1.3959,"REG",0.5193,0.0924,"REG",0.0369,0.007,"LOD",0.0104,0.0236,"REG",0.0116,0.0017,"ND",0.0029,5e-4,"ND",8e-4,0.0133,"LOD",0.013,0.1653,"REG",0.0616,0.0293,"REG",0.0114,0.0139,"REG",0.0034,0.0547,"REG",0.0135,0.24861150474599364,0.22,0.8549,"REG",1.5071,"REG",NA
"4","28th & Passyunk","stationary","39.92061091, -75.1955879",39.92061091,-75.1955879,"#00BA38","Industrial","Vacant","High","Oil terminal, gas station, former refinery site, natural gas terminal","HighT/I","P726615","P726615 060724 060524 28th SS","P726615 060724 060524 28th SS.D","2024-06-07","2024-06-05","sample","2024-05-29","2024-06-05",9349,2,"232024",1,0.5967,"REG",0.2254,0.2106,"REG",0.0798,0.0634,"REG",0.0234,0.1286,"REG",0.0485,0.2524,"REG",0.1001,0.0094,"ND",0.0157,0.0293,"LOD",0.0183,0.0295,"LOD",0.0218,0.0563,"REG",0.0254,0.0321,"REG",0.0183,0.1145,"REG",0.0434,0.0259,"LOD",0.0329,0.2046,"REG",0.0828,0.3145,"REG",0.0857,0.0614,"REG",0.0369,0.0553,"REG",0.0265,0.0989,"REG",0.0501,0.0752,"REG",0.0467,0.1469,"REG",0.0671,0.1232,"REG",0.0513,0.1673,"REG",0.0613,0.271,"REG",0.0708,0.2643,"REG",0.1001,0.6392,"REG",0.219,1.2172,"REG",0.4464,3.0153,"REG",1.1035,0.3397,"ULOD",0.1268,1.0696,"REG",0.399,0.0824,"REG",0.0336,0.0144,"LOD",0.0115,0.0242,"REG",0.0118,0.0018,"ND",0.0029,0.0093,"REG",0.0032,0.0196,"REG",0.0138,0.1539,"REG",0.0577,0.03,"REG",0.0117,0.0333,"REG",0.0064,0.0458,"REG",0.0113,0.2546745513907777,0.18,0.7253000000000001,"REG",1.2517,"REG",NA
"4","28th & Passyunk","stationary","39.92061091, -75.1955879",39.92061091,-75.1955879,"#00BA38","Industrial","Vacant","High","Oil terminal, gas station, former refinery site, natural gas terminal","HighT/I","P726652","P726652 062124 061224 28th SS","P726652 062124 061224 28th SS.D","2024-06-21","2024-06-12","sample","2024-06-05","2024-06-12",9861,2,"242024",1,2.8547,"REG",1.078,0.2567,"REG",0.097,0.344,"REG",0.1258,0.3835,"REG",0.1316,0.386,"REG",0.15310000000000001,0.1461,"REG",0.0498,0.1237,"REG",0.0423,0.0944,"REG",0.0367,0.274,"REG",0.0529,0.1376,"REG",0.0402,0.4889,"REG",0.1795,0.1598,"REG",0.067,0.4622,"REG",0.1869,0.4739,"REG",0.1291,0.2079,"REG",0.1047,0.1961,"REG",0.0827,0.2224,"REG",0.092,0.1535,"REG",0.0757,0.2677,"REG",0.0863,0.2274,"REG",0.0826,0.1721,"REG",0.0623,0.4665,"REG",0.1177,0.5965,"REG",0.2094,1.0883,"REG",0.3673,1.1124,"REG",0.4081,3.0326,"REG",1.1095,0.1791,"REG",0.0668,1.2276,"REG",0.457,0.0898,"REG",0.0358,0.0136,"LOD",0.0109,0.0229,"REG",0.0112,0.0017,"ND",0.0028,0.0088,"REG",0.0031,0.0073,"LOD",0.0123,0.2043,"REG",0.0753,0.0284,"REG",0.011,0.009,"REG",0.0028,0.0435,"REG",0.0107,0.2414514127322159,0.18,3.2382,"REG",4.2249,"REG",NA
"4","28th & Passyunk","stationary","39.92061091, -75.1955879",39.92061091,-75.1955879,"#00BA38","Industrial","Vacant","High","Oil terminal, gas station, former refinery site, natural gas terminal","HighT/I","P726660","P726660 062124 061924 28th SS","P726660 062124 061924 28th SS.D","2024-06-21","2024-06-19","sample","2024-06-12","2024-06-19",10151,2,"252024",1,1.1336,"REG",0.4281,0.2555,"REG",0.0965,0.1372,"REG",0.0503,0.2118,"REG",0.0744,0.3163,"REG",0.1254,0.0087,"ND",0.0145,0.0691,"REG",0.0264,0.051,"REG",0.0247,0.1002,"REG",0.0278,0.063,"REG",0.0226,0.2286,"REG",0.0844,0.0657,"REG",0.038,0.4109,"REG",0.1661,0.4735,"REG",0.129,0.1738,"REG",0.0881,0.1617,"REG",0.0685,0.2016,"REG",0.0841,0.1757,"REG",0.0846,0.2666,"REG",0.0851,0.2209,"REG",0.0802,0.1442,"REG",0.0534,0.4006,"REG",0.1016,0.4868,"REG",0.1722,0.9731,"REG",0.3289,1.0503,"REG",0.3854,2.8146,"REG",1.03,0.1575,"REG",0.0588,1.5762,"REG",0.5857,0.0065,"ND",0.0109,0.0132,"LOD",0.0106,0.0417,"REG",0.0174,0.0016,"ND",0.0027,0.0068,"REG",0.0024,0.0016,"LOD",0.0118,0.1843,"REG",0.0681,0.0184,"REG",0.0074,0.0044,"REG",0.0023,0.0375,"REG",0.0093,0.23455348053909772,0.16,1.3454,"REG",2.0544000000000002,"REG",NA
"4","28th & Passyunk","stationary","39.92061091, -75.1955879",39.92061091,-75.1955879,"#00BA38","Industrial","Vacant","High","Oil terminal, gas station, former refinery site, natural gas terminal","HighT/I","P733848","P733848 062724 061924 28th SS","P733848 062724 061924 28th SS.D","2024-06-27","2024-06-19","sample","2024-06-19","2024-06-26",10080,2,"262024",1,0.3904,"REG",0.1475,0.1271,"REG",0.0487,0.0489,"REG",0.0182,0.0775,"REG",0.0328,0.1961,"REG",0.0778,0.0299,"LOD",0.0199,0.0212,"LOD",0.016,0.0205,"LOD",0.0192,0.0244,"LOD",0.0222,0.0185,"LOD",0.0158,0.0649,"REG",0.0259,0.012,"LOD",0.0295,0.1258,"REG",0.051,0.1462,"REG",0.04,0.0569,"REG",0.0342,0.0471,"REG",0.0231,0.0675,"REG",0.0396,0.0429,"LOD",0.0355,0.0833,"LOD",0.0558,0.0902,"REG",0.041,0.066,"REG",0.0314,0.1058,"REG",0.0333,0.1401,"REG",0.0618,0.2662,"REG",0.0985,0.3658,"REG",0.1382,0.8503,"REG",0.3196,0.0675,"REG",0.0252,0.4595,"REG",0.1751,0.0194,"REG",0.0149,0.0048,"ND",0.008,0.0387,"REG",0.0163,0.0016,"ND",0.0027,5e-4,"ND",8e-4,0.0017,"LOD",0.0119,0.1713,"REG",0.0636,0.0185,"REG",0.0074,0.0044,"REG",0.0023,0.0567,"REG",0.014,0.2362055933484505,0.24,0.46790000000000004,"REG",0.84,"REG",NA
"5","28th & Point Breeze","stationary","39.92624784, -75.1923165",39.92624784,-75.1923165,"#00C19F","Non-Industrial","Residential","Low","Laundromat","LowT/NoI","P733882","P733882 071323 070523 Point Breeze Near 1WK SS","P733882 071323 070523 Point Breeze Near 1WK SS.D","2023-07-13","2023-07-05","sample","2023-06-28","2023-07-05",9685,2,"272023",1,0.4499,"REG",0.17,0.3453,"REG",0.1302,0.0878,"REG",0.0323,0.125,"REG",0.047,0.3455,"REG",0.137,0.0313,"LOD",0.0208,0.0063,"LOD",0.0152,0.0249,"LOD",0.0205,0.0543,"REG",0.0246,0.0234,"LOD",0.0168,0.0688,"REG",0.0274,0.0313,"LOD",0.0325,0.1324,"REG",0.0536,0.1549,"REG",0.0424,0.0101,"ND",0.0168,0.0264,"REG",0.0168,0.0516,"REG",0.0368,0.0356,"LOD",0.0349,0.0749,"LOD",0.057,0.1252,"REG",0.0513,0.0618,"REG",0.0311,0.1101,"REG",0.0347,0.12,"REG",0.0576,0.2518,"REG",0.095,0.3177,"REG",0.1217,0.7916,"REG",0.2997,0.0485,"REG",0.0181,0.413,"REG",0.1589,0.0356,"REG",0.019,0.0199,"REG",0.0122,0.0516,"REG",0.021,0.0017,"ND",0.0028,5e-4,"ND",8e-4,0.0115,"LOD",0.0127,0.1931,"REG",0.0714,0.0193,"REG",0.0077,0.0092,"REG",0.0028,0.0393,"REG",0.0097,0.24583917201366867,0.16,0.5749,"REG",1.3535,"REG",NA
"5","28th & Point Breeze","stationary","39.92624784, -75.1923165",39.92624784,-75.1923165,"#00C19F","Non-Industrial","Residential","Low","Laundromat","LowT/NoI","P726650","P726650 071323 071223 Point Breeze Near 1WK SS","P726650 071323 071223 Point Breeze Near 1WK SS.D","2023-07-13","2023-07-12","sample","2023-07-05","2023-07-12",8991,2,"282023",1,0.6276,"REG",0.2371,0.2259,"REG",0.0856,0.1057,"REG",0.0388,0.1698,"REG",0.0616,0.4005,"REG",0.1588,0.0422,"REG",0.0238,0.0305,"LOD",0.019,0.0307,"LOD",0.0226,0.0741,"REG",0.0276,0.0336,"REG",0.0191,0.102,"REG",0.0391,0.0404,"LOD",0.036,0.1713,"REG",0.0694,0.2113,"REG",0.0577,0.0139,"REG",0.0228,0.0516,"REG",0.0255,0.0719,"REG",0.0434,0.0564,"REG",0.042,0.1251,"REG",0.0661,0.1213,"REG",0.0514,0.0925,"REG",0.0399,0.1557,"REG",0.045,0.1685,"REG",0.0724,0.3662,"REG",0.1314,0.4335,"REG",0.1632,1.1917,"REG",0.4433,0.0812,"REG",0.0303,0.562,"REG",0.2133,0.0639,"REG",0.0278,0.0065,"LOD",0.0111,0.052,"REG",0.0213,0.0018,"ND",0.0031,5e-4,"ND",9e-4,0.0185,"LOD",0.0141,0.192,"REG",0.0713,0.0312,"REG",0.0121,0.0099,"REG",0.003,0.0424,"REG",0.0105,0.2648150796298945,0.16,0.7974000000000001,"REG",1.5295,"REG",NA
"5","28th & Point Breeze","stationary","39.92624784, -75.1923165",39.92624784,-75.1923165,"#00C19F","Non-Industrial","Residential","Low","Laundromat","LowT/NoI","P637229","P637229 072723 071923 Point Breeze Near 1WK DS","P637229 072723 071923 Point Breeze Near 1WK DS.D","2023-07-27","2023-07-19","sample","2023-07-12","2023-07-19",9333,14.3,"292023",1,1.9623,"REG",0.7411,0.4966,"REG",0.187,0.3064,"REG",0.1121,0.5242,"REG",0.179,0.902,"REG",0.3577,0.1454,"LOD",0.05,0.1168,"LOD",0.0406,0.1057,"LOD",0.0405,0.2419,"LOD",0.0485,0.1156,"LOD",0.0351,0.383,"REG",0.1408,0.1393,"LOD",0.061,0.5715,"REG",0.2311,0.6022,"REG",0.164,0.1624,"LOD",0.083,0.2068,"REG",0.0873,0.2368,"LOD",0.0979,0.1919,"LOD",0.0924,0.4006,"LOD",0.1164,0.325,"LOD",0.115,0.2549,"LOD",0.0893,0.4597,"REG",0.1163,0.6293,"REG",0.221,1.1211,"REG",0.3786,1.7286,"REG",0.6328,4.2165,"REG",1.541,0.3169,"REG",0.1183,2.4999,"REG",0.9278,0.0634,"LOD",0.0274,0.0052,"ND",0.0087,0.123,"REG",0.0477,0.0018,"ND",0.0029,0.0281,"REG",0.0093,0.0426,"LOD",0.017,0.5512,"REG",0.1999,0.0716,"REG",0.0273,0.034,"REG",0.0065,0.1824,"REG",0.0448,0.25511115192889544,0.7150000000000001,2.4865,"REG",4.1915,"REG",NA
"5","28th & Point Breeze","stationary","39.92624784, -75.1923165",39.92624784,-75.1923165,"#00C19F","Non-Industrial","Residential","Low","Laundromat","LowT/NoI","P726614","P726614 072823 072623 Point Breeze Near 1WK DS","P726614 072823 072623 Point Breeze Near 1WK DS.D","2023-07-28","2023-07-26","sample","2023-07-19","2023-07-26",9926,14.3,"302023",1,1.382,"REG",0.5219,0.4219,"REG",0.159,0.2161,"REG",0.0791,0.3791,"REG",0.1301,0.6642,"REG",0.2634,0.082,"LOD",0.0316,0.0074,"ND",0.0123,0.0745,"LOD",0.031,0.1264,"LOD",0.0313,0.0544,"LOD",0.0211,0.1801,"REG",0.0668,0.0437,"LOD",0.0338,0.3515,"REG",0.1421,0.3741,"REG",0.1019,0.1184,"LOD",0.0618,0.1344,"REG",0.0574,0.1523,"LOD",0.0667,0.1025,"LOD",0.0553,0.2326,"LOD",0.0791,0.2183,"LOD",0.0796,0.1678,"LOD",0.0609,0.2401,"LOD",0.0632,0.3375,"LOD",0.1228,0.6149,"REG",0.2105,0.9604,"REG",0.3528,2.5925,"REG",0.9493,0.3501,"REG",0.1307,1.0615,"REG",0.3957,0.0596,"LOD",0.0258,0.0049,"ND",0.0082,0.092,"LOD",0.0359,0.0017,"ND",0.0028,0.0264,"REG",0.0088,0.04,"LOD",0.0159,0.5182,"REG",0.188,0.0673,"REG",0.0257,0.032,"REG",0.0061,0.2058,"REG",0.0505,0.23987027815357453,0.858,1.7610999999999999,"REG",3.0633,"REG",NA
"5","28th & Point Breeze","stationary","39.92624784, -75.1923165",39.92624784,-75.1923165,"#00C19F","Non-Industrial","Residential","Low","Laundromat","LowT/NoI","P726652","P726652 081023 080223 Point Breeze Near 1WK SS","P726652 081023 080223 Point Breeze Near 1WK SS.D","2023-08-10","2023-08-02","sample","2023-07-26","2023-08-02",10102,2,"312023",1,0.4443,"REG",0.1678,0.2134,"REG",0.0808,0.0742,"REG",0.0273,0.1198,"REG",0.0451,0.3117,"REG",0.1236,0.0301,"LOD",0.0199,0.0211,"LOD",0.016,0.0239,"LOD",0.0196,0.0515,"REG",0.0235,0.0218,"LOD",0.0161,0.0646,"REG",0.0258,0.03,"LOD",0.0312,0.1299,"REG",0.0526,0.1584,"REG",0.0433,0.0911,"REG",0.0491,0.0619,"REG",0.0285,0.0692,"REG",0.04,0.0544,"REG",0.0385,0.099,"REG",0.0573,0.084,"REG",0.0394,0.0725,"REG",0.0329,0.1122,"REG",0.0346,0.1242,"REG",0.0575,0.2656,"REG",0.0983,0.3249,"REG",0.1238,0.8988,"REG",0.3368,0.0825,"REG",0.0308,0.3855,"REG",0.1486,0.0065,"ND",0.0109,0.0133,"LOD",0.0107,0.06,"REG",0.024,0.0016,"ND",0.0027,5e-4,"ND",8e-4,0.0165,"LOD",0.0126,0.1994,"REG",0.0735,0.037,"REG",0.0142,0.0132,"REG",0.0032,0.066,"REG",0.0162,0.23569118797786387,0.28,0.5640999999999999,"REG",1.1634,"REG",NA
"5","28th & Point Breeze","stationary","39.92624784, -75.1923165",39.92624784,-75.1923165,"#00C19F","Non-Industrial","Residential","Low","Laundromat","LowT/NoI","P733847","P733847 081123 080923 Point Breeze Near 1WK SS","P733847 081123 080923 Point Breeze Near 1WK SS.D","2023-08-11","2023-08-09","sample","2023-08-02","2023-08-09",10062,2,"322023",1,0.5809,"REG",0.2194,0.2267,"REG",0.0858,0.0944,"REG",0.0347,0.1412,"REG",0.0518,0.2749,"REG",0.109,0.0453,"REG",0.0227,0.0333,"REG",0.018,0.0308,"LOD",0.0208,0.0692,"REG",0.0249,0.0331,"REG",0.0175,0.1063,"REG",0.0403,0.0422,"LOD",0.0332,0.1624,"REG",0.0658,0.1723,"REG",0.0471,0.0773,"REG",0.0429,0.0787,"REG",0.035,0.0743,"REG",0.0415,0.0654,"REG",0.0419,0.1126,"REG",0.0591,0.1385,"REG",0.0546,0.0926,"REG",0.0383,0.1524,"REG",0.0431,0.2066,"REG",0.081,0.3878,"REG",0.1366,0.4383,"REG",0.164,1.0916,"REG",0.4057,0.1151,"REG",0.043,0.5754,"REG",0.2172,0.0066,"ND",0.0109,0.0133,"LOD",0.0107,0.0863,"REG",0.0338,0.0016,"ND",0.0027,5e-4,"ND",8e-4,0.0166,"LOD",0.0126,0.2145,"REG",0.0789,0.0372,"REG",0.0143,0.0088,"REG",0.0027,0.0994,"REG",0.0244,0.2366281436048878,0.42,0.7221,"REG",1.3181,"REG",NA
"5","28th & Point Breeze","stationary","39.92624784, -75.1923165",39.92624784,-75.1923165,"#00C19F","Non-Industrial","Residential","Low","Laundromat","LowT/NoI","P733859","P733859 082423 081623 Point Breeze Near SS","P733859 082423 081623 Point Breeze Near SS.D","2023-08-24","2023-08-16","sample","2023-08-09","2023-08-16",10200,1.3,"332023",1,0.5314,"REG",0.2007,0.1955,"REG",0.0741,0.0988,"REG",0.0363,0.1442,"REG",0.0526,0.3809,"REG",0.151,0.0339,"REG",0.0204,0.0072,"ND",0.012,0.0286,"REG",0.0202,0.071,"REG",0.0248,0.0282,"REG",0.0166,0.0783,"REG",0.0305,0.0386,"REG",0.0323,0.1621,"REG",0.0656,0.1676,"REG",0.0458,0.1038,"REG",0.0548,0.0766,"REG",0.0342,0.0822,"REG",0.0434,0.0936,"REG",0.0515,0.0255,"ND",0.0425,0.1197,"REG",0.0489,0.0657,"REG",0.0311,0.1232,"REG",0.0367,0.1611,"REG",0.0673,0.2875,"REG",0.1049,0.3007,"REG",0.1152,0.7949,"REG",0.2998,0.0636,"REG",0.0237,0.3891,"REG",0.1497,0.0417,"REG",0.0201,0.0086,"LOD",0.01,0.0506,"REG",0.0205,0.0016,"ND",0.0027,4e-4,"ND",7e-4,0.0212,"REG",0.013,0.165,"REG",0.0613,0.0298,"REG",0.0115,0.0142,"REG",0.0033,0.0394,"REG",0.0097,0.2334267040149393,0.169,0.6756,"REG",1.3508,"REG","Summer"
"5","28th & Point Breeze","stationary","39.92624784, -75.1923165",39.92624784,-75.1923165,"#00C19F","Non-Industrial","Residential","Low","Laundromat","LowT/NoI","P733879","P733879 082523 082323 Point Breeze Near SS","P733879 082523 082323 Point Breeze Near SS.D","2023-08-25","2023-08-23","sample","2023-08-16","2023-08-23",10015,2,"342023",1,0.7477,"REG",0.2824,0.2964,"REG",0.1119,0.1498,"REG",0.0549,0.1997,"REG",0.0705,0.5821,"REG",0.2308,0.0417,"REG",0.0221,0.0304,"REG",0.0176,0.0344,"LOD",0.0215,0.087,"REG",0.0267,0.0333,"REG",0.0175,0.0818,"REG",0.0317,0.0424,"LOD",0.0334,0.189,"REG",0.0765,0.1797,"REG",0.0491,0.458,"REG",0.2274,0.3204,"REG",0.1342,0.1088,"REG",0.0519,0.1196,"REG",0.0617,0.1664,"REG",0.0671,0.115,"REG",0.0479,0.0764,"REG",0.0341,0.1265,"REG",0.0376,0.137,"REG",0.0611,0.2679,"REG",0.0992,0.297,"REG",0.1141,0.7925,"REG",0.2993,0.0658,"REG",0.0246,0.2523,"REG",0.1021,0.0631,"REG",0.0268,0.0134,"LOD",0.0108,0.0311,"REG",0.0138,0.0016,"ND",0.0027,5e-4,"ND",8e-4,0.0333,"REG",0.0148,0.1724,"REG",0.064,0.028,"REG",0.0109,0.0133,"REG",0.0032,0.038,"REG",0.0094,0.23773863015001306,0.16,0.9474,"REG",1.9757,"REG","Summer"
"5","28th & Point Breeze","stationary","39.92624784, -75.1923165",39.92624784,-75.1923165,"#00C19F","Non-Industrial","Residential","Low","Laundromat","LowT/NoI","P733869","P733869 090723 083023 Point Breeze near SS","P733869 090723 083023 Point Breeze near SS.D","2023-09-07","2023-08-30","sample","2023-08-23","2023-08-30",10013,2,"352023",1,0.7134,"REG",0.2694,0.2185,"REG",0.0827,0.1294,"REG",0.0474,0.173,"REG",0.0619,0.391,"REG",0.155,0.0493,"REG",0.0236,0.0073,"ND",0.0122,0.0327,"REG",0.0212,0.0841,"REG",0.0264,0.0264,"LOD",0.0167,0.1082,"REG",0.041,0.054,"LOD",0.0357,0.2008,"REG",0.0813,0.2402,"REG",0.0656,0.0266,"REG",0.0235,0.0843,"REG",0.0372,0.0593,"REG",0.0377,0.0504,"LOD",0.0376,0.0938,"REG",0.0572,0.1453,"REG",0.0567,0.0953,"REG",0.0391,0.2131,"REG",0.0568,0.2693,"REG",0.1006,0.5115,"REG",0.1766,0.5514,"REG",0.2046,1.3887,"REG",0.5126,0.0781,"REG",0.0292,0.5992,"REG",0.2259,0.0507,"REG",0.0229,0.0106,"LOD",0.0104,0.0355,"REG",0.0152,0.0016,"ND",0.0027,5e-4,"ND",8e-4,0.0153,"LOD",0.0126,0.2012,"REG",0.0742,0.028,"REG",0.0109,0.0133,"REG",0.0032,0.0571,"REG",0.0141,0.23778611614425058,0.24,0.8864000000000001,"REG",1.6253000000000002,"REG","Summer"
"5","28th & Point Breeze","stationary","39.92624784, -75.1923165",39.92624784,-75.1923165,"#00C19F","Non-Industrial","Residential","Low","Laundromat","LowT/NoI","P726670","P726670 090823 090623 Point Breeze near SS","P726670 090823 090623 Point Breeze near SS.D","2023-09-08","2023-09-06","sample","2023-08-30","2023-09-06",10044,2,"362023",1,0.5618,"REG",0.2122,0.2053,"REG",0.0778,0.0991,"REG",0.0364,0.1568,"REG",0.0567,0.3728,"REG",0.1478,0.0378,"REG",0.0213,0.0304,"REG",0.0175,0.0223,"LOD",0.0195,0.0699,"REG",0.025,0.0263,"LOD",0.0166,0.0913,"REG",0.035,0.0357,"LOD",0.0322,0.1488,"REG",0.0603,0.1864,"REG",0.0509,0.0217,"REG",0.0222,0.0425,"REG",0.0216,0.0737,"REG",0.0413,0.0718,"REG",0.0441,0.1068,"REG",0.0585,0.1207,"REG",0.0494,0.0685,"REG",0.032,0.146,"REG",0.0417,0.163,"REG",0.0682,0.34,"REG",0.1214,0.3761,"REG",0.1419,1.0051,"REG",0.3748,0.0585,"REG",0.0218,0.4716,"REG",0.1795,0.0066,"ND",0.011,0.0048,"ND",0.0081,0.0484,"REG",0.0198,0.0016,"ND",0.0027,5e-4,"ND",8e-4,0.0263,"REG",0.0137,0.1862,"REG",0.0689,0.0279,"REG",0.0108,0.0133,"REG",0.0032,0.0474,"REG",0.0117,0.23705220837837326,0.2,0.7185999999999999,"REG",1.3958,"REG","Summer"
"5","28th & Point Breeze","stationary","39.92624784, -75.1923165",39.92624784,-75.1923165,"#00C19F","Non-Industrial","Residential","Low","Laundromat","LowT/NoI","P733892","P733892 092923 092723 Point Breeze near SS","P733892 092923 092723 Point Breeze near SS RENAME.D","2023-09-29","2023-09-27","sample","2023-09-20","2023-09-27",9986,2,"392023",1,0.5293,"REG",0.2,0.2504,"REG",0.0946,0.0797,"REG",0.0293,0.1102,"REG",0.0423,0.3452,"REG",0.1369,0.019,"LOD",0.0187,0.0092,"LOD",0.0149,0.0086,"LOD",0.0184,0.0387,"LOD",0.023,0.0189,"LOD",0.016,0.0417,"REG",0.0185,0.0177,"LOD",0.0302,0.0915,"REG",0.0372,0.1341,"REG",0.0368,0.0123,"REG",0.0205,0.0303,"REG",0.0176,0.035,"LOD",0.0328,0.0126,"LOD",0.0306,0.0273,"LOD",0.0525,0.0486,"LOD",0.032,0.0622,"REG",0.0306,0.0868,"REG",0.0299,0.0579,"LOD",0.0437,0.1954,"REG",0.0779,0.3064,"REG",0.1174,0.8774,"REG",0.3294,0.1327,"REG",0.0495,0.1476,"REG",0.0684,0.0278,"REG",0.0168,0.0039,"LOD",0.0098,0.0126,"REG",0.0084,0.0017,"ND",0.0028,5e-4,"ND",8e-4,0.0264,"REG",0.0138,0.2738,"REG",0.1001,0.0281,"REG",0.0109,0.0134,"REG",0.0033,0.1478,"REG",0.0363,0.23842903874948737,0.62,0.6395,"REG",1.3148000000000002,"REG","Summer"
"5","28th & Point Breeze","stationary","39.92624784, -75.1923165",39.92624784,-75.1923165,"#00C19F","Non-Industrial","Residential","Low","Laundromat","LowT/NoI","P733885","P733885 101223 100423 Point Breeze near SS","P733885 101223 100423 Point Breeze near SS.D","2023-10-12","2023-10-04","sample","2023-09-27","2023-10-04",10106,2,"402023",1,0.8679,"REG",0.3278,0.3371,"REG",0.1271,0.1232,"REG",0.0452,0.1875,"REG",0.0665,0.5158,"REG",0.2045,0.03,"LOD",0.0199,0.0211,"LOD",0.016,0.0273,"LOD",0.0201,0.0694,"REG",0.0249,0.0299,"REG",0.017,0.0816,"REG",0.0316,0.036,"LOD",0.0321,0.2126,"REG",0.086,0.343,"REG",0.0935,0.1268,"REG",0.0656,0.153,"REG",0.065,0.0623,"REG",0.0382,0.039,"LOD",0.0345,0.0594,"LOD",0.0536,0.1919,"REG",0.071,0.0988,"REG",0.04,0.184,"REG",0.0501,0.163,"REG",0.0681,0.4224,"REG",0.1476,0.6495,"REG",0.2399,1.7528,"REG",0.6442,0.2808,"ULOD",0.1048,0.5093,"REG",0.1931,0.0512,"REG",0.023,0.0053,"REG",0.0098,0.0185,"REG",0.0098,0.0016,"ND",0.0027,5e-4,"ND",8e-4,0.0319,"REG",0.0145,0.2563,"REG",0.0938,0.037,"REG",0.0142,0.022,"REG",0.0045,0.0565,"REG",0.0139,0.2355979003515121,0.24,1.0554000000000001,"REG",2.0315,"REG","Summer"
"5","28th & Point Breeze","stationary","39.92624784, -75.1923165",39.92624784,-75.1923165,"#00C19F","Non-Industrial","Residential","Low","Laundromat","LowT/NoI","P726608","P726608 101323 101123 Point Breeze near SS","P726608 101323 101123 Point Breeze near SS.D","2023-10-13","2023-10-11","sample","2023-10-04","2023-10-11",10010,1.99,"412023",1,0.8079,"REG",0.3051,0.413,"REG",0.1556,0.1138,"REG",0.0417,0.1726,"REG",0.0618,0.5181,"REG",0.2054,0.0302,"LOD",0.0201,0.0182,"LOD",0.0157,0.024,"LOD",0.0198,0.0628,"REG",0.0245,0.0263,"LOD",0.0167,0.0737,"REG",0.029,0.0301,"LOD",0.0315,0.2006,"REG",0.0812,0.3777,"REG",0.1029,0.0275,"REG",0.0238,0.05,"REG",0.0242,0.0528,"REG",0.0362,0.0231,"LOD",0.0317,0.0463,"LOD",0.0533,0.1627,"REG",0.062,0.0893,"REG",0.0375,0.1849,"REG",0.0503,0.1637,"REG",0.0685,0.4121,"REG",0.1444,0.6933,"REG",0.2558,1.9123000000000001,"REG",0.7021,0.382,"ULOD",0.1426,0.407,"REG",0.1564,0.0627,"REG",0.0267,0.0186,"REG",0.0116,0.0218,"REG",0.0108,0.0016,"ND",0.0027,5e-4,"ND",8e-4,0.0375,"REG",0.0155,0.3003,"REG",0.1096,0.0464,"REG",0.0178,0.0221,"REG",0.0045,0.1231,"REG",0.0302,0.2378573807145236,0.5174,0.9804999999999999,"REG",2.0254,"REG","Summer"
"5","28th & Point Breeze","stationary","39.92624784, -75.1923165",39.92624784,-75.1923165,"#00C19F","Non-Industrial","Residential","Low","Laundromat","LowT/NoI","P733856","P733856 102623 101823 Point Breeze Near SS RENAME","P733856 102623 101823 Point Breeze Near SS RENAME.D","2023-10-26","2023-10-18","sample","2023-10-11","2023-10-18",10045,2,"422023",1,0.7737,"REG",0.2922,0.3018,"REG",0.1139,0.1289,"REG",0.0472,0.1729,"REG",0.0619,0.4512,"REG",0.1789,0.0264,"LOD",0.0195,0.0152,"LOD",0.0154,0.0206,"LOD",0.0193,0.0629,"REG",0.0245,0.0301,"REG",0.0171,0.0738,"REG",0.029,0.0302,"LOD",0.0314,0.1111,"REG",0.0451,0.2057,"REG",0.0562,0.0097,"ND",0.0162,0.017,"REG",0.0141,0.0384,"LOD",0.0332,0.0124,"LOD",0.0304,0.0332,"LOD",0.0525,0.0845,"REG",0.0397,0.0696,"REG",0.0323,0.1254,"REG",0.0373,0.0937,"REG",0.0504,0.2914,"REG",0.1063,0.4697,"REG",0.1752,1.4222,"REG",0.5247,0.1601,"ULOD",0.0597,0.2295,"REG",0.0944,0.0172,"REG",0.0146,0.0048,"ND",0.0081,0.0153,"REG",0.009,0.0016,"ND",0.0027,5e-4,"ND",8e-4,0.0376,"REG",0.0154,0.3438,"REG",0.1252,0.0372,"REG",0.0143,0.0221,"REG",0.0045,0.1233,"REG",0.0303,0.23702860935314896,0.52,0.9466000000000001,"REG",1.8285000000000002,"REG","Summer"
"5","28th & Point Breeze","stationary","39.92624784, -75.1923165",39.92624784,-75.1923165,"#00C19F","Non-Industrial","Residential","Low","Laundromat","LowT/NoI","P726643","P726643 102723 102523 Point Breeze Near SS","P726643 102723 102523 Point Breeze Near SS.D","2023-10-27","2023-10-25","sample","2023-10-18","2023-10-25",10082,2,"432023",1,2.5562,"REG",0.9653,0.5486,"REG",0.2066,0.3566,"REG",0.1304,0.5012,"REG",0.1711,1.2303,"REG",0.4879,0.0565,"REG",0.0251,0.0423,"REG",0.0199,0.0513,"REG",0.0249,0.1566,"REG",0.035,0.0749,"REG",0.0251,0.2058,"REG",0.0761,0.0721,"REG",0.0398,0.5522,"REG",0.2233,0.9654,"REG",0.2629,0.0893,"REG",0.0482,0.1368,"REG",0.0584,0.0769,"REG",0.0421,0.0338,"LOD",0.0334,0.0661,"LOD",0.0543,0.2164,"REG",0.0789,0.2046,"REG",0.0725,0.6077,"REG",0.1523,0.4084,"REG",0.146,1.4031,"REG",0.4723,2.2584,"ULOD",0.826,5.9134,"ULOD",2.1594,0.689,"ULOD",0.2572,1.7112,"REG",0.6357,0.1653,"REG",0.0625,0.0453,"REG",0.0184,0.0034,"ND",0.0057,0.0016,"ND",0.0027,5e-4,"ND",8e-4,0.032,"REG",0.0145,0.314,"REG",0.1144,0.0556,"REG",0.0212,0.022,"REG",0.0045,0.1322,"REG",0.0325,0.23615873645629648,0.56,3.0574,"REG",5.1929,"REG","Summer"
"5","28th & Point Breeze","stationary","39.92624784, -75.1923165",39.92624784,-75.1923165,"#00C19F","Non-Industrial","Residential","Low","Laundromat","LowT/NoI","P726611","P726611 111023 110123 Point Breeze Near SS RR","P726611 111023 110123 Point Breeze Near SS RR.D","2023-11-10","2023-11-01","sample","2023-10-25","2023-11-01",9614,2,"442023",1,2.1449,"REG",0.81,0.5298,"REG",0.1995,0.2902,"REG",0.1062,0.4215,"REG",0.1444,1.1946,"REG",0.4737,0.0711,"REG",0.0291,0.0571,"REG",0.0238,0.061,"REG",0.0278,0.1715,"REG",0.0377,0.0824,"REG",0.0272,0.2158,"REG",0.0798,0.082,"REG",0.0434,0.565,"REG",0.2284,0.88,"REG",0.2396,0.2645,"REG",0.1324,0.2535,"REG",0.1065,0.1192,"REG",0.0559,0.041,"LOD",0.0363,0.1116,"REG",0.0611,0.2648,"REG",0.095,0.1488,"REG",0.0553,0.4715,"REG",0.1191,0.4883,"REG",0.1731,1.0275,"REG",0.3472,1.3335,"REG",0.4887,3.5464,"REG",1.2967,0.3612,"ULOD",0.1348,1.2044,"REG",0.4485,0.1829,"REG",0.069,0.0461,"REG",0.0188,0.0036,"ND",0.006,0.0017,"ND",0.0029,5e-4,"ND",8e-4,0.0272,"REG",0.0143,0.2694,"REG",0.0986,0.0476,"REG",0.0182,0.0324,"REG",0.0062,0.1387,"REG",0.034,0.24765470989727284,0.56,2.5664,"REG",4.5809999999999995,"REG","Summer"
"5","28th & Point Breeze","stationary","39.92624784, -75.1923165",39.92624784,-75.1923165,"#00C19F","Non-Industrial","Residential","Low","Laundromat","LowT/NoI","P726669","P726669 111023 110823 Point Breeze Near SS","P726669 111023 110823 Point Breeze Near SS.D","2023-11-10","2023-11-08","sample","2023-11-01","2023-11-08",9866,2,"452023",1,3.3354,"REG",1.2596,1.3842,"REG",0.5207,0.4602,"REG",0.1683,0.6775,"REG",0.2307,1.8025,"REG",0.7147,0.1039,"REG",0.0376,0.0711,"REG",0.0272,0.0804,"REG",0.0327,0.2312,"REG",0.0462,0.0994,"REG",0.0309,0.3117,"REG",0.1147,0.1167,"REG",0.053,0.5768,"REG",0.2332,0.9251,"REG",0.2519,0.2529,"REG",0.1267,0.2302,"REG",0.0968,0.1755,"REG",0.0749,0.0619,"REG",0.0413,0.1426,"REG",0.064,0.2826,"REG",0.1006,0.199,"REG",0.0708,0.5406,"REG",0.1359,0.6547,"REG",0.2292,1.199,"REG",0.4042,1.8504,"REG",0.6771,4.9038,"ULOD",1.7913,0.536,"ULOD",0.2001,1.355,"REG",0.504,0.1549,"REG",0.0588,0.0381,"REG",0.0164,0.01,"LOD",0.008,0.0017,"ND",0.0028,0.0149,"REG",0.005,0.0434,"REG",0.0166,0.2771,"REG",0.1013,0.0464,"REG",0.0178,0.0315,"REG",0.006,0.1255,"REG",0.0308,0.24132904732945273,0.52,4.0129,"REG",7.659800000000001,"REG",NA
"5","28th & Point Breeze","stationary","39.92624784, -75.1923165",39.92624784,-75.1923165,"#00C19F","Non-Industrial","Residential","Low","Laundromat","LowT/NoI","P733857","P733857 112423 111523 Point Breeze Near SS","P733857 112423 111523 Point Breeze Near SS.D","2023-11-24","2023-11-15","sample","2023-11-08","2023-11-15",10164,2,"462023",1,1.2839,"REG",0.4849,0.6795,"REG",0.2557,0.181,"REG",0.0663,0.2796,"REG",0.0968,0.883,"REG",0.3501,0.0448,"REG",0.0225,0.027,"LOD",0.0168,0.0339,"LOD",0.0212,0.0932,"REG",0.0271,0.0408,"REG",0.0185,0.1222,"REG",0.0459,0.0477,"LOD",0.034,0.2361,"REG",0.0955,0.4191,"REG",0.1142,0.1471,"REG",0.0753,0.1086,"REG",0.0469,0.1176,"REG",0.0545,0.0282,"LOD",0.0321,0.1056,"REG",0.0578,0.1014,"REG",0.0439,0.0819,"REG",0.0353,0.2361,"REG",0.0621,0.184,"REG",0.0741,0.5039,"REG",0.1739,0.7669,"REG",0.2824,2.024,"REG",0.7425,0.3203,"ULOD",0.1196,0.5178,"REG",0.1962,0.1052,"REG",0.041,0.0304,"REG",0.0142,0.0034,"ND",0.0056,0.0016,"ND",0.0027,5e-4,"ND",8e-4,0.0202,"LOD",0.0129,0.2548,"REG",0.0932,0.0359,"REG",0.0138,0.0175,"REG",0.0038,0.1827,"REG",0.0448,0.23425348100672774,0.78,1.5635000000000001,"REG",3.307,"REG",NA
"5","28th & Point Breeze","stationary","39.92624784, -75.1923165",39.92624784,-75.1923165,"#00C19F","Non-Industrial","Residential","Low","Laundromat","LowT/NoI","P733880","P733880 112523 112223 Point Breeze Near SS","P733880 112523 112223 Point Breeze Near SS.D","2023-11-25","2023-11-22","sample","2023-11-15","2023-11-22",10115,2,"472023",1,1.6715,"REG",0.6312,0.794,"REG",0.2988,0.2313,"REG",0.0846,0.359,"REG",0.1233,1.0387,"REG",0.4119,0.0675,"REG",0.0277,0.0422,"REG",0.0198,0.0477,"REG",0.024,0.1283,"REG",0.0312,0.056,"REG",0.0212,0.1722,"REG",0.0639,0.0659,"REG",0.0382,0.3202,"REG",0.1295,0.49370000000000003,"REG",0.1345,0.1667,"REG",0.0847,0.138,"REG",0.0588,0.1326,"REG",0.0596,0.0444,"LOD",0.0358,0.1061,"REG",0.0581,0.1558,"REG",0.0597,0.1217,"REG",0.0466,0.3164,"REG",0.0812,0.3361,"REG",0.1221,0.6993,"REG",0.2381,0.9633,"REG",0.3537,2.4857,"REG",0.9103,0.2811,"ULOD",0.1049,0.8638,"REG",0.3228,0.0943,"REG",0.0372,0.0239,"REG",0.0127,0.0034,"ND",0.0057,0.0016,"ND",0.0027,5e-4,"ND",8e-4,0.0203,"LOD",0.0129,0.2418,"REG",0.0886,0.0453,"REG",0.0173,0.0439,"REG",0.0081,0.1695,"REG",0.0416,0.23538827295624132,0.72,2.0305,"REG",4.0945,"REG",NA
"5","28th & Point Breeze","stationary","39.92624784, -75.1923165",39.92624784,-75.1923165,"#00C19F","Non-Industrial","Residential","Low","Laundromat","LowT/NoI","P733897","P733897 120823 112923 Point Breeze Far SS","P733897 120823 112923 Point Breeze Far SS.D","2023-12-08","2023-11-29","sample","2023-11-22","2023-11-29",9989,2,"482023",1,0.5671,"REG",0.2142,0.3973,"REG",0.1497,0.0886,"REG",0.0326,0.1196,"REG",0.0451,0.4222,"REG",0.1674,0.019,"LOD",0.0187,0.0122,"LOD",0.0152,0.0173,"LOD",0.019,0.0457,"REG",0.0234,0.0189,"LOD",0.0159,0.0501,"REG",0.0211,0.0182,"LOD",0.0302,0.1253,"REG",0.0508,0.2062,"REG",0.0563,0.1149,"REG",0.0601,0.0609,"REG",0.0282,0.0469,"LOD",0.035,0.0216,"LOD",0.0316,0.0567,"LOD",0.054,0.0364,"LOD",0.03,0.0333,"LOD",0.025,0.0934,"REG",0.0311,0.0707,"LOD",0.0459,0.2075,"REG",0.0813,0.308,"REG",0.118,0.9305,"REG",0.3483,0.1399,"REG",0.0522,0.1475,"REG",0.0684,0.0391,"REG",0.0196,0.0101,"LOD",0.0103,0.0034,"ND",0.0057,0.0017,"ND",0.0028,5e-4,"ND",8e-4,0.0423,"REG",0.0163,0.2737,"REG",0.1,0.0374,"REG",0.0144,0.0133,"REG",0.0033,0.1001,"REG",0.0246,0.23835743126963468,0.42,0.6867000000000001,"REG",1.5948,"REG",NA
"5","28th & Point Breeze","stationary","39.92624784, -75.1923165",39.92624784,-75.1923165,"#00C19F","Non-Industrial","Residential","Low","Laundromat","LowT/NoI","P726643","P726643 120923 120623 Point Breeze Near SS","P726643 120923 120623 Point Breeze Near SS.D","2023-12-09","2023-12-06","sample","2023-11-29","2023-12-06",10208,2,"492023",1,1.1497,"REG",0.4342,0.5235,"REG",0.1971,0.17,"REG",0.0622,0.2356,"REG",0.0822,0.7591,"REG",0.301,0.0483,"REG",0.0231,0.0299,"REG",0.0172,0.0372,"REG",0.0217,0.0962,"REG",0.0273,0.0407,"REG",0.0184,0.1225,"REG",0.046,0.0534,"LOD",0.0351,0.3122,"REG",0.1263,0.5022,"REG",0.1368,0.1684,"REG",0.0855,0.1086,"REG",0.0469,0.1319,"REG",0.0592,0.0582,"REG",0.0394,0.1274,"REG",0.0604,0.1009,"REG",0.0437,0.0945,"REG",0.0387,0.2678,"REG",0.0695,0.2074,"REG",0.081,0.5973,"REG",0.2045,0.8339,"REG",0.3067,2.3847,"REG",0.8735,0.3388,"ULOD",0.1265,0.5156,"REG",0.1953,0.0833,"REG",0.0334,0.023,"REG",0.0124,0.0034,"ND",0.0056,0.0016,"ND",0.0027,4e-4,"ND",7e-4,0.0196,"LOD",0.0128,0.2537,"REG",0.0928,0.0458,"REG",0.0175,0.0435,"REG",0.008,0.084,"REG",0.0206,0.23324376772652636,0.36,1.3853,"REG",2.8378999999999994,"REG",NA
"5","28th & Point Breeze","stationary","39.92624784, -75.1923165",39.92624784,-75.1923165,"#00C19F","Non-Industrial","Residential","Low","Laundromat","LowT/NoI","P726667","P726667 122123 121323 Point Breeze Near SS","P726667 122123 121323 Point Breeze Near SS.D","2023-12-21","2023-12-13","sample","2023-12-06","2023-12-13",9457,2,"502023",1,1.2863,"REG",0.4858,0.5386,"REG",0.2028,0.1835,"REG",0.0672,0.2599,"REG",0.0906,0.7609,"REG",0.3017,0.0522,"REG",0.025,0.0355,"REG",0.0192,0.0401,"REG",0.0234,0.1076,"REG",0.0299,0.0439,"REG",0.0199,0.1322,"REG",0.0497,0.0577,"LOD",0.0379,0.3029,"REG",0.1225,0.5421,"REG",0.1477,0.1465,"REG",0.0754,0.0864,"REG",0.0383,0.1475,"REG",0.0657,0.0686,"REG",0.0443,0.1445,"REG",0.0662,0.1282,"REG",0.0525,0.1513,"REG",0.0562,0.3384,"REG",0.0868,0.2239,"REG",0.0875,0.6963,"REG",0.2377,1.2364,"REG",0.4533,3.2589,"REG",1.1921,0.5937,"ULOD",0.2216,0.7124,"REG",0.2676,0.1142,"REG",0.0445,0.0461,"REG",0.0189,0.0036,"ND",0.0061,0.0017,"ND",0.0029,5e-4,"ND",8e-4,0.0211,"LOD",0.0138,0.3804,"REG",0.1384,0.0494,"REG",0.0189,0.0188,"REG",0.0041,0.2417,"REG",0.0593,0.2517661394683706,0.96,1.5462,"REG",3.0292000000000003,"REG","Winter"
"5","28th & Point Breeze","stationary","39.92624784, -75.1923165",39.92624784,-75.1923165,"#00C19F","Non-Industrial","Residential","Low","Laundromat","LowT/NoI","P726612","P726612 122123 122023 Point Breeze Near SS","P726612 122123 122023 Point Breeze Near SS.D","2023-12-21","2023-12-20","sample","2023-12-13","2023-12-20",9868,2,"512023",1,0.8925,"REG",0.3371,0.4275,"REG",0.1611,0.1302,"REG",0.0477,0.1904,"REG",0.0676,0.5955,"REG",0.2361,0.0423,"REG",0.0224,0.0062,"LOD",0.015,0.0314,"LOD",0.0212,0.0782,"REG",0.0261,0.0344,"REG",0.0179,0.0929,"REG",0.0356,0.0369,"LOD",0.0328,0.2184,"REG",0.0883,0.4047,"REG",0.1103,0.1742,"REG",0.0884,0.0912,"REG",0.04,0.1068,"REG",0.0515,0.0493,"LOD",0.0377,0.1182,"REG",0.0607,0.1106,"REG",0.0469,0.118,"REG",0.0458,0.2297,"REG",0.0608,0.1431,"REG",0.0631,0.482,"REG",0.1671,0.925,"REG",0.3399,2.5827,"REG",0.9458,0.5653,"ULOD",0.211,0.4694,"REG",0.1789,0.0629,"REG",0.0268,0.0578,"REG",0.0222,0.0035,"ND",0.0058,0.0017,"ND",0.0028,0.0112,"REG",0.0038,0.0146,"LOD",0.0127,0.3791,"REG",0.1379,0.0474,"REG",0.0181,0.0225,"REG",0.0046,0.4536,"REG",0.1113,0.24128013588897257,1.88,1.0829,"REG",2.2361,"REG","Winter"
"5","28th & Point Breeze","stationary","39.92624784, -75.1923165",39.92624784,-75.1923165,"#00C19F","Non-Industrial","Residential","Low","Laundromat","LowT/NoI","P726615","P726615 011624 011024 Point Breeze Near SS","P726615 011624 011024 Point Breeze Near SS.D","2024-01-16","2024-01-10","sample","2024-01-03","2024-01-10",10086,2,"22024",1,0.7117,"REG",0.2688,0.5732,"REG",0.2158,0.1239,"REG",0.0454,0.1623,"REG",0.0584,0.6181,"REG",0.2451,0.0339,"LOD",0.0205,0.0242,"LOD",0.0165,0.0274,"LOD",0.0202,0.0654,"REG",0.0246,0.0333,"REG",0.0175,0.0818,"REG",0.0317,0.0361,"LOD",0.0321,0.1983,"REG",0.0802,0.3708,"REG",0.1011,0.0911,"REG",0.0491,0.0665,"REG",0.0303,0.0967,"REG",0.048,0.045,"LOD",0.036,0.0906,"REG",0.0565,0.1322,"REG",0.0527,0.0868,"REG",0.0367,0.2545,"REG",0.0664,0.1458,"REG",0.0633,0.5755,"REG",0.1974,0.6915,"REG",0.2551,2.5703,"REG",0.9411,0.1149,"ULOD",0.0429,0.4561,"REG",0.1739,0.065,"REG",0.0274,0.0333,"REG",0.015,0.0034,"ND",0.0057,0.0016,"ND",0.0027,0.0091,"REG",0.0031,0.0198,"LOD",0.0129,0.2853,"REG",0.1042,0.0417,"REG",0.016,0.0207,"REG",0.0043,0.1034,"REG",0.0254,0.23606507842081906,0.438,0.874,"REG",2.1892,"REG","Winter"
"5","28th & Point Breeze","stationary","39.92624784, -75.1923165",39.92624784,-75.1923165,"#00C19F","Non-Industrial","Residential","Low","Laundromat","LowT/NoI","P733859","P733859 012524 011724 Point Breeze Near SS","P733859 012524 011724 Point Breeze Near SS.D","2024-01-25","2024-01-17","sample","2024-01-10","2024-01-17",9670,2,"32024",1,0.506,"REG",0.1911,0.4363,"REG",0.1644,0.0827,"REG",0.0304,0.1094,"REG",0.0423,0.3938,"REG",0.1562,0.0235,"LOD",0.0197,0.0126,"LOD",0.0157,0.0178,"LOD",0.0197,0.0464,"REG",0.0241,0.0191,"LOD",0.0164,0.0508,"REG",0.0215,0.0251,"LOD",0.0318,0.1401,"REG",0.0568,0.304,"REG",0.0829,0.0359,"REG",0.0269,0.0392,"REG",0.0207,0.0404,"LOD",0.0346,0.0134,"LOD",0.0316,0.0393,"LOD",0.0547,0.094,"REG",0.0428,0.0561,"REG",0.0298,0.1551,"REG",0.0441,0.1034,"REG",0.0537,0.3481,"REG",0.1245,0.5834,"REG",0.2163,1.6763,"REG",0.6169,0.2193,"ULOD",0.0819,0.3451,"REG",0.1348,0.0559,"REG",0.0248,0.0208,"REG",0.0124,0.0036,"ND",0.0059,0.0017,"ND",0.0028,5e-4,"ND",8e-4,0.0149,"LOD",0.013,0.372,"REG",0.1354,0.0435,"REG",0.0167,0.0124,"REG",0.0032,0.3097,"REG",0.076,0.2462205150933176,1.258,0.6154,"REG",1.5282,"REG","Winter"
"5","28th & Point Breeze","stationary","39.92624784, -75.1923165",39.92624784,-75.1923165,"#00C19F","Non-Industrial","Residential","Low","Laundromat","LowT/NoI","P733882","P733882 012624 012424 Point Breeze Near SS","P733882 012624 012424 Point Breeze Near SS.D","2024-01-26","2024-01-24","sample","2024-01-17","2024-01-24",9640,2,"42024",1,0.8336,"REG",0.3148,0.6321,"REG",0.238,0.14,"REG",0.0513,0.1698,"REG",0.0611,0.7747,"REG",0.3072,0.0394,"REG",0.0222,0.0253,"LOD",0.0172,0.0322,"LOD",0.0217,0.0793,"REG",0.0267,0.0309,"REG",0.0177,0.0856,"REG",0.0332,0.044,"LOD",0.0347,0.2811,"REG",0.1137,0.4571,"REG",0.1245,0.0904,"REG",0.0491,0.0782,"REG",0.035,0.086,"REG",0.0456,0.0247,"LOD",0.0331,0.0809,"LOD",0.0578,0.1446,"REG",0.057,0.0839,"REG",0.0366,0.5083,"REG",0.1281,0.177,"REG",0.0731,1.0576,"REG",0.3572,0.8192,"REG",0.3016,2.3138,"REG",0.8482,0.2845,"ULOD",0.1062,0.6082,"REG",0.2295,0.1276,"REG",0.0491,0.0418,"REG",0.0176,0.0146,"REG",0.0091,0.0017,"ND",0.0029,0.0114,"REG",0.0039,0.0092,"LOD",0.0126,0.3433,"REG",0.1251,0.0436,"REG",0.0167,0.0217,"REG",0.0045,0.3008,"REG",0.0738,0.2469867615095831,1.218,1.0034,"REG",2.5502000000000002,"REG","Winter"
"5","28th & Point Breeze","stationary","39.92624784, -75.1923165",39.92624784,-75.1923165,"#00C19F","Non-Industrial","Residential","Low","Laundromat","LowT/NoI","P733895","P733895 020824 013124 Point Breeze Near SS","P733895 020824 013124 Point Breeze Near SS.D","2024-02-08","2024-01-31","sample","2024-01-24","2024-01-31",10099,2,"52024",1,1.179,"REG",0.4452,0.4734,"REG",0.1783,0.177,"REG",0.0648,0.2335,"REG",0.0816,0.7972,"REG",0.3161,0.0451,"REG",0.0226,0.0091,"LOD",0.0148,0.0444,"REG",0.0233,0.1216,"REG",0.0304,0.0411,"REG",0.0186,0.1073,"REG",0.0406,0.054,"LOD",0.0355,0.2631,"REG",0.1064,0.5058,"REG",0.1378,0.0427,"REG",0.0286,0.0761,"REG",0.034,0.0882,"REG",0.0453,0.0422,"LOD",0.0353,0.0784,"LOD",0.0552,0.078,"REG",0.038,0.0692,"REG",0.0321,0.2636,"REG",0.0686,0.1507,"REG",0.0646,0.3864,"REG",0.1361,0.5484,"REG",0.2034,1.6409,"REG",0.6037,0.1877,"REG",0.07,0.2599,"REG",0.1046,0.1131,"REG",0.0438,0.0183,"REG",0.0115,0.0049,"LOD",0.0071,0.0016,"ND",0.0027,5e-4,"ND",8e-4,0.0199,"REG",0.0129,0.3277,"REG",0.1194,0.044,"REG",0.0168,0.0264,"REG",0.0052,0.0802,"REG",0.0197,0.23576120219352223,0.34,1.4125,"REG",2.8600999999999996,"REG","Winter"
"5","28th & Point Breeze","stationary","39.92624784, -75.1923165",39.92624784,-75.1923165,"#00C19F","Non-Industrial","Residential","Low","Laundromat","LowT/NoI","P726670","P726670 021524 020724 Point Breeze Near SS","P726670 021524 020724 Point Breeze Near SS.D","2024-02-15","2024-02-07","sample","2024-01-31","2024-02-07",10104,2,"62024",1,0.839,"REG",0.3169,0.5969,"REG",0.2247,0.1274,"REG",0.0467,0.1761,"REG",0.0629,0.6915,"REG",0.2742,0.0263,"LOD",0.0194,0.0151,"LOD",0.0153,0.0205,"LOD",0.0192,0.0556,"REG",0.0238,0.0299,"REG",0.017,0.0825,"REG",0.0319,0.03,"LOD",0.0312,0.2694,"REG",0.109,0.4528,"REG",0.1234,0.1087,"REG",0.0571,0.0719,"REG",0.0324,0.0688,"REG",0.0399,0.0314,"LOD",0.0329,0.0849,"REG",0.0558,0.102,"REG",0.0441,0.0889,"REG",0.0372,0.2041,"REG",0.0547,0.1157,"REG",0.0554,0.4586,"REG",0.1593,0.7106,"REG",0.262,1.8098,"REG",0.6648,0.2942,"ULOD",0.1098,0.4369,"REG",0.167,0.0448,"REG",0.0211,0.0183,"REG",0.0115,0.0034,"ND",0.0057,0.0016,"ND",0.0027,0.0109,"REG",0.0037,0.0089,"LOD",0.0121,0.4272,"REG",0.1552,0.0439,"REG",0.0168,0.022,"REG",0.0045,0.2545,"REG",0.0624,0.23564453493194584,1.08,1.0151,"REG",2.4309,"REG","Winter"
"5","28th & Point Breeze","stationary","39.92624784, -75.1923165",39.92624784,-75.1923165,"#00C19F","Non-Industrial","Residential","Low","Laundromat","LowT/NoI","P733854","P733854 021624 021424 Point Breeze Near SS","P733854 021624 021424 Point Breeze Near SS.D","2024-02-16","2024-02-14","sample","2024-02-07","2024-02-14",10017,2,"72024",1,1.6022,"REG",0.6051,1.0326,"REG",0.3885,0.2683,"REG",0.0981,0.3038,"REG",0.1049,1.0671,"REG",0.4231,0.0758,"REG",0.0299,0.0548,"REG",0.0228,0.0448,"REG",0.0235,0.1086,"REG",0.029,0.0791,"REG",0.0261,0.2662,"REG",0.0981,0.115,"REG",0.0522,0.5551,"REG",0.2244,0.9093,"REG",0.2476,0.1952,"REG",0.0985,0.1349,"REG",0.0576,0.1619,"REG",0.0699,0.0803,"REG",0.047,0.2188,"REG",0.0762,0.0136,"ND",0.0227,0.1894,"REG",0.0677,0.4388,"REG",0.1109,0.3868,"REG",0.1389,1.0592,"REG",0.3576,1.7816,"REG",0.652,3.6509,"REG",1.3346,0.5307,"ULOD",0.1981,3.2254,"ULOD",1.1964,0.0066,"ND",0.011,0.0251,"REG",0.013,0.0034,"ND",0.0057,0.0016,"ND",0.0027,5e-4,"ND",8e-4,0.0201,"REG",0.013,0.3878,"REG",0.141,0.063,"REG",0.024,0.0311,"REG",0.006,0.2139,"REG",0.0525,0.23769116311793764,0.9,1.9060000000000001,"REG",4.274,"REG","Winter"
"5","28th & Point Breeze","stationary","39.92624784, -75.1923165",39.92624784,-75.1923165,"#00C19F","Non-Industrial","Residential","Low","Laundromat","LowT/NoI","P726659","P726659 022924 022124 Point Breeze Near SS","P726659 022924 022124 Point Breeze Near SS.D","2024-02-29","2024-02-21","sample","2024-02-14","2024-02-21",10085,2,"82024",1,0.6352,"REG",0.2399,0.4927,"REG",0.1855,0.0979,"REG",0.0359,0.1347,"REG",0.0497,0.4523,"REG",0.1793,0.0263,"LOD",0.0194,0.0073,"ND",0.0121,0.0205,"LOD",0.0192,0.0522,"REG",0.0236,0.0225,"LOD",0.0161,0.0661,"REG",0.0263,0.024,"LOD",0.0305,0.2123,"REG",0.0859,0.2752,"REG",0.075,0.4536,"REG",0.2252,0.2001,"REG",0.0844,0.0834,"REG",0.044,0.0315,"LOD",0.033,0.0917,"REG",0.0566,0.0601,"REG",0.034,0.0528,"REG",0.0284,0.112,"REG",0.0345,0.1043,"REG",0.0527,0.2418,"REG",0.0912,0.4678,"REG",0.1745,1.3221,"REG",0.4885,0.0631,"REG",0.0236,0.2603,"REG",0.1047,0.0449,"REG",0.0211,0.0116,"LOD",0.0105,0.0034,"ND",0.0057,0.0016,"ND",0.0027,0.0091,"REG",0.0031,0.0255,"REG",0.0136,0.2996,"REG",0.1093,0.0348,"REG",0.0134,0.0132,"REG",0.0032,0.1039,"REG",0.0255,0.23608848596453952,0.44,0.7699,"REG",1.8128000000000002,"REG","Winter"
"5","28th & Point Breeze","stationary","39.92624784, -75.1923165",39.92624784,-75.1923165,"#00C19F","Non-Industrial","Residential","Low","Laundromat","LowT/NoI","P733859","P733859 030124 022824 Point Breeze Near SS","P733859 030124 022824 Point Breeze Near SS.D","2024-03-01","2024-02-28","sample","2024-02-21","2024-02-28",10102,2,"92024",1,0.7331,"REG",0.2769,0.4176,"REG",0.1573,0.1077,"REG",0.0395,0.1501,"REG",0.0545,0.4641,"REG",0.1841,0.0338,"LOD",0.0205,0.0211,"LOD",0.016,0.0239,"LOD",0.0196,0.059,"REG",0.024,0.0261,"LOD",0.0165,0.0825,"REG",0.0319,0.036,"LOD",0.0321,0.295,"REG",0.1193,0.4925,"REG",0.1342,0.0427,"REG",0.0286,0.0513,"REG",0.0246,0.064,"REG",0.0386,0.0368,"LOD",0.034,0.0784,"LOD",0.0552,0.072,"REG",0.0366,0.0758,"REG",0.0338,0.1976,"REG",0.0532,0.1623,"REG",0.0679,0.4708,"REG",0.1632,0.6498,"REG",0.24,1.697,"REG",0.624,0.0945,"REG",0.0353,0.3536,"REG",0.1373,0.0562,"REG",0.0245,0.0183,"REG",0.0115,0.0034,"ND",0.0057,0.0016,"ND",0.0027,5e-4,"ND",8e-4,0.0089,"LOD",0.0121,0.2279,"REG",0.0836,0.0347,"REG",0.0134,0.0132,"REG",0.0032,0.0613,"REG",0.0151,0.23569118797786387,0.26,0.8832,"REG",1.8726000000000003,"REG",NA
"5","28th & Point Breeze","stationary","39.92624784, -75.1923165",39.92624784,-75.1923165,"#00C19F","Non-Industrial","Residential","Low","Laundromat","LowT/NoI","P726607","P726607 031524 030624 Point Breeze Near SS","P726607 031524 030624 Point Breeze Near SS.D","2024-03-15","2024-03-06","sample","2024-02-28","2024-03-06",10118,2,"102024",1,0.6043,"REG",0.2283,0.3644,"REG",0.1374,0.0878,"REG",0.0322,0.1239,"REG",0.0463,0.5409,"REG",0.2145,0.0225,"LOD",0.0189,0.0121,"LOD",0.015,0.0164,"LOD",0.0187,0.0519,"REG",0.0235,0.0223,"LOD",0.0161,0.0572,"REG",0.0233,0.0239,"LOD",0.0304,0.1622,"REG",0.0657,0.2414,"REG",0.0659,0.1072,"REG",0.0565,0.0773,"REG",0.0345,0.0464,"LOD",0.0346,0.0332,"LOD",0.0332,0.0578,"LOD",0.0535,0.0659,"REG",0.0351,0.0489,"REG",0.0275,0.1238,"REG",0.0369,0.1029,"REG",0.0523,0.2872,"REG",0.1049,0.3736,"REG",0.1409,1.0609,"REG",0.3946,0.1955,"ULOD",0.073,0.2569,"REG",0.1035,0.0707,"REG",0.0292,0.0158,"REG",0.0111,0.0034,"ND",0.0057,0.0016,"ND",0.0027,0.0108,"REG",0.0037,0.0254,"REG",0.0136,0.2702,"REG",0.0987,0.036,"REG",0.0138,0.0174,"REG",0.0038,0.1117,"REG",0.0274,0.2353184800308738,0.47475,0.7282,"REG",1.7212999999999998,"REG",NA
"5","28th & Point Breeze","stationary","39.92624784, -75.1923165",39.92624784,-75.1923165,"#00C19F","Non-Industrial","Residential","Low","Laundromat","LowT/NoI","P733886","P733886 031624 031324 Point Breeze Near SS","P733886 031624 031324 Point Breeze Near SS.D","2024-03-16","2024-03-13","sample","2024-03-06","2024-03-13",10005,2,"112024",1,0.911,"REG",0.3441,0.5435,"REG",0.2046,0.1287,"REG",0.0472,0.1779,"REG",0.0635,0.7937,"REG",0.3147,0.0266,"LOD",0.0196,0.0152,"LOD",0.0154,0.0235,"LOD",0.0197,0.07,"REG",0.0251,0.0263,"LOD",0.0167,0.0745,"REG",0.0292,0.0363,"LOD",0.0324,0.2349,"REG",0.095,0.6373,"REG",0.1736,0.018,"REG",0.0215,0.049,"REG",0.0238,0.0469,"LOD",0.0349,0.0228,"LOD",0.0317,0.0518,"LOD",0.0536,0.1333,"REG",0.0531,0.0927,"REG",0.0384,0.2585,"REG",0.0674,0.1629,"REG",0.0683,0.5586,"REG",0.1919,1.0954,"REG",0.4018,3.0528,"REG",1.1167,0.5296,"ULOD",0.1977,0.4492,"REG",0.1715,0.1519,"REG",0.0577,0.063,"REG",0.0238,0.0034,"ND",0.0057,0.0016,"ND",0.0027,0.0091,"REG",0.0031,0.0146,"LOD",0.0125,0.2876,"REG",0.105,0.0457,"REG",0.0175,0.0798,"REG",0.0144,0.1225,"REG",0.0301,0.237976249970253,0.51475,1.0889,"REG",2.5548,"REG",NA
"5","28th & Point Breeze","stationary","39.92624784, -75.1923165",39.92624784,-75.1923165,"#00C19F","Non-Industrial","Residential","Low","Laundromat","LowT/NoI","P726664","P726664 040224 032024 Point Breeze Near SS","P726664 040224 032024 Point Breeze Near SS.D","2024-04-02","2024-03-20","sample","2024-03-13","2024-03-20",9681,2,"122024",1,1.4727,"REG",0.5562,0.4842,"REG",0.1824,0.2002,"REG",0.0733,0.2708,"REG",0.0941,0.8114,"REG",0.3217,0.0549,"REG",0.0252,0.0409,"REG",0.02,0.0456,"REG",0.0242,0.1267,"REG",0.0317,0.0583,"REG",0.0222,0.163,"REG",0.0607,0.0751,"REG",0.0414,0.3561,"REG",0.144,0.6311,"REG",0.1719,0.1711,"REG",0.087,0.1324,"REG",0.0567,0.0938,"REG",0.0479,0.0459,"LOD",0.0373,0.1017,"REG",0.0596,0.1878,"REG",0.0702,0.2299,"REG",0.0809,0.3773,"REG",0.0961,0.387,"REG",0.1394,0.867,"REG",0.2939,1.8525,"REG",0.6779,4.5716,"REG",1.6703,0.4711,"ULOD",0.1758,1.0514,"REG",0.3921,0.0068,"ND",0.0114,0.005,"ND",0.0084,0.0036,"ND",0.0059,0.0017,"ND",0.0028,0.0094,"REG",0.0032,0.0323,"REG",0.015,0.3567,"REG",0.1299,0.0376,"REG",0.0145,0.0182,"REG",0.004,0.225,"REG",0.0552,0.24594074795500268,0.9147500000000001,1.7434999999999998,"REG",3.2392999999999996,"REG",NA
"5","28th & Point Breeze","stationary","39.92624784, -75.1923165",39.92624784,-75.1923165,"#00C19F","Non-Industrial","Residential","Low","Laundromat","LowT/NoI","P733866","P733866 041224 041024 Point Breeze Near SS","P733866 041224 041024 Point Breeze Near SS.D","2024-04-12","2024-04-10","sample","2024-04-03","2024-04-10",10068,2,"152024",1,0.7095,"REG",0.268,0.3011,"REG",0.1136,0.0925,"REG",0.034,0.1451,"REG",0.053,0.3661,"REG",0.1452,0.0377,"REG",0.0212,0.0273,"LOD",0.017,0.0274,"LOD",0.0202,0.0314,"LOD",0.0225,0.0337,"REG",0.0175,0.091,"REG",0.0349,0.0361,"LOD",0.0322,0.1522,"REG",0.0616,0.2475,"REG",0.0675,0.0272,"REG",0.0236,0.0445,"REG",0.0222,0.0654,"REG",0.0391,0.043,"LOD",0.0355,0.0745,"LOD",0.055,0.1385,"REG",0.0546,0.0628,"REG",0.0306,0.1515,"REG",0.0429,0.187,"REG",0.0751,0.3513,"REG",0.125,0.4368,"REG",0.1634,1.225,"REG",0.4536,0.2269,"ULOD",0.0847,0.4078,"REG",0.1566,0.0066,"ND",0.0109,0.0133,"LOD",0.0107,0.0034,"ND",0.0057,0.0016,"ND",0.0027,0.0073,"REG",0.0026,0.0179,"LOD",0.0128,0.1858,"REG",0.0687,0.0278,"REG",0.0108,0.0353,"REG",0.0067,0.0615,"REG",0.0151,0.23648712564088015,0.26,0.8546,"REG",1.6143,"REG",NA
"5","28th & Point Breeze","stationary","39.92624784, -75.1923165",39.92624784,-75.1923165,"#00C19F","Non-Industrial","Residential","Low","Laundromat","LowT/NoI","P726650","P726650 042624 041724 Point Breeze Near SS","P726650 042624 041724 Point Breeze Near SS.D","2024-04-26","2024-04-17","sample","2024-04-10","2024-04-17",9454,2,"162024",1,0.6875,"REG",0.2597,0.2876,"REG",0.1086,0.0932,"REG",0.0343,0.1434,"REG",0.0529,0.3674,"REG",0.1457,0.0321,"LOD",0.0213,0.0193,"LOD",0.0167,0.0255,"LOD",0.021,0.0557,"REG",0.0252,0.0279,"LOD",0.0177,0.0793,"REG",0.0311,0.0321,"LOD",0.0333,0.1484,"REG",0.0601,0.2071,"REG",0.0566,0.0995,"REG",0.0534,0.065,"REG",0.0301,0.0593,"REG",0.0391,0.0286,"LOD",0.0343,0.0652,"LOD",0.0575,0.1026,"REG",0.0454,0.0845,"REG",0.037,0.1402,"REG",0.0411,0.1244,"REG",0.0594,0.3225,"REG",0.1169,0.5302,"REG",0.1973,1.365,"REG",0.5048,0.1789,"REG",0.0668,0.3897,"REG",0.1509,0.0897,"REG",0.036,0.0142,"LOD",0.0114,0.0069,"LOD",0.0078,0.0017,"ND",0.0029,0.0097,"REG",0.0033,0.0132,"LOD",0.0131,0.3348,"REG",0.122,0.0297,"REG",0.0115,0.047,"REG",0.0087,0.1108,"REG",0.0272,0.25184603141023704,0.44,0.8309,"REG",1.5791,"REG",NA
"5","28th & Point Breeze","stationary","39.92624784, -75.1923165",39.92624784,-75.1923165,"#00C19F","Non-Industrial","Residential","Low","Laundromat","LowT/NoI","P733896","P733896 042724 042424 Point Breeze Near SS","P733896 042724 042424 Point Breeze Near SS.D","2024-04-27","2024-04-24","sample","2024-04-17","2024-04-24",9783,2,"172024",1,0.7739,"REG",0.2923,0.2587,"REG",0.0978,0.1003,"REG",0.0368,0.1493,"REG",0.0545,0.3507,"REG",0.1391,0.0388,"REG",0.0219,0.0249,"LOD",0.017,0.0282,"LOD",0.0208,0.0646,"REG",0.0251,0.0309,"REG",0.0175,0.1022,"REG",0.0389,0.0372,"LOD",0.0331,0.1632,"REG",0.0661,0.207,"REG",0.0565,0.0572,"REG",0.0346,0.0586,"REG",0.0275,0.0723,"REG",0.0415,0.0442,"LOD",0.0366,0.0698,"LOD",0.0561,0.0929,"REG",0.0423,0.0748,"REG",0.034,0.1559,"REG",0.0441,0.1443,"REG",0.0636,0.374,"REG",0.1325,0.5543,"REG",0.2058,1.358,"REG",0.5018,0.15,"REG",0.056,0.4627,"REG",0.1766,0.0279,"REG",0.017,0.0069,"LOD",0.0102,0.0035,"ND",0.0059,0.0017,"ND",0.0028,5e-4,"ND",8e-4,0.0185,"LOD",0.0131,0.353,"REG",0.1285,0.0287,"REG",0.0111,0.0227,"REG",0.0046,0.1704,"REG",0.0418,0.24337650832591037,0.7,0.9232,"REG",1.6329,"REG",NA
"5","28th & Point Breeze","stationary","39.92624784, -75.1923165",39.92624784,-75.1923165,"#00C19F","Non-Industrial","Residential","Low","Laundromat","LowT/NoI","P726611","P726611 051124 050124 Pt Breeze Near SS.D","P726611 051124 050124 Pt Breeze Near SS.D","2024-05-11","2024-05-01","sample","2024-04-24","2024-05-01",10188,2,"182024",1,1.0145,"REG",0.3831,0.3067,"REG",0.1157,0.1305,"REG",0.0478,0.2041,"REG",0.0719,0.5041,"REG",0.1999,0.0447,"REG",0.0224,0.012,"LOD",0.0149,0.0338,"LOD",0.0211,0.0827,"REG",0.0259,0.0482,"REG",0.0197,0.1301,"REG",0.0487,0.0476,"LOD",0.0339,0.2584,"REG",0.1045,0.3377,"REG",0.092,0.2879,"REG",0.1437,0.1501,"REG",0.0638,0.1422,"REG",0.0628,0.0955,"REG",0.0522,0.18,"REG",0.0686,0.0952,"REG",0.0422,0.1274,"REG",0.0482,0.2029,"REG",0.0543,0.1963,"REG",0.0777,0.4549,"REG",0.158,0.3423,"REG",0.1298,2.2996,"REG",0.8426,0.2766,"ULOD",0.1032,0.5373,"REG",0.2032,0.0812,"REG",0.0327,0.0191,"REG",0.0116,0.0034,"ND",0.0056,0.0016,"ND",0.0027,5e-4,"ND",8e-4,0.0142,"REG",0.0123,0.2966,"REG",0.1082,0.0257,"REG",0.01,0.0174,"REG",0.0038,0.0416,"REG",0.0103,0.23370164712920896,0.178,1.2186,"REG",2.1599,"REG",NA
"5","28th & Point Breeze","stationary","39.92624784, -75.1923165",39.92624784,-75.1923165,"#00C19F","Non-Industrial","Residential","Low","Laundromat","LowT/NoI","P726647","P726647 051224 050824 Pt B Near SS","P726647 051224 050824 Pt B Near SS.D","2024-05-12","2024-05-08","sample","2024-05-01","2024-05-08",9547,2,"192024",1,0.7908,"REG",0.2987,0.3535,"REG",0.1333,0.1079,"REG",0.0396,0.1681,"REG",0.0607,0.5424,"REG",0.2151,0.0398,"REG",0.0224,0.0224,"LOD",0.0169,0.0289,"LOD",0.0213,0.0662,"REG",0.0257,0.0316,"REG",0.018,0.0951,"REG",0.0365,0.0317,"LOD",0.033,0.2014,"REG",0.0815,0.2207,"REG",0.0602,0.2923,"REG",0.146,0.1427,"REG",0.0609,0.1211,"REG",0.0567,0.0566,"REG",0.0405,0.1432,"REG",0.0656,0.0762,"REG",0.0387,0.0871,"REG",0.0375,0.1466,"REG",0.0424,0.1109,"REG",0.0558,0.3321,"REG",0.1198,0.2363,"REG",0.094,1.5163,"REG",0.5592,0.1694,"REG",0.0632,0.3528,"REG",0.1377,0.0626,"REG",0.027,0.0134,"LOD",0.0112,0.0036,"ND",0.006,0.0017,"ND",0.0029,0.0115,"REG",0.0039,0.0268,"REG",0.0143,0.3316,"REG",0.1209,0.0274,"REG",0.0107,0.014,"REG",0.0034,0.0394,"REG",0.0097,0.24939272870560186,0.158,0.9589,"REG",1.9627,"REG",NA
"5","28th & Point Breeze","stationary","39.92624784, -75.1923165",39.92624784,-75.1923165,"#00C19F","Non-Industrial","Residential","Low","Laundromat","LowT/NoI","P733854","P733854 052324 051524 Pt B Near SS","P733854 052324 051524 Pt B Near SS.D","2024-05-23","2024-05-15","sample","2024-05-08","2024-05-15",9408,2,"202024",1,0.6734,"REG",0.2544,0.2192,"REG",0.0831,0.0882,"REG",0.0324,0.1315,"REG",0.0493,0.3786,"REG",0.1501,0.0282,"LOD",0.0208,0.0162,"LOD",0.0164,0.022,"LOD",0.0206,0.0522,"REG",0.025,0.0281,"LOD",0.0177,0.07,"REG",0.0279,0.0258,"LOD",0.0327,0.1358,"REG",0.055,0.1814,"REG",0.0496,0.079,"REG",0.0442,0.0562,"REG",0.0269,0.0607,"REG",0.0395,0.046,"LOD",0.038,0.1027,"REG",0.0612,0.0773,"REG",0.0392,0.0495,"REG",0.029,0.1346,"REG",0.04,0.1,"REG",0.0538,0.2981,"REG",0.1095,0.5342,"REG",0.1988,1.397,"REG",0.5164,0.1581,"ULOD",0.059,0.3692,"REG",0.1437,0.0269,"REG",0.0172,0.0052,"ND",0.0086,0.0174,"REG",0.0099,0.0018,"ND",0.0029,5e-4,"ND",8e-4,0.0272,"REG",0.0145,0.3976,"REG",0.1446,0.0278,"REG",0.0108,0.0142,"REG",0.0035,0.1665,"REG",0.0409,0.2530774214447684,0.658,0.8049,"REG",1.4909,"REG",NA
"5","28th & Point Breeze","stationary","39.92624784, -75.1923165",39.92624784,-75.1923165,"#00C19F","Non-Industrial","Residential","Low","Laundromat","LowT/NoI","P733877","P733877 052424 052224 Pt B Near SS","P733877 052424 052224 Pt B Near SS.D","2024-05-24","2024-05-22","sample","2024-05-15","2024-05-22",9854,2,"212024",1,0.7372,"REG",0.2784,0.2093,"REG",0.0793,0.0944,"REG",0.0347,0.1469,"REG",0.0537,0.4089,"REG",0.1622,0.0308,"LOD",0.0204,0.0186,"LOD",0.016,0.0245,"LOD",0.0201,0.057,"REG",0.0244,0.0345,"REG",0.0179,0.0753,"REG",0.0295,0.0308,"LOD",0.032,0.1493,"REG",0.0605,0.2341,"REG",0.0639,0.0512,"REG",0.0322,0.0452,"REG",0.0226,0.0926,"REG",0.0471,0.1042,"REG",0.056,0.1522,"REG",0.0655,0.123,"REG",0.0504,0.0642,"REG",0.0313,0.1488,"REG",0.0425,0.1194,"REG",0.057,0.3465,"REG",0.1238,0.6661,"REG",0.246,1.7977,"REG",0.6607,0.2236,"ULOD",0.0835,0.4487,"REG",0.1715,0.0257,"REG",0.0164,0.0049,"ND",0.0082,0.0233,"REG",0.0113,0.0017,"ND",0.0028,0.0112,"REG",0.0038,0.0147,"REG",0.0127,0.3212,"REG",0.1171,0.0266,"REG",0.0104,0.0135,"REG",0.0033,0.1107,"REG",0.0272,0.24162293291580889,0.458,0.8841,"REG",1.5967,"REG",NA
"5","28th & Point Breeze","stationary","39.92624784, -75.1923165",39.92624784,-75.1923165,"#00C19F","Non-Industrial","Residential","Low","Laundromat","LowT/NoI","P726646","P726646 060624 052924 Pt B Near SS","P726646 060624 052924 Pt B Near SS.D","2024-06-06","2024-05-29","sample","2024-05-22","2024-05-29",9571,2,"222024",1,0.6127,"REG",0.2314,0.2449,"REG",0.0926,0.0828,"REG",0.0305,0.1367,"REG",0.0507,0.4155,"REG",0.1648,0.0315,"LOD",0.021,0.0191,"LOD",0.0165,0.0252,"LOD",0.0207,0.0513,"REG",0.0246,0.0274,"LOD",0.0174,0.0771,"REG",0.0303,0.0317,"LOD",0.0329,0.1594,"REG",0.0646,0.1888,"REG",0.0516,0.1097,"REG",0.058,0.0714,"REG",0.0324,0.0864,"REG",0.0459,0.0565,"LOD",0.0404,0.1296,"REG",0.0636,0.0823,"REG",0.0401,0.0974,"REG",0.0403,0.1463,"REG",0.0423,0.1475,"REG",0.0651,0.3185,"REG",0.1155,0.546,"REG",0.2029,1.413,"REG",0.5219,0.1104,"REG",0.0412,0.5279,"REG",0.2004,0.0685,"REG",0.0288,0.007,"LOD",0.0105,0.0305,"REG",0.0137,0.0017,"ND",0.0029,0.0129,"REG",0.0044,0.0366,"REG",0.0157,0.1804,"REG",0.067,0.0293,"REG",0.0114,0.0139,"REG",0.0034,0.0498,"REG",0.0123,0.24876735774238648,0.2,0.7494000000000001,"REG",1.4926000000000001,"REG",NA
"5","28th & Point Breeze","stationary","39.92624784, -75.1923165",39.92624784,-75.1923165,"#00C19F","Non-Industrial","Residential","Low","Laundromat","LowT/NoI","P726616","P726616 060724 060524 Pt B Near SS","P726616 060724 060524 Pt B Near SS.D","2024-06-07","2024-06-05","sample","2024-05-29","2024-06-05",9347,2,"232024",1,0.5357,"REG",0.2024,0.2039,"REG",0.0774,0.0687,"REG",0.0254,0.1118,"REG",0.0434,0.3025,"REG",0.12,0.0242,"LOD",0.0204,0.013,"LOD",0.0162,0.0184,"LOD",0.0203,0.045,"LOD",0.0248,0.02,"LOD",0.017,0.0611,"REG",0.025,0.0259,"LOD",0.0329,0.108,"REG",0.0438,0.1291,"REG",0.0355,0.0359,"REG",0.0274,0.0374,"REG",0.0204,0.0467,"LOD",0.0367,0.0289,"LOD",0.0346,0.0685,"LOD",0.0583,0.0648,"REG",0.0367,0.0712,"REG",0.0339,0.107,"REG",0.0346,0.1007,"REG",0.0541,0.2348,"REG",0.0907,0.3616,"REG",0.1374,0.9374,"REG",0.3519,0.0991,"REG",0.037,0.3491,"REG",0.1367,0.0455,"REG",0.022,0.0052,"ND",0.0087,0.0347,"REG",0.0152,0.0018,"ND",0.0029,0.0093,"REG",0.0032,0.0256,"REG",0.0144,0.1539,"REG",0.0578,0.03,"REG",0.0117,0.0143,"REG",0.0035,0.0408,"REG",0.0101,0.2547290447151365,0.16,0.6475,"REG",1.2225999999999997,"REG",NA
"5","28th & Point Breeze","stationary","39.92624784, -75.1923165",39.92624784,-75.1923165,"#00C19F","Non-Industrial","Residential","Low","Laundromat","LowT/NoI","P726657","P726657 062124 061224 Pt B Near SS","P726657 062124 061224 Pt B Near SS.D","2024-06-21","2024-06-12","sample","2024-06-05","2024-06-12",9836,2,"242024",1,0.7414,"REG",0.28,0.2002,"REG",0.0759,0.1009,"REG",0.037,0.1437,"REG",0.0527,0.3524,"REG",0.1397,0.0345,"LOD",0.021,0.0248,"LOD",0.0169,0.0245,"LOD",0.0202,0.0678,"REG",0.0253,0.0267,"LOD",0.0169,0.0919,"REG",0.0353,0.037,"LOD",0.0329,0.142,"REG",0.0575,0.1701,"REG",0.0465,0.0777,"REG",0.0433,0.061,"REG",0.0284,0.0642,"REG",0.0393,0.0495,"LOD",0.0378,0.0922,"LOD",0.0579,0.2465,"REG",0.0888,0.1116,"REG",0.044,0.1356,"REG",0.0397,0.1675,"REG",0.0699,0.3224,"REG",0.1162,0.354,"REG",0.1343,0.9489,"REG",0.3551,0.0846,"REG",0.0316,0.503,"REG",0.1911,0.0432,"REG",0.0209,0.0068,"LOD",0.0102,0.0263,"REG",0.0123,0.0017,"ND",0.0028,0.0089,"REG",0.0031,0.013,"LOD",0.0126,0.2048,"REG",0.0755,0.0285,"REG",0.0111,0.0136,"REG",0.0033,0.0436,"REG",0.0108,0.24206510583086427,0.18,0.8851,"REG",1.5385999999999997,"REG",NA
"5","28th & Point Breeze","stationary","39.92624784, -75.1923165",39.92624784,-75.1923165,"#00C19F","Non-Industrial","Residential","Low","Laundromat","LowT/NoI","P726601","P726601 062124 061924 Pt B Near SS","P726601 062124 061924 Pt B Near SS.D","2024-06-21","2024-06-19","sample","2024-06-12","2024-06-19",10178,2,"252024",1,0.506,"REG",0.1911,0.1566,"REG",0.0596,0.068,"REG",0.0251,0.10780000000000001,"REG",0.0414,0.2444,"REG",0.0969,0.0296,"LOD",0.0197,0.018,"LOD",0.0155,0.0237,"LOD",0.0195,0.0483,"REG",0.0231,0.0221,"LOD",0.016,0.0806,"REG",0.0313,0.0298,"LOD",0.031,0.1246,"REG",0.0505,0.1448,"REG",0.0396,0.0657,"REG",0.0378,0.0549,"REG",0.0259,0.0669,"REG",0.0392,0.0478,"LOD",0.0365,0.0956,"REG",0.0566,0.0893,"REG",0.0407,0.0458,"REG",0.0268,0.1048,"REG",0.033,0.1156,"REG",0.0552,0.2516,"REG",0.0939,0.2716,"REG",0.1052,0.7486,"REG",0.2835,0.0598,"REG",0.0223,0.3827,"REG",0.1475,0.0065,"ND",0.0108,0.0066,"LOD",0.0098,0.0448,"REG",0.0184,0.0016,"ND",0.0027,0.0086,"REG",0.003,0.0235,"REG",0.0132,0.1838,"REG",0.068,0.0184,"REG",0.0073,0.0087,"REG",0.0027,0.0281,"REG",0.007,0.23393126163808026,0.12,0.6138,"REG",1.0828000000000002,"REG",NA
"5","28th & Point Breeze","stationary","39.92624784, -75.1923165",39.92624784,-75.1923165,"#00C19F","Non-Industrial","Residential","Low","Laundromat","LowT/NoI","P733851","P733851 062724 061924 Pt B Near SS","P733851 062724 061924 Pt B Near SS.D","2024-06-27","2024-06-19","sample","2024-06-19","2024-06-26",10085,2,"262024",1,0.4823,"REG",0.1822,0.1456,"REG",0.0556,0.0637,"REG",0.0235,0.1036,"REG",0.0402,0.2551,"REG",0.1012,0.0299,"LOD",0.0199,0.0212,"LOD",0.016,0.0205,"LOD",0.0192,0.0278,"LOD",0.0223,0.0223,"LOD",0.0161,0.0649,"REG",0.0259,0.018,"LOD",0.0299,0.1257,"REG",0.0509,0.1461,"REG",0.04,0.1088,"REG",0.0572,0.0636,"REG",0.0292,0.0771,"REG",0.0422,0.0429,"LOD",0.0355,0.0833,"LOD",0.0558,0.0781,"REG",0.038,0.0462,"REG",0.0271,0.0925,"REG",0.0308,0.1283,"REG",0.0587,0.2298,"REG",0.0876,0.2741,"REG",0.1061,0.6988,"REG",0.2663,0.0503,"REG",0.0188,0.3131,"REG",0.123,0.0308,"REG",0.0174,0.0048,"ND",0.008,0.0549,"REG",0.0221,0.0016,"ND",0.0027,0.0086,"REG",0.003,0.0072,"LOD",0.012,0.1712,"REG",0.0635,0.0185,"REG",0.0074,0.0088,"REG",0.0027,0.0472,"REG",0.0116,0.23608848596453952,0.2,0.5859,"REG",1.0503,"REG",NA
"6","25th & Point Breeze","stationary","39.92771763, -75.1873965",39.92771763,-75.1873965,"#D39200","Industrial","Institution","Low","Auto body shop, junkyard","LowT/I","P733883","P733883 071323 070523 Point Breeze Mid 1WK SS","P733883 071323 070523 Point Breeze Mid 1WK SS.D","2023-07-13","2023-07-05","sample","2023-06-28","2023-07-05",9691,2,"272023",1,0.4128,"REG",0.156,0.3192,"REG",0.1205,0.0826,"REG",0.0304,0.1141,"REG",0.0437,0.3628,"REG",0.1439,0.0274,"LOD",0.0202,0.0157,"LOD",0.0159,0.0213,"LOD",0.02,0.0507,"REG",0.0243,0.0195,"LOD",0.0164,0.0602,"REG",0.0245,0.025,"LOD",0.0318,0.1257,"REG",0.0509,0.1548,"REG",0.0424,0.0326,"REG",0.0258,0.0478,"REG",0.0236,0.0516,"REG",0.0367,0.0467,"LOD",0.0375,0.0817,"LOD",0.0576,0.0938,"REG",0.0427,0.0618,"REG",0.0311,0.1169,"REG",0.036,0.0835,"REG",0.0493,0.2643,"REG",0.0987,0.2646,"REG",0.1033,0.6928,"REG",0.2651,0.0492,"REG",0.0184,0.2824,"REG",0.1129,0.0356,"REG",0.019,0.005,"ND",0.0084,0.1091,"REG",0.0424,0.0017,"ND",0.0028,5e-4,"ND",8e-4,0.0172,"LOD",0.0131,0.1782,"REG",0.0661,0.0193,"REG",0.0077,0.0092,"REG",0.0028,0.0344,"REG",0.0085,0.24568696532374174,0.14,0.5269,"REG",1.2915,"REG",NA
"6","25th & Point Breeze","stationary","39.92771763, -75.1873965",39.92771763,-75.1873965,"#D39200","Industrial","Institution","Low","Auto body shop, junkyard","LowT/I","P637221","P637221 071323 071223 Point Breeze Mid 1WK SS","P637221 071323 071223 Point Breeze Mid 1WK SS.D","2023-07-13","2023-07-12","sample","2023-07-05","2023-07-12",9004,2,"282023",1,0.5315,"REG",0.2008,0.177,"REG",0.0674,0.0944,"REG",0.0347,0.1461,"REG",0.0542,0.3858,"REG",0.153,0.0337,"LOD",0.0223,0.0169,"LOD",0.0171,0.0268,"LOD",0.022,0.0585,"REG",0.0264,0.021,"LOD",0.0177,0.074,"REG",0.0295,0.0269,"LOD",0.0342,0.1424,"REG",0.0577,0.174,"REG",0.0476,0.0108,"ND",0.0181,0.033,"REG",0.0194,0.0501,"REG",0.0384,0.0323,"LOD",0.0364,0.0805,"LOD",0.0613,0.0808,"REG",0.041,0.0628,"REG",0.0326,0.1259,"REG",0.0388,0.1029,"REG",0.0558,0.298,"REG",0.1103,0.3303,"REG",0.1269,0.8726,"REG",0.3298,0.0674,"REG",0.0252,0.3741,"REG",0.146,0.0255,"REG",0.0175,0.0054,"ND",0.009,0.0992,"REG",0.0388,0.0282,"REG",0.0096,5e-4,"ND",8e-4,0.0185,"LOD",0.0141,0.1918,"REG",0.0712,0.0208,"REG",0.0083,0.0099,"REG",0.003,0.037,"REG",0.0092,0.2644327388885363,0.14,0.6776,"REG",1.3348,"REG",NA
"6","25th & Point Breeze","stationary","39.92771763, -75.1873965",39.92771763,-75.1873965,"#D39200","Industrial","Institution","Low","Auto body shop, junkyard","LowT/I","P637230","P637230 072723 071923 Point Breeze Mid 1WK DS","P637230 072723 071923 Point Breeze Mid 1WK DS.D","2023-07-27","2023-07-19","sample","2023-07-12","2023-07-19",9319,14.3,"292023",1,1.3076,"REG",0.4938,0.4494,"REG",0.1693,0.1918,"REG",0.0702,0.3634,"REG",0.1251,0.838,"REG",0.3323,0.0874,"LOD",0.0336,0.0468,"LOD",0.0217,0.0529,"LOD",0.0264,0.1346,"LOD",0.0333,0.0579,"LOD",0.0225,0.1918,"REG",0.0712,0.093,"LOD",0.047,0.3744,"REG",0.1514,0.4496,"REG",0.1225,0.1261,"LOD",0.0658,0.1752,"REG",0.0743,0.1623,"LOD",0.071,0.1507,"LOD",0.0752,0.2477,"LOD",0.0843,0.2325,"LOD",0.0848,0.1532,"LOD",0.057,0.3069,"LOD",0.0794,0.3595,"LOD",0.1308,0.8421,"REG",0.2859,1.2591,"REG",0.4616,3.0537,"REG",1.1175,0.334,"REG",0.1247,1.373,"REG",0.5109,0.0071,"ND",0.0118,0.0052,"ND",0.0087,0.2489,"REG",0.0957,0.0724,"REG",0.0232,5e-4,"ND",8e-4,0.0426,"LOD",0.017,0.552,"REG",0.2002,0.0717,"REG",0.0273,0.0341,"REG",0.0065,0.2192,"REG",0.0538,0.2554944072274258,0.858,1.671,"REG",3.1502,"REG",NA
"6","25th & Point Breeze","stationary","39.92771763, -75.1873965",39.92771763,-75.1873965,"#D39200","Industrial","Institution","Low","Auto body shop, junkyard","LowT/I","P726615","P726615 072823 072623 Point Breeze Mid 1WK DS","P726615 072823 072623 Point Breeze Mid 1WK DS.D","2023-07-28","2023-07-26","sample","2023-07-19","2023-07-26",9940,14.3,"302023",1,2.3049,"REG",0.8704,0.4213,"REG",0.1587,0.3597,"REG",0.1315,0.6436,"REG",0.2192,1.4591,"REG",0.5786,0.1365,"LOD",0.0469,0.0074,"ND",0.0123,0.0992,"LOD",0.038,0.2272,"LOD",0.0455,0.0814,"LOD",0.0267,0.2398,"REG",0.0885,0.0872,"LOD",0.0441,0.3974,"REG",0.1607,0.4215,"REG",0.1149,0.1525,"LOD",0.0779,0.1342,"REG",0.0574,0.117,"LOD",0.0547,0.1024,"LOD",0.0552,0.0262,"ND",0.0436,0.2616,"LOD",0.0936,0.2154,"LOD",0.0761,0.3357,"REG",0.0859,0.337,"LOD",0.1226,0.8772,"REG",0.2971,1.1066,"REG",0.4059,2.8629,"REG",1.0477,0.334,"REG",0.1246,0.7572,"REG",0.2837,0.1422,"LOD",0.0542,0.0049,"ND",0.0082,0.1626,"REG",0.0627,0.0017,"ND",0.0028,0.0132,"REG",0.0045,0.04,"LOD",0.0159,0.5175,"REG",0.1877,0.0672,"REG",0.0256,0.032,"REG",0.0061,0.1713,"REG",0.042,0.2395324326913864,0.7150000000000001,2.9485,"REG",5.1886,"REG",NA
"6","25th & Point Breeze","stationary","39.92771763, -75.1873965",39.92771763,-75.1873965,"#D39200","Industrial","Institution","Low","Auto body shop, junkyard","LowT/I","P726654","P726654 081023 080223 Point Breeze Mid 1WK SS","P726654 081023 080223 Point Breeze Mid 1WK SS.D","2023-08-10","2023-08-02","sample","2023-07-26","2023-08-02",10080,2,"312023",1,0.4382,"REG",0.1655,0.2077,"REG",0.0787,0.0744,"REG",0.0274,0.1201,"REG",0.0452,0.3588,"REG",0.1423,0.0264,"LOD",0.0194,0.0181,"LOD",0.0156,0.0205,"LOD",0.0192,0.0482,"REG",0.0233,0.0181,"LOD",0.0158,0.0565,"REG",0.0231,0.0241,"LOD",0.0305,0.1365,"REG",0.0553,0.1587,"REG",0.0434,0.1197,"REG",0.0623,0.0785,"REG",0.035,0.0742,"REG",0.0414,0.0545,"REG",0.0386,0.0258,"ND",0.043,0.0661,"REG",0.0353,0.066,"REG",0.0314,0.1455,"REG",0.0416,0.0895,"REG",0.0494,0.3146,"REG",0.1134,0.3154,"REG",0.1205,0.8818,"REG",0.3308,0.0776,"REG",0.029,0.3028,"REG",0.1194,0.0513,"REG",0.0231,0.0133,"LOD",0.0107,0.0732,"REG",0.0289,0.0016,"ND",0.0027,5e-4,"ND",8e-4,0.0165,"LOD",0.0126,0.1998,"REG",0.0737,0.0278,"REG",0.0108,0.0088,"REG",0.0027,0.0661,"REG",0.0163,0.2362055933484505,0.28,0.5583,"REG",1.1992,"REG",NA
"6","25th & Point Breeze","stationary","39.92771763, -75.1873965",39.92771763,-75.1873965,"#D39200","Industrial","Institution","Low","Auto body shop, junkyard","LowT/I","P733848","P733848 081123 080923 Point Breeze Mid 1WK SS","P733848 081123 080923 Point Breeze Mid 1WK SS.D","2023-08-11","2023-08-09","sample","2023-08-02","2023-08-09",10050,2,"322023",1,0.3897,"REG",0.1473,0.1959,"REG",0.0743,0.0697,"REG",0.0257,0.0995,"REG",0.039,0.2752,"REG",0.1091,0.0264,"LOD",0.0195,0.0182,"LOD",0.0157,0.0206,"LOD",0.0193,0.0448,"REG",0.0232,0.0181,"LOD",0.0158,0.0567,"REG",0.0232,0.0241,"LOD",0.0306,0.1049,"REG",0.0425,0.1327,"REG",0.0364,0.03,"REG",0.0244,0.0332,"REG",0.0185,0.0404,"LOD",0.0336,0.0332,"LOD",0.0334,0.0597,"LOD",0.053900000000000003,0.0663,"REG",0.0354,0.0629,"REG",0.0307,0.1194,"REG",0.0361,0.1015,"REG",0.0521,0.2791,"REG",0.1025,0.2858,"REG",0.1102,0.7897,"REG",0.2982,0.0829,"REG",0.0309,0.2723,"REG",0.1089,0.0286,"REG",0.0169,0.0134,"LOD",0.0107,0.1615,"REG",0.0623,0.0016,"ND",0.0027,5e-4,"ND",8e-4,0.0111,"LOD",0.0122,0.2148,"REG",0.079,0.0279,"REG",0.0108,0.0088,"REG",0.0027,0.1042,"REG",0.0256,0.2369106846718787,0.44,0.48919999999999997,"REG",1.0299999999999998,"REG",NA
"6","25th & Point Breeze","stationary","39.92771763, -75.1873965",39.92771763,-75.1873965,"#D39200","Industrial","Institution","Low","Auto body shop, junkyard","LowT/I","P733857","P733857 082423 081623 Point Breeze Mid SS","P733857 082423 081623 Point Breeze Mid SS.D","2023-08-24","2023-08-16","sample","2023-08-09","2023-08-16",10197,1.3,"332023",1,0.5589,"REG",0.2111,0.1995,"REG",0.0756,0.1084,"REG",0.0397,0.1577,"REG",0.0569,0.4678,"REG",0.1855,0.0435,"REG",0.0222,0.0072,"ND",0.012,0.0396,"REG",0.0222,0.1045,"REG",0.0283,0.0379,"REG",0.018,0.1049,"REG",0.0398,0.0541,"REG",0.0353,0.1581,"REG",0.064,0.1677,"REG",0.0459,0.204,"REG",0.1027,0.1005,"REG",0.0436,0.163,"REG",0.0701,0.0833,"REG",0.0477,0.1952,"REG",0.0713,0.1004,"REG",0.0436,0.0658,"REG",0.0312,0.1487,"REG",0.0421,0.1311,"REG",0.0591,0.3343,"REG",0.1194,0.2746,"REG",0.1062,0.7344,"REG",0.2785,0.0631,"REG",0.0236,0.2952,"REG",0.1166,0.0065,"ND",0.0108,0.0086,"LOD",0.01,0.0987,"REG",0.0384,0.0016,"ND",0.0027,4e-4,"ND",7e-4,0.0177,"REG",0.0126,0.1651,"REG",0.0614,0.0238,"REG",0.0093,0.0198,"REG",0.0041,0.0395,"REG",0.0098,0.2334953791264471,0.169,0.7165999999999999,"REG",1.4923,"REG","Summer"
"6","25th & Point Breeze","stationary","39.92771763, -75.1873965",39.92771763,-75.1873965,"#D39200","Industrial","Institution","Low","Auto body shop, junkyard","LowT/I","P733878","P733878 082523 082323 Point Breeze Mid SS","P733878 082523 082323 Point Breeze Mid SS.D","2023-08-25","2023-08-23","sample","2023-08-16","2023-08-23",10015,2,"342023",1,0.4553,"REG",0.172,0.2465,"REG",0.0932,0.0899,"REG",0.033,0.1261,"REG",0.0471,0.3952,"REG",0.1567,0.0303,"LOD",0.0201,0.0213,"LOD",0.0161,0.0241,"LOD",0.0198,0.0555,"REG",0.024,0.0182,"LOD",0.0159,0.0569,"REG",0.0233,0.0303,"LOD",0.0315,0.131,"REG",0.0531,0.1265,"REG",0.0347,0.1205,"REG",0.0627,0.079,"REG",0.0352,0.0796,"REG",0.043,0.0765,"REG",0.0457,0.1265,"REG",0.0611,0.0605,"REG",0.0342,0.0465,"REG",0.0272,0.1265,"REG",0.0376,0.0901,"REG",0.0497,0.2922,"REG",0.1066,0.2151,"REG",0.0862,0.5642,"REG",0.2198,0.0543,"REG",0.0203,0.2102,"REG",0.0881,0.0287,"REG",0.0169,0.0067,"LOD",0.01,0.0409,"REG",0.0171,0.0016,"ND",0.0027,5e-4,"ND",8e-4,0.0166,"LOD",0.0127,0.1724,"REG",0.064,0.028,"REG",0.0109,0.0089,"REG",0.0027,0.0333,"REG",0.0083,0.23773863015001306,0.14,0.5813999999999999,"REG",1.3129999999999997,"REG","Summer"
"6","25th & Point Breeze","stationary","39.92771763, -75.1873965",39.92771763,-75.1873965,"#D39200","Industrial","Institution","Low","Auto body shop, junkyard","LowT/I","P733867","P733867 090723 083023 Point Breeze mid SS","P733867 090723 083023 Point Breeze mid SS.D","2023-09-07","2023-08-30","sample","2023-08-23","2023-08-30",10018,2,"352023",1,0.4492,"REG",0.1697,0.2059,"REG",0.078,0.0844,"REG",0.031,0.1204,"REG",0.0453,0.3398,"REG",0.1348,0.0303,"LOD",0.0201,0.0213,"LOD",0.0161,0.0189,"LOD",0.0192,0.0525,"REG",0.0237,0.0264,"LOD",0.0167,0.0665,"REG",0.0265,0.0297,"LOD",0.0314,0.1299,"REG",0.0526,0.1603,"REG",0.0438,0.0265,"REG",0.0235,0.0343,"REG",0.0189,0.0544,"REG",0.0365,0.0504,"LOD",0.0376,0.0871,"REG",0.0565,0.0786,"REG",0.0383,0.0653,"REG",0.0313,0.1664,"REG",0.0462,0.1282,"REG",0.0588,0.3895,"REG",0.1372,0.3054,"REG",0.1171,0.8366,"REG",0.3149,0.0658,"REG",0.0246,0.3362,"REG",0.1312,0.0621,"REG",0.0265,0.0106,"LOD",0.0104,0.0551,"REG",0.0222,0.0016,"ND",0.0027,5e-4,"ND",8e-4,0.0153,"LOD",0.0126,0.2011,"REG",0.0741,0.0187,"REG",0.0075,0.0089,"REG",0.0027,0.057,"REG",0.014,0.23766743670916163,0.24,0.5696,"REG",1.1997,"REG","Summer"
"6","25th & Point Breeze","stationary","39.92771763, -75.1873965",39.92771763,-75.1873965,"#D39200","Industrial","Institution","Low","Auto body shop, junkyard","LowT/I","P726643","P726643 090823 090623 Point Breeze mid SS","P726643 090823 090623 Point Breeze mid SS.D","2023-09-08","2023-09-06","sample","2023-08-30","2023-09-06",10034,2,"362023",1,0.5624,"REG",0.2124,0.1931,"REG",0.0732,0.0992,"REG",0.0364,0.1517,"REG",0.0551,0.4114,"REG",0.1631,0.034,"LOD",0.0207,0.0273,"LOD",0.017,0.0223,"LOD",0.0195,0.0664,"REG",0.0248,0.0263,"LOD",0.0166,0.0831,"REG",0.0322,0.0297,"LOD",0.0313,0.1425,"REG",0.0577,0.1799,"REG",0.0492,0.036,"REG",0.0264,0.0384,"REG",0.0202,0.064,"REG",0.0388,0.0149,"ND",0.0249,0.1002,"REG",0.0578,0.1027,"REG",0.0444,0.0719,"REG",0.0329,0.1528,"REG",0.0432,0.1514,"REG",0.065,0.3403,"REG",0.1216,0.3561,"REG",0.1348,1.0061,"REG",0.3751,0.0189,"REG",0.0071,0.3882,"REG",0.1496,0.0391,"REG",0.0196,0.0048,"ND",0.0081,0.0419,"REG",0.0175,0.0016,"ND",0.0027,5e-4,"ND",8e-4,0.0208,"LOD",0.0131,0.1864,"REG",0.0689,0.0186,"REG",0.0074,0.0133,"REG",0.0032,0.0427,"REG",0.0105,0.23728845734028114,0.18,0.7141,"REG",1.4178,"REG","Summer"
"6","25th & Point Breeze","stationary","39.92771763, -75.1873965",39.92771763,-75.1873965,"#D39200","Industrial","Institution","Low","Auto body shop, junkyard","LowT/I","P733891","P733891 092923 092723 Point Breeze mid SS","P733891 092923 092723 Point Breeze mid SS RENAME.D","2023-09-29","2023-09-27","sample","2023-09-20","2023-09-27",9986,2,"392023",1,0.515,"REG",0.1946,0.2316,"REG",0.0876,0.0747,"REG",0.0275,0.105,"REG",0.0407,0.3537,"REG",0.1403,0.0152,"LOD",0.0183,0.0092,"LOD",0.0149,0.0086,"LOD",0.0184,0.0387,"LOD",0.023,0.0151,"LOD",0.0157,0.0417,"REG",0.0185,0.0177,"LOD",0.0302,0.0851,"REG",0.0346,0.114,"REG",0.0314,0.0098,"ND",0.0163,0.0136,"REG",0.0135,0.0252,"LOD",0.0314,0.0072,"LOD",0.0302,0.0273,"LOD",0.0525,0.0425,"LOD",0.0309,0.0489,"REG",0.0278,0.0935,"REG",0.0311,0.0579,"LOD",0.0437,0.2076,"REG",0.0814,0.2345,"REG",0.0927,0.7057,"REG",0.2689,0.1073,"REG",0.0401,0.1581,"REG",0.0716,0.0278,"REG",0.0168,0.0049,"ND",0.0081,0.0034,"ND",0.0057,0.0017,"ND",0.0028,5e-4,"ND",8e-4,0.032,"REG",0.0146,0.2738,"REG",0.1001,0.0281,"REG",0.0109,0.0223,"REG",0.0045,0.1526,"REG",0.0375,0.23842903874948737,0.64,0.62,"REG",1.28,"REG","Summer"
"6","25th & Point Breeze","stationary","39.92771763, -75.1873965",39.92771763,-75.1873965,"#D39200","Industrial","Institution","Low","Auto body shop, junkyard","LowT/I","P733883","P733883 101223 100423 Point Breeze mid SS","P733883 101223 100423 Point Breeze mid SS.D","2023-10-12","2023-10-04","sample","2023-09-27","2023-10-04",10185,2,"402023",1,0.7771,"REG",0.2935,0.3283,"REG",0.1238,0.1124,"REG",0.0412,0.1654,"REG",0.0593,0.4909,"REG",0.1947,0.0261,"LOD",0.0192,0.018,"LOD",0.0155,0.0237,"LOD",0.0195,0.0586,"REG",0.0239,0.0259,"LOD",0.0164,0.0728,"REG",0.0286,0.0298,"LOD",0.0309,0.1856,"REG",0.0751,0.3273,"REG",0.0892,0.0416,"REG",0.0281,0.0577,"REG",0.0269,0.0618,"REG",0.0379,0.0228,"LOD",0.0312,0.0524,"LOD",0.0528,0.238,"REG",0.0858,0.1209,"REG",0.0463,0.1761,"REG",0.0482,0.1386,"REG",0.0611,0.4071,"REG",0.1426,0.6042,"REG",0.2235,1.6831,"REG",0.6189,0.3319,"ULOD",0.1239,0.4124,"REG",0.1581,0.0508,"REG",0.0228,0.0053,"REG",0.0097,0.028,"REG",0.0127,0.0016,"ND",0.0027,5e-4,"ND",8e-4,0.0316,"REG",0.0144,0.2684,"REG",0.0981,0.0367,"REG",0.0141,0.0175,"REG",0.0038,0.0748,"REG",0.0184,0.23377048413867266,0.32,0.9425,"REG",1.8740999999999999,"REG","Summer"
"6","25th & Point Breeze","stationary","39.92771763, -75.1873965",39.92771763,-75.1873965,"#D39200","Industrial","Institution","Low","Auto body shop, junkyard","LowT/I","P733865","P733865 101323 101123 Point Breeze mid SS","P733865 101323 101123 Point Breeze mid SS.D","2023-10-13","2023-10-11","sample","2023-10-04","2023-10-11",9929,1.99,"412023",1,0.836,"REG",0.3157,0.4226,"REG",0.1592,0.1198,"REG",0.0439,0.1741,"REG",0.0623,0.5479,"REG",0.2173,0.0304,"LOD",0.0202,0.0183,"LOD",0.0159,0.0242,"LOD",0.02,0.0633,"REG",0.0247,0.0303,"REG",0.0173,0.0743,"REG",0.0292,0.0304,"LOD",0.0317,0.2281,"REG",0.0923,0.3741,"REG",0.1019,0.085,"REG",0.0464,0.0671,"REG",0.0306,0.063,"REG",0.0388,0.0232,"LOD",0.032,0.0533,"LOD",0.0541,0.1336,"REG",0.0533,0.0867,"REG",0.0369,0.2198,"REG",0.0584,0.1297,"REG",0.0594,0.5011,"REG",0.1732,0.6475,"REG",0.2393,1.7752,"REG",0.6525,0.3873,"ULOD",0.1446,0.3787,"REG",0.1463,0.0517,"REG",0.0233,0.012,"REG",0.0106,0.0286,"REG",0.013,0.0017,"ND",0.0028,5e-4,"ND",8e-4,0.0267,"REG",0.0139,0.3172,"REG",0.1156,0.0468,"REG",0.0179,0.0267,"REG",0.0053,0.1241,"REG",0.0305,0.23979780249293794,0.5174,1.0101,"REG",2.1004,"REG","Summer"
"6","25th & Point Breeze","stationary","39.92771763, -75.1873965",39.92771763,-75.1873965,"#D39200","Industrial","Institution","Low","Auto body shop, junkyard","LowT/I","P733854","P733854 102623 101823 Point Breeze Mid SS RENAME","P733854 102623 101823 Point Breeze Mid SS RENAME.D","2023-10-26","2023-10-18","sample","2023-10-11","2023-10-18",10062,2,"422023",1,0.893,"REG",0.3373,0.2888,"REG",0.109,0.1287,"REG",0.0472,0.1883,"REG",0.0668,0.4673,"REG",0.1853,0.0226,"LOD",0.019,0.0151,"LOD",0.0153,0.0206,"LOD",0.0193,0.0593,"REG",0.0241,0.03,"REG",0.017,0.0737,"REG",0.0289,0.0241,"LOD",0.0306,0.1494,"REG",0.0605,0.1921,"REG",0.0525,0.0469,"REG",0.0302,0.0418,"REG",0.0213,0.048,"LOD",0.035,0.0231,"LOD",0.0316,0.0464,"LOD",0.053,0.0783,"REG",0.0381,0.0661,"REG",0.0314,0.2114,"REG",0.0564,0.1052,"REG",0.053,0.4727,"REG",0.1639,0.4077,"REG",0.15310000000000001,1.098,"REG",0.408,0.1145,"REG",0.0427,0.2396,"REG",0.0977,0.0171,"REG",0.0146,0.0187,"REG",0.0116,0.0121,"LOD",0.0083,0.0016,"ND",0.0027,5e-4,"ND",8e-4,0.0375,"REG",0.0154,0.3432,"REG",0.1249,0.0372,"REG",0.0143,0.0221,"REG",0.0045,0.123,"REG",0.0302,0.2366281436048878,0.52,1.0813,"REG",1.9661,"REG","Summer"
"6","25th & Point Breeze","stationary","39.92771763, -75.1873965",39.92771763,-75.1873965,"#D39200","Industrial","Institution","Low","Auto body shop, junkyard","LowT/I","P726649","P726649 102723 102523 Point Breeze Mid SS","P726649 102723 102523 Point Breeze Mid SS.D","2023-10-27","2023-10-25","sample","2023-10-18","2023-10-25",10068,2,"432023",1,2.127,"REG",0.8032,0.4501,"REG",0.1695,0.2975,"REG",0.1088,0.413,"REG",0.1414,0.9954,"REG",0.3947,0.0452,"REG",0.0227,0.0333,"REG",0.018,0.0411,"REG",0.0227,0.1255,"REG",0.031,0.0637,"REG",0.0228,0.1647,"REG",0.0612,0.0602,"REG",0.0369,0.4761,"REG",0.1925,0.788,"REG",0.2146,0.1178,"REG",0.0614,0.1328,"REG",0.0568,0.0625,"REG",0.0383,0.0231,"LOD",0.0316,0.0596,"LOD",0.0538,0.1625,"REG",0.0619,0.1818,"REG",0.0652,0.5622,"REG",0.1411,0.3389,"REG",0.1231,1.2597,"REG",0.4244,1.8744,"REG",0.6858,4.8243,"ULOD",1.7623,0.6245,"ULOD",0.2331,1.3372,"REG",0.4974,0.1199,"REG",0.0462,0.032,"REG",0.0147,0.0186,"REG",0.0099,0.0016,"ND",0.0027,5e-4,"ND",8e-4,0.032,"REG",0.0145,0.3144,"REG",0.1146,0.0371,"REG",0.0143,0.0353,"REG",0.0067,0.1514,"REG",0.0371,0.23648712564088015,0.64,2.5399999999999996,"REG",4.2829999999999995,"REG","Summer"
"6","25th & Point Breeze","stationary","39.92771763, -75.1873965",39.92771763,-75.1873965,"#D39200","Industrial","Institution","Low","Auto body shop, junkyard","LowT/I","P726610","P726610 110923 110123 Point Breeze Mid SS","P726610 110923 110123 Point Breeze Mid SS.D","2023-11-09","2023-11-01","sample","2023-10-25","2023-11-01",9615,2,"442023",1,1.7881,"REG",0.6753,0.4648,"REG",0.1751,0.2486,"REG",0.0909,0.3613,"REG",0.1242,1.1148,"REG",0.4421,0.0592,"REG",0.0263,0.0444,"REG",0.0208,0.0502,"REG",0.0253,0.1423,"REG",0.0338,0.0667,"REG",0.0239,0.1811,"REG",0.0673,0.0693,"REG",0.0401,0.4442,"REG",0.1796,0.6788,"REG",0.1849,0.1159,"REG",0.0608,0.1495,"REG",0.0637,0.0989,"REG",0.0495,0.0354,"LOD",0.0351,0.0978,"REG",0.0596,0.2143,"REG",0.0786,0.1281,"REG",0.049,0.4091,"REG",0.1039,0.427,"REG",0.1527,0.9005,"REG",0.3051,1.1414,"REG",0.4187,3.0112,"REG",1.1018,0.2852,"ULOD",0.1064,0.9196,"REG",0.3436,0.1112,"REG",0.0433,0.0251,"REG",0.0133,0.0036,"ND",0.006,0.0017,"ND",0.0029,0.0134,"REG",0.0045,0.0272,"REG",0.0143,0.2993,"REG",0.1093,0.0379,"REG",0.0146,0.0693,"REG",0.0126,0.1337,"REG",0.0328,0.2476289527771587,0.54,2.1494,"REG",3.9776,"REG","Summer"
"6","25th & Point Breeze","stationary","39.92771763, -75.1873965",39.92771763,-75.1873965,"#D39200","Industrial","Institution","Low","Auto body shop, junkyard","LowT/I","P726662","P726662 111023 110823 Point Breeze Mid SS","P726662 111023 110823 Point Breeze Mid SS.D","2023-11-10","2023-11-08","sample","2023-11-01","2023-11-08",9874,2,"452023",1,1.8353,"REG",0.6931,0.6361,"REG",0.2395,0.2674,"REG",0.0978,0.3625,"REG",0.1246,0.9606,"REG",0.3809,0.0653,"REG",0.0274,0.0432,"REG",0.0203,0.0524,"REG",0.0254,0.1457,"REG",0.0338,0.0726,"REG",0.0249,0.1764,"REG",0.0655,0.0798,"REG",0.0422,0.4391,"REG",0.1775,0.7015,"REG",0.191,0.1563,"REG",0.0798,0.1498,"REG",0.0637,0.1309,"REG",0.0594,0.0454,"LOD",0.0367,0.1155,"REG",0.0603,0.2087,"REG",0.0766,0.1483,"REG",0.0549,0.4591,"REG",0.1159,0.392,"REG",0.1408,1.0004,"REG",0.3381,1.34,"REG",0.4909,3.4916,"REG",1.2766,0.3898,"ULOD",0.1455,0.9595,"REG",0.3581,0.1083,"REG",0.0422,0.0245,"REG",0.013,0.0035,"ND",0.0058,0.0017,"ND",0.0028,0.0093,"REG",0.0032,0.0433,"REG",0.0166,0.2769,"REG",0.1012,0.0369,"REG",0.0142,0.0315,"REG",0.006,0.1157,"REG",0.0284,0.2411335204529452,0.48,2.1978,"REG",4.0619,"REG",NA
"6","25th & Point Breeze","stationary","39.92771763, -75.1873965",39.92771763,-75.1873965,"#D39200","Industrial","Institution","Low","Auto body shop, junkyard","LowT/I","P733859","P733859 112423 111523 Point Breeze Mid SS","P733859 112423 111523 Point Breeze Mid SS.D","2023-11-24","2023-11-15","sample","2023-11-08","2023-11-15",10151,2,"462023",1,1.3067,"REG",0.4935,0.4833,"REG",0.182,0.1813,"REG",0.0663,0.2592,"REG",0.0901,0.7625,"REG",0.3024,0.0374,"REG",0.0211,0.021,"LOD",0.0159,0.0306,"LOD",0.0206,0.0795,"REG",0.0257,0.0335,"REG",0.0174,0.0895,"REG",0.0344,0.0358,"LOD",0.0319,0.2301,"REG",0.0931,0.3737,"REG",0.1018,0.1238,"REG",0.0642,0.1047,"REG",0.0453,0.0649,"REG",0.0388,0.0282,"LOD",0.0322,0.0598,"LOD",0.0534,0.0896,"REG",0.0408,0.0754,"REG",0.0336,0.2627,"REG",0.0684,0.1843,"REG",0.0742,0.5887,"REG",0.2017,0.6264,"REG",0.2315,1.6888,"REG",0.621,0.2965,"ULOD",0.1107,0.4459,"REG",0.1702,0.06,"REG",0.0257,0.0172,"REG",0.0113,0.0129,"LOD",0.0084,0.0016,"ND",0.0027,5e-4,"ND",8e-4,0.0257,"REG",0.0136,0.2551,"REG",0.0934,0.0359,"REG",0.0138,0.0175,"REG",0.0038,0.183,"REG",0.0449,0.23455348053909772,0.78,1.5659,"REG",2.993,"REG",NA
"6","25th & Point Breeze","stationary","39.92771763, -75.1873965",39.92771763,-75.1873965,"#D39200","Industrial","Institution","Low","Auto body shop, junkyard","LowT/I","P733879","P733879 112523 112223 Point Breeze Mid SS","P733879 112523 112223 Point Breeze Mid SS.D","2023-11-25","2023-11-22","sample","2023-11-15","2023-11-22",10130,2,"472023",1,1.0697,"REG",0.404,0.4967,"REG",0.187,0.1619,"REG",0.0593,0.2286,"REG",0.0799,0.7221,"REG",0.2863,0.0412,"REG",0.0218,0.0271,"LOD",0.0169,0.034,"LOD",0.0212,0.0866,"REG",0.0264,0.0261,"LOD",0.0165,0.0979,"REG",0.0373,0.0479,"LOD",0.0341,0.2688,"REG",0.1087,0.3876,"REG",0.1056,0.1241,"REG",0.0643,0.1049,"REG",0.0454,0.0843,"REG",0.0441,0.0336,"LOD",0.0333,0.0665,"LOD",0.0541,0.1077,"REG",0.0456,0.0887,"REG",0.0371,0.3027,"REG",0.0779,0.1963,"REG",0.0778,0.6742,"REG",0.2298,0.6885,"REG",0.254,1.8239,"REG",0.67,0.1129,"REG",0.0421,0.53,"REG",0.2006,0.0828,"REG",0.0333,0.0239,"REG",0.0126,0.0034,"ND",0.0057,0.0016,"ND",0.0027,5e-4,"ND",8e-4,0.0258,"REG",0.0136,0.2415,"REG",0.0885,0.036,"REG",0.0139,0.0307,"REG",0.0059,0.1739,"REG",0.0427,0.23503972171296952,0.74,1.2983,"REG",2.6790000000000003,"REG",NA
"6","25th & Point Breeze","stationary","39.92771763, -75.1873965",39.92771763,-75.1873965,"#D39200","Industrial","Institution","Low","Auto body shop, junkyard","LowT/I","P733896","P733896 120823 112923 Point Breeze Mid SS","P733896 120823 112923 Point Breeze Mid SS.D","2023-12-08","2023-11-29","sample","2023-11-22","2023-11-29",9999,2,"482023",1,0.6236,"REG",0.2356,0.3844,"REG",0.1449,0.0935,"REG",0.0343,0.13,"REG",0.0483,0.4813,"REG",0.1909,0.0228,"LOD",0.0191,0.0122,"LOD",0.0151,0.0172,"LOD",0.019,0.0456,"REG",0.0233,0.0189,"LOD",0.0159,0.05,"REG",0.0211,0.0242,"LOD",0.0308,0.1381,"REG",0.0559,0.2127,"REG",0.0581,0.0767,"REG",0.0427,0.0442,"REG",0.0222,0.0566,"REG",0.0371,0.0162,"LOD",0.0309,0.0433,"LOD",0.0532,0.0424,"LOD",0.0309,0.0366,"LOD",0.0255,0.1133,"REG",0.0349,0.0824,"REG",0.0481,0.2561,"REG",0.0956,0.2975,"REG",0.1143,0.9106,"REG",0.3411,0.1304,"REG",0.0487,0.1579,"REG",0.0715,0.0276,"REG",0.0167,0.0034,"LOD",0.0098,0.0034,"ND",0.0057,0.0016,"ND",0.0027,5e-4,"ND",8e-4,0.0256,"REG",0.0137,0.3022,"REG",0.1102,0.0374,"REG",0.0144,0.0133,"REG",0.0033,0.1048,"REG",0.0257,0.23811905000023811,0.44,0.7536,"REG",1.7128,"REG",NA
"6","25th & Point Breeze","stationary","39.92771763, -75.1873965",39.92771763,-75.1873965,"#D39200","Industrial","Institution","Low","Auto body shop, junkyard","LowT/I","P726646","P726646 120923 120623 Point Breeze Mid SS","P726646 120923 120623 Point Breeze Mid SS.D","2023-12-09","2023-12-06","sample","2023-11-29","2023-12-06",9515,2,"492023",1,1.2934,"REG",0.4885,0.5748,"REG",0.2164,0.1929,"REG",0.0706,0.2749,"REG",0.0955,0.9307,"REG",0.369,0.0479,"REG",0.024,0.0288,"LOD",0.0179,0.0399,"REG",0.0233,0.1106,"REG",0.0301,0.0436,"REG",0.0198,0.1314,"REG",0.0494,0.0573,"LOD",0.0376,0.3282,"REG",0.1327,0.5458,"REG",0.1487,0.1256,"REG",0.0654,0.0815,"REG",0.0364,0.1261,"REG",0.0584,0.0454,"LOD",0.0376,0.1156,"REG",0.0621,0.0955,"REG",0.0435,0.0979,"REG",0.0405,0.3293,"REG",0.0846,0.2102,"REG",0.0832,0.7049,"REG",0.2404,0.8516,"REG",0.3134,2.4182,"REG",0.8862,0.3415,"ULOD",0.1275,0.4536,"REG",0.1736,0.0069,"ND",0.0116,0.0247,"REG",0.0133,0.0036,"ND",0.006,0.0017,"ND",0.0029,5e-4,"ND",8e-4,0.021,"LOD",0.0137,0.2571,"REG",0.0942,0.0491,"REG",0.0188,0.0514,"REG",0.0094,0.0851,"REG",0.0209,0.2502314641042965,0.34,1.5683,"REG",3.2667000000000006,"REG",NA
"6","25th & Point Breeze","stationary","39.92771763, -75.1873965",39.92771763,-75.1873965,"#D39200","Industrial","Institution","Low","Auto body shop, junkyard","LowT/I","P733845","P733845 122123 121323 Point Breeze Mid SS","P733845 122123 121323 Point Breeze Mid SS.D","2023-12-21","2023-12-13","sample","2023-12-06","2023-12-13",9419,2,"502023",1,1.2915,"REG",0.4877,0.5275,"REG",0.1987,0.1895,"REG",0.0694,0.2721,"REG",0.0946,0.8995,"REG",0.3567,0.0524,"REG",0.0251,0.0324,"REG",0.0187,0.0403,"REG",0.0235,0.108,"REG",0.03,0.0481,"REG",0.0206,0.1239,"REG",0.0467,0.0515,"LOD",0.0367,0.3521,"REG",0.1424,0.5514,"REG",0.1502,0.1421,"REG",0.0733,0.0867,"REG",0.0385,0.1481,"REG",0.0659,0.0574,"LOD",0.0411,0.1309,"REG",0.0645,0.1094,"REG",0.0473,0.1519,"REG",0.0565,0.5733,"REG",0.1441,0.1874,"REG",0.0766,1.1523,"REG",0.3889,1.0889,"REG",0.3997,2.9282,"REG",1.0718,0.497,"ULOD",0.1855,0.6147,"REG",0.232,0.0903,"REG",0.0362,0.0321,"REG",0.0151,0.0037,"ND",0.0061,0.0018,"ND",0.0029,5e-4,"ND",8e-4,0.0271,"REG",0.0145,0.3972,"REG",0.1445,0.0496,"REG",0.019,0.0189,"REG",0.0041,0.2224,"REG",0.0546,0.2527818644179192,0.88,1.5636,"REG",3.1801000000000004,"REG","Winter"
"6","25th & Point Breeze","stationary","39.92771763, -75.1873965",39.92771763,-75.1873965,"#D39200","Industrial","Institution","Low","Auto body shop, junkyard","LowT/I","P726620","P726620 122123 122023 Point Breeze Mid SS","P726620 122123 122023 Point Breeze Mid SS.D","2023-12-21","2023-12-20","sample","2023-12-13","2023-12-20",9866,2,"512023",1,1.3995,"REG",0.5285,0.4466,"REG",0.1682,0.1911,"REG",0.0699,0.2865,"REG",0.0992,0.7854,"REG",0.3114,0.05,"REG",0.0239,0.0278,"LOD",0.0173,0.0384,"REG",0.0225,0.0996,"REG",0.0283,0.0421,"REG",0.0191,0.1183,"REG",0.0446,0.0491,"LOD",0.035,0.2642,"REG",0.1069,0.3912,"REG",0.1066,0.1742,"REG",0.0884,0.0659,"REG",0.0302,0.1513,"REG",0.0664,0.0438,"LOD",0.0363,0.152,"REG",0.0654,0.086,"REG",0.0404,0.1079,"REG",0.0429,0.3919,"REG",0.0996,0.1312,"REG",0.06,0.7911,"REG",0.2686,0.8005,"REG",0.2947,2.1778,"REG",0.7986,0.3755,"ULOD",0.1402,0.4054,"REG",0.156,0.1328,"REG",0.0509,0.0442,"REG",0.0182,0.0133,"LOD",0.0086,0.0017,"ND",0.0028,0.0112,"REG",0.0038,0.0203,"LOD",0.0132,0.3792,"REG",0.1379,0.0379,"REG",0.0146,0.027,"REG",0.0053,0.251,"REG",0.0616,0.24132904732945273,1.04,1.686,"REG",3.1090999999999998,"REG","Winter"
"6","25th & Point Breeze","stationary","39.92771763, -75.1873965",39.92771763,-75.1873965,"#D39200","Industrial","Institution","Low","Auto body shop, junkyard","LowT/I","P726616","P726616 011624 011024 Point Breeze Mid SS","P726616 011624 011024 Point Breeze Mid SS.D","2024-01-16","2024-01-10","sample","2024-01-03","2024-01-10",10087,2,"22024",1,0.8816,"REG",0.333,0.5855,"REG",0.2204,0.1537,"REG",0.0563,0.1884,"REG",0.0668,0.8374,"REG",0.332,0.0339,"LOD",0.0205,0.0181,"LOD",0.0156,0.0273,"LOD",0.0202,0.0654,"REG",0.0246,0.0296,"REG",0.017,0.0818,"REG",0.0317,0.0361,"LOD",0.0321,0.2367,"REG",0.0957,0.3642,"REG",0.0992,0.1194,"REG",0.0622,0.0789,"REG",0.0351,0.0725,"REG",0.0409,0.0182,"LOD",0.0309,0.0641,"LOD",0.0541,0.0961,"REG",0.0426,0.0736,"REG",0.0332,0.3734,"REG",0.095,0.1341,"REG",0.0602,0.8294,"REG",0.2812,0.5897,"REG",0.2183,2.2112,"REG",0.8106,0.0919,"ULOD",0.0343,0.3934,"REG",0.1514,0.0536,"REG",0.0237,0.0333,"REG",0.015,0.0034,"ND",0.0057,0.0016,"ND",0.0027,0.0073,"REG",0.0026,0.0143,"LOD",0.0124,0.2996,"REG",0.1093,0.0324,"REG",0.0125,0.0295,"REG",0.0057,0.1128,"REG",0.0277,0.2360416755182295,0.47800000000000004,1.07,"REG",2.6466000000000003,"REG","Winter"
"6","25th & Point Breeze","stationary","39.92771763, -75.1873965",39.92771763,-75.1873965,"#D39200","Industrial","Institution","Low","Auto body shop, junkyard","LowT/I","P733860","P733860 012524 011724 Point Breeze Mid SS","P733860 012524 011724 Point Breeze Mid SS.D","2024-01-25","2024-01-17","sample","2024-01-10","2024-01-17",9676,2,"32024",1,0.9781,"REG",0.3694,0.5393,"REG",0.2031,0.155,"REG",0.0568,0.2072,"REG",0.0732,0.6883,"REG",0.2729,0.0353,"LOD",0.0214,0.0221,"LOD",0.0167,0.0285,"LOD",0.021,0.0827,"REG",0.0269,0.0308,"REG",0.0177,0.0853,"REG",0.033,0.0376,"LOD",0.0335,0.2267,"REG",0.0917,0.3865,"REG",0.1053,0.1147,"REG",0.0602,0.0736,"REG",0.0332,0.121,"REG",0.0564,0.019,"LOD",0.0322,0.1013,"REG",0.0596,0.094,"REG",0.0428,0.0629,"REG",0.0313,0.2997,"REG",0.0774,0.1398,"REG",0.0627,0.6503,"REG",0.2223,0.636,"REG",0.2353,1.813,"REG",0.6664,0.1826,"ULOD",0.0681,0.3557,"REG",0.1385,0.0558,"REG",0.0248,0.0208,"REG",0.0124,0.0036,"ND",0.0059,0.0017,"ND",0.0028,0.0095,"REG",0.0033,0.0207,"LOD",0.0135,0.4461,"REG",0.162,0.0435,"REG",0.0167,0.017,"REG",0.0038,0.344,"REG",0.0844,0.24606783598102325,1.398,1.1853,"REG",2.5679,"REG","Winter"
"6","25th & Point Breeze","stationary","39.92771763, -75.1873965",39.92771763,-75.1873965,"#D39200","Industrial","Institution","Low","Auto body shop, junkyard","LowT/I","P733885","P733885 012624 012424 Point Breeze Mid SS","P733885 012624 012424 Point Breeze Mid SS.D","2024-01-26","2024-01-24","sample","2024-01-17","2024-01-24",9636,2,"42024",1,0.9229,"REG",0.3486,0.5675,"REG",0.2137,0.1505,"REG",0.0551,0.1917,"REG",0.0682,0.8236,"REG",0.3266,0.0315,"LOD",0.0209,0.019,"LOD",0.0164,0.0286,"LOD",0.0211,0.0721,"REG",0.026,0.027,"LOD",0.0173,0.0683,"REG",0.0273,0.0377,"LOD",0.0336,0.241,"REG",0.0975,0.3743,"REG",0.102,0.1992,"REG",0.1006,0.1215,"REG",0.0523,0.0962,"REG",0.0486,0.0303,"LOD",0.034,0.1086,"REG",0.0607,0.1069,"REG",0.0463,0.0597,"REG",0.0307,0.2041,"REG",0.055,0.1648,"REG",0.0697,0.5138,"REG",0.1777,0.6706,"REG",0.2478,2.038,"REG",0.748,0.2554,"ULOD",0.0953,0.4446,"REG",0.1702,0.0069,"ND",0.0114,0.0279,"REG",0.0139,0.0112,"REG",0.0083,0.0017,"ND",0.0029,5e-4,"ND",8e-4,0.015,"LOD",0.013,0.2986,"REG",0.109,0.0339,"REG",0.0131,0.0217,"REG",0.0045,0.2911,"REG",0.0714,0.2470892881851786,1.178,1.1146,"REG",2.6562,"REG","Winter"
"6","25th & Point Breeze","stationary","39.92771763, -75.1873965",39.92771763,-75.1873965,"#D39200","Industrial","Institution","Low","Auto body shop, junkyard","LowT/I","P733896","P733896 020824 013124 Po8int Breeze Mid SS","P733896 020824 013124 Po8int Breeze Mid SS.D","2024-02-08","2024-01-31","sample","2024-01-24","2024-01-31",10097,2,"52024",1,0.9174,"REG",0.3465,0.424,"REG",0.1597,0.1374,"REG",0.0503,0.1919,"REG",0.068,0.7636,"REG",0.3028,0.0338,"LOD",0.0205,0.0181,"LOD",0.0156,0.0342,"LOD",0.0213,0.073,"REG",0.0252,0.0262,"LOD",0.0165,0.0825,"REG",0.032,0.042,"LOD",0.0331,0.2312,"REG",0.0935,0.4069,"REG",0.1109,0.0192,"REG",0.0215,0.0513,"REG",0.0246,0.0688,"REG",0.0399,0.0207,"LOD",0.0312,0.052,"LOD",0.0532,0.054,"REG",0.0327,0.0527,"REG",0.0284,0.3033,"REG",0.0781,0.1274,"REG",0.0584,0.5556,"REG",0.1909,0.4063,"REG",0.1526,1.2828,"REG",0.4743,0.1332,"REG",0.0497,0.2391,"REG",0.0975,0.0676,"REG",0.0282,0.0116,"LOD",0.0104,0.0034,"ND",0.0057,0.0016,"ND",0.0027,5e-4,"ND",8e-4,0.0199,"REG",0.0129,0.342,"REG",0.1245,0.044,"REG",0.0168,0.0308,"REG",0.0059,0.0707,"REG",0.0174,0.23580790145116184,0.3,1.1093,"REG",2.4343,"REG","Winter"
"6","25th & Point Breeze","stationary","39.92771763, -75.1873965",39.92771763,-75.1873965,"#D39200","Industrial","Institution","Low","Auto body shop, junkyard","LowT/I","P726601","P726601 021524 020724 Point Breeze Mid SS","P726601 021524 020724 Point Breeze Mid SS.D","2024-02-15","2024-02-07","sample","2024-01-31","2024-02-07",10104,2,"62024",1,0.7825,"REG",0.2955,0.5784,"REG",0.2177,0.1175,"REG",0.0431,0.1605,"REG",0.0578,0.6873,"REG",0.2725,0.0225,"LOD",0.0189,0.0121,"LOD",0.015,0.0171,"LOD",0.0188,0.0486,"REG",0.0233,0.0224,"LOD",0.0161,0.066,"REG",0.0263,0.024,"LOD",0.0305,0.2183,"REG",0.0883,0.3604,"REG",0.0982,0.0286,"REG",0.0239,0.0389,"REG",0.0203,0.0591,"REG",0.0374,0.0154,"LOD",0.0305,0.0718,"LOD",0.0546,0.054,"REG",0.0327,0.0659,"REG",0.0313,0.1843,"REG",0.0501,0.0924,"REG",0.0499,0.4104,"REG",0.1437,0.5684,"REG",0.2106,1.395,"REG",0.5148,0.2284,"ULOD",0.0852,0.3327,"REG",0.1299,0.0562,"REG",0.0245,0.0116,"LOD",0.0104,0.0034,"ND",0.0057,0.0016,"ND",0.0027,5e-4,"ND",8e-4,0.0144,"LOD",0.0124,0.4557,"REG",0.1654,0.0439,"REG",0.0168,0.022,"REG",0.0045,0.2592,"REG",0.0636,0.23564453493194584,1.1,0.943,"REG",2.3262,"REG","Winter"
"6","25th & Point Breeze","stationary","39.92771763, -75.1873965",39.92771763,-75.1873965,"#D39200","Industrial","Institution","Low","Auto body shop, junkyard","LowT/I","P733869","P733869 021624 021424 Point Breeze Mid SS","P733869 021624 021424 Point Breeze Mid SS.D","2024-02-16","2024-02-14","sample","2024-02-07","2024-02-14",10005,2,"72024",1,1.9182,"REG",0.7244,0.9152,"REG",0.3443,0.2986,"REG",0.1092,0.362,"REG",0.1244,1.2853,"REG",0.5096,0.0531,"REG",0.0244,0.0366,"REG",0.0187,0.0379,"REG",0.0221,0.0982,"REG",0.0279,0.0603,"REG",0.0222,0.1916,"REG",0.071,0.0787,"REG",0.0417,0.4913,"REG",0.1986,0.8104,"REG",0.2207,0.1193,"REG",0.0622,0.1101,"REG",0.0475,0.1134,"REG",0.0534,0.0642,"REG",0.0417,0.1391,"REG",0.0629,0.0136,"ND",0.0227,0.1597,"REG",0.0583,0.4327,"REG",0.1094,0.2932,"REG",0.1083,0.9995,"REG",0.3377,1.5172,"REG",0.5555,3.2936,"REG",1.2044,0.4663,"ULOD",0.174,2.1772,"ULOD",0.8082,0.0912,"REG",0.0362,0.0252,"REG",0.013,0.0034,"ND",0.0057,0.0016,"ND",0.0027,0.022,"REG",0.0073,0.0201,"REG",0.013,0.4027,"REG",0.1463,0.0444,"REG",0.017,0.0311,"REG",0.006,0.2523,"REG",0.0619,0.237976249970253,1.06,2.2802,"REG",4.7793,"REG","Winter"
"6","25th & Point Breeze","stationary","39.92771763, -75.1873965",39.92771763,-75.1873965,"#D39200","Industrial","Institution","Low","Auto body shop, junkyard","LowT/I","P726654","P726654 022924 022124 Point Breeze Mid SS","P726654 022924 022124 Point Breeze Mid SS.D","2024-02-29","2024-02-21","sample","2024-02-14","2024-02-21",10097,2,"82024",1,0.6911,"REG",0.261,0.4921,"REG",0.1853,0.1077,"REG",0.0395,0.1398,"REG",0.0513,0.5824,"REG",0.2309,0.0226,"LOD",0.0189,0.0121,"LOD",0.015,0.0171,"LOD",0.0188,0.0452,"REG",0.0231,0.0262,"LOD",0.0165,0.0495,"REG",0.0209,0.024,"LOD",0.0305,0.1801,"REG",0.0729,0.2682,"REG",0.0732,0.1135,"REG",0.0594,0.0678,"REG",0.0308,0.0495,"REG",0.0353,0.0207,"LOD",0.0312,0.0586,"LOD",0.0536,0.042,"LOD",0.0306,0.0494,"REG",0.0277,0.1382,"REG",0.04,0.0925,"REG",0.05,0.2899,"REG",0.1057,0.4063,"REG",0.1526,1.1507,"REG",0.4268,0.0709,"REG",0.0265,0.1974,"REG",0.0837,0.0562,"REG",0.0246,0.0048,"ND",0.008,0.0034,"ND",0.0057,0.0016,"ND",0.0027,5e-4,"ND",8e-4,0.0144,"LOD",0.0124,0.2993,"REG",0.1092,0.0347,"REG",0.0134,0.0011,"ND",0.0018,0.1085,"REG",0.0266,0.23580790145116184,0.46,0.8309000000000001,"REG",2.0131,"REG","Winter"
"6","25th & Point Breeze","stationary","39.92771763, -75.1873965",39.92771763,-75.1873965,"#D39200","Industrial","Institution","Low","Auto body shop, junkyard","LowT/I","P733860","P733860 030124 022824 Point Breeze Mid SS","P733860 030124 022824 Point Breeze Mid SS.D","2024-03-01","2024-02-28","sample","2024-02-21","2024-02-28",10101,2,"92024",1,0.5989,"REG",0.2262,0.3929,"REG",0.1481,0.0879,"REG",0.0323,0.1293,"REG",0.048,0.4516,"REG",0.1791,0.0263,"LOD",0.0194,0.0121,"LOD",0.015,0.0205,"LOD",0.0192,0.0486,"REG",0.0233,0.0224,"LOD",0.0161,0.0578,"REG",0.0235,0.024,"LOD",0.0305,0.1673,"REG",0.0677,0.2351,"REG",0.0642,0.2077,"REG",0.1046,0.1008,"REG",0.0438,0.0592,"REG",0.0374,0.0154,"LOD",0.0305,0.0586,"LOD",0.0536,0.042,"LOD",0.0306,0.0494,"REG",0.0277,0.125,"REG",0.0372,0.0924,"REG",0.0499,0.2777,"REG",0.102,0.3249,"REG",0.1238,0.9617,"REG",0.3592,0.0738,"REG",0.0275,0.1661,"REG",0.0738,0.0448,"REG",0.0211,0.0048,"ND",0.008,0.0034,"ND",0.0057,0.0016,"ND",0.0027,5e-4,"ND",8e-4,0.0199,"REG",0.0129,0.2279,"REG",0.0836,0.0347,"REG",0.0134,0.0176,"REG",0.0038,0.066,"REG",0.0162,0.23571452142880714,0.28,0.7282,"REG",1.6605999999999999,"REG",NA
"6","25th & Point Breeze","stationary","39.92771763, -75.1873965",39.92771763,-75.1873965,"#D39200","Industrial","Institution","Low","Auto body shop, junkyard","LowT/I","P726609","P726609 031524 030624 Point Breeze Mid SS","P726609 031524 030624 Point Breeze Mid SS.D","2024-03-15","2024-03-06","sample","2024-02-28","2024-03-06",10120,2,"102024",1,0.583,"REG",0.2202,0.3273,"REG",0.1235,0.0828,"REG",0.0304,0.1135,"REG",0.0431,0.5323,"REG",0.2111,0.0188,"LOD",0.0184,0.009,"LOD",0.0147,0.0164,"LOD",0.0187,0.0449,"REG",0.0231,0.0185,"LOD",0.0157,0.0489,"REG",0.0207,0.0239,"LOD",0.0304,0.1558,"REG",0.0631,0.1952,"REG",0.0533,0.079,"REG",0.0436,0.0567,"REG",0.0266,0.0368,"LOD",0.0327,0.0119,"LOD",0.0301,0.038,"LOD",0.0523,0.0419,"LOD",0.0305,0.039,"LOD",0.0257,0.1304,"REG",0.0383,0.0796,"REG",0.0472,0.2992,"REG",0.1086,0.3127,"REG",0.1195,0.8724,"REG",0.3274,0.1576,"ULOD",0.0588,0.2048,"REG",0.0861,0.0593,"REG",0.0255,0.0048,"ND",0.008,0.0034,"ND",0.0057,0.0016,"ND",0.0027,0.009,"REG",0.0031,0.02,"LOD",0.0129,0.2701,"REG",0.0987,0.0267,"REG",0.0104,0.013,"REG",0.0032,0.1117,"REG",0.0274,0.2352719744024092,0.47475,0.6965,"REG",1.6388999999999998,"REG",NA
"6","25th & Point Breeze","stationary","39.92771763, -75.1873965",39.92771763,-75.1873965,"#D39200","Industrial","Institution","Low","Auto body shop, junkyard","LowT/I","P733887","P733887 031624 031324 Point Breeze Mid SS","P733887 031624 031324 Point Breeze Mid SS.D","2024-03-16","2024-03-13","sample","2024-03-06","2024-03-13",9993,2,"112024",1,1.0622,"REG",0.4012,0.4753,"REG",0.179,0.1439,"REG",0.0527,0.1992,"REG",0.0704,0.9266,"REG",0.3674,0.0266,"LOD",0.0196,0.0153,"LOD",0.0154,0.0235,"LOD",0.0198,0.063,"REG",0.0246,0.0263,"LOD",0.0167,0.0746,"REG",0.0292,0.0303,"LOD",0.0315,0.2675,"REG",0.1082,0.6047,"REG",0.1647,0.0419,"REG",0.0285,0.0532,"REG",0.0254,0.0421,"LOD",0.034,0.0174,"LOD",0.031,0.0451,"LOD",0.0533,0.1031,"REG",0.0446,0.0828,"REG",0.0358,0.2922,"REG",0.0755,0.163,"REG",0.0683,0.6691,"REG",0.2282,0.9838,"REG",0.3612,2.7706,"REG",1.014,0.528,"ULOD",0.1971,0.397,"REG",0.1528,0.106,"REG",0.0414,0.0563,"REG",0.0217,0.0034,"ND",0.0057,0.0017,"ND",0.0028,0.0091,"REG",0.0031,0.0202,"LOD",0.0131,0.288,"REG",0.1051,0.0364,"REG",0.014,0.0665,"REG",0.012,0.1322,"REG",0.0324,0.23826202151029532,0.5547500000000001,1.2614,"REG",2.8071999999999995,"REG",NA
"6","25th & Point Breeze","stationary","39.92771763, -75.1873965",39.92771763,-75.1873965,"#D39200","Industrial","Institution","Low","Auto body shop, junkyard","LowT/I","P726661","P726661 040224 032024 Point Breeze Mid SS","P726661 040224 032024 Point Breeze Mid SS.D","2024-04-02","2024-03-20","sample","2024-03-13","2024-03-20",9681,2,"122024",1,1.3768,"REG",0.52,0.4325,"REG",0.163,0.1898,"REG",0.0695,0.2491,"REG",0.0869,0.9169,"REG",0.3636,0.047,"REG",0.0236,0.0346,"REG",0.0188,0.0385,"REG",0.0228,0.1049,"REG",0.0292,0.0466,"REG",0.02,0.1286,"REG",0.0483,0.0625,"REG",0.0384,0.3294,"REG",0.1332,0.5415,"REG",0.1475,0.0924,"REG",0.05,0.0851,"REG",0.0377,0.0938,"REG",0.0479,0.0347,"LOD",0.0347,0.1017,"REG",0.0596,0.1377,"REG",0.0549,0.1783,"REG",0.0644,0.4186,"REG",0.1062,0.2777,"REG",0.1038,0.9552,"REG",0.3232,1.5452,"REG",0.5658,3.8633,"REG",1.4121,0.3926,"ULOD",0.1465,0.8121,"REG",0.304,0.0857,"REG",0.0345,0.0166,"REG",0.0116,0.0036,"ND",0.0059,0.0017,"ND",0.0028,0.0113,"REG",0.0038,0.0266,"REG",0.0142,0.327,"REG",0.1192,0.0279,"REG",0.0109,0.032,"REG",0.0061,0.2201,"REG",0.054,0.24594074795500268,0.89475,1.6259000000000001,"REG",3.1651000000000002,"REG",NA
"6","25th & Point Breeze","stationary","39.92771763, -75.1873965",39.92771763,-75.1873965,"#D39200","Industrial","Institution","Low","Auto body shop, junkyard","LowT/I","P733865","P733865 041224 041024 Point Breeze Mid SS","P733865 041224 041024 Point Breeze Mid SS.D","2024-04-12","2024-04-10","sample","2024-04-03","2024-04-10",10061,2,"152024",1,0.781,"REG",0.295,0.2951,"REG",0.1114,0.1025,"REG",0.0376,0.1556,"REG",0.0563,0.9374,"REG",0.3717,0.0302,"LOD",0.02,0.0212,"LOD",0.0161,0.024,"LOD",0.0197,0.0314,"LOD",0.0225,0.0263,"LOD",0.0166,0.0828,"REG",0.0321,0.0301,"LOD",0.0313,0.1651,"REG",0.0668,0.2344,"REG",0.064,0.0461,"REG",0.03,0.0487,"REG",0.0237,0.08,"REG",0.043,0.0376,"LOD",0.0343,0.0745,"LOD",0.0551,0.0723,"REG",0.0367,0.0463,"REG",0.0271,0.1449,"REG",0.0415,0.1403,"REG",0.0619,0.3273,"REG",0.1174,0.3453,"REG",0.131,0.9797,"REG",0.3657,0.1897,"REG",0.0708,0.3243,"REG",0.127,0.0066,"ND",0.0109,0.0133,"LOD",0.0107,0.0034,"ND",0.0057,0.0016,"ND",0.0027,5e-4,"ND",8e-4,0.0179,"LOD",0.0128,0.1859,"REG",0.0687,0.0279,"REG",0.0108,0.0133,"REG",0.0032,0.0521,"REG",0.0128,0.23665166295123558,0.22,0.9366,"REG",2.2716000000000003,"REG",NA
"6","25th & Point Breeze","stationary","39.92771763, -75.1873965",39.92771763,-75.1873965,"#D39200","Industrial","Institution","Low","Auto body shop, junkyard","LowT/I","P726649","P726649 042624 041724 Point Breeze Mid SS","P726649 042624 041724 Point Breeze Mid SS.D","2024-04-26","2024-04-17","sample","2024-04-10","2024-04-17",9459,2,"162024",1,0.8533,"REG",0.3223,0.2808,"REG",0.1061,0.1143,"REG",0.0419,0.1711,"REG",0.0617,0.6101,"REG",0.2419,0.0321,"LOD",0.0213,0.0193,"LOD",0.0167,0.0255,"LOD",0.021,0.0594,"REG",0.0254,0.0279,"LOD",0.0176,0.0793,"REG",0.0311,0.032,"LOD",0.0333,0.1961,"REG",0.0794,0.2141,"REG",0.0585,0.0692,"REG",0.04,0.0518,"REG",0.0252,0.0593,"REG",0.0391,0.0286,"LOD",0.0342,0.0722,"LOD",0.058,0.0705,"REG",0.0376,0.0739,"REG",0.0343,0.2035,"REG",0.0551,0.1119,"REG",0.0563,0.4641,"REG",0.1618,0.4974,"REG",0.1856,1.324,"REG",0.49,0.1918,"REG",0.0716,0.3561,"REG",0.139,0.041,"REG",0.0206,0.0142,"LOD",0.0114,0.0036,"ND",0.0061,0.0017,"ND",0.0029,0.0116,"REG",0.004,0.0191,"LOD",0.0136,0.3651,"REG",0.1329,0.0198,"REG",0.0079,0.0141,"REG",0.0034,0.1259,"REG",0.0309,0.25171290632755905,0.5,1.0244,"REG",2.0296,"REG",NA
"6","25th & Point Breeze","stationary","39.92771763, -75.1873965",39.92771763,-75.1873965,"#D39200","Industrial","Institution","Low","Auto body shop, junkyard","LowT/I","P733893","P733893 042624 042424 Point Breeze Mid SS RENAME","P733893 042624 042424 Point Breeze Mid SS RENAME.D","2024-04-26","2024-04-24","sample","2024-04-17","2024-04-24",9783,2,"172024",1,0.6133,"REG",0.2317,0.2715,"REG",0.1026,0.0799,"REG",0.0294,0.1224,"REG",0.0462,0.3855,"REG",0.1529,0.0272,"LOD",0.02,0.0156,"LOD",0.0158,0.0211,"LOD",0.0198,0.0466,"REG",0.0239,0.0231,"LOD",0.0166,0.0681,"REG",0.0271,0.0248,"LOD",0.0315,0.1302,"REG",0.0528,0.1865,"REG",0.051,0.0426,"REG",0.029,0.0415,"REG",0.0214,0.0573,"REG",0.0378,0.0221,"LOD",0.0322,0.0562,"LOD",0.0551,0.0558,"REG",0.0338,0.0544,"REG",0.0293,0.1423,"REG",0.0412,0.0962,"REG",0.0517,0.3241,"REG",0.1169,0.4285,"REG",0.1607,1.1049,"REG",0.4109,0.1226,"REG",0.0458,0.312,"REG",0.1231,0.0397,"REG",0.0199,0.0137,"LOD",0.011,0.0035,"ND",0.0059,0.0017,"ND",0.0028,0.0075,"REG",0.0026,0.0185,"LOD",0.0131,0.353,"REG",0.1285,0.0287,"REG",0.0111,0.0136,"REG",0.0033,0.1509,"REG",0.037,0.24337650832591037,0.62,0.7356999999999999,"REG",1.4726000000000001,"REG",NA
"6","25th & Point Breeze","stationary","39.92771763, -75.1873965",39.92771763,-75.1873965,"#D39200","Industrial","Institution","Low","Auto body shop, junkyard","LowT/I","P726609","P726609 051124 050124 Pt Breeze Mid SS.D","P726609 051124 050124 Pt Breeze Mid SS.D","2024-05-11","2024-05-01","sample","2024-04-24","2024-05-01",10190,2,"182024",1,1.0493,"REG",0.3963,0.3128,"REG",0.118,0.1354,"REG",0.0496,0.204,"REG",0.0719,0.6043,"REG",0.2396,0.0447,"REG",0.0224,0.0299,"REG",0.0173,0.0338,"LOD",0.0211,0.0826,"REG",0.0259,0.0444,"REG",0.0191,0.1219,"REG",0.0458,0.0416,"LOD",0.0328,0.2836,"REG",0.1147,0.3245,"REG",0.0885,0.129,"REG",0.0666,0.0969,"REG",0.0422,0.1087,"REG",0.0515,0.0147,"ND",0.0245,0.121,"REG",0.0596,0.0773,"REG",0.0376,0.1176,"REG",0.0453,0.2355,"REG",0.0619,0.1732,"REG",0.0708,0.5385,"REG",0.1852,0.3221,"REG",0.1227,2.187,"REG",0.8017,0.2631,"ULOD",0.0982,0.5062,"REG",0.1919,0.0699,"REG",0.0289,0.0125,"LOD",0.0105,0.0034,"ND",0.0056,0.0016,"ND",0.0027,0.0144,"REG",0.0048,0.0196,"REG",0.0128,0.2965,"REG",0.1082,0.0257,"REG",0.01,0.0393,"REG",0.0073,0.0416,"REG",0.0103,0.23365577830739753,0.178,1.2532999999999999,"REG",2.3058,"REG",NA
"6","25th & Point Breeze","stationary","39.92771763, -75.1873965",39.92771763,-75.1873965,"#D39200","Industrial","Institution","Low","Auto body shop, junkyard","LowT/I","P726645","P726645 051224 050824 Pt B Mid SS","P726645 051224 050824 Pt B Mid SS.D","2024-05-12","2024-05-08","sample","2024-05-01","2024-05-08",9554,2,"192024",1,0.8949,"REG",0.338,0.3009,"REG",0.1136,0.1183,"REG",0.0434,0.1845,"REG",0.0659,0.6846,"REG",0.2715,0.0358,"LOD",0.0217,0.0191,"LOD",0.0165,0.0253,"LOD",0.0208,0.0624,"REG",0.0254,0.0316,"REG",0.018,0.0864,"REG",0.0335,0.0317,"LOD",0.033,0.1742,"REG",0.0705,0.1926,"REG",0.0526,0.1176,"REG",0.0617,0.0728,"REG",0.033,0.0802,"REG",0.0442,0.0339,"LOD",0.0349,0.0872,"LOD",0.0588,0.0634,"REG",0.0359,0.0801,"REG",0.0357,0.1605,"REG",0.0454,0.0985,"REG",0.053,0.3702,"REG",0.1317,0.1932,"REG",0.0797,1.276,"REG",0.4726,0.1466,"REG",0.0547,0.2865,"REG",0.1146,0.0265,"REG",0.0169,0.0063,"LOD",0.0104,0.0036,"ND",0.006,0.0017,"ND",0.0029,0.0115,"REG",0.0039,0.05,"REG",0.0181,0.3464,"REG",0.1262,0.0274,"REG",0.0107,0.0186,"REG",0.004,0.0394,"REG",0.0097,0.24921000428641207,0.158,1.0794000000000001,"REG",2.1832000000000003,"REG",NA
"6","25th & Point Breeze","stationary","39.92771763, -75.1873965",39.92771763,-75.1873965,"#D39200","Industrial","Institution","Low","Auto body shop, junkyard","LowT/I","P733856","P733856 052324 051524 Pt B Mid SS","P733856 052324 051524 Pt B Mid SS.D","2024-05-23","2024-05-15","sample","2024-05-08","2024-05-15",9400,2,"202024",1,0.6208,"REG",0.2345,0.1795,"REG",0.0683,0.0777,"REG",0.0286,0.1204,"REG",0.0459,0.3834,"REG",0.1521,0.0202,"LOD",0.0198,0.0097,"LOD",0.0159,0.0183,"LOD",0.0202,0.0411,"LOD",0.0244,0.0241,"LOD",0.0173,0.0523,"REG",0.0221,0.0193,"LOD",0.0321,0.1016,"REG",0.0412,0.1319,"REG",0.0362,0.0334,"REG",0.0266,0.0297,"REG",0.018,0.0348,"LOD",0.0344,0.0173,"LOD",0.0329,0.0461,"LOD",0.0566,0.0516,"LOD",0.034,0.0389,"LOD",0.0271,0.1135,"REG",0.0357,0.0626,"LOD",0.0466,0.2595,"REG",0.0978,0.3601,"REG",0.1369,0.9929,"REG",0.3715,0.129,"REG",0.0481,0.2352,"REG",0.0975,0.0147,"REG",0.0151,0.0052,"ND",0.0086,0.0244,"REG",0.0119,0.0018,"ND",0.0029,5e-4,"ND",8e-4,0.0213,"REG",0.0139,0.3827,"REG",0.1392,0.0278,"REG",0.0109,0.0142,"REG",0.0035,0.1667,"REG",0.0409,0.25329280648429586,0.658,0.7412,"REG",1.3818000000000001,"REG",NA
"6","25th & Point Breeze","stationary","39.92771763, -75.1873965",39.92771763,-75.1873965,"#D39200","Industrial","Institution","Low","Auto body shop, junkyard","LowT/I","P733876","P733876 052424 052224 Pt B Mid SS","P733876 052424 052224 Pt B Mid SS.D","2024-05-24","2024-05-22","sample","2024-05-15","2024-05-22",9922,2,"212024",1,0.7105,"REG",0.2684,0.2016,"REG",0.0764,0.0887,"REG",0.0326,0.1406,"REG",0.0517,0.4405,"REG",0.1747,0.0268,"LOD",0.0197,0.0123,"LOD",0.0153,0.0209,"LOD",0.0195,0.0495,"REG",0.0237,0.0266,"LOD",0.0168,0.0664,"REG",0.0265,0.0244,"LOD",0.031,0.1352,"REG",0.0548,0.1989,"REG",0.0543,0.0365,"REG",0.0267,0.0365,"REG",0.0196,0.0477,"LOD",0.0353,0.0272,"LOD",0.0326,0.0638,"LOD",0.0549,0.0794,"REG",0.0387,0.0537,"REG",0.0289,0.1411,"REG",0.0408,0.0949,"REG",0.051,0.3196,"REG",0.1152,0.5582,"REG",0.2071,1.4398,"REG",0.5312,0.1827,"ULOD",0.0682,0.3395,"REG",0.1325,0.0255,"REG",0.0163,0.0129,"LOD",0.0108,0.0397,"REG",0.0167,0.0017,"ND",0.0028,5e-4,"ND",8e-4,0.0202,"REG",0.0131,0.319,"REG",0.1163,0.0264,"REG",0.0103,0.0134,"REG",0.0033,0.1003,"REG",0.0246,0.23996698054347723,0.418,0.8511,"REG",1.5819,"REG",NA
"6","25th & Point Breeze","stationary","39.92771763, -75.1873965",39.92771763,-75.1873965,"#D39200","Industrial","Institution","Low","Auto body shop, junkyard","LowT/I","P726612","P726612 060624 052924 Pt B Mid SS","P726612 060624 052924 Pt B Mid SS.D","2024-06-06","2024-05-29","sample","2024-05-22","2024-05-29",9582,2,"222024",1,0.6642,"REG",0.2509,0.2316,"REG",0.0876,0.0879,"REG",0.0323,0.142,"REG",0.0524,0.4994,"REG",0.198,0.0275,"LOD",0.0204,0.0127,"LOD",0.0158,0.0216,"LOD",0.0202,0.0513,"REG",0.0246,0.0234,"LOD",0.017,0.0683,"REG",0.0273,0.0253,"LOD",0.0321,0.1525,"REG",0.0618,0.1677,"REG",0.0459,0.0748,"REG",0.0422,0.0583,"REG",0.0275,0.0507,"LOD",0.0368,0.0282,"LOD",0.0338,0.0737,"LOD",0.0574,0.0569,"REG",0.0345,0.0729,"REG",0.0339,0.15310000000000001,"REG",0.0437,0.0982,"REG",0.0528,0.3182,"REG",0.1154,0.4383,"REG",0.1644,1.1728,"REG",0.4355,0.1163,"REG",0.0434,0.3406,"REG",0.1333,0.0324,"REG",0.0183,0.007,"LOD",0.0104,0.051,"REG",0.0208,0.0017,"ND",0.0029,0.011,"REG",0.0038,0.0307,"REG",0.0148,0.1652,"REG",0.0616,0.0195,"REG",0.0078,0.0139,"REG",0.0034,0.0497,"REG",0.0123,0.24848177634652274,0.2,0.8062,"REG",1.6250999999999998,"REG",NA
"6","25th & Point Breeze","stationary","39.92771763, -75.1873965",39.92771763,-75.1873965,"#D39200","Industrial","Institution","Low","Auto body shop, junkyard","LowT/I","P726618","P726618 060724 060524 Pt B Mid SS","P726618 060724 060524 Pt B Mid SS.D","2024-06-07","2024-06-05","sample","2024-05-29","2024-06-05",9366,2,"232024",1,0.7634,"REG",0.2883,0.1835,"REG",0.0697,0.1006,"REG",0.037,0.1453,"REG",0.0536,0.3973,"REG",0.1576,0.0241,"LOD",0.0203,0.0098,"LOD",0.0159,0.0184,"LOD",0.0203,0.0412,"LOD",0.0245,0.0199,"LOD",0.017,0.052,"REG",0.0221,0.0194,"LOD",0.0322,0.1009,"REG",0.041,0.1146,"REG",0.0315,0.0562,"REG",0.0347,0.0418,"REG",0.0218,0.0414,"LOD",0.0357,0.0231,"LOD",0.0337,0.0612,"LOD",0.0577,0.0453,"LOD",0.033,0.0533,"REG",0.0298,0.1068,"REG",0.0345,0.0754,"LOD",0.0489,0.2214,"REG",0.0867,0.2732,"REG",0.1067,0.7525,"REG",0.2867,0.0881,"REG",0.0329,0.2248,"REG",0.0942,0.0331,"REG",0.0187,0.0072,"LOD",0.0107,0.0732,"REG",0.029,0.0018,"ND",0.0029,0.0093,"REG",0.0032,0.0492,"REG",0.0181,0.1536,"REG",0.0576,0.02,"REG",0.008,0.0285,"REG",0.0056,0.0407,"REG",0.0101,0.25421229777411714,0.16,0.9087,"REG",1.5900999999999998,"REG",NA
"6","25th & Point Breeze","stationary","39.92771763, -75.1873965",39.92771763,-75.1873965,"#D39200","Industrial","Institution","Low","Auto body shop, junkyard","LowT/I","P733853","P733853 062124 061224 Pt B Mid SS","P733853 062124 061224 Pt B Mid SS.D","2024-06-21","2024-06-12","sample","2024-06-05","2024-06-12",9808,2,"242024",1,0.8164,"REG",0.3083,0.1944,"REG",0.0737,0.1063,"REG",0.039,0.1655,"REG",0.0596,0.4141,"REG",0.1642,0.0346,"LOD",0.0211,0.0187,"LOD",0.0161,0.0246,"LOD",0.0202,0.0644,"REG",0.025,0.0267,"LOD",0.017,0.0837,"REG",0.0325,0.0309,"LOD",0.0321,0.1227,"REG",0.0497,0.1366,"REG",0.0375,0.0731,"REG",0.0413,0.0484,"REG",0.0238,0.0793,"REG",0.0434,0.0496,"LOD",0.0379,0.0992,"REG",0.0588,0.0865,"REG",0.0406,0.0543,"REG",0.0292,0.1291,"REG",0.0384,0.108,"REG",0.0543,0.3108,"REG",0.1127,0.2295,"REG",0.0913,0.6797,"REG",0.2602,0.0598,"REG",0.0223,0.2468,"REG",0.1006,0.0067,"ND",0.0112,0.005,"ND",0.0083,0.0298,"REG",0.0134,0.0017,"ND",0.0028,5e-4,"ND",8e-4,0.0244,"REG",0.0137,0.2054,"REG",0.0757,0.0286,"REG",0.0111,0.0589,"REG",0.0107,0.0486,"REG",0.012,0.24275615629612368,0.2,0.9819,"REG",1.6967,"REG",NA
"6","25th & Point Breeze","stationary","39.92771763, -75.1873965",39.92771763,-75.1873965,"#D39200","Industrial","Institution","Low","Auto body shop, junkyard","LowT/I","P733869","P733869 062124 061924 Pt B Mid SS","P733869 062124 061924 Pt B Mid SS.D","2024-06-21","2024-06-19","sample","2024-06-12","2024-06-19",10181,2,"252024",1,0.5409,"REG",0.2043,0.1504,"REG",0.0573,0.0729,"REG",0.0269,0.113,"REG",0.0429,0.3237,"REG",0.1284,0.0222,"LOD",0.0187,0.012,"LOD",0.0149,0.0169,"LOD",0.0187,0.0448,"REG",0.0229,0.0183,"LOD",0.0156,0.0561,"REG",0.023,0.0238,"LOD",0.0302,0.0992,"REG",0.0402,0.1316,"REG",0.0361,0.033,"REG",0.0252,0.0344,"REG",0.0187,0.0381,"LOD",0.0328,0.0265,"LOD",0.0318,0.0563,"LOD",0.0531,0.0536,"REG",0.0325,0.036,"LOD",0.025,0.0982,"REG",0.0317,0.0693,"LOD",0.045,0.2276,"REG",0.0868,0.2111,"REG",0.0846,0.6174,"REG",0.2377,0.059,"REG",0.022,0.2171,"REG",0.09,0.0065,"ND",0.0108,0.0066,"LOD",0.0098,0.106,"REG",0.0412,0.0016,"ND",0.0027,0.0068,"REG",0.0024,0.0071,"LOD",0.0119,0.1837,"REG",0.0679,0.0184,"REG",0.0073,0.0087,"REG",0.0027,0.0281,"REG",0.007,0.23386232992362058,0.12,0.6539,"REG",1.2008999999999999,"REG",NA
"6","25th & Point Breeze","stationary","39.92771763, -75.1873965",39.92771763,-75.1873965,"#D39200","Industrial","Institution","Low","Auto body shop, junkyard","LowT/I","P733850","P733850 062724 061924 Pt B Mid SS","P733850 062724 061924 Pt B Mid SS.D","2024-06-27","2024-06-19","sample","2024-06-19","2024-06-26",10083,2,"262024",1,0.6949,"REG",0.2625,0.1581,"REG",0.0602,0.0885,"REG",0.0325,0.1454,"REG",0.0531,0.4577,"REG",0.1815,0.0299,"LOD",0.0199,0.0181,"LOD",0.0156,0.0239,"LOD",0.0197,0.0348,"LOD",0.0226,0.0223,"LOD",0.0161,0.0566,"REG",0.0232,0.024,"LOD",0.0305,0.1321,"REG",0.0535,0.1858,"REG",0.0508,0.0569,"REG",0.0342,0.0512,"REG",0.0246,0.0578,"REG",0.0372,0.0375,"LOD",0.0342,0.0701,"LOD",0.0546,0.0661,"REG",0.0353,0.0111,"ND",0.0184,0.1256,"REG",0.0373,0.0933,"REG",0.0502,0.2903,"REG",0.1059,0.3148,"REG",0.1203,0.8501,"REG",0.3195,3e-4,"ND",4e-4,0.2923,"REG",0.1158,0.0066,"ND",0.0109,0.0048,"ND",0.008,0.081,"REG",0.0318,0.0016,"ND",0.0027,5e-4,"ND",8e-4,0.0072,"LOD",0.012,0.1998,"REG",0.0736,0.0012,"ND",0.0019,0.0088,"REG",0.0027,6e-4,"ND",0.001,0.23613531498089668,0,0.8402999999999999,"REG",1.5446,"REG",NA
"7","Morris & Point Breeze","stationary","39.93094655, -75.1829941",39.93094655,-75.1829941,"#FF61C3","Non-Industrial","Residential","Low",NA,"LowT/NoI","P733885","P733885 071323 070523 Point Breeze Far 1WK SS","P733885 071323 070523 Point Breeze Far 1WK SS.D","2023-07-13","2023-07-05","sample","2023-06-28","2023-07-05",9706,2,"272023",1,0.6035,"REG",0.2279,0.3509,"REG",0.1323,0.1133,"REG",0.0416,0.1681,"REG",0.0605,0.3666,"REG",0.1454,0.0313,"LOD",0.0207,0.0188,"LOD",0.0162,0.0249,"LOD",0.0204,0.0578,"REG",0.0248,0.0233,"LOD",0.0168,0.0601,"REG",0.0245,0.025,"LOD",0.0317,0.1188,"REG",0.0482,0.1958,"REG",0.0535,0.0227,"REG",0.023,0.0478,"REG",0.0236,0.0817,"REG",0.0443,0.0745,"REG",0.0457,0.1159,"REG",0.0612,0.0812,"REG",0.0395,0.0549,"REG",0.0295,0.0962,"REG",0.032,0.0833,"REG",0.0493,0.2136,"REG",0.0837,0.3381,"REG",0.1288,0.9861,"REG",0.3686,0.1132,"REG",0.0422,0.2386,"REG",0.098,0.0355,"REG",0.0189,0.0061,"LOD",0.0102,0.0448,"REG",0.0186,0.0017,"ND",0.0028,5e-4,"ND",8e-4,0.0343,"REG",0.0152,0.1927,"REG",0.0713,0.0193,"REG",0.0077,0.0092,"REG",0.0028,0.0343,"REG",0.0085,0.24530727188876786,0.14,0.7716000000000001,"REG",1.6023999999999998,"REG",NA
"7","Morris & Point Breeze","stationary","39.93094655, -75.1829941",39.93094655,-75.1829941,"#FF61C3","Non-Industrial","Residential","Low",NA,"LowT/NoI","P637223","P637223 071323 071223 Point Breeze Far 1WK SS","P637223 071323 071223 Point Breeze Far 1WK SS.D","2023-07-13","2023-07-12","sample","2023-07-05","2023-07-12",9014,2,"282023",1,0.5547,"REG",0.2095,0.2184,"REG",0.0828,0.0998,"REG",0.0367,0.1576,"REG",0.0578,0.3995,"REG",0.1584,0.0337,"LOD",0.0223,0.0237,"LOD",0.0179,0.0268,"LOD",0.022,0.0662,"REG",0.027,0.0251,"LOD",0.0181,0.074,"REG",0.0295,0.0269,"LOD",0.0341,0.1279,"REG",0.0519,0.2256,"REG",0.0616,0.0108,"ND",0.018,0.0191,"REG",0.0158,0.0934,"REG",0.0492,0.0802,"REG",0.0492,0.1618,"REG",0.0709,0.074,"REG",0.0394,0.0775,"REG",0.036,0.1109,"REG",0.0358,0.1028,"REG",0.0558,0.2571,"REG",0.098,0.4324,"REG",0.1628,1.252,"REG",0.4649,0.2053,"REG",0.0766,0.3036,"REG",0.1214,0.051,"REG",0.0239,0.014,"REG",0.0118,0.0446,"REG",0.0187,0.0018,"ND",0.0031,5e-4,"ND",8e-4,0.0308,"REG",0.0155,0.1915,"REG",0.0711,0.0311,"REG",0.0121,0.0099,"REG",0.003,0.0423,"REG",0.0105,0.2641393810686023,0.16,0.7122999999999999,"REG",1.43,"REG",NA
"7","Morris & Point Breeze","stationary","39.93094655, -75.1829941",39.93094655,-75.1829941,"#FF61C3","Non-Industrial","Residential","Low",NA,"LowT/NoI","P726601","P726601 072723 071923 Point Breeze Far 1WK DS","P726601 072723 071923 Point Breeze Far 1WK DS.D","2023-07-27","2023-07-19","sample","2023-07-12","2023-07-19",9302,14.3,"292023",1,1.1453,"REG",0.4325,0.4502,"REG",0.1696,0.1922,"REG",0.0703,0.3236,"REG",0.1118,0.7414,"REG",0.294,0.0875,"LOD",0.0337,0.0703,"LOD",0.0275,0.053,"LOD",0.0264,0.1349,"LOD",0.0334,0.058,"LOD",0.0225,0.1922,"REG",0.0713,0.0466,"LOD",0.0361,0.2759,"REG",0.1116,0.4504,"REG",0.1227,0.0897,"LOD",0.0491,0.1114,"LOD",0.0483,0.2376,"LOD",0.0982,0.4418,"LOD",0.202,0.5044,"LOD",0.1403,0.1398,"LOD",0.0561,0.1791,"LOD",0.065,0.2562,"LOD",0.0674,0.2697,"LOD",0.1019,0.5624,"LOD",0.1939,1.1825,"REG",0.4338,3.3521,"REG",1.2261,0.4347,"REG",0.1623,0.8091,"REG",0.3032,0.0071,"ND",0.0118,0.0435,"LOD",0.0183,0.0982,"LOD",0.0383,0.0018,"ND",0.003,0.0282,"REG",0.0094,0.0427,"LOD",0.017,0.553,"REG",0.2006,0.0718,"REG",0.0274,0.0342,"REG",0.0065,0.183,"REG",0.0449,0.2559613395992669,0.7150000000000001,1.4689,"REG",2.8526999999999996,"REG",NA
"7","Morris & Point Breeze","stationary","39.93094655, -75.1829941",39.93094655,-75.1829941,"#FF61C3","Non-Industrial","Residential","Low",NA,"LowT/NoI","P726616","P726616 072823 072623 Point Breeze Far 1WK DS","P726616 072823 072623 Point Breeze Far 1WK DS.D","2023-07-28","2023-07-26","sample","2023-07-19","2023-07-26",9926,14.3,"302023",1,0.9704,"REG",0.3665,0.4219,"REG",0.159,0.1441,"REG",0.0528,0.2654,"LOD",0.0922,0.6948,"REG",0.2755,0.082,"LOD",0.0316,0.0074,"ND",0.0123,0.0497,"LOD",0.0247,0.1264,"LOD",0.0313,0.0544,"LOD",0.0211,0.1801,"REG",0.0668,0.0437,"LOD",0.0338,0.2585,"REG",0.1046,0.3261,"REG",0.0889,0.0841,"LOD",0.046,0.0744,"LOD",0.0334,0.1875,"LOD",0.0792,0.3361,"LOD",0.1547,0.4246,"LOD",0.1203,0.131,"LOD",0.0526,0.1199,"LOD",0.0463,0.1921,"LOD",0.0521,0.168,"LOD",0.0699,0.4392,"LOD",0.1532,0.8127,"REG",0.2991,2.3181,"REG",0.8495,0.4022,"REG",0.1501,0.5308,"LOD",0.2011,0.0596,"LOD",0.0258,0.0049,"ND",0.0082,0.092,"LOD",0.0359,0.0017,"ND",0.0028,0.0264,"REG",0.0088,0.08,"LOD",0.0241,0.5182,"REG",0.188,0.0673,"REG",0.0257,0.032,"REG",0.0061,0.1715,"REG",0.0421,0.23987027815357453,0.7150000000000001,1.2358,"REG",2.4966000000000004,"REG",NA
"7","Morris & Point Breeze","stationary","39.93094655, -75.1829941",39.93094655,-75.1829941,"#FF61C3","Non-Industrial","Residential","Low",NA,"LowT/NoI","P726653","P726653 081023 080223 Point Breeze Far 1WK SS","P726653 081023 080223 Point Breeze Far 1WK SS.D","2023-08-10","2023-08-02","sample","2023-07-26","2023-08-02",10093,2,"312023",1,0.5862,"REG",0.2214,0.257,"REG",0.0971,0.0941,"REG",0.0346,0.146,"REG",0.0532,0.3794,"REG",0.1505,0.0376,"REG",0.0212,0.0272,"LOD",0.0169,0.0273,"LOD",0.0202,0.0689,"REG",0.0249,0.0255,"LOD",0.0165,0.0729,"REG",0.0287,0.036,"LOD",0.0321,0.1364,"REG",0.0552,0.1982,"REG",0.0541,0.2988,"REG",0.1491,0.1197,"REG",0.0514,0.1466,"REG",0.0644,0.2419,"REG",0.1131,0.284,"REG",0.0889,0.0661,"REG",0.0352,0.0758,"REG",0.0338,0.1057,"REG",0.0333,0.0894,"REG",0.0493,0.2296,"REG",0.0875,0.376,"REG",0.1418,1.126,"REG",0.418,0.1112,"REG",0.0415,0.2399,"REG",0.0978,0.0626,"REG",0.0266,0.0199,"REG",0.0118,0.0536,"REG",0.0216,0.0201,"REG",0.0072,0.0145,"REG",0.0049,0.044,"REG",0.0165,0.2138,"REG",0.0786,0.037,"REG",0.0142,0.0088,"REG",0.0027,0.0708,"REG",0.0174,0.23590135548918867,0.3,0.7322000000000001,"REG",1.4627,"REG",NA
"7","Morris & Point Breeze","stationary","39.93094655, -75.1829941",39.93094655,-75.1829941,"#FF61C3","Non-Industrial","Residential","Low",NA,"LowT/NoI","P733849","P733849 081123 080923 Point Breeze Far 1WK SS","P733849 081123 080923 Point Breeze Far 1WK SS.D","2023-08-11","2023-08-09","sample","2023-08-02","2023-08-09",10127,2,"322023",1,0.3868,"REG",0.1461,0.2129,"REG",0.0806,0.0741,"REG",0.0273,0.1039,"REG",0.0403,0.2815,"REG",0.1117,0.03,"LOD",0.0199,0.0241,"LOD",0.0164,0.0238,"LOD",0.0196,0.0514,"REG",0.0235,0.0217,"LOD",0.016,0.0562,"REG",0.023,0.0239,"LOD",0.0304,0.0849,"REG",0.0345,0.1448,"REG",0.0397,0.0298,"REG",0.0243,0.0288,"REG",0.0171,0.0739,"REG",0.0412,0.145,"REG",0.0718,0.1646,"REG",0.0663,0.0419,"LOD",0.0305,0.0394,"LOD",0.0257,0.0724,"REG",0.0272,0.0658,"LOD",0.0446,0.1686,"REG",0.0701,0.2431,"REG",0.0954,0.6332,"REG",0.2433,0.0794,"REG",0.0296,0.1767,"REG",0.077,0.0284,"REG",0.0167,0.0133,"LOD",0.0106,0.0469,"REG",0.0192,0.015,"REG",0.0058,5e-4,"ND",8e-4,0.0274,"REG",0.0138,0.2131,"REG",0.0784,0.0277,"REG",0.0108,0.0088,"REG",0.0027,0.0611,"REG",0.015,0.23510934935838657,0.26,0.49069999999999997,"REG",1.0592000000000001,"REG",NA
"7","Morris & Point Breeze","stationary","39.93094655, -75.1829941",39.93094655,-75.1829941,"#FF61C3","Non-Industrial","Residential","Low",NA,"LowT/NoI","P733892","P733892 082423 081623 Point Breeze Far SS","P733892 082423 081623 Point Breeze Far SS.D","2023-08-24","2023-08-16","sample","2023-08-09","2023-08-16",9429,1.3,"332023",1,0.6192,"REG",0.2339,0.2459,"REG",0.093,0.1241,"REG",0.0455,0.1669,"REG",0.0604,0.4912,"REG",0.1948,0.0471,"REG",0.024,0.0078,"ND",0.0129,0.0333,"REG",0.0222,0.084,"REG",0.0275,0.0305,"REG",0.018,0.079,"REG",0.031,0.0418,"REG",0.0349,0.1443,"REG",0.0584,0.1905,"REG",0.0521,0.1221,"REG",0.0639,0.08,"REG",0.0358,0.1393,"REG",0.0629,0.3025,"REG",0.1402,0.2938,"REG",0.093,0.071,"REG",0.0378,0.0642,"REG",0.0321,0.1103,"REG",0.0351,0.1094,"REG",0.0558,0.2522,"REG",0.0956,0.3182,"REG",0.1222,0.8599,"REG",0.3243,0.1032,"REG",0.0385,0.2467,"REG",0.1013,0.0372,"REG",0.0196,0.0139,"REG",0.0114,0.0457,"REG",0.019,0.0017,"ND",0.0029,5e-4,"ND",8e-4,0.0345,"REG",0.0155,0.1885,"REG",0.0698,0.0258,"REG",0.0101,0.0153,"REG",0.0036,0.0427,"REG",0.0105,0.2525137746264059,0.169,0.7861,"REG",1.6473,"REG","Summer"
"7","Morris & Point Breeze","stationary","39.93094655, -75.1829941",39.93094655,-75.1829941,"#FF61C3","Non-Industrial","Residential","Low",NA,"LowT/NoI","P733883","P733883 082523 082323 Point Breeze Far SS","P733883 082523 082323 Point Breeze Far SS.D","2023-08-25","2023-08-23","sample","2023-08-16","2023-08-23",9978,2,"342023",1,0.4928,"REG",0.1861,0.2913,"REG",0.11,0.0952,"REG",0.035,0.1319,"REG",0.0489,0.3924,"REG",0.1556,0.038,"REG",0.0214,0.0306,"REG",0.0176,0.0276,"LOD",0.0204,0.0662,"REG",0.0249,0.0258,"LOD",0.0167,0.0571,"REG",0.0234,0.0304,"LOD",0.0316,0.1121,"REG",0.0454,0.1537,"REG",0.0421,0.1209,"REG",0.0629,0.0668,"REG",0.0305,0.1043,"REG",0.0505,0.2338,"REG",0.1097,0.2405,"REG",0.0805,0.0486,"LOD",0.032,0.0534,"REG",0.0287,0.0935,"REG",0.0311,0.0904,"REG",0.0499,0.2078,"REG",0.0814,0.2467,"REG",0.0969,0.6618,"REG",0.2536,0.0762,"REG",0.0285,0.1899,"REG",0.0815,0.0403,"REG",0.0199,0.0135,"LOD",0.0108,0.0411,"REG",0.0172,0.0017,"ND",0.0028,0.0147,"REG",0.0049,0.0334,"REG",0.0148,0.1875,"REG",0.0693,0.0281,"REG",0.0109,0.0089,"REG",0.0027,0.043,"REG",0.0106,0.2386202025408279,0.18,0.6247,"REG",1.4036,"REG","Summer"
"7","Morris & Point Breeze","stationary","39.93094655, -75.1829941",39.93094655,-75.1829941,"#FF61C3","Non-Industrial","Residential","Low",NA,"LowT/NoI","P733866","P733866 090723 083023 Point Breeze far SS","P733866 090723 083023 Point Breeze far SS.D","2023-09-07","2023-08-30","sample","2023-08-23","2023-08-30",10029,2,"352023",1,0.4202,"REG",0.1588,0.2057,"REG",0.0779,0.0794,"REG",0.0292,0.115,"REG",0.0437,0.3013,"REG",0.1195,0.0341,"LOD",0.0207,0.0243,"LOD",0.0165,0.0189,"LOD",0.0191,0.056,"REG",0.024,0.0226,"LOD",0.0162,0.0665,"REG",0.0265,0.0297,"LOD",0.0314,0.0911,"REG",0.037,0.1335,"REG",0.0366,0.0097,"ND",0.0162,0.0052,"REG",0.0124,0.0738,"REG",0.0414,0.1365,"REG",0.0685,0.1468,"REG",0.064,0.0544,"REG",0.033,0.052,"REG",0.0283,0.0997,"REG",0.0322,0.0929,"REG",0.0502,0.2432,"REG",0.0917,0.2437,"REG",0.0958,0.6837,"REG",0.2611,0.0643,"REG",0.024,0.2309,"REG",0.0949,0.0277,"REG",0.0167,0.0049,"ND",0.0081,0.0354,"REG",0.0152,0.0016,"ND",0.0027,5e-4,"ND",8e-4,0.0263,"REG",0.0138,0.1865,"REG",0.069,0.028,"REG",0.0109,0.0089,"REG",0.0027,0.0522,"REG",0.0129,0.23740675849560083,0.22,0.5352,"REG",1.1216000000000002,"REG","Summer"
"7","Morris & Point Breeze","stationary","39.93094655, -75.1829941",39.93094655,-75.1829941,"#FF61C3","Non-Industrial","Residential","Low",NA,"LowT/NoI","P726644","P726644 090823 090623 Point Breeze far SS","P726644 090823 090623 Point Breeze far SS.D","2023-09-08","2023-09-06","sample","2023-08-30","2023-09-06",10020,2,"362023",1,0.6986,"REG",0.2639,0.262,"REG",0.099,0.1243,"REG",0.0456,0.1939,"REG",0.0687,0.5054,"REG",0.2004,0.0454,"REG",0.0228,0.0396,"REG",0.0193,0.0327,"REG",0.0212,0.091,"REG",0.0271,0.0301,"REG",0.0171,0.0998,"REG",0.038,0.0418,"LOD",0.0333,0.1556,"REG",0.063,0.2401,"REG",0.0655,0.0503,"REG",0.0316,0.0385,"REG",0.0202,0.1177,"REG",0.0547,0.169,"REG",0.0819,0.2201,"REG",0.0765,0.0968,"REG",0.0429,0.0753,"REG",0.0338,0.1597,"REG",0.0447,0.1399,"REG",0.0619,0.353,"REG",0.1256,0.4384,"REG",0.1641,1.2546,"REG",0.4643,0.1084,"REG",0.0405,0.3467,"REG",0.1349,0.0736,"REG",0.0302,0.0173,"REG",0.0114,0.0485,"REG",0.0198,0.0122,"REG",0.0051,0.014,"REG",0.0047,0.0374,"REG",0.0154,0.1867,"REG",0.069,0.028,"REG",0.0109,0.0133,"REG",0.0032,0.0475,"REG",0.0117,0.23761999809904003,0.2,0.8925,"REG",1.7842,"REG","Summer"
"7","Morris & Point Breeze","stationary","39.93094655, -75.1829941",39.93094655,-75.1829941,"#FF61C3","Non-Industrial","Residential","Low",NA,"LowT/NoI","P733881","P733881 092923 092723 Point Breeze far SS","P733881 092923 092723 Point Breeze far SS RENAME.D","2023-09-29","2023-09-27","sample","2023-09-20","2023-09-27",9987,2,"392023",1,0.5221,"REG",0.1972,0.2628,"REG",0.0993,0.0797,"REG",0.0293,0.1102,"REG",0.0423,0.3323,"REG",0.1318,0.019,"LOD",0.0187,0.0122,"LOD",0.0152,0.0121,"LOD",0.0186,0.0422,"LOD",0.0232,0.0189,"LOD",0.016,0.0501,"REG",0.0211,0.0177,"LOD",0.0302,0.0786,"REG",0.032,0.1274,"REG",0.035,0.0098,"ND",0.0163,0.0052,"REG",0.0125,0.0301,"LOD",0.032,0.018,"LOD",0.0311,0.0339,"LOD",0.0528,0.0425,"LOD",0.0309,0.0522,"REG",0.0284,0.0801,"REG",0.0287,0.0579,"LOD",0.0437,0.171,"REG",0.0711,0.2756,"REG",0.1067,0.801,"REG",0.3024,0.124,"REG",0.0463,0.1476,"REG",0.0684,0.0066,"ND",0.011,0.0049,"ND",0.0081,0.0126,"REG",0.0084,0.0017,"ND",0.0028,5e-4,"ND",8e-4,0.0598,"REG",0.0197,0.2737,"REG",0.1,0.0374,"REG",0.0144,0.0134,"REG",0.0033,0.1526,"REG",0.0375,0.23840516480949042,0.64,0.6323,"REG",1.3071,"REG","Summer"
"7","Morris & Point Breeze","stationary","39.93094655, -75.1829941",39.93094655,-75.1829941,"#FF61C3","Non-Industrial","Residential","Low",NA,"LowT/NoI","P733882","P733882 101223 100423 Point Breeze far SS","P733882 101223 100423 Point Breeze far SS.D","2023-10-12","2023-10-04","sample","2023-09-27","2023-10-04",10191,2,"402023",1,1.0149,"REG",0.3833,0.4078,"REG",0.1537,0.1467,"REG",0.0537,0.2117,"REG",0.0744,0.5867,"REG",0.2326,0.0372,"REG",0.021,0.0239,"LOD",0.0163,0.0305,"LOD",0.0205,0.0792,"REG",0.0256,0.037,"REG",0.0179,0.0891,"REG",0.0342,0.0416,"LOD",0.0328,0.2171,"REG",0.0878,0.4056,"REG",0.1105,0.0509,"REG",0.0317,0.0617,"REG",0.0284,0.0761,"REG",0.0417,0.0546,"REG",0.0384,0.085,"REG",0.0554,0.22,"REG",0.0799,0.1176,"REG",0.0453,0.1956,"REG",0.0526,0.1616,"REG",0.0675,0.4428,"REG",0.1541,0.6944,"REG",0.2561,1.9625,"REG",0.7202,0.3643,"ULOD",0.136,0.4121,"REG",0.158,0.0733,"REG",0.03,0.0184,"REG",0.0115,0.0312,"REG",0.0137,0.0016,"ND",0.0027,5e-4,"ND",8e-4,0.0643,"REG",0.0205,0.2683,"REG",0.098,0.0367,"REG",0.0141,0.0174,"REG",0.0038,0.0794,"REG",0.0195,0.23363285064786388,0.34,1.2266,"REG",2.3678,"REG","Summer"
"7","Morris & Point Breeze","stationary","39.93094655, -75.1829941",39.93094655,-75.1829941,"#FF61C3","Non-Industrial","Residential","Low",NA,"LowT/NoI","P733864","P733864 101323 101123 Point Breeze far SS","P733864 101323 101123 Point Breeze far SS.D","2023-10-13","2023-10-11","sample","2023-10-04","2023-10-11",9928,1.99,"412023",1,0.7645,"REG",0.2887,0.4101,"REG",0.1545,0.1097,"REG",0.0403,0.1635,"REG",0.0589,0.5181,"REG",0.2055,0.0304,"LOD",0.0202,0.0214,"LOD",0.0163,0.0242,"LOD",0.02,0.0633,"REG",0.0247,0.0265,"LOD",0.0168,0.0743,"REG",0.0292,0.0304,"LOD",0.0317,0.1829,"REG",0.074,0.3541,"REG",0.0965,0.0135,"REG",0.0208,0.0337,"REG",0.0187,0.0826,"REG",0.044,0.0666,"REG",0.0426,0.1001,"REG",0.0583,0.0911,"REG",0.0416,0.0734,"REG",0.0334,0.173,"REG",0.0478,0.1179,"REG",0.0564,0.3911,"REG",0.1378,0.5654,"REG",0.2096,1.6417,"REG",0.6041,0.3634,"ULOD",0.1356,0.3154,"REG",0.124,0.0067,"ND",0.0111,0.012,"REG",0.0106,0.022,"REG",0.0109,0.0017,"ND",0.0028,5e-4,"ND",8e-4,0.0657,"REG",0.021,0.2884,"REG",0.1053,0.0468,"REG",0.0179,0.0178,"REG",0.0039,0.1098,"REG",0.027,0.23982195617973215,0.4577,0.9279999999999999,"REG",1.9659,"REG","Summer"
"7","Morris & Point Breeze","stationary","39.93094655, -75.1829941",39.93094655,-75.1829941,"#FF61C3","Non-Industrial","Residential","Low",NA,"LowT/NoI","P733851","P733851 102623 101823 Point Breeze Far SS RENAME","P733851 102623 101823 Point Breeze Far SS RENAME.D","2023-10-26","2023-10-18","sample","2023-10-11","2023-10-18",10081,2,"422023",1,0.7638,"REG",0.2885,0.3317,"REG",0.1251,0.1136,"REG",0.0416,0.1671,"REG",0.06,0.4496,"REG",0.1783,0.0264,"LOD",0.0194,0.0151,"LOD",0.0153,0.0205,"LOD",0.0192,0.0592,"REG",0.0241,0.0337,"REG",0.0175,0.0736,"REG",0.0289,0.0301,"LOD",0.0313,0.1235,"REG",0.0501,0.1984,"REG",0.0542,0.0562,"REG",0.0339,0.0459,"REG",0.0227,0.0624,"REG",0.0383,0.0499,"LOD",0.0373,0.0794,"LOD",0.0554,0.0601,"REG",0.034,0.0627,"REG",0.0306,0.1184,"REG",0.0358,0.0817,"REG",0.0477,0.2661,"REG",0.0985,0.3866,"REG",0.1456,1.077,"REG",0.4004,0.077,"REG",0.0287,0.1973,"REG",0.0837,0.0513,"REG",0.0231,0.0053,"REG",0.0098,0.0185,"REG",0.0099,0.0016,"ND",0.0027,5e-4,"ND",8e-4,0.065,"REG",0.0207,0.3283,"REG",0.1196,0.0371,"REG",0.0143,0.0176,"REG",0.0038,0.1181,"REG",0.029,0.23618216257835345,0.5,0.9309000000000001,"REG",1.8258,"REG","Summer"
"7","Morris & Point Breeze","stationary","39.93094655, -75.1829941",39.93094655,-75.1829941,"#FF61C3","Non-Industrial","Residential","Low",NA,"LowT/NoI","P726663","P726663 102723 102523 Point Breeze Far SS","P726663 102723 102523 Point Breeze Far SS.D","2023-10-27","2023-10-25","sample","2023-10-18","2023-10-25",10051,2,"432023",1,1.6473,"REG",0.6221,0.426,"REG",0.1605,0.2383,"REG",0.0872,0.3299,"REG",0.1136,0.815,"REG",0.3232,0.0415,"REG",0.022,0.0303,"REG",0.0175,0.0343,"LOD",0.0214,0.1047,"REG",0.0285,0.0451,"REG",0.0193,0.1318,"REG",0.0494,0.0482,"LOD",0.0344,0.3421,"REG",0.1383,0.5903,"REG",0.1608,0.028,"REG",0.0238,0.0709,"REG",0.032,0.0675,"REG",0.0396,0.0608,"REG",0.0405,0.0862,"REG",0.0562,0.1266,"REG",0.0511,0.1258,"REG",0.0479,0.3575,"REG",0.0911,0.2692,"REG",0.1006,0.8129,"REG",0.2757,1.296,"REG",0.4749,3.5817,"REG",1.3094,0.4745,"ULOD",0.1771,0.8787,"REG",0.3283,0.0629,"REG",0.0267,0.0254,"REG",0.013,0.0186,"REG",0.0099,0.0016,"ND",0.0027,5e-4,"ND",8e-4,0.0597,"REG",0.0196,0.2863,"REG",0.1045,0.0465,"REG",0.0178,0.0177,"REG",0.0038,0.1232,"REG",0.0302,0.2368871138147827,0.52,1.9772,"REG",3.4564999999999997,"REG","Summer"
"7","Morris & Point Breeze","stationary","39.93094655, -75.1829941",39.93094655,-75.1829941,"#FF61C3","Non-Industrial","Residential","Low",NA,"LowT/NoI","P726609","P726609 110923 110123 Point Breeze Far SS","P726609 110923 110123 Point Breeze Far SS.D","2023-11-09","2023-11-01","sample","2023-10-25","2023-11-01",9611,2,"442023",1,1.5065,"REG",0.5689,0.4715,"REG",0.1776,0.2227,"REG",0.0815,0.3121,"REG",0.10780000000000001,0.9825,"REG",0.3896,0.0553,"REG",0.0254,0.0412,"REG",0.0202,0.0466,"REG",0.0245,0.1241,"REG",0.0315,0.051,"REG",0.0209,0.1379,"REG",0.0517,0.0631,"REG",0.0387,0.3571,"REG",0.1444,0.5681,"REG",0.1547,0.1308,"REG",0.0678,0.1322,"REG",0.0566,0.1142,"REG",0.0543,0.0917,"REG",0.0518,0.1464,"REG",0.0657,0.164,"REG",0.0629,0.1073,"REG",0.043,0.3052,"REG",0.0788,0.317,"REG",0.1166,0.6725,"REG",0.2297,0.9071,"REG",0.3335,2.4179,"REG",0.886,0.2341,"ULOD",0.0874,0.679,"REG",0.2553,0.1232,"REG",0.0476,0.0321,"REG",0.015,0.0171,"REG",0.0097,0.0017,"ND",0.0029,0.0172,"REG",0.0058,0.0387,"REG",0.016,0.2994,"REG",0.1093,0.0379,"REG",0.0146,0.0277,"REG",0.0055,0.1437,"REG",0.0353,0.24773201341716586,0.58,1.8186,"REG",3.4953,"REG","Summer"
"7","Morris & Point Breeze","stationary","39.93094655, -75.1829941",39.93094655,-75.1829941,"#FF61C3","Non-Industrial","Residential","Low",NA,"LowT/NoI","P726661","P726661 111023 110823 Point Breeze Far SS","P726661 111023 110823 Point Breeze Far SS.D","2023-11-10","2023-11-08","sample","2023-11-01","2023-11-08",9887,2,"452023",1,3.4222,"REG",1.2924,0.6669,"REG",0.251,0.4895,"REG",0.179,0.7186,"REG",0.2446,0.9766,"REG",0.3872,0.0537,"REG",0.0247,0.037,"REG",0.019,0.0488,"REG",0.0246,0.1313,"REG",0.032,0.0458,"REG",0.0196,0.1509,"REG",0.0563,0.0674,"REG",0.039,0.3994,"REG",0.1615,0.5657,"REG",0.1541,0.5751,"REG",0.2852,0.276,"REG",0.1158,0.1653,"REG",0.0713,0.0727,"REG",0.0447,0.1692,"REG",0.068,0.1471,"REG",0.0574,0.1144,"REG",0.0447,0.3439,"REG",0.0879,0.2844,"REG",0.1056,0.7524,"REG",0.2558,1.0374,"REG",0.3808,2.832,"REG",1.0364,0.3286,"ULOD",0.1226,0.6814,"REG",0.256,0.1081,"REG",0.0422,0.0312,"REG",0.0146,0.0166,"REG",0.0094,0.0017,"ND",0.0028,0.013,"REG",0.0044,0.0714,"REG",0.0222,0.2765,"REG",0.1011,0.0463,"REG",0.0177,0.036,"REG",0.0068,0.1204,"REG",0.0296,0.24081646414002034,0.5,4.1408000000000005,"REG",6.2738000000000005,"REG",NA
"7","Morris & Point Breeze","stationary","39.93094655, -75.1829941",39.93094655,-75.1829941,"#FF61C3","Non-Industrial","Residential","Low",NA,"LowT/NoI","P733860","P733860 112423 111523 Point Breeze Far SS","P733860 112423 111523 Point Breeze Far SS.D","2023-11-24","2023-11-15","sample","2023-11-08","2023-11-15",10138,2,"462023",1,0.9631,"REG",0.3638,0.5148,"REG",0.1938,0.1519,"REG",0.0556,0.2077,"REG",0.0731,0.7005,"REG",0.2778,0.0374,"REG",0.0211,0.0241,"LOD",0.0164,0.0306,"LOD",0.0206,0.0796,"REG",0.0257,0.0335,"REG",0.0174,0.0814,"REG",0.0315,0.0418,"LOD",0.033,0.224,"REG",0.0906,0.3873,"REG",0.1055,0.1475,"REG",0.0755,0.1089,"REG",0.047,0.0746,"REG",0.0414,0.0336,"LOD",0.0332,0.0796,"LOD",0.0552,0.0897,"REG",0.0408,0.0788,"REG",0.0345,0.2104,"REG",0.0561,0.1729,"REG",0.0709,0.4691,"REG",0.1627,0.6374,"REG",0.2355,1.7473,"REG",0.6422,0.2748,"ULOD",0.1026,0.4049,"REG",0.1555,0.0601,"REG",0.0258,0.0238,"REG",0.0126,0.0162,"REG",0.0092,0.0016,"ND",0.0027,5e-4,"ND",8e-4,0.0367,"REG",0.0152,0.2555,"REG",0.0935,0.0452,"REG",0.0173,0.0175,"REG",0.0038,0.1879,"REG",0.0461,0.2348542494527896,0.8,1.1707999999999998,"REG",2.538,"REG",NA
"7","Morris & Point Breeze","stationary","39.93094655, -75.1829941",39.93094655,-75.1829941,"#FF61C3","Non-Industrial","Residential","Low",NA,"LowT/NoI","P733877","P733877 112523 112223 Point Breeze Far SS","P733877 112523 112223 Point Breeze Far SS.D","2023-11-25","2023-11-22","sample","2023-11-15","2023-11-22",10142,2,"472023",1,0.9064,"REG",0.3423,0.4776,"REG",0.1799,0.1371,"REG",0.0502,0.1972,"REG",0.0697,0.6205,"REG",0.2461,0.0374,"REG",0.0211,0.024,"LOD",0.0164,0.0306,"LOD",0.0206,0.0761,"REG",0.0254,0.0335,"REG",0.0174,0.0896,"REG",0.0344,0.0418,"LOD",0.033,0.2112,"REG",0.0854,0.3412,"REG",0.093,0.0817,"REG",0.0448,0.0678,"REG",0.0308,0.089,"REG",0.0455,0.0549,"REG",0.0386,0.1124,"REG",0.0587,0.0837,"REG",0.0393,0.0722,"REG",0.0328,0.1972,"REG",0.0531,0.1728,"REG",0.0708,0.4449,"REG",0.1548,0.5764,"REG",0.2135,1.5588,"REG",0.5739,0.2568,"ULOD",0.0959,0.3944,"REG",0.1517,0.0065,"ND",0.0109,0.0172,"REG",0.0113,0.0034,"ND",0.0057,0.0016,"ND",0.0027,5e-4,"ND",8e-4,0.0477,"REG",0.0171,0.2412,"REG",0.0884,0.0452,"REG",0.0173,0.0263,"REG",0.0052,0.1643,"REG",0.0403,0.23476162304795714,0.7,1.1036,"REG",2.3388,"REG",NA
"7","Morris & Point Breeze","stationary","39.93094655, -75.1829941",39.93094655,-75.1829941,"#FF61C3","Non-Industrial","Residential","Low",NA,"LowT/NoI","P733895","P733895 120823 112923 Point Breeze Near SS","P733895 120823 112923 Point Breeze Near SS.D","2023-12-08","2023-11-29","sample","2023-11-22","2023-11-29",9990,2,"482023",1,0.5956,"REG",0.225,0.3848,"REG",0.145,0.0936,"REG",0.0344,0.1249,"REG",0.0467,0.4349,"REG",0.1725,0.0228,"LOD",0.0191,0.0031,"LOD",0.0147,0.0173,"LOD",0.019,0.0492,"REG",0.0236,0.0189,"LOD",0.0159,0.0501,"REG",0.0211,0.0243,"LOD",0.0308,0.1447,"REG",0.0586,0.2396,"REG",0.0654,0.1387,"REG",0.0713,0.0943,"REG",0.0412,0.0518,"LOD",0.036,0.0271,"LOD",0.0324,0.0501,"LOD",0.0536,0.0546,"REG",0.0331,0.0466,"REG",0.0273,0.1134,"REG",0.035,0.0824,"REG",0.0481,0.2441,"REG",0.0921,0.3696,"REG",0.1396,1.1402,"REG",0.4232,0.1486,"REG",0.0555,0.1897,"REG",0.0814,0.0621,"REG",0.0265,0.0101,"LOD",0.0103,0.0034,"ND",0.0057,0.0017,"ND",0.0028,0.0073,"REG",0.0026,0.02,"LOD",0.0131,0.2737,"REG",0.1,0.0374,"REG",0.0144,0.0133,"REG",0.0033,0.0953,"REG",0.0234,0.238333571666905,0.4,0.7205,"REG",1.6338000000000001,"REG",NA
"7","Morris & Point Breeze","stationary","39.93094655, -75.1829941",39.93094655,-75.1829941,"#FF61C3","Non-Industrial","Residential","Low",NA,"LowT/NoI","P726645","P726645 120923 120623 Point Breeze Far SS","P726645 120923 120623 Point Breeze Far SS.D","2023-12-09","2023-12-06","sample","2023-11-29","2023-12-06",9516,2,"492023",1,1.2182,"REG",0.4601,0.6207,"REG",0.2336,0.1823,"REG",0.0667,0.2528,"REG",0.0882,0.8724,"REG",0.3459,0.0439,"REG",0.0232,0.0288,"LOD",0.0179,0.0362,"LOD",0.0226,0.1032,"REG",0.0293,0.0397,"REG",0.0191,0.1138,"REG",0.0431,0.051,"LOD",0.0363,0.2942,"REG",0.119,0.4897,"REG",0.1334,0.1606,"REG",0.0821,0.0858,"REG",0.0381,0.1312,"REG",0.0601,0.0511,"LOD",0.0391,0.1226,"REG",0.063,0.0828,"REG",0.0403,0.0839,"REG",0.0368,0.2452,"REG",0.0647,0.1854,"REG",0.0759,0.5511,"REG",0.19,0.7437,"REG",0.2743,2.1378,"REG",0.7843,0.2928,"ULOD",0.1093,0.3982,"REG",0.1538,0.0773,"REG",0.0318,0.0176,"REG",0.0119,0.0036,"ND",0.006,0.0017,"ND",0.0029,5e-4,"ND",8e-4,0.0385,"REG",0.0161,0.2722,"REG",0.0996,0.0491,"REG",0.0188,0.0234,"REG",0.0048,0.0851,"REG",0.0209,0.25020516823795513,0.34,1.471,"REG",3.1464000000000003,"REG",NA
"7","Morris & Point Breeze","stationary","39.93094655, -75.1829941",39.93094655,-75.1829941,"#FF61C3","Non-Industrial","Residential","Low",NA,"LowT/NoI","P733843","P733843 122123 121323 Point Breeze Far SS","P733843 122123 121323 Point Breeze Far SS.D","2023-12-21","2023-12-13","sample","2023-12-06","2023-12-13",9449,2,"502023",1,1.1891,"REG",0.4491,0.5986,"REG",0.2254,0.1783,"REG",0.0653,0.2546,"REG",0.0888,0.7886,"REG",0.3127,0.0522,"REG",0.025,0.0323,"REG",0.0186,0.0438,"REG",0.0242,0.1188,"REG",0.0312,0.0519,"REG",0.0212,0.1323,"REG",0.0497,0.0577,"LOD",0.0379,0.2827,"REG",0.1143,0.5214,"REG",0.142,0.1517,"REG",0.0778,0.082,"REG",0.0366,0.1476,"REG",0.0657,0.0629,"REG",0.0426,0.1517,"REG",0.0673,0.1026,"REG",0.0455,0.1233,"REG",0.0478,0.3104,"REG",0.0802,0.1743,"REG",0.0728,0.6324,"REG",0.2166,1.0203,"REG",0.3747,2.8181,"REG",1.0317,0.4327,"ULOD",0.1615,0.5347,"REG",0.2029,0.09,"REG",0.0361,0.032,"REG",0.0151,0.0036,"ND",0.0061,0.0017,"ND",0.0029,5e-4,"ND",8e-4,0.1035,"REG",0.0299,0.3959,"REG",0.144,0.0495,"REG",0.0189,0.0235,"REG",0.0048,0.2167,"REG",0.0532,0.25197929738092717,0.86,1.4437,"REG",3.0092,"REG","Winter"
"7","Morris & Point Breeze","stationary","39.93094655, -75.1829941",39.93094655,-75.1829941,"#FF61C3","Non-Industrial","Residential","Low",NA,"LowT/NoI","P726669","P726669 122123 122023 Point Breeze Far SS","P726669 122123 122023 Point Breeze Far SS.D","2023-12-21","2023-12-20","sample","2023-12-13","2023-12-20",9868,2,"512023",1,0.9214,"REG",0.348,0.4972,"REG",0.1872,0.1353,"REG",0.0496,0.2011,"REG",0.0711,0.6645,"REG",0.2635,0.0385,"REG",0.0217,0.0247,"LOD",0.0168,0.0349,"LOD",0.0218,0.0889,"REG",0.0271,0.0421,"REG",0.019,0.1013,"REG",0.0386,0.043,"LOD",0.0339,0.2118,"REG",0.0857,0.3777,"REG",0.1029,0.1356,"REG",0.0699,0.0701,"REG",0.0318,0.1167,"REG",0.0547,0.0548,"LOD",0.0392,0.1317,"REG",0.0625,0.086,"REG",0.0404,0.1012,"REG",0.0409,0.2229,"REG",0.0592,0.1431,"REG",0.0631,0.4573,"REG",0.1591,0.7587,"REG",0.2796,2.0615,"REG",0.7564,0.3835,"ULOD",0.1431,0.384,"REG",0.1483,0.0745,"REG",0.0306,0.0306,"REG",0.0144,0.0133,"LOD",0.0086,0.0017,"ND",0.0028,0.0093,"REG",0.0032,0.0597,"REG",0.0198,0.3354,"REG",0.1222,0.0379,"REG",0.0146,0.0225,"REG",0.0046,0.2123,"REG",0.0521,0.24128013588897257,0.88,1.1225,"REG",2.4194999999999998,"REG","Winter"
"7","Morris & Point Breeze","stationary","39.93094655, -75.1829941",39.93094655,-75.1829941,"#FF61C3","Non-Industrial","Residential","Low",NA,"LowT/NoI","P726647","P726647 011724 011024 Point Breeze Far SS","P726647 011724 011024 Point Breeze Far SS.D","2024-01-17","2024-01-10","sample","2024-01-03","2024-01-10",10067,2,"22024",1,0.7627,"REG",0.2881,0.6115,"REG",0.2302,0.1341,"REG",0.0491,0.1731,"REG",0.0619,0.6784,"REG",0.269,0.0339,"LOD",0.0206,0.0212,"LOD",0.016,0.0274,"LOD",0.0202,0.0725,"REG",0.0252,0.0334,"REG",0.0175,0.0902,"REG",0.0346,0.0361,"LOD",0.0322,0.2115,"REG",0.0856,0.3516,"REG",0.0958,0.1197,"REG",0.0623,0.0749,"REG",0.0336,0.0921,"REG",0.0466,0.029,"LOD",0.0325,0.0841,"LOD",0.0559,0.0963,"REG",0.0427,0.077,"REG",0.0341,0.2616,"REG",0.0681,0.1461,"REG",0.0634,0.6009,"REG",0.2057,0.5502,"REG",0.2041,2.0264,"REG",0.7435,0.0921,"ULOD",0.0344,0.3628,"REG",0.1406,0.0537,"REG",0.0238,0.0333,"REG",0.015,0.0034,"ND",0.0057,0.0016,"ND",0.0027,5e-4,"ND",8e-4,0.0254,"REG",0.0136,0.2716,"REG",0.0992,0.0325,"REG",0.0126,0.0207,"REG",0.0043,0.1178,"REG",0.0289,0.23651061696159545,0.49800000000000005,0.9358000000000001,"REG",2.3598,"REG","Winter"
"7","Morris & Point Breeze","stationary","39.93094655, -75.1829941",39.93094655,-75.1829941,"#FF61C3","Non-Industrial","Residential","Low",NA,"LowT/NoI","P733863","P733863 012524 011724 Point Breeze Far SS","P733863 012524 011724 Point Breeze Far SS.D","2024-01-25","2024-01-17","sample","2024-01-10","2024-01-17",9676,2,"32024",1,0.6385,"REG",0.2412,0.5135,"REG",0.1934,0.1085,"REG",0.0398,0.1365,"REG",0.0506,0.5079,"REG",0.2014,0.0275,"LOD",0.0202,0.0158,"LOD",0.0159,0.0249,"LOD",0.0205,0.0645,"REG",0.0253,0.023,"LOD",0.0168,0.0594,"REG",0.0243,0.0313,"LOD",0.0326,0.1734,"REG",0.0702,0.3521,"REG",0.096,0.0999,"REG",0.0534,0.0736,"REG",0.0332,0.0655,"REG",0.04,0.019,"LOD",0.0322,0.0599,"LOD",0.0559,0.0752,"REG",0.0382,0.0492,"REG",0.0284,0.1688,"REG",0.0471,0.1033,"REG",0.0537,0.3731,"REG",0.1324,0.5724,"REG",0.2123,1.6162,"REG",0.5952,0.1833,"ULOD",0.0684,0.2687,"REG",0.1083,0.044,"REG",0.0212,0.0208,"REG",0.0124,0.0112,"REG",0.0083,0.0017,"ND",0.0028,0.0057,"REG",0.0021,0.0379,"REG",0.0158,0.3866,"REG",0.1406,0.0338,"REG",0.0131,0.017,"REG",0.0038,0.3292,"REG",0.0808,0.24606783598102325,1.3379999999999999,0.7749999999999999,"REG",1.9048999999999998,"REG","Winter"
"7","Morris & Point Breeze","stationary","39.93094655, -75.1829941",39.93094655,-75.1829941,"#FF61C3","Non-Industrial","Residential","Low",NA,"LowT/NoI","P733899","P733899 020824 013124 Point Breeze Far SS","P733899 020824 013124 Point Breeze Far SS.D","2024-02-08","2024-01-31","sample","2024-01-24","2024-01-31",10100,2,"52024",1,0.9596,"REG",0.3624,0.4796,"REG",0.1806,0.1374,"REG",0.0503,0.2075,"REG",0.073,0.578,"REG",0.2292,0.0413,"REG",0.0219,0.0211,"LOD",0.016,0.041,"REG",0.0226,0.1042,"REG",0.0284,0.0374,"REG",0.018,0.099,"REG",0.0377,0.048,"LOD",0.0342,0.2248,"REG",0.0909,0.387,"REG",0.1054,0.0427,"REG",0.0286,0.0513,"REG",0.0246,0.1075,"REG",0.0513,0.0368,"LOD",0.034,0.0916,"REG",0.0565,0.048,"LOD",0.0316,0.0527,"REG",0.0283,0.2042,"REG",0.0547,0.1274,"REG",0.0584,0.4347,"REG",0.1516,0.396,"REG",0.1489,1.207,"REG",0.447,0.1461,"REG",0.0545,0.2078,"REG",0.0871,0.0903,"REG",0.0359,0.0116,"LOD",0.0104,0.0081,"LOD",0.0075,0.0016,"ND",0.0027,5e-4,"ND",8e-4,0.0309,"REG",0.0143,0.3562,"REG",0.1296,0.044,"REG",0.0168,0.022,"REG",0.0045,0.0707,"REG",0.0174,0.23573785950023574,0.3,1.1671,"REG",2.3621,"REG","Winter"
"7","Morris & Point Breeze","stationary","39.93094655, -75.1829941",39.93094655,-75.1829941,"#FF61C3","Non-Industrial","Residential","Low",NA,"LowT/NoI","P726605","P726605 021524 020724 Point Breeze Far SS","P726605 021524 020724 Point Breeze Far SS.D","2024-02-15","2024-02-07","sample","2024-01-31","2024-02-07",10172,2,"62024",1,1.0652,"REG",0.4023,0.6298,"REG",0.2371,0.1561,"REG",0.0571,0.2267,"REG",0.0793,0.6869,"REG",0.2724,0.0261,"LOD",0.0192,0.015,"LOD",0.0152,0.0237,"LOD",0.0195,0.0621,"REG",0.0242,0.0334,"REG",0.0174,0.0901,"REG",0.0346,0.0298,"LOD",0.031,0.2485,"REG",0.1005,0.3973,"REG",0.1083,0.1688,"REG",0.0857,0.0878,"REG",0.0386,0.1019,"REG",0.0494,0.0312,"LOD",0.0327,0.1172,"REG",0.0592,0.0536,"REG",0.0325,0.0687,"REG",0.0319,0.1634,"REG",0.0454,0.1034,"REG",0.0522,0.3477,"REG",0.1237,0.5344,"REG",0.1983,1.3482,"REG",0.4978,0.2496,"ULOD",0.0932,0.2891,"REG",0.1145,0.0445,"REG",0.021,0.0048,"ND",0.008,0.0113,"LOD",0.008,0.0016,"ND",0.0027,0.0108,"REG",0.0037,0.0253,"REG",0.0135,0.4244,"REG",0.1541,0.0436,"REG",0.0167,0.0262,"REG",0.0052,0.2668,"REG",0.0655,0.23406924704604612,1.14,1.2919,"REG",2.7647,"REG","Winter"
"7","Morris & Point Breeze","stationary","39.93094655, -75.1829941",39.93094655,-75.1829941,"#FF61C3","Non-Industrial","Residential","Low",NA,"LowT/NoI","P726646","P726646 021624 021424 Point Breeze Far SS","P726646 021624 021424 Point Breeze Far SS.D","2024-02-16","2024-02-14","sample","2024-02-07","2024-02-14",9940,2,"72024",1,1.708,"REG",0.645,0.9966,"REG",0.375,0.2653,"REG",0.0971,0.3432,"REG",0.1181,1.3878,"REG",0.5503,0.0496,"REG",0.0238,0.0337,"REG",0.0183,0.0416,"REG",0.023,0.1094,"REG",0.0292,0.0683,"REG",0.0239,0.1844,"REG",0.0684,0.0732,"REG",0.0404,0.5983,"REG",0.2419,0.9767,"REG",0.266,0.1728,"REG",0.0877,0.136,"REG",0.0581,0.1386,"REG",0.0619,0.0646,"REG",0.042,0.1735,"REG",0.0685,0.1707,"REG",0.0646,0.1741,"REG",0.0629,0.4422,"REG",0.1118,0.2833,"REG",0.1052,0.9938,"REG",0.3358,1.5477,"REG",0.5667,3.6217,"REG",1.324,0.497,"ULOD",0.1855,1.7467,"REG",0.6488,0.1496,"REG",0.0569,0.0388,"REG",0.0166,0.0035,"ND",0.0058,0.0017,"ND",0.0028,0.0129,"REG",0.0044,0.0314,"REG",0.0146,0.4053,"REG",0.1473,0.0541,"REG",0.0207,0.0358,"REG",0.0067,0.2395,"REG",0.0588,0.2395324326913864,1,2.0512,"REG",4.7009,"REG","Winter"
"7","Morris & Point Breeze","stationary","39.93094655, -75.1829941",39.93094655,-75.1829941,"#FF61C3","Non-Industrial","Residential","Low",NA,"LowT/NoI","P733876","P733876 022924 022124 Point Breeze Far SS","P733876 022924 022124 Point Breeze Far SS.D","2024-02-29","2024-02-21","sample","2024-02-14","2024-02-21",10088,2,"82024",1,0.5713,"REG",0.2158,0.4987,"REG",0.1878,0.088,"REG",0.0323,0.119,"REG",0.0449,0.4353,"REG",0.1726,0.0226,"LOD",0.0189,0.0121,"LOD",0.015,0.0171,"LOD",0.0188,0.0452,"REG",0.0231,0.0224,"LOD",0.0161,0.0578,"REG",0.0236,0.024,"LOD",0.0305,0.1419,"REG",0.0575,0.242,"REG",0.066,0.0664,"REG",0.0381,0.0555,"REG",0.0262,0.0496,"REG",0.0353,0.0208,"LOD",0.0312,0.0587,"LOD",0.0537,0.036,"LOD",0.0297,0.0363,"LOD",0.0253,0.0921,"REG",0.0307,0.0809,"REG",0.0475,0.2055,"REG",0.0805,0.366,"REG",0.1383,1.0762,"REG",0.4001,0.0459,"REG",0.0171,0.1559,"REG",0.0707,0.0449,"REG",0.0211,0.0116,"LOD",0.0104,0.0034,"ND",0.0057,0.0016,"ND",0.0027,5e-4,"ND",8e-4,0.02,"REG",0.0129,0.2853,"REG",0.1041,0.0347,"REG",0.0134,0.0132,"REG",0.0032,0.0944,"REG",0.0232,0.23601827725539065,0.4,0.6903,"REG",1.7123000000000002,"REG","Winter"
"7","Morris & Point Breeze","stationary","39.93094655, -75.1829941",39.93094655,-75.1829941,"#FF61C3","Non-Industrial","Residential","Low",NA,"LowT/NoI","P733865","P733865 030124 022824 Point Breeze Far SS","P733865 030124 022824 Point Breeze Far SS.D","2024-03-01","2024-02-28","sample","2024-02-21","2024-02-28",10095,2,"92024",1,0.6134,"REG",0.2317,0.4179,"REG",0.1575,0.0929,"REG",0.0341,0.1346,"REG",0.0497,0.4392,"REG",0.1742,0.0263,"LOD",0.0194,0.0151,"LOD",0.0153,0.0239,"LOD",0.0197,0.0556,"REG",0.0238,0.0262,"LOD",0.0165,0.066,"REG",0.0263,0.03,"LOD",0.0312,0.161,"REG",0.0652,0.2088,"REG",0.057,0.2126,"REG",0.1069,0.0967,"REG",0.0422,0.0882,"REG",0.0453,0.0422,"LOD",0.0353,0.1048,"REG",0.058,0.036,"LOD",0.0297,0.011,"ND",0.0184,0.092,"REG",0.0307,0.0808,"REG",0.0475,0.1933,"REG",0.077,0.2946,"REG",0.1132,0.8868,"REG",0.3325,0.0537,"REG",0.0201,0.1349,"REG",0.0645,0.0065,"ND",0.0109,0.0048,"ND",0.008,0.0034,"ND",0.0057,0.0016,"ND",0.0027,5e-4,"ND",8e-4,0.042,"REG",0.0161,0.228,"REG",0.0837,0.0347,"REG",0.0134,0.0132,"REG",0.0032,0.0708,"REG",0.0174,0.2358546192127173,0.3,0.748,"REG",1.698,"REG",NA
"7","Morris & Point Breeze","stationary","39.93094655, -75.1829941",39.93094655,-75.1829941,"#FF61C3","Non-Industrial","Residential","Low",NA,"LowT/NoI","P726610","P726610 031524 030624 Point Breeze Far SS","P726610 031524 030624 Point Breeze Far SS.D","2024-03-15","2024-03-06","sample","2024-02-28","2024-03-06",10122,2,"102024",1,0.5688,"REG",0.2149,0.3643,"REG",0.1373,0.0828,"REG",0.0304,0.1186,"REG",0.0447,0.4608,"REG",0.1827,0.0225,"LOD",0.0188,0.012,"LOD",0.015,0.0198,"LOD",0.0191,0.0518,"REG",0.0235,0.0222,"LOD",0.0161,0.0571,"REG",0.0233,0.0239,"LOD",0.0304,0.1239,"REG",0.0502,0.1952,"REG",0.0533,0.0178,"REG",0.0212,0.0278,"REG",0.0168,0.0464,"LOD",0.0345,0.0279,"LOD",0.0322,0.0577,"LOD",0.0534,0.0419,"LOD",0.0305,0.039,"LOD",0.0257,0.104,"REG",0.0329,0.0796,"REG",0.0472,0.2389,"REG",0.0902,0.2924,"REG",0.1124,0.8723,"REG",0.3273,0.1368,"ULOD",0.0511,0.184,"REG",0.0794,0.0065,"ND",0.0109,0.0048,"ND",0.008,0.0034,"ND",0.0057,0.0016,"ND",0.0027,0.009,"REG",0.0031,0.0199,"LOD",0.0129,0.2701,"REG",0.0987,0.0267,"REG",0.0104,0.013,"REG",0.0032,0.1117,"REG",0.0274,0.2352254871519839,0.47475,0.6874,"REG",1.5953,"REG",NA
"7","Morris & Point Breeze","stationary","39.93094655, -75.1829941",39.93094655,-75.1829941,"#FF61C3","Non-Industrial","Residential","Low",NA,"LowT/NoI","P733888","P733888 031624 031324 Point Breeze Far SS","P733888 031624 031324 Point Breeze Far SS.D","2024-03-16","2024-03-13","sample","2024-03-06","2024-03-13",9998,2,"112024",1,0.8545,"REG",0.3227,0.5439,"REG",0.2048,0.1188,"REG",0.0436,0.1675,"REG",0.0601,0.7602,"REG",0.3014,0.0266,"LOD",0.0196,0.0152,"LOD",0.0154,0.0235,"LOD",0.0198,0.07,"REG",0.0251,0.0263,"LOD",0.0167,0.0745,"REG",0.0292,0.0363,"LOD",0.0324,0.2028,"REG",0.0821,0.5044,"REG",0.1374,0.0514,"REG",0.0321,0.0532,"REG",0.0254,0.0665,"REG",0.0395,0.039,"LOD",0.0348,0.0785,"LOD",0.0557,0.0849,"REG",0.0398,0.0695,"REG",0.0324,0.1987,"REG",0.0535,0.1394,"REG",0.0618,0.437,"REG",0.1524,0.7884,"REG",0.2903,2.2167,"REG",0.8126,0.3983,"ULOD",0.1487,0.3231,"REG",0.1266,0.1405,"REG",0.0536,0.0563,"REG",0.0217,0.0034,"ND",0.0057,0.0017,"ND",0.0028,0.0109,"REG",0.0037,0.0369,"REG",0.0154,0.2878,"REG",0.1051,0.0364,"REG",0.014,0.0176,"REG",0.0038,0.1416,"REG",0.0348,0.23814286666857182,0.59475,1.022,"REG",2.4449,"REG",NA
"7","Morris & Point Breeze","stationary","39.93094655, -75.1829941",39.93094655,-75.1829941,"#FF61C3","Non-Industrial","Residential","Low",NA,"LowT/NoI","P726665","P726665 040224 032024 Point Breeze Far SS","P726665 040224 032024 Point Breeze Far SS.D","2024-04-02","2024-03-20","sample","2024-03-13","2024-03-20",9661,2,"122024",1,1.0913,"REG",0.4121,0.4593,"REG",0.173,0.154,"REG",0.0564,0.206,"REG",0.0728,0.7647,"REG",0.3032,0.0432,"REG",0.0229,0.0316,"REG",0.0182,0.035,"LOD",0.0221,0.0943,"REG",0.0281,0.0389,"REG",0.0188,0.1116,"REG",0.0423,0.0501,"LOD",0.0358,0.25,"REG",0.1011,0.4391,"REG",0.1196,0.0926,"REG",0.0501,0.0766,"REG",0.0344,0.089,"REG",0.0465,0.0572,"REG",0.0404,0.1157,"REG",0.0614,0.1066,"REG",0.0461,0.1339,"REG",0.0507,0.247,"REG",0.065,0.2295,"REG",0.0888,0.5658,"REG",0.1946,1.145,"REG",0.42,3.0432,"REG",1.1135,0.3867,"ULOD",0.1443,0.6068,"REG",0.2289,0.0502,"REG",0.0231,0.005,"ND",0.0084,0.0036,"ND",0.0059,0.0017,"ND",0.0028,0.0094,"REG",0.0032,0.0612,"REG",0.0202,0.3425,"REG",0.1248,0.028,"REG",0.0109,0.0228,"REG",0.0047,0.2304,"REG",0.0565,0.2464498893439997,0.93475,1.2973,"REG",2.6752999999999996,"REG",NA
"7","Morris & Point Breeze","stationary","39.93094655, -75.1829941",39.93094655,-75.1829941,"#FF61C3","Non-Industrial","Residential","Low",NA,"LowT/NoI","P733869","P733869 041224 041024 Point Breeze Far SS","P733869 041224 041024 Point Breeze Far SS.D","2024-04-12","2024-04-10","sample","2024-04-03","2024-04-10",10076,2,"152024",1,0.6876,"REG",0.2597,0.3132,"REG",0.1182,0.0924,"REG",0.0339,0.145,"REG",0.0529,0.4334,"REG",0.1719,0.0301,"LOD",0.02,0.0212,"LOD",0.016,0.024,"LOD",0.0197,0.0313,"LOD",0.0224,0.03,"REG",0.017,0.0744,"REG",0.0292,0.0301,"LOD",0.0313,0.1329,"REG",0.0538,0.2076,"REG",0.0567,0.0083,"REG",0.0198,0.0362,"REG",0.0194,0.0702,"REG",0.0403,0.0536,"LOD",0.0384,0.0877,"REG",0.0562,0.0601,"REG",0.034,0.0396,"LOD",0.0259,0.1117,"REG",0.0345,0.1051,"REG",0.0529,0.2542,"REG",0.0949,0.3143,"REG",0.1201,0.9216,"REG",0.3449,0.1858,"REG",0.0694,0.2507,"REG",0.1015,0.0271,"REG",0.0165,0.0133,"LOD",0.0107,0.0034,"ND",0.0057,0.0016,"ND",0.0027,0.0073,"REG",0.0026,0.0289,"REG",0.0141,0.1856,"REG",0.0686,0.0278,"REG",0.0108,0.0132,"REG",0.0032,0.0614,"REG",0.0151,0.23629936293691753,0.26,0.8326,"REG",1.6716,"REG",NA
"7","Morris & Point Breeze","stationary","39.93094655, -75.1829941",39.93094655,-75.1829941,"#FF61C3","Non-Industrial","Residential","Low",NA,"LowT/NoI","P726658","P726658 042624 041724 Point Breeze Far SS","P726658 042624 041724 Point Breeze Far SS.D","2024-04-26","2024-04-17","sample","2024-04-10","2024-04-17",10146,2,"162024",1,0.6829,"REG",0.2579,0.2926,"REG",0.1104,0.0918,"REG",0.0337,0.144,"REG",0.0526,0.4388,"REG",0.174,0.0299,"LOD",0.0198,0.018,"LOD",0.0155,0.0238,"LOD",0.0196,0.0553,"REG",0.0237,0.026,"LOD",0.0165,0.0739,"REG",0.029,0.0299,"LOD",0.0311,0.1574,"REG",0.0637,0.1799,"REG",0.0492,0.1021,"REG",0.054,0.0647,"REG",0.0296,0.0793,"REG",0.0427,0.0533,"LOD",0.0381,0.1002,"REG",0.0573,0.0597,"REG",0.0338,0.059,"REG",0.0297,0.1306,"REG",0.0383,0.0812,"REG",0.0474,0.3005,"REG",0.1089,0.4132,"REG",0.155,1.0654,"REG",0.3962,0.1767,"REG",0.066,0.2905,"REG",0.115,0.0269,"REG",0.0164,0.0066,"LOD",0.0099,0.0034,"ND",0.0057,0.0016,"ND",0.0027,5e-4,"ND",8e-4,0.0287,"REG",0.014,0.3262,"REG",0.1188,0.0276,"REG",0.0107,0.0219,"REG",0.0045,0.1126,"REG",0.0277,0.23466906967794018,0.48,0.8269,"REG",1.6501,"REG",NA
"7","Morris & Point Breeze","stationary","39.93094655, -75.1829941",39.93094655,-75.1829941,"#FF61C3","Non-Industrial","Residential","Low",NA,"LowT/NoI","P733885","P733885 042724 042424 Point Breeze Far SS","P733885 042724 042424 Point Breeze Far SS.D","2024-04-27","2024-04-24","sample","2024-04-17","2024-04-24",9810,2,"172024",1,0.6407,"REG",0.242,0.3026,"REG",0.1142,0.0847,"REG",0.0312,0.1274,"REG",0.0477,0.3801,"REG",0.1507,0.0309,"LOD",0.0205,0.0155,"LOD",0.0157,0.0211,"LOD",0.0198,0.0501,"REG",0.024,0.0231,"LOD",0.0166,0.068,"REG",0.0271,0.0247,"LOD",0.0314,0.1233,"REG",0.05,0.186,"REG",0.0508,0.0376,"REG",0.0272,0.0414,"REG",0.0213,0.0622,"REG",0.0389,0.0386,"LOD",0.0352,0.0697,"LOD",0.0559,0.0556,"REG",0.0337,0.0509,"REG",0.0285,0.1079,"REG",0.0341,0.0839,"REG",0.049,0.2486,"REG",0.0937,0.3855,"REG",0.1454,1.0048,"REG",0.375,0.1127,"REG",0.0421,0.2683,"REG",0.1079,0.0395,"REG",0.0199,0.0068,"LOD",0.0102,0.0035,"ND",0.0058,0.0017,"ND",0.0028,0.0094,"REG",0.0032,0.0354,"REG",0.0153,0.352,"REG",0.1282,0.0286,"REG",0.0111,0.0136,"REG",0.0033,0.1408,"REG",0.0346,0.24270666472501337,0.58,0.7681,"REG",1.5355,"REG",NA
"7","Morris & Point Breeze","stationary","39.93094655, -75.1829941",39.93094655,-75.1829941,"#FF61C3","Non-Industrial","Residential","Low",NA,"LowT/NoI","P726615","P726615 051124 050124 Pt Breeze Far SS","P726615 051124 050124 Pt Breeze Far SS.D","2024-05-11","2024-05-01","sample","2024-04-24","2024-05-01",10185,2,"182024",1,1.134,"REG",0.4283,0.4111,"REG",0.1549,0.1649,"REG",0.0604,0.23,"REG",0.0804,0.5168,"REG",0.2049,0.041,"REG",0.0217,0.0299,"REG",0.0173,0.0305,"LOD",0.0205,0.0758,"REG",0.0253,0.0408,"REG",0.0185,0.1055,"REG",0.04,0.0417,"LOD",0.0328,0.3218,"REG",0.1301,1.0054,"REG",0.2738,0.1384,"REG",0.0711,0.1256,"REG",0.0538,0.1183,"REG",0.0547,0.1168,"REG",0.0604,0.18,"REG",0.0687,0.0893,"REG",0.0406,0.2222,"REG",0.0781,0.2946,"REG",0.0759,0.231,"REG",0.0883,0.5867,"REG",0.201,1.0976,"REG",0.4026,8.7524,"ULOD",3.195,1.9897,"ULOD",0.7426,0.4444,"REG",0.1696,0.1603,"REG",0.0607,0.118,"REG",0.0418,0.0034,"ND",0.0056,0.0016,"ND",0.0027,0.0126,"REG",0.0043,0.0469,"REG",0.017,0.2967,"REG",0.1082,0.0257,"REG",0.01,0.0175,"REG",0.0038,0.0416,"REG",0.0103,0.23377048413867266,0.178,1.3639999999999999,"REG",2.4568,"REG",NA
"7","Morris & Point Breeze","stationary","39.93094655, -75.1829941",39.93094655,-75.1829941,"#FF61C3","Non-Industrial","Residential","Low",NA,"LowT/NoI","P726657","P726657 051224 050824 Pt B Far SS","P726657 051224 050824 Pt B Far SS.D","2024-05-12","2024-05-08","sample","2024-05-01","2024-05-08",9549,2,"192024",1,0.8056,"REG",0.3043,0.3207,"REG",0.121,0.1131,"REG",0.0415,0.1736,"REG",0.0624,0.5512,"REG",0.2186,0.0397,"REG",0.0224,0.0223,"LOD",0.0169,0.0289,"LOD",0.0213,0.0625,"REG",0.0254,0.0316,"REG",0.018,0.0864,"REG",0.0335,0.0317,"LOD",0.033,0.1405,"REG",0.0569,0.1717,"REG",0.047,0.0828,"REG",0.0458,0.0554,"REG",0.0265,0.1006,"REG",0.0502,0.0906,"REG",0.0516,0.1571,"REG",0.0676,0.0508,"LOD",0.0334,0.0697,"REG",0.0331,0.1047,"REG",0.0338,0.0739,"LOD",0.048,0.2299,"REG",0.0888,0.1611,"REG",0.0696,1.0772,"REG",0.4013,0.1232,"REG",0.046,0.2205,"REG",0.0923,0.0265,"REG",0.017,0.0063,"LOD",0.0104,0.0036,"ND",0.006,0.0017,"ND",0.0029,5e-4,"ND",8e-4,0.0559,"REG",0.0192,0.3164,"REG",0.1154,0.0274,"REG",0.0107,0.0372,"REG",0.007,0.0394,"REG",0.0097,0.24934049439233227,0.158,0.9792,"REG",1.9642,"REG",NA
"7","Morris & Point Breeze","stationary","39.93094655, -75.1829941",39.93094655,-75.1829941,"#FF61C3","Non-Industrial","Residential","Low",NA,"LowT/NoI","P733859","P733859 052324 051524 Pt B Far SS","P733859 052324 051524 Pt B Far SS.D","2024-05-23","2024-05-15","sample","2024-05-08","2024-05-15",9405,2,"202024",1,0.5445,"REG",0.2057,0.1994,"REG",0.0756,0.067,"REG",0.0247,0.1035,"REG",0.0409,0.3244,"REG",0.1287,0.0242,"LOD",0.0203,0.013,"LOD",0.0161,0.0183,"LOD",0.0202,0.041,"LOD",0.0244,0.0201,"LOD",0.0169,0.0523,"REG",0.0221,0.0193,"LOD",0.0321,0.0878,"REG",0.0357,0.1318,"REG",0.0362,0.0486,"REG",0.0318,0.0341,"REG",0.0193,0.0503,"LOD",0.0373,0.069,"REG",0.0446,0.1099,"REG",0.062,0.0387,"LOD",0.0319,0.0318,"LOD",0.026,0.0851,"REG",0.0305,0.05,"LOD",0.0447,0.1945,"REG",0.0791,0.3599,"REG",0.1368,0.9316,"REG",0.3497,0.1366,"REG",0.051,0.1903,"REG",0.0829,0.0147,"REG",0.0151,0.0052,"ND",0.0086,0.0209,"REG",0.0109,0.0018,"ND",0.0029,5e-4,"ND",8e-4,0.0331,"REG",0.0154,0.3978,"REG",0.1447,0.0278,"REG",0.0108,0.0331,"REG",0.0063,0.1666,"REG",0.0409,0.25315814789499,0.658,0.648,"REG",1.2388,"REG",NA
"7","Morris & Point Breeze","stationary","39.93094655, -75.1829941",39.93094655,-75.1829941,"#FF61C3","Non-Industrial","Residential","Low",NA,"LowT/NoI","P733879","P733879 052424 052224 Pt B Far SS","P733879 052424 052224 Pt B Far SS.D","2024-05-24","2024-05-22","sample","2024-05-15","2024-05-22",9856,2,"212024",1,1.0632,"REG",0.4015,0.2537,"REG",0.0959,0.14,"REG",0.0513,0.1949,"REG",0.0691,0.4477,"REG",0.1775,0.0308,"LOD",0.0204,0.0186,"LOD",0.016,0.0245,"LOD",0.0201,0.057,"REG",0.0244,0.0306,"REG",0.0174,0.0753,"REG",0.0295,0.0307,"LOD",0.032,0.1492,"REG",0.0604,0.2002,"REG",0.0547,0.1285,"REG",0.0666,0.0791,"REG",0.0353,0.0827,"REG",0.0442,0.0987,"REG",0.054,0.1657,"REG",0.0676,0.0738,"REG",0.0375,0.0506,"REG",0.0284,0.1218,"REG",0.0368,0.0836,"REG",0.0488,0.2846,"REG",0.1045,0.5203,"REG",0.1935,1.4108,"REG",0.5208,0.1935,"ULOD",0.0722,0.3097,"REG",0.1221,0.049,"REG",0.0225,0.0129,"LOD",0.0108,0.0266,"REG",0.0124,0.0017,"ND",0.0028,5e-4,"ND",8e-4,0.0428,"REG",0.0165,0.3212,"REG",0.1171,0.0266,"REG",0.0104,0.018,"REG",0.0039,0.1106,"REG",0.0272,0.24157390228818804,0.458,1.2581,"REG",2.0995,"REG",NA
"7","Morris & Point Breeze","stationary","39.93094655, -75.1829941",39.93094655,-75.1829941,"#FF61C3","Non-Industrial","Residential","Low",NA,"LowT/NoI","P726663","P726663 060624 052924 Pt B Far SS","P726663 060624 052924 Pt B Far SS.D","2024-06-06","2024-05-29","sample","2024-05-22","2024-05-29",9572,2,"222024",1,0.6276,"REG",0.2371,0.2383,"REG",0.0902,0.0828,"REG",0.0305,0.1366,"REG",0.0507,0.4332,"REG",0.1718,0.0355,"LOD",0.0216,0.0191,"LOD",0.0165,0.0252,"LOD",0.0207,0.0587,"REG",0.0251,0.0274,"LOD",0.0174,0.077,"REG",0.0303,0.0253,"LOD",0.0321,0.119,"REG",0.0482,0.14,"REG",0.0384,0.0948,"REG",0.0511,0.054,"REG",0.0259,0.0915,"REG",0.0474,0.1073,"REG",0.0577,0.1713,"REG",0.0697,0.0443,"LOD",0.0323,0.0556,"REG",0.0299,0.0975,"REG",0.0324,0.0737,"LOD",0.0479,0.2038,"REG",0.0813,0.3423,"REG",0.1304,0.9751,"REG",0.3649,0.0983,"REG",0.0367,0.2529,"REG",0.1031,0.0324,"REG",0.0183,0.007,"LOD",0.0105,0.0271,"REG",0.0126,0.0017,"ND",0.0029,0.0129,"REG",0.0044,0.0424,"REG",0.0167,0.1654,"REG",0.0617,0.0293,"REG",0.0114,0.0139,"REG",0.0034,0.0497,"REG",0.0123,0.248741368674507,0.2,0.7642,"REG",1.5185,"REG",NA
"7","Morris & Point Breeze","stationary","39.93094655, -75.1829941",39.93094655,-75.1829941,"#FF61C3","Non-Industrial","Residential","Low",NA,"LowT/NoI","P726620","P726620 060724 060524 Pt B Far SS","P726620 060724 060524 Pt B Far SS.D","2024-06-07","2024-06-05","sample","2024-05-29","2024-06-05",9371,2,"232024",1,0.5572,"REG",0.2105,0.2168,"REG",0.0821,0.0739,"REG",0.0272,0.1171,"REG",0.045,0.3335,"REG",0.1323,0.0322,"LOD",0.0214,0.0163,"LOD",0.0165,0.0258,"LOD",0.0212,0.0487,"REG",0.0249,0.024,"LOD",0.0174,0.0698,"REG",0.0279,0.0259,"LOD",0.0328,0.0871,"REG",0.0354,0.1074,"REG",0.0296,0.0612,"REG",0.0368,0.0373,"REG",0.0204,0.083,"REG",0.0454,0.0981,"REG",0.0546,0.1537,"REG",0.0679,0.0323,"LOD",0.0311,0.0462,"LOD",0.0284,0.0783,"REG",0.0294,0.0628,"LOD",0.0467,0.1692,"REG",0.0723,0.2621,"REG",0.103,0.7114,"REG",0.2724,0.0935,"REG",0.0349,0.1797,"REG",0.0797,0.0699,"REG",0.0294,0.0072,"LOD",0.0107,0.0311,"REG",0.014,0.0018,"ND",0.0029,0.0113,"REG",0.0038,0.0492,"REG",0.0181,0.1535,"REG",0.0576,0.0299,"REG",0.0116,0.0142,"REG",0.0035,0.0457,"REG",0.0113,0.2540766600098582,0.18,0.6743,"REG",1.2985,"REG",NA
"7","Morris & Point Breeze","stationary","39.93094655, -75.1829941",39.93094655,-75.1829941,"#FF61C3","Non-Industrial","Residential","Low",NA,"LowT/NoI","P733866","P733866 062124 061924 Pt B Far SS","P733866 062124 061924 Pt B Far SS.D","2024-06-21","2024-06-19","sample","2024-06-12","2024-06-19",10201,2,"252024",1,0.4558,"REG",0.1722,0.1685,"REG",0.064,0.063,"REG",0.0232,0.0973,"REG",0.0382,0.2563,"REG",0.1017,0.0259,"LOD",0.0192,0.0179,"LOD",0.0155,0.0203,"LOD",0.019,0.0447,"REG",0.0229,0.0183,"LOD",0.0156,0.056,"REG",0.0229,0.0178,"LOD",0.0296,0.0927,"REG",0.0376,0.1052,"REG",0.029,0.0563,"REG",0.0338,0.0425,"REG",0.0214,0.0667,"REG",0.0391,0.0954,"REG",0.0521,0.1281,"REG",0.0605,0.0416,"LOD",0.0303,0.0294,"LOD",0.024,0.0654,"REG",0.026,0.0577,"LOD",0.0429,0.1554,"REG",0.0665,0.1604,"REG",0.0681,0.5042,"REG",0.1989,0.0469,"REG",0.0175,0.1857,"REG",0.0798,0.0304,"REG",0.0172,0.0048,"ND",0.0079,0.0479,"REG",0.0196,0.0016,"ND",0.0027,0.0085,"REG",0.003,0.0398,"REG",0.0157,0.1834,"REG",0.0678,0.0183,"REG",0.0073,0.0131,"REG",0.0032,0.0327,"REG",0.0081,0.23340382128736212,0.14,0.5530999999999999,"REG",1.0409,"REG",NA
"7","Morris & Point Breeze","stationary","39.93094655, -75.1829941",39.93094655,-75.1829941,"#FF61C3","Non-Industrial","Residential","Low",NA,"LowT/NoI","P733895","P733895 062124 061224 Pt B Far SS","P733895 062124 061224 Pt B Far SS.D","2024-06-21","2024-06-12","sample","2024-06-05","2024-06-12",9794,2,"242024",1,0.7227,"REG",0.273,0.2265,"REG",0.0857,0.0962,"REG",0.0353,0.1497,"REG",0.0546,0.3886,"REG",0.1541,0.0347,"LOD",0.0211,0.0218,"LOD",0.0165,0.0282,"LOD",0.0208,0.0645,"REG",0.0251,0.0268,"LOD",0.017,0.0838,"REG",0.0325,0.0309,"LOD",0.0322,0.1163,"REG",0.0471,0.13,"REG",0.0357,0.1558,"REG",0.0796,0.074,"REG",0.0333,0.0894,"REG",0.0463,0.0993,"REG",0.0543,0.147,"REG",0.065,0.0557,"REG",0.0337,0.0374,"LOD",0.026,0.0885,"REG",0.0305,0.0721,"LOD",0.0468,0.1992,"REG",0.0794,0.2194,"REG",0.0879,0.6223,"REG",0.2404,0.0592,"REG",0.0221,0.172,"REG",0.0763,0.0669,"REG",0.0282,0.0137,"LOD",0.011,0.0264,"REG",0.0123,0.0017,"ND",0.0028,0.0126,"REG",0.0043,0.0528,"REG",0.0184,0.2057,"REG",0.0758,0.0286,"REG",0.0111,0.0136,"REG",0.0033,0.0486,"REG",0.012,0.24310316325836034,0.2,0.8724000000000001,"REG",1.5836999999999999,"REG",NA
"7","Morris & Point Breeze","stationary","39.93094655, -75.1829941",39.93094655,-75.1829941,"#FF61C3","Non-Industrial","Residential","Low",NA,"LowT/NoI","P733856","P733856 062724 061924 Pt B Far SS","P733856 062724 061924 Pt B Far SS.D","2024-06-27","2024-06-19","sample","2024-06-19","2024-06-26",10081,2,"262024",1,0.5038,"REG",0.1903,0.1457,"REG",0.0556,0.0687,"REG",0.0253,0.1089,"REG",0.0418,0.3185,"REG",0.1263,0.0262,"LOD",0.0194,0.0212,"LOD",0.016,0.0205,"LOD",0.0192,0.0313,"LOD",0.0224,0.0185,"LOD",0.0158,0.0484,"REG",0.0205,0.018,"LOD",0.0299,0.1066,"REG",0.0432,0.1329,"REG",0.0364,0.0522,"REG",0.0323,0.0347,"REG",0.0189,0.082,"REG",0.0436,0.0965,"REG",0.0528,0.1362,"REG",0.0622,0.0481,"LOD",0.0317,0.0363,"LOD",0.0253,0.0794,"REG",0.0284,0.07,"LOD",0.0455,0.1815,"REG",0.0738,0.2233,"REG",0.0888,0.6046,"REG",0.2335,0.053900000000000003,"REG",0.0201,0.188,"REG",0.0807,0.0066,"ND",0.0109,0.0048,"ND",0.008,0.0485,"REG",0.0198,0.0016,"ND",0.0027,0.0086,"REG",0.003,0.0182,"REG",0.0128,0.1713,"REG",0.0636,0.0185,"REG",0.0074,0.0176,"REG",0.0038,0.052,"REG",0.0128,0.23618216257835345,0.22,0.6127,"REG",1.1456000000000002,"REG",NA
"8","24th & Ritner","stationary","39.92296389, -75.186874",39.92296389,-75.186874,"#F8766D","Non-Industrial","Residential","High","Fire station","HighT/NoI","P726641","P726641 071323 070523 Ritner 1WK SS","P726641 071323 070523 Ritner 1WK SS.D","2023-07-13","2023-07-05","sample","2023-06-28","2023-07-05",9657,2,"272023",1,0.5621,"REG",0.2123,0.3721,"REG",0.1403,0.1036,"REG",0.038,0.1581,"REG",0.0574,0.417,"REG",0.1653,0.0354,"LOD",0.0215,0.0221,"LOD",0.0167,0.0286,"LOD",0.0211,0.069,"REG",0.0257,0.0234,"LOD",0.0169,0.0777,"REG",0.0304,0.0314,"LOD",0.0326,0.1395,"REG",0.0565,0.176,"REG",0.0481,0.0101,"ND",0.0168,0.0351,"REG",0.0194,0.0417,"REG",0.0349,0.0357,"LOD",0.035,0.0751,"LOD",0.0572,0.1192,"REG",0.0496,0.0724,"REG",0.0336,0.1174,"REG",0.0362,0.1203,"REG",0.0578,0.2778,"REG",0.1028,0.3399,"REG",0.1295,0.8925,"REG",0.3354,0.0568,"REG",0.0212,0.3597,"REG",0.14,0.0238,"REG",0.0163,0.005,"ND",0.0084,0.0586,"REG",0.0236,0.0017,"ND",0.0028,5e-4,"ND",8e-4,0.0173,"LOD",0.0132,0.1937,"REG",0.0716,0.0677,"REG",0.0258,0.0092,"REG",0.0028,0.0444,"REG",0.011,0.24655197068990173,0.18,0.7202000000000001,"REG",1.6129,"REG",NA
"8","24th & Ritner","stationary","39.92296389, -75.186874",39.92296389,-75.186874,"#F8766D","Non-Industrial","Residential","High","Fire station","HighT/NoI","P726648","P726648 071323 071223 Ritner 1WK SS","P726648 071323 071223 Ritner 1WK SS.D","2023-07-13","2023-07-12","sample","2023-07-05","2023-07-12",9079,2,"282023",1,0.6766,"REG",0.2556,0.2513,"REG",0.0951,0.1157,"REG",0.0424,0.1797,"REG",0.0647,0.4388,"REG",0.174,0.0418,"REG",0.0236,0.0269,"LOD",0.0183,0.0304,"LOD",0.0224,0.0773,"REG",0.0277,0.0291,"LOD",0.0184,0.0918,"REG",0.0355,0.0401,"LOD",0.0357,0.2052,"REG",0.083,0.268,"REG",0.0731,0.019,"REG",0.0235,0.0511,"REG",0.0252,0.0712,"REG",0.043,0.0439,"LOD",0.0385,0.1019,"LOD",0.0629,0.1068,"REG",0.0473,0.1026,"REG",0.0425,0.1689,"REG",0.0477,0.1798,"REG",0.0753,0.4164,"REG",0.1471,0.5535,"REG",0.206,1.306,"REG",0.4841,0.1027,"REG",0.0383,0.7884,"REG",0.2958,0.0506,"REG",0.0237,0.0065,"LOD",0.0109,0.0551,"REG",0.0224,0.0018,"ND",0.003,0.0121,"REG",0.0041,0.0184,"LOD",0.014,0.1902,"REG",0.0706,0.0721,"REG",0.0275,0.0098,"REG",0.003,0.042,"REG",0.0104,0.2622483071871771,0.16,0.8563,"REG",1.6621000000000001,"REG",NA
"8","24th & Ritner","stationary","39.92296389, -75.186874",39.92296389,-75.186874,"#F8766D","Non-Industrial","Residential","High","Fire station","HighT/NoI","P726602","P726602 072723 071923 Ritner 1WK DS","P726602 072723 071923 Ritner 1WK DS.D","2023-07-27","2023-07-19","sample","2023-07-12","2023-07-19",9285,14.3,"292023",1,1.9725,"REG",0.7449,0.6435,"REG",0.2422,0.308,"REG",0.1127,0.5269,"REG",0.18,1.0705,"REG",0.4245,0.1461,"LOD",0.0502,0.0079,"ND",0.0131,0.1062,"LOD",0.0407,0.2432,"LOD",0.0487,0.0872,"LOD",0.0286,0.3209,"REG",0.1181,0.14,"LOD",0.0613,0.6241,"REG",0.2523,0.708,"REG",0.1928,0.3099,"REG",0.1547,0.2721,"REG",0.1143,0.2756,"LOD",0.1124,0.1928,"LOD",0.0928,0.454,"LOD",0.1286,0.3267,"LOD",0.1156,0.2819,"LOD",0.0981,0.462,"REG",0.1169,0.6326,"REG",0.2221,1.2208,"REG",0.4118,1.9745,"REG",0.7225,4.5316,"REG",1.6559,0.3965,"REG",0.148,2.5939,"REG",0.9626,0.0638,"LOD",0.0275,0.0052,"ND",0.0087,0.1236,"REG",0.0479,0.0018,"ND",0.003,0.0283,"REG",0.0094,0.0428,"LOD",0.017,0.554,"REG",0.201,0.072,"REG",0.0274,0.0342,"REG",0.0065,0.2002,"REG",0.0491,0.2564299817934713,0.78078,2.4994,"REG",4.5214,"REG",NA
"8","24th & Ritner","stationary","39.92296389, -75.186874",39.92296389,-75.186874,"#F8766D","Non-Industrial","Residential","High","Fire station","HighT/NoI","P726617","P726617 072823 072623 Ritner 1WK DS","P726617 072823 072623 Ritner 1WK DS.D","2023-07-28","2023-07-26","sample","2023-07-19","2023-07-26",9529,14.3,"302023",1,1.118,"REG",0.4222,0.4863,"REG",0.1832,0.1876,"REG",0.0687,0.3159,"REG",0.1091,0.8196,"REG",0.325,0.0854,"LOD",0.0329,0.0077,"ND",0.0128,0.0095,"ND",0.0158,0.1316,"LOD",0.0326,0.0566,"LOD",0.022,0.1876,"REG",0.0696,0.0455,"LOD",0.0353,0.3177,"REG",0.1285,0.3397,"REG",0.0926,0.1948,"REG",0.0985,0.14,"REG",0.0598,0.1587,"LOD",0.0694,0.1473,"LOD",0.0736,0.2422,"LOD",0.0824,0.1364,"LOD",0.0548,0.1248,"LOD",0.0482,0.2501,"LOD",0.0658,0.2633,"LOD",0.0995,0.6405,"REG",0.2192,0.9235,"REG",0.3395,2.5576,"REG",0.9369,0.4026,"REG",0.1503,0.8688,"REG",0.325,0.0621,"LOD",0.0268,0.0424,"LOD",0.0178,0.0958,"LOD",0.0374,0.0017,"ND",0.0029,5e-4,"ND",8e-4,0.0417,"LOD",0.0166,0.5398,"REG",0.1958,0.0701,"REG",0.0267,0.0333,"REG",0.0064,0.1787,"REG",0.0438,0.2498638242158024,0.7150000000000001,1.4339000000000002,"REG",2.9274000000000004,"REG",NA
"8","24th & Ritner","stationary","39.92296389, -75.186874",39.92296389,-75.186874,"#F8766D","Non-Industrial","Residential","High","Fire station","HighT/NoI","P726655","P726655 081023 080223 Ritner 1WK SS","P726655 081023 080223 Ritner 1WK SS.D","2023-08-10","2023-08-02","sample","2023-07-26","2023-08-02",10070,2,"312023",1,0.5946,"REG",0.2246,0.2452,"REG",0.0927,0.0993,"REG",0.0364,0.162,"REG",0.0583,0.3719,"REG",0.1475,0.0452,"REG",0.0227,0.0333,"REG",0.018,0.0308,"LOD",0.0208,0.0796,"REG",0.0259,0.0294,"REG",0.017,0.0897,"REG",0.0344,0.0421,"LOD",0.0332,0.1559,"REG",0.0631,0.1854,"REG",0.0507,0.1009,"REG",0.0535,0.0745,"REG",0.0334,0.0888,"REG",0.0456,0.0868,"REG",0.0492,0.139,"REG",0.0626,0.1023,"REG",0.0443,0.0859,"REG",0.0365,0.1456,"REG",0.0416,0.183,"REG",0.074,0.3391,"REG",0.1211,0.387,"REG",0.1457,1.0151,"REG",0.3783,0.0906,"REG",0.0338,0.5227,"REG",0.198,0.0514,"REG",0.0231,0.0133,"LOD",0.0107,0.0602,"REG",0.0241,0.0016,"ND",0.0027,0.0091,"REG",0.0031,0.0166,"LOD",0.0126,0.2,"REG",0.0737,0.0371,"REG",0.0143,0.0177,"REG",0.0038,0.0709,"REG",0.0174,0.23644015699626428,0.3,0.7566,"REG",1.4729999999999999,"REG",NA
"8","24th & Ritner","stationary","39.92296389, -75.186874",39.92296389,-75.186874,"#F8766D","Non-Industrial","Residential","High","Fire station","HighT/NoI","P726650","P726650 082423 081623 Ritner SS","P726650 082423 081623 Ritner SS.D","2023-08-24","2023-08-16","sample","2023-08-09","2023-08-16",10189,1.3,"332023",1,0.6504,"REG",0.2457,0.2475,"REG",0.0935,0.1212,"REG",0.0444,0.1746,"REG",0.0623,0.5007,"REG",0.1986,0.0436,"REG",0.0222,0.0072,"ND",0.012,0.0308,"REG",0.0206,0.0822,"REG",0.0259,0.0331,"REG",0.0173,0.0837,"REG",0.0323,0.0425,"REG",0.033,0.1911,"REG",0.0773,0.2146,"REG",0.0586,0.1404,"REG",0.072,0.1006,"REG",0.0437,0.0978,"REG",0.0481,0.111,"REG",0.0581,0.1528,"REG",0.0642,0.1663,"REG",0.0629,0.087,"REG",0.0366,0.15310000000000001,"REG",0.0431,0.1613,"REG",0.0674,0.3501,"REG",0.1244,0.3991,"REG",0.1499,1.0509,"REG",0.3909,0.0955,"REG",0.0356,0.4298,"REG",0.1643,0.0857,"REG",0.0343,0.0214,"REG",0.0121,0.1051,"REG",0.0408,0.0016,"ND",0.0027,5e-4,"ND",8e-4,0.0142,"LOD",0.0123,0.1652,"REG",0.0614,0.0417,"REG",0.016,0.0113,"REG",0.003,0.0668,"REG",0.0164,0.23367871046740415,0.28600000000000003,0.825,"REG",1.6944000000000001,"REG","Summer"
"8","24th & Ritner","stationary","39.92296389, -75.186874",39.92296389,-75.186874,"#F8766D","Non-Industrial","Residential","High","Fire station","HighT/NoI","P733864","P733864 090723 083023 Ritner SS","P733864 090723 083023 Ritner SS.D","2023-09-07","2023-08-30","sample","2023-08-23","2023-08-30",10038,2,"352023",1,0.5052,"REG",0.1909,0.2117,"REG",0.0802,0.0992,"REG",0.0364,0.1359,"REG",0.0501,0.3434,"REG",0.1362,0.0378,"REG",0.0213,0.0273,"LOD",0.017,0.0223,"LOD",0.0195,0.0664,"REG",0.0248,0.0301,"REG",0.0171,0.0747,"REG",0.0293,0.0357,"LOD",0.0322,0.1232,"REG",0.0499,0.1799,"REG",0.0492,0.0097,"ND",0.0162,0.0176,"REG",0.0143,0.064,"REG",0.0388,0.0149,"ND",0.0249,0.1002,"REG",0.0578,0.1087,"REG",0.0461,0.0818,"REG",0.0354,0.1262,"REG",0.0375,0.1397,"REG",0.0618,0.3159,"REG",0.1139,0.3763,"REG",0.142,1.0437,"REG",0.3885,0.0873,"REG",0.0326,0.367,"REG",0.1421,0.0391,"REG",0.0196,0.0106,"LOD",0.0104,0.0387,"REG",0.0163,0.0016,"ND",0.0027,5e-4,"ND",8e-4,0.0097,"LOD",0.0122,0.2007,"REG",0.074,0.0372,"REG",0.0143,0.0089,"REG",0.0027,0.0569,"REG",0.014,0.23719390127041054,0.24,0.6411,"REG",1.2953999999999999,"REG","Summer"
"8","24th & Ritner","stationary","39.92296389, -75.186874",39.92296389,-75.186874,"#F8766D","Non-Industrial","Residential","High","Fire station","HighT/NoI","P726667","P726667 090823 090623 Ritner SS","P726667 090823 090623 Ritner SS.D","2023-09-08","2023-09-06","sample","2023-08-30","2023-09-06",10068,2,"362023",1,0.5321,"REG",0.201,0.2297,"REG",0.0869,0.0939,"REG",0.0345,0.1459,"REG",0.0532,0.4015,"REG",0.1592,0.0377,"REG",0.0212,0.0303,"REG",0.0175,0.0223,"LOD",0.0195,0.0662,"REG",0.0247,0.03,"REG",0.017,0.0828,"REG",0.032,0.0356,"LOD",0.0321,0.1869,"REG",0.0756,0.2124,"REG",0.058,0.1163,"REG",0.0607,0.1004,"REG",0.0436,0.088,"REG",0.0454,0.0877,"REG",0.0495,0.1396,"REG",0.0627,0.1385,"REG",0.0546,0.0815,"REG",0.0353,0.1655,"REG",0.046,0.186,"REG",0.0748,0.4118,"REG",0.1443,0.3956,"REG",0.1488,1.1351,"REG",0.4213,0.0763,"REG",0.0285,0.575,"REG",0.217,0.0066,"ND",0.0109,0.0048,"ND",0.0081,0.0483,"REG",0.0197,0.0016,"ND",0.0027,5e-4,"ND",8e-4,0.0207,"LOD",0.013,0.1858,"REG",0.0687,0.0278,"REG",0.0108,0.0088,"REG",0.0027,0.0426,"REG",0.0105,0.23648712564088015,0.18,0.678,"REG",1.4031,"REG","Summer"
"8","24th & Ritner","stationary","39.92296389, -75.186874",39.92296389,-75.186874,"#F8766D","Non-Industrial","Residential","High","Fire station","HighT/NoI","P733893","P733893 092923 092723 Ritner SS","P733893 092923 092723 Ritner SS RENAME.D","2023-09-29","2023-09-27","sample","2023-09-20","2023-09-27",9988,2,"392023",1,0.565,"REG",0.2134,0.2816,"REG",0.1063,0.0847,"REG",0.0311,0.1208,"REG",0.0455,0.392,"REG",0.1554,0.019,"LOD",0.0187,0.0122,"LOD",0.0152,0.0121,"LOD",0.0186,0.0457,"REG",0.0234,0.0189,"LOD",0.0159,0.0501,"REG",0.0211,0.0238,"LOD",0.0308,0.1109,"REG",0.045,0.1541,"REG",0.0422,0.0266,"REG",0.0236,0.0386,"REG",0.0203,0.0448,"LOD",0.0345,0.0126,"LOD",0.0306,0.0339,"LOD",0.0528,0.0546,"REG",0.0331,0.0622,"REG",0.0306,0.1001,"REG",0.0324,0.0697,"LOD",0.0457,0.232,"REG",0.0885,0.3166,"REG",0.121,0.9154,"REG",0.3429,0.145,"REG",0.0541,0.2108,"REG",0.0883,0.0278,"REG",0.0168,0.0049,"ND",0.0081,0.0126,"REG",0.0084,0.0017,"ND",0.0028,5e-4,"ND",8e-4,0.032,"REG",0.0146,0.2881,"REG",0.1052,0.0374,"REG",0.0144,0.0178,"REG",0.0039,0.1621,"REG",0.0398,0.23838129565001812,0.68,0.6858,"REG",1.4441,"REG","Summer"
"8","24th & Ritner","stationary","39.92296389, -75.186874",39.92296389,-75.186874,"#F8766D","Non-Industrial","Residential","High","Fire station","HighT/NoI","P733886","P733886 101223 100423 Ritner SS","P733886 101223 100423 Ritner SS.D","2023-10-12","2023-10-04","sample","2023-09-27","2023-10-04",10146,2,"402023",1,0.942,"REG",0.3558,0.3912,"REG",0.1474,0.1375,"REG",0.0504,0.2023,"REG",0.0713,0.5473,"REG",0.217,0.0411,"REG",0.0218,0.027,"LOD",0.0168,0.034,"LOD",0.0212,0.083,"REG",0.0261,0.0372,"REG",0.0179,0.106,"REG",0.0402,0.0418,"LOD",0.0329,0.2626,"REG",0.1062,0.3745,"REG",0.1021,0.1122,"REG",0.0587,0.1031,"REG",0.0447,0.1389,"REG",0.0617,0.0495,"LOD",0.0371,0.1446,"REG",0.0631,0.3345,"REG",0.1176,0.1443,"REG",0.0534,0.203,"REG",0.0544,0.2087,"REG",0.0815,0.4688,"REG",0.1625,0.6874,"REG",0.2536,1.9337,"REG",0.7098,0.3545,"ULOD",0.1323,0.6733,"REG",0.2529,0.0736,"REG",0.0302,0.0053,"REG",0.0098,0.0034,"ND",0.0057,0.0016,"ND",0.0027,5e-4,"ND",8e-4,0.0263,"REG",0.0136,0.2553,"REG",0.0934,0.0368,"REG",0.0142,0.0175,"REG",0.0038,0.0657,"REG",0.0162,0.23466906967794018,0.28,1.1442999999999999,"REG",2.2203,"REG","Summer"
"8","24th & Ritner","stationary","39.92296389, -75.186874",39.92296389,-75.186874,"#F8766D","Non-Industrial","Residential","High","Fire station","HighT/NoI","P733861","P733861 101323 101123 Ritner SS","P733861 101323 101123 Ritner SS.D","2023-10-13","2023-10-11","sample","2023-10-04","2023-10-11",9974,1.99,"412023",1,0.9035,"REG",0.3412,0.4269,"REG",0.1608,0.1342,"REG",0.0492,0.1995,"REG",0.0705,0.5242,"REG",0.2079,0.0416,"REG",0.0221,0.0335,"REG",0.0182,0.0378,"REG",0.0222,0.0875,"REG",0.0268,0.0414,"REG",0.0188,0.0989,"REG",0.0377,0.0484,"LOD",0.0346,0.2142,"REG",0.0867,0.4123,"REG",0.1123,0.1417,"REG",0.0728,0.0834,"REG",0.0369,0.1552,"REG",0.0676,0.0932,"REG",0.0517,0.1662,"REG",0.0672,0.1391,"REG",0.0549,0.0863,"REG",0.0367,0.1922,"REG",0.052,0.1526,"REG",0.0654,0.438,"REG",0.1528,0.7674,"REG",0.2826,2.0902,"REG",0.7667,0.4425,"ULOD",0.1652,0.461,"REG",0.1758,0.0515,"REG",0.0232,0.012,"REG",0.0106,0.0186,"REG",0.0099,0.0017,"ND",0.0028,5e-4,"ND",8e-4,0.0211,"LOD",0.0132,0.0144,"LOD",0.0153,0.0839,"REG",0.0319,0.0177,"REG",0.0039,0.114,"REG",0.028,0.2387158994337659,0.47759999999999997,1.103,"REG",2.1883,"REG","Summer"
"8","24th & Ritner","stationary","39.92296389, -75.186874",39.92296389,-75.186874,"#F8766D","Non-Industrial","Residential","High","Fire station","HighT/NoI","P733887","P733887 102623 101823 Ritner SS RENAME","P733887 102623 101823 Ritner SS RENAME.D","2023-10-26","2023-10-18","sample","2023-10-11","2023-10-18",10046,2,"422023",1,0.7807,"REG",0.2949,0.3017,"REG",0.1139,0.119,"REG",0.0436,0.1676,"REG",0.0602,0.4342,"REG",0.1722,0.0264,"LOD",0.0195,0.0182,"LOD",0.0157,0.0206,"LOD",0.0193,0.0594,"REG",0.0242,0.0338,"REG",0.0176,0.0738,"REG",0.029,0.0302,"LOD",0.0314,0.1496,"REG",0.0606,0.2455,"REG",0.067,0.0232,"REG",0.0226,0.0419,"REG",0.0213,0.0578,"REG",0.0372,0.0231,"LOD",0.0316,0.0531,"LOD",0.0535,0.1327,"REG",0.0529,0.0861,"REG",0.0366,0.152,"REG",0.043,0.1288,"REG",0.0589,0.352,"REG",0.1252,0.5615,"REG",0.2082,1.5168,"REG",0.5589,0.2004,"ULOD",0.0748,0.3657,"REG",0.1416,0.04,"REG",0.0198,0.0053,"REG",0.0099,0.0121,"LOD",0.0083,0.0016,"ND",0.0027,5e-4,"ND",8e-4,0.0321,"REG",0.0146,0.3294,"REG",0.12,0.0465,"REG",0.0178,0.0177,"REG",0.0038,0.128,"REG",0.0314,0.23700501502611798,0.54,0.9482999999999999,"REG",1.8032,"REG","Summer"
"8","24th & Ritner","stationary","39.92296389, -75.186874",39.92296389,-75.186874,"#F8766D","Non-Industrial","Residential","High","Fire station","HighT/NoI","P726654","P726654 102723 102523 Ritner SS","P726654 102723 102523 Ritner SS.D","2023-10-27","2023-10-25","sample","2023-10-18","2023-10-25",10052,2,"432023",1,3.2673,"REG",1.2339,0.6933,"REG",0.2609,0.4521,"REG",0.1653,0.6231,"REG",0.2122,1.4372,"REG",0.5699,0.0717,"REG",0.0288,0.0576,"REG",0.0235,0.0652,"REG",0.0284,0.1955,"REG",0.0406,0.1314,"REG",0.0385,0.2727,"REG",0.1005,0.0965,"REG",0.0465,0.7464,"REG",0.3018,1.3463,"REG",0.3666,0.118,"REG",0.0615,0.1787,"REG",0.0755,0.1645,"REG",0.0708,0.0554,"REG",0.0389,0.1525,"REG",0.0647,0.2713,"REG",0.0967,0.2748,"REG",0.0953,0.8217,"REG",0.2051,0.6554,"REG",0.2293,1.8441,"REG",0.6197,3.2345,"ULOD",1.1824,8.1671,"ULOD",2.9815,1.1033,"ULOD",0.4118,2.2504,"ULOD",0.8353,0.223,"REG",0.0835,0.0855,"REG",0.031,0.0034,"ND",0.0057,0.0016,"ND",0.0027,5e-4,"ND",8e-4,0.021,"LOD",0.0131,0.2863,"REG",0.1045,0.0558,"REG",0.0213,0.0177,"REG",0.0038,0.1326,"REG",0.0326,0.23686354764747122,0.56,3.8904,"REG",6.473,"REG","Summer"
"8","24th & Ritner","stationary","39.92296389, -75.186874",39.92296389,-75.186874,"#F8766D","Non-Industrial","Residential","High","Fire station","HighT/NoI","P726608","P726608 110923 110123 Ritner SS","P726608 110923 110123 Ritner SS.D","2023-11-09","2023-11-01","sample","2023-10-25","2023-11-01",9636,2,"442023",1,2.8294,"REG",1.0685,0.5935,"REG",0.2234,0.3829,"REG",0.14,0.5517,"REG",0.1882,1.2758,"REG",0.5059,0.1142,"REG",0.0407,0.0949,"REG",0.034,0.0895,"REG",0.0355,0.2367,"REG",0.0473,0.1253,"REG",0.0373,0.3364,"REG",0.1238,0.1321,"REG",0.0582,0.7244,"REG",0.2929,1.0786,"REG",0.2937,0.2342,"REG",0.1176,0.2746,"REG",0.1153,0.1949,"REG",0.0822,0.0802,"REG",0.0477,0.2152,"REG",0.077,0.478,"REG",0.166,0.2314,"REG",0.0814,0.6365,"REG",0.1595,0.8656,"REG",0.3012,1.4174,"REG",0.4772,1.9265,"REG",0.7049,4.7836,"ULOD",1.7476,0.3356,"ULOD",0.1253,1.8352,"REG",0.6817,0.1944,"REG",0.0732,0.039,"REG",0.0168,0.0136,"LOD",0.0088,0.0017,"ND",0.0029,0.0152,"REG",0.0051,0.0213,"LOD",0.0136,0.2837,"REG",0.1037,0.0475,"REG",0.0182,0.0231,"REG",0.0047,0.1334,"REG",0.0328,0.2470892881851786,0.54,3.3811,"REG",5.6333,"REG","Summer"
"8","24th & Ritner","stationary","39.92296389, -75.186874",39.92296389,-75.186874,"#F8766D","Non-Industrial","Residential","High","Fire station","HighT/NoI","P726670","P726670 111023 110823 Ritner SS","P726670 111023 110823 Ritner SS.D","2023-11-10","2023-11-08","sample","2023-11-01","2023-11-08",9876,2,"452023",1,2.2038,"REG",0.8322,0.7056,"REG",0.2656,0.3129,"REG",0.1144,0.4263,"REG",0.146,0.982,"REG",0.3894,0.0845,"REG",0.0323,0.0587,"REG",0.0239,0.0663,"REG",0.0289,0.1776,"REG",0.0382,0.0879,"REG",0.0282,0.2354,"REG",0.0869,0.1043,"REG",0.0492,0.5892,"REG",0.2382,0.9106,"REG",0.248,0.2768,"REG",0.1383,0.251,"REG",0.1055,0.1902,"REG",0.0802,0.0673,"REG",0.043,0.1627,"REG",0.067,0.2946,"REG",0.1045,0.2022,"REG",0.0719,0.54,"REG",0.1358,0.5706,"REG",0.2007,1.1978,"REG",0.4038,1.8486,"REG",0.6764,4.7831,"ULOD",1.7473,0.5406,"ULOD",0.2018,1.4176,"REG",0.5272,0.1432,"REG",0.0546,0.0381,"REG",0.0164,0.0133,"LOD",0.0086,0.0017,"ND",0.0028,0.0093,"REG",0.0032,0.0377,"REG",0.0156,0.2768,"REG",0.1012,0.0464,"REG",0.0178,0.027,"REG",0.0053,0.1254,"REG",0.0308,0.24108468822928117,0.52,2.6301,"REG",4.6306,"REG",NA
"8","24th & Ritner","stationary","39.92296389, -75.186874",39.92296389,-75.186874,"#F8766D","Non-Industrial","Residential","High","Fire station","HighT/NoI","P733861","P733861 112423 111523 Ritner SS","P733861 112423 111523 Ritner SS.D","2023-11-24","2023-11-15","sample","2023-11-08","2023-11-15",10163,2,"462023",1,1.1435,"REG",0.4319,0.5258,"REG",0.198,0.1564,"REG",0.0573,0.2382,"REG",0.0831,0.6318,"REG",0.2505,0.056,"REG",0.0249,0.036,"REG",0.0185,0.0373,"REG",0.0218,0.0967,"REG",0.0274,0.0408,"REG",0.0185,0.1468,"REG",0.0548,0.0537,"LOD",0.0352,0.306,"REG",0.1237,0.4979,"REG",0.1356,0.1799,"REG",0.0911,0.1496,"REG",0.0636,0.1464,"REG",0.0643,0.0282,"LOD",0.0321,0.0925,"REG",0.0563,0.1491,"REG",0.0577,0.1048,"REG",0.0416,0.3083,"REG",0.0792,0.3577,"REG",0.1291,0.72,"REG",0.2449,1.0395,"REG",0.3814,2.6801,"REG",0.981,0.3894,"ULOD",0.1453,0.9218,"REG",0.3441,0.0599,"REG",0.0257,0.0238,"REG",0.0126,0.0034,"ND",0.0056,0.0016,"ND",0.0027,0.009,"REG",0.0031,0.0257,"REG",0.0135,0.269,"REG",0.0983,0.0451,"REG",0.0173,0.0175,"REG",0.0038,0.1781,"REG",0.0437,0.23427653064571297,0.76,1.3817,"REG",2.6957,"REG",NA
"8","24th & Ritner","stationary","39.92296389, -75.186874",39.92296389,-75.186874,"#F8766D","Non-Industrial","Residential","High","Fire station","HighT/NoI","P733882","P733882 112523 112223 Ritner SS","P733882 112523 112223 Ritner SS.D","2023-11-25","2023-11-22","sample","2023-11-15","2023-11-22",10124,2,"472023",1,1.1691,"REG",0.4415,0.5525,"REG",0.208,0.1719,"REG",0.0629,0.2495,"REG",0.0869,0.7267,"REG",0.2882,0.0525,"REG",0.0241,0.0361,"REG",0.0185,0.0409,"REG",0.0226,0.1005,"REG",0.0279,0.041,"REG",0.0186,0.1309,"REG",0.0491,0.053900000000000003,"LOD",0.0354,0.3135,"REG",0.1268,0.5327,"REG",0.1451,0.1947,"REG",0.0982,0.142,"REG",0.0605,0.1229,"REG",0.0563,0.0336,"LOD",0.0333,0.106,"REG",0.058,0.1616,"REG",0.0615,0.1315,"REG",0.0495,0.3293,"REG",0.0843,0.3126,"REG",0.1144,0.7468,"REG",0.2538,1.084,"REG",0.3976,2.841,"REG",1.0396,0.428,"ULOD",0.1598,0.8318,"REG",0.311,0.0942,"REG",0.0372,0.0305,"REG",0.0142,0.0034,"ND",0.0057,0.0016,"ND",0.0027,5e-4,"ND",8e-4,0.0203,"LOD",0.0129,0.2416,"REG",0.0885,0.0452,"REG",0.0173,0.0351,"REG",0.0066,0.1646,"REG",0.0404,0.23517901826870613,0.7,1.4186,"REG",2.8696999999999995,"REG",NA
"8","24th & Ritner","stationary","39.92296389, -75.186874",39.92296389,-75.186874,"#F8766D","Non-Industrial","Residential","High","Fire station","HighT/NoI","P733898","P733898 120823 112923 Ritner SS","P733898 120823 112923 Ritner SS.D","2023-12-08","2023-11-29","sample","2023-11-22","2023-11-29",10003,2,"482023",1,0.4949,"REG",0.1869,0.378,"REG",0.1425,0.0785,"REG",0.0289,0.1037,"REG",0.0403,0.345,"REG",0.1368,0.0228,"LOD",0.0191,0.003,"LOD",0.0147,0.0172,"LOD",0.019,0.0421,"LOD",0.0231,0.0189,"LOD",0.0159,0.05,"REG",0.0211,0.0182,"LOD",0.0302,0.1251,"REG",0.0507,0.2059,"REG",0.0562,0.11,"REG",0.0578,0.065,"REG",0.0298,0.0566,"REG",0.0371,0.0216,"LOD",0.0315,0.05,"LOD",0.0535,0.0364,"LOD",0.03,0.0366,"LOD",0.0255,0.0933,"REG",0.031,0.0823,"REG",0.0481,0.2073,"REG",0.0812,0.3179,"REG",0.1214,0.9483,"REG",0.3546,0.1267,"REG",0.0473,0.1894,"REG",0.0813,0.0735,"REG",0.0302,0.0101,"LOD",0.0103,0.0034,"ND",0.0057,0.0016,"ND",0.0027,5e-4,"ND",8e-4,0.0255,"REG",0.0137,0.2877,"REG",0.105,0.0374,"REG",0.0144,0.0133,"REG",0.0032,0.0952,"REG",0.0234,0.2380238309459543,0.4,0.5986,"REG",1.4001,"REG",NA
"8","24th & Ritner","stationary","39.92296389, -75.186874",39.92296389,-75.186874,"#F8766D","Non-Industrial","Residential","High","Fire station","HighT/NoI","P726648","P726648 120923 120623 Ritner SS","P726648 120923 120623 Ritner SS.D","2023-12-09","2023-12-06","sample","2023-11-29","2023-12-06",9512,2,"492023",1,1.2713,"REG",0.4801,0.6669,"REG",0.251,0.1929,"REG",0.0706,0.2639,"REG",0.0919,0.8728,"REG",0.3461,0.0519,"REG",0.0248,0.0321,"REG",0.0185,0.0399,"REG",0.0233,0.1107,"REG",0.0301,0.0476,"REG",0.0204,0.1402,"REG",0.0525,0.0573,"LOD",0.0377,0.369,"REG",0.1492,0.595,"REG",0.1621,0.1707,"REG",0.0869,0.1121,"REG",0.0485,0.1364,"REG",0.0618,0.0625,"REG",0.0423,0.1297,"REG",0.0639,0.1019,"REG",0.0452,0.1224,"REG",0.0475,0.3294,"REG",0.0847,0.235,"REG",0.0907,0.7308,"REG",0.249,1.0028,"REG",0.3683,2.7794,"REG",1.0176,0.4039,"ULOD",0.1508,0.5533,"REG",0.2096,0.0069,"ND",0.0116,0.0247,"REG",0.0133,0.0138,"LOD",0.009,0.0017,"ND",0.0029,5e-4,"ND",8e-4,0.021,"LOD",0.0137,0.2723,"REG",0.0996,0.0491,"REG",0.0188,0.0234,"REG",0.0048,0.0851,"REG",0.0209,0.25031038487724777,0.34,1.5352000000000001,"REG",3.2678000000000003,"REG",NA
"8","24th & Ritner","stationary","39.92296389, -75.186874",39.92296389,-75.186874,"#F8766D","Non-Industrial","Residential","High","Fire station","HighT/NoI","P733869","P733869 122123 121323 Ritner SS","P733869 122123 121323 Ritner SS.D","2023-12-21","2023-12-13","sample","2023-12-06","2023-12-13",9442,2,"502023",1,1.2354,"REG",0.4665,0.6057,"REG",0.228,0.189,"REG",0.0692,0.2603,"REG",0.0907,0.7891,"REG",0.3129,0.0563,"REG",0.0259,0.0355,"REG",0.0192,0.0438,"REG",0.0242,0.1115,"REG",0.0304,0.048,"REG",0.0206,0.1324,"REG",0.0498,0.0514,"LOD",0.0366,0.3239,"REG",0.131,0.5641,"REG",0.1537,0.2325,"REG",0.1169,0.135,"REG",0.0578,0.1633,"REG",0.0712,0.0744,"REG",0.0462,0.1659,"REG",0.0695,0.122,"REG",0.0508,0.1516,"REG",0.0563,0.346,"REG",0.0887,0.2243,"REG",0.0876,0.7233,"REG",0.2465,1.2275,"REG",0.4501,3.264,"REG",1.194,0.6138,"ULOD",0.2291,0.7358,"REG",0.2762,0.007,"ND",0.0117,0.0391,"REG",0.017,0.0139,"LOD",0.009,0.0017,"ND",0.0029,5e-4,"ND",8e-4,0.0212,"LOD",0.0138,0.3962,"REG",0.1441,0.0594,"REG",0.0227,0.0235,"REG",0.0048,0.2421,"REG",0.0594,0.25216610685790947,0.96,1.4957,"REG",3.0795000000000003,"REG","Winter"
"8","24th & Ritner","stationary","39.92296389, -75.186874",39.92296389,-75.186874,"#F8766D","Non-Industrial","Residential","High","Fire station","HighT/NoI","P726670","P726670 122123 122023 Ritner SS","P726670 122123 122023 Ritner SS.D","2023-12-21","2023-12-20","sample","2023-12-13","2023-12-20",9867,2,"512023",1,0.8347,"REG",0.3152,0.5099,"REG",0.192,0.1252,"REG",0.0459,0.1798,"REG",0.0642,0.5697,"REG",0.2259,0.0423,"REG",0.0224,0.0278,"LOD",0.0173,0.028,"LOD",0.0206,0.0747,"REG",0.0258,0.0306,"REG",0.0174,0.0929,"REG",0.0356,0.0369,"LOD",0.0328,0.2315,"REG",0.0936,0.4588,"REG",0.125,0.1211,"REG",0.0631,0.0743,"REG",0.0334,0.1266,"REG",0.0579,0.0548,"LOD",0.0392,0.125,"REG",0.0616,0.1106,"REG",0.0469,0.1349,"REG",0.0508,0.2567,"REG",0.0671,0.1669,"REG",0.0697,0.5315,"REG",0.1832,1.0499,"REG",0.3853,2.7953,"REG",1.0231,0.5346,"ULOD",0.1995,0.5654,"REG",0.2137,0.0746,"REG",0.0306,0.0306,"REG",0.0144,0.0035,"ND",0.0058,0.0017,"ND",0.0028,5e-4,"ND",8e-4,0.0259,"REG",0.0139,0.35,"REG",0.1274,0.0379,"REG",0.0146,0.0225,"REG",0.0046,0.2123,"REG",0.0521,0.24130458913067612,0.88,1.0145,"REG",2.2193000000000005,"REG","Winter"
"8","24th & Ritner","stationary","39.92296389, -75.186874",39.92296389,-75.186874,"#F8766D","Non-Industrial","Residential","High","Fire station","HighT/NoI","P726658","P726658 011724 011024 Ritner SS","P726658 011724 011024 Ritner SS.D","2024-01-17","2024-01-10","sample","2024-01-03","2024-01-10",10067,2,"22024",1,0.6634,"REG",0.2506,0.6426,"REG",0.2419,0.1242,"REG",0.0455,0.1521,"REG",0.0552,0.6108,"REG",0.2422,0.0302,"LOD",0.02,0.0182,"LOD",0.0157,0.024,"LOD",0.0197,0.062,"REG",0.0243,0.0296,"REG",0.017,0.0737,"REG",0.0289,0.0301,"LOD",0.0313,0.2307,"REG",0.0933,0.3781,"REG",0.103,0.1906,"REG",0.0963,0.1287,"REG",0.0551,0.0775,"REG",0.0423,0.0236,"LOD",0.0317,0.0642,"LOD",0.0542,0.0963,"REG",0.0427,0.0902,"REG",0.0377,0.2682,"REG",0.0697,0.1461,"REG",0.0634,0.5766,"REG",0.1978,0.6724,"REG",0.2482,2.5184,"REG",0.9222,0.1331,"ULOD",0.0497,0.4256,"REG",0.163,0.0422,"REG",0.0204,0.0267,"REG",0.0133,0.0034,"ND",0.0057,0.0016,"ND",0.0027,5e-4,"ND",8e-4,0.0143,"LOD",0.0124,0.3001,"REG",0.1095,0.0325,"REG",0.0126,0.0163,"REG",0.0037,0.1083,"REG",0.0266,0.23651061696159545,0.458,0.8155,"REG",2.1931000000000003,"REG","Winter"
"8","24th & Ritner","stationary","39.92296389, -75.186874",39.92296389,-75.186874,"#F8766D","Non-Industrial","Residential","High","Fire station","HighT/NoI","P733865","P733865 012524 011724 Ritner SS","P733865 012524 011724 Ritner SS.D","2024-01-25","2024-01-17","sample","2024-01-10","2024-01-17",9673,2,"32024",1,0.5871,"REG",0.2218,0.5589,"REG",0.2104,0.1034,"REG",0.0379,0.1311,"REG",0.0489,0.4421,"REG",0.1753,0.0235,"LOD",0.0197,0.0158,"LOD",0.016,0.0214,"LOD",0.0201,0.0537,"REG",0.0245,0.0191,"LOD",0.0164,0.0508,"REG",0.0215,0.0251,"LOD",0.0318,0.1801,"REG",0.0729,0.3384,"REG",0.0922,0.1245,"REG",0.0648,0.0823,"REG",0.0366,0.0555,"REG",0.0376,0.019,"LOD",0.0322,0.0531,"LOD",0.0554,0.0689,"REG",0.0368,0.0561,"REG",0.0298,0.1689,"REG",0.0471,0.0912,"REG",0.051,0.3732,"REG",0.1325,0.5938,"REG",0.22,1.6954,"REG",0.6239,0.229,"ULOD",0.0855,0.3232,"REG",0.1271,0.0915,"REG",0.0365,0.0208,"REG",0.0124,0.0036,"ND",0.0059,0.0017,"ND",0.0028,5e-4,"ND",8e-4,0.0149,"LOD",0.013,0.3867,"REG",0.1407,0.0338,"REG",0.0131,0.0124,"REG",0.0032,0.3146,"REG",0.0772,0.24614415186109595,1.278,0.7182,"REG",1.8225999999999998,"REG","Winter"
"8","24th & Ritner","stationary","39.92296389, -75.186874",39.92296389,-75.186874,"#F8766D","Non-Industrial","Residential","High","Fire station","HighT/NoI","P733890","P733890 012624 012424 Ritner SS","P733890 012624 012424 Ritner SS.D","2024-01-26","2024-01-24","sample","2024-01-17","2024-01-24",9623,2,"42024",1,0.8276,"REG",0.3126,0.7047,"REG",0.2652,0.1403,"REG",0.0514,0.181,"REG",0.0647,0.6744,"REG",0.2674,0.0355,"LOD",0.0215,0.0222,"LOD",0.0168,0.0287,"LOD",0.0211,0.0795,"REG",0.0267,0.031,"REG",0.0178,0.0857,"REG",0.0332,0.0378,"LOD",0.0337,0.2615,"REG",0.1058,0.4995,"REG",0.1361,0.1301,"REG",0.0675,0.0957,"REG",0.0419,0.0862,"REG",0.0457,0.0191,"LOD",0.0323,0.0741,"LOD",0.0572,0.1008,"REG",0.0446,0.0737,"REG",0.034,0.2598,"REG",0.068,0.1528,"REG",0.0664,0.6032,"REG",0.2069,0.874,"REG",0.3215,2.4366,"REG",0.8928,0.3143,"ULOD",0.1173,0.5437,"REG",0.206,0.1159,"REG",0.045,0.0418,"REG",0.0176,0.0112,"REG",0.0084,0.0017,"ND",0.0029,0.0057,"REG",0.0021,0.015,"LOD",0.013,0.3289,"REG",0.1199,0.0437,"REG",0.0168,0.0125,"REG",0.0032,0.2766,"REG",0.0679,0.24742308853292955,1.1179999999999999,1.0086,"REG",2.528,"REG","Winter"
"8","24th & Ritner","stationary","39.92296389, -75.186874",39.92296389,-75.186874,"#F8766D","Non-Industrial","Residential","High","Fire station","HighT/NoI","P733897","P733897 020824 013124 Ritner SS","P733897 020824 013124 Ritner SS.D","2024-02-08","2024-01-31","sample","2024-01-24","2024-01-31",10099,2,"52024",1,1.0021,"REG",0.3785,0.4301,"REG",0.162,0.1522,"REG",0.0558,0.2127,"REG",0.0747,0.5823,"REG",0.2309,0.0413,"REG",0.0219,0.0211,"LOD",0.016,0.041,"REG",0.0226,0.1077,"REG",0.0288,0.0374,"REG",0.018,0.099,"REG",0.0377,0.048,"LOD",0.0342,0.2056,"REG",0.0832,0.354,"REG",0.0965,0.0757,"REG",0.0422,0.0761,"REG",0.034,0.093,"REG",0.0468,0.0261,"LOD",0.032,0.0718,"LOD",0.0546,0.06,"REG",0.0339,0.0593,"REG",0.0298,0.2042,"REG",0.0547,0.1274,"REG",0.0584,0.4106,"REG",0.1438,0.4773,"REG",0.1779,1.226,"REG",0.4539,0.174,"REG",0.065,0.2391,"REG",0.0975,0.079,"REG",0.032,0.0116,"LOD",0.0104,0.0034,"ND",0.0057,0.0016,"ND",0.0027,0.0091,"REG",0.0031,0.0254,"REG",0.0136,0.3419,"REG",0.1245,0.044,"REG",0.0168,0.0264,"REG",0.0052,0.0519,"REG",0.0128,0.23576120219352223,0.22,1.2147999999999999,"REG",2.3794,"REG","Winter"
"8","24th & Ritner","stationary","39.92296389, -75.186874",39.92296389,-75.186874,"#F8766D","Non-Industrial","Residential","High","Fire station","HighT/NoI","P726602","P726602 021524 020724 Ritner SS","P726602 021524 020724 Ritner SS.D","2024-02-15","2024-02-07","sample","2024-01-31","2024-02-07",10188,2,"62024",1,0.741,"REG",0.2799,0.6779,"REG",0.2551,0.1215,"REG",0.0445,0.1592,"REG",0.0574,0.6273,"REG",0.2487,0.0224,"LOD",0.0187,0.018,"LOD",0.0155,0.0203,"LOD",0.019,0.0517,"REG",0.0234,0.0333,"REG",0.0173,0.0736,"REG",0.0289,0.0297,"LOD",0.0309,0.2545,"REG",0.1029,0.4098,"REG",0.1117,0.0704,"REG",0.0398,0.0713,"REG",0.0321,0.0826,"REG",0.0435,0.0418,"LOD",0.035,0.1104,"REG",0.0583,0.0595,"REG",0.0336,0.0751,"REG",0.0335,0.1894,"REG",0.0512,0.1032,"REG",0.0521,0.419,"REG",0.1464,0.6644,"REG",0.2453,1.6079,"REG",0.5916,0.2478,"ULOD",0.0925,0.4436,"REG",0.1693,0.0065,"ND",0.0108,0.0115,"LOD",0.0103,0.0034,"ND",0.0056,0.0016,"ND",0.0027,0.009,"REG",0.0031,0.0089,"LOD",0.012,0.4237,"REG",0.1539,0.0436,"REG",0.0167,0.0262,"REG",0.0051,0.2197,"REG",0.053900000000000003,0.23370164712920896,0.94,0.9002,"REG",2.3269,"REG","Winter"
"8","24th & Ritner","stationary","39.92296389, -75.186874",39.92296389,-75.186874,"#F8766D","Non-Industrial","Residential","High","Fire station","HighT/NoI","P726648","P726648 021624 021424 Ritner SS","P726648 021624 021424 Ritner SS.D","2024-02-16","2024-02-14","sample","2024-02-07","2024-02-14",9909,2,"72024",1,1.5908,"REG",0.6008,1.1763,"REG",0.4425,0.2662,"REG",0.0974,0.3071,"REG",0.106,1.0916,"REG",0.4328,0.0651,"REG",0.0273,0.0462,"REG",0.0209,0.0452,"REG",0.0238,0.1098,"REG",0.0293,0.0724,"REG",0.0248,0.2271,"REG",0.0839,0.0917,"REG",0.0454,0.5677,"REG",0.2295,0.8788,"REG",0.2393,0.1733,"REG",0.088,0.1406,"REG",0.06,0.1489,"REG",0.0655,0.0757,"REG",0.0456,0.1943,"REG",0.0722,0.0138,"ND",0.0229,0.1814,"REG",0.0652,0.4571,"REG",0.1154,0.3436,"REG",0.1248,1.0953,"REG",0.3697,1.7182,"REG",0.6289,3.6523,"REG",1.3351,0.5022,"ULOD",0.1875,2.1983,"ULOD",0.816,0.1153,"REG",0.0447,0.0254,"REG",0.0132,0.0083,"LOD",0.0076,0.0017,"ND",0.0028,0.013,"REG",0.0044,0.0147,"LOD",0.0127,0.3921,"REG",0.1425,0.0542,"REG",0.0207,0.0314,"REG",0.006,0.2499,"REG",0.0613,0.24028180249796963,1.04,1.8979,"REG",4.432,"REG","Winter"
"8","24th & Ritner","stationary","39.92296389, -75.186874",39.92296389,-75.186874,"#F8766D","Non-Industrial","Residential","High","Fire station","HighT/NoI","P726653","P726653 022924 022124 Ritner SS","P726653 022924 022124 Ritner SS.D","2024-02-29","2024-02-21","sample","2024-02-14","2024-02-21",10115,2,"82024",1,0.5627,"REG",0.2126,0.5345,"REG",0.2012,0.1026,"REG",0.0376,0.1239,"REG",0.0463,0.4173,"REG",0.1655,0.0263,"LOD",0.0193,0.0151,"LOD",0.0153,0.0205,"LOD",0.0192,0.0451,"REG",0.0231,0.0261,"LOD",0.0165,0.0577,"REG",0.0235,0.03,"LOD",0.0312,0.1798,"REG",0.0728,0.2678,"REG",0.073,0.2263,"REG",0.1136,0.1295,"REG",0.0554,0.0591,"REG",0.0374,0.0261,"LOD",0.0319,0.0585,"LOD",0.0535,0.0419,"LOD",0.0305,0.0526,"REG",0.0283,0.105,"REG",0.0331,0.0923,"REG",0.0499,0.217,"REG",0.0838,0.4462,"REG",0.1667,1.2429,"REG",0.4599,0.0837,"REG",0.0312,0.2699,"REG",0.108,0.0561,"REG",0.0245,0.0182,"REG",0.0115,0.0034,"ND",0.0057,0.0016,"ND",0.0027,0.0073,"REG",0.0026,0.0144,"LOD",0.0124,0.2703,"REG",0.0988,0.0346,"REG",0.0134,0.0132,"REG",0.0032,0.1036,"REG",0.0254,0.23538827295624132,0.44,0.6866,"REG",1.7409999999999999,"REG","Winter"
"8","24th & Ritner","stationary","39.92296389, -75.186874",39.92296389,-75.186874,"#F8766D","Non-Industrial","Residential","High","Fire station","HighT/NoI","P733866","P733866 030124 022824 Ritner SS","P733866 030124 022824 Ritner SS.D","2024-03-01","2024-02-28","sample","2024-02-21","2024-02-28",10098,2,"92024",1,0.7405,"REG",0.2797,0.4797,"REG",0.1807,0.1077,"REG",0.0395,0.1606,"REG",0.0579,0.498,"REG",0.1975,0.0263,"LOD",0.0194,0.0151,"LOD",0.0153,0.0239,"LOD",0.0196,0.0591,"REG",0.0241,0.0262,"LOD",0.0165,0.0743,"REG",0.0291,0.03,"LOD",0.0312,0.1801,"REG",0.0729,0.2748,"REG",0.0749,0.1512,"REG",0.0773,0.1008,"REG",0.0438,0.0543,"REG",0.0363,0.0207,"LOD",0.0311,0.052,"LOD",0.0532,0.048,"LOD",0.0316,0.056,"REG",0.0291,0.125,"REG",0.0372,0.1041,"REG",0.0526,0.2657,"REG",0.0983,0.4367,"REG",0.1634,1.2638,"REG",0.4675,0.0731,"REG",0.0273,0.1766,"REG",0.0771,0.0065,"ND",0.0109,0.0183,"REG",0.0115,0.0034,"ND",0.0057,0.0016,"ND",0.0027,5e-4,"ND",8e-4,0.0089,"LOD",0.0121,0.228,"REG",0.0837,0.0347,"REG",0.0134,0.022,"REG",0.0045,0.066,"REG",0.0162,0.23578454951003971,0.28,0.9011,"REG",1.9865,"REG",NA
"8","24th & Ritner","stationary","39.92296389, -75.186874",39.92296389,-75.186874,"#F8766D","Non-Industrial","Residential","High","Fire station","HighT/NoI","P726615","P726615 031524 030624 Ritner SS","P726615 031524 030624 Ritner SS.D","2024-03-15","2024-03-06","sample","2024-02-28","2024-03-06",10122,2,"102024",1,0.5688,"REG",0.2149,0.4137,"REG",0.1559,0.0877,"REG",0.0322,0.1186,"REG",0.0447,0.4355,"REG",0.1727,0.0225,"LOD",0.0188,0.012,"LOD",0.015,0.0198,"LOD",0.0191,0.0518,"REG",0.0235,0.0222,"LOD",0.0161,0.0571,"REG",0.0233,0.0239,"LOD",0.0304,0.1557,"REG",0.0631,0.2479,"REG",0.0676,0.0696,"REG",0.0395,0.0567,"REG",0.0266,0.0416,"LOD",0.0336,0.0225,"LOD",0.0313,0.0446,"LOD",0.0526,0.0599,"REG",0.0339,0.0522,"REG",0.0282,0.1304,"REG",0.0383,0.1145,"REG",0.055,0.2991,"REG",0.1085,0.3734,"REG",0.1409,1.0981,"REG",0.4079,0.1962,"ULOD",0.0732,0.2672,"REG",0.107,0.0593,"REG",0.0255,0.0158,"REG",0.0111,0.0034,"ND",0.0057,0.0016,"ND",0.0027,0.009,"REG",0.0031,0.0145,"LOD",0.0124,0.2559,"REG",0.0936,0.0267,"REG",0.0104,0.013,"REG",0.0032,0.107,"REG",0.0263,0.2352254871519839,0.45475000000000004,0.6874,"REG",1.6243,"REG",NA
"8","24th & Ritner","stationary","39.92296389, -75.186874",39.92296389,-75.186874,"#F8766D","Non-Industrial","Residential","High","Fire station","HighT/NoI","P733889","P733889 031624 031324 Ritner SS","P733889 031624 031324 Ritner SS.D","2024-03-16","2024-03-13","sample","2024-03-06","2024-03-13",9975,2,"112024",1,0.9567,"REG",0.3613,0.5326,"REG",0.2005,0.1341,"REG",0.0491,0.1837,"REG",0.0654,0.7875,"REG",0.3123,0.0304,"LOD",0.0202,0.0183,"LOD",0.0158,0.027,"LOD",0.0203,0.0737,"REG",0.0255,0.0301,"REG",0.0172,0.0831,"REG",0.0322,0.0364,"LOD",0.0325,0.255,"REG",0.1032,0.6726,"REG",0.1832,0.0324,"REG",0.0253,0.0617,"REG",0.0285,0.052,"REG",0.0361,0.0283,"LOD",0.0327,0.0519,"LOD",0.0538,0.1276,"REG",0.0515,0.093,"REG",0.0385,0.2726,"REG",0.0708,0.1987,"REG",0.0788,0.6091,"REG",0.2085,1.1295,"REG",0.4143,3.1193,"REG",1.141,0.5486,"ULOD",0.2048,0.5455,"REG",0.2064,0.1754,"REG",0.0662,0.0632,"REG",0.0239,0.0035,"ND",0.0058,0.0017,"ND",0.0028,0.0091,"REG",0.0031,0.0147,"LOD",0.0126,0.2741,"REG",0.1002,0.0459,"REG",0.0176,0.0132,"REG",0.0032,0.1276,"REG",0.0313,0.23869196801527628,0.5347500000000001,1.1404,"REG",2.5946000000000002,"REG",NA
"8","24th & Ritner","stationary","39.92296389, -75.186874",39.92296389,-75.186874,"#F8766D","Non-Industrial","Residential","High","Fire station","HighT/NoI","P726657","P726657 040224 032024 Ritner SS","P726657 040224 032024 Ritner SS.D","2024-04-02","2024-03-20","sample","2024-03-13","2024-03-20",9698,2,"122024",1,1.7279,"REG",0.6525,0.5413,"REG",0.2038,0.2411,"REG",0.0882,0.3029,"REG",0.1047,0.8451,"REG",0.3351,0.0665,"REG",0.0279,0.0503,"REG",0.0221,0.0527,"REG",0.0257,0.1446,"REG",0.034,0.0699,"REG",0.0245,0.1971,"REG",0.073,0.0874,"REG",0.0447,0.422,"REG",0.1706,0.7881,"REG",0.2146,0.1266,"REG",0.0658,0.1279,"REG",0.0548,0.1239,"REG",0.0573,0.0514,"LOD",0.0387,0.1428,"REG",0.0648,0.2,"REG",0.074,0.2432,"REG",0.0852,0.4591,"REG",0.116,0.3985,"REG",0.1431,1.0667,"REG",0.3602,2.3146,"REG",0.8466,5.742,"REG",2.097,0.5672,"ULOD",0.2117,1.2557,"REG",0.4674,0.0974,"REG",0.0385,0.0235,"REG",0.0129,0.0035,"ND",0.0059,0.0017,"ND",0.0028,0.0094,"REG",0.0032,0.0208,"LOD",0.0135,0.3412,"REG",0.1243,0.0375,"REG",0.0144,0.0136,"REG",0.0033,0.2491,"REG",0.0611,0.245509628887645,1.01475,2.0308,"REG",3.6583000000000006,"REG",NA
"8","24th & Ritner","stationary","39.92296389, -75.186874",39.92296389,-75.186874,"#F8766D","Non-Industrial","Residential","High","Fire station","HighT/NoI","P733864","P733864 041224 041024 Ritner SS","P733864 041224 041024 Ritner SS.D","2024-04-12","2024-04-10","sample","2024-04-03","2024-04-10",10054,2,"152024",1,0.7886,"REG",0.2978,0.3326,"REG",0.1254,0.1075,"REG",0.0395,0.1557,"REG",0.0564,0.409,"REG",0.1622,0.0415,"REG",0.022,0.0303,"REG",0.0175,0.0309,"LOD",0.0208,0.0384,"LOD",0.0228,0.0375,"REG",0.0181,0.10780000000000001,"REG",0.0408,0.0422,"LOD",0.0332,0.1781,"REG",0.0721,0.2611,"REG",0.0712,0.0414,"REG",0.0282,0.0528,"REG",0.0252,0.0801,"REG",0.0431,0.043,"LOD",0.0356,0.0746,"LOD",0.0551,0.0964,"REG",0.0427,0.0563,"REG",0.0292,0.1649,"REG",0.0458,0.1755,"REG",0.0718,0.3881,"REG",0.1367,0.4374,"REG",0.1637,1.2078,"REG",0.4474,0.2042,"REG",0.0762,0.3979,"REG",0.153,0.0066,"ND",0.011,0.0067,"LOD",0.0099,0.0034,"ND",0.0057,0.0016,"ND",0.0027,0.0073,"REG",0.0026,0.018,"LOD",0.0128,0.186,"REG",0.0688,0.0279,"REG",0.0108,0.0133,"REG",0.0032,0.0521,"REG",0.0128,0.2368164293766044,0.22,0.9442999999999999,"REG",1.7934,"REG",NA
"8","24th & Ritner","stationary","39.92296389, -75.186874",39.92296389,-75.186874,"#F8766D","Non-Industrial","Residential","High","Fire station","HighT/NoI","P726648","P726648 042624 041724 Ritner SS","P726648 042624 041724 Ritner SS.D","2024-04-26","2024-04-17","sample","2024-04-10","2024-04-17",10168,2,"162024",1,0.7587,"REG",0.2865,0.3104,"REG",0.1171,0.1014,"REG",0.0372,0.1488,"REG",0.0541,0.4295,"REG",0.1703,0.0373,"REG",0.021,0.021,"LOD",0.0159,0.0305,"LOD",0.0206,0.0656,"REG",0.0244,0.0371,"REG",0.0179,0.0983,"REG",0.0375,0.0358,"LOD",0.0319,0.1761,"REG",0.0713,0.245,"REG",0.0669,0.13,"REG",0.0671,0.0768,"REG",0.0343,0.0744,"REG",0.0412,0.0266,"LOD",0.0318,0.0738,"LOD",0.0545,0.0775,"REG",0.0377,0.0753,"REG",0.0336,0.1565,"REG",0.0439,0.1388,"REG",0.0612,0.3718,"REG",0.1313,0.5939,"REG",0.2198,1.5127,"REG",0.5572,0.2091,"REG",0.078,0.4555,"REG",0.1736,0.0495,"REG",0.0224,0.0132,"LOD",0.0106,0.0034,"ND",0.0056,0.0016,"ND",0.0027,0.0108,"REG",0.0037,0.0178,"LOD",0.0126,0.3255,"REG",0.1186,0.0276,"REG",0.0107,0.0131,"REG",0.0032,0.1264,"REG",0.031,0.23416132778839313,0.54,0.9075,"REG",1.7488000000000001,"REG",NA
"8","24th & Ritner","stationary","39.92296389, -75.186874",39.92296389,-75.186874,"#F8766D","Non-Industrial","Residential","High","Fire station","HighT/NoI","P733868","P733868 042724 042424 Ritner SS","P733868 042724 042424 Ritner SS.D","2024-04-27","2024-04-24","sample","2024-04-17","2024-04-24",9798,2,"172024",1,0.5613,"REG",0.212,0.3221,"REG",0.1215,0.0746,"REG",0.0275,0.1168,"REG",0.0445,0.3241,"REG",0.1285,0.0271,"LOD",0.02,0.0124,"LOD",0.0155,0.0211,"LOD",0.0198,0.0466,"REG",0.0238,0.0193,"LOD",0.0163,0.068,"REG",0.0271,0.0247,"LOD",0.0314,0.1366,"REG",0.0554,0.1863,"REG",0.0509,0.198,"REG",0.1,0.0882,"REG",0.0389,0.0622,"REG",0.0389,0.0221,"LOD",0.0322,0.0629,"LOD",0.0554,0.0619,"REG",0.035,0.0543,"REG",0.0292,0.108,"REG",0.0341,0.0961,"REG",0.0516,0.2489,"REG",0.0939,0.4174,"REG",0.1567,1.0644,"REG",0.3963,0.152,"REG",0.0567,0.3008,"REG",0.1191,0.0396,"REG",0.0199,0.0068,"LOD",0.0102,0.0035,"ND",0.0059,0.0017,"ND",0.0028,0.0094,"REG",0.0032,0.0184,"LOD",0.0131,0.3378,"REG",0.123,0.0286,"REG",0.0111,0.0091,"REG",0.0028,0.1507,"REG",0.037,0.24300391722314565,0.62,0.6781,"REG",1.3989,"REG",NA
"8","24th & Ritner","stationary","39.92296389, -75.186874",39.92296389,-75.186874,"#F8766D","Non-Industrial","Residential","High","Fire station","HighT/NoI","P726608","P726608 051124 050124 Ritner SS.D","P726608 051124 050124 Ritner SS.D","2024-05-11","2024-05-01","sample","2024-04-24","2024-05-01",10188,2,"182024",1,1.1828,"REG",0.4467,0.3803,"REG",0.1434,0.1551,"REG",0.0568,0.2351,"REG",0.082,0.6086,"REG",0.2413,0.0522,"REG",0.024,0.0359,"REG",0.0184,0.0372,"REG",0.0217,0.093,"REG",0.027,0.0482,"REG",0.0197,0.1464,"REG",0.0546,0.0476,"LOD",0.0339,0.309,"REG",0.125,0.4227,"REG",0.1152,0.3066,"REG",0.1529,0.1746,"REG",0.0738,0.1422,"REG",0.0628,0.069,"REG",0.0428,0.1538,"REG",0.0644,0.0952,"REG",0.0422,0.1372,"REG",0.0512,0.2421,"REG",0.0635,0.231,"REG",0.0883,0.5387,"REG",0.1853,0.4329,"REG",0.162,2.8605,"REG",1.0467,0.3093,"ULOD",0.1154,0.5889,"REG",0.222,0.0699,"REG",0.0289,0.0125,"LOD",0.0105,0.0034,"ND",0.0056,0.0016,"ND",0.0027,0.0126,"REG",0.0043,0.0251,"REG",0.0134,0.2966,"REG",0.1082,0.0257,"REG",0.01,0.0393,"REG",0.0073,0.0369,"REG",0.0091,0.23370164712920896,0.158,1.4179000000000002,"REG",2.5619000000000005,"REG",NA
"8","24th & Ritner","stationary","39.92296389, -75.186874",39.92296389,-75.186874,"#F8766D","Non-Industrial","Residential","High","Fire station","HighT/NoI","P726643","P726643 051224 050824 Ritner SS","P726643 051224 050824 Ritner SS.D","2024-05-12","2024-05-08","sample","2024-05-01","2024-05-08",9546,2,"192024",1,0.9331,"REG",0.3524,0.3863,"REG",0.1456,0.1288,"REG",0.0472,0.1957,"REG",0.0695,0.6629,"REG",0.2628,0.0477,"REG",0.0239,0.0256,"LOD",0.0174,0.0361,"LOD",0.0225,0.0882,"REG",0.0277,0.0474,"REG",0.0203,0.1301,"REG",0.0489,0.0444,"LOD",0.035,0.2014,"REG",0.0815,0.2696,"REG",0.0735,0.1676,"REG",0.0854,0.0991,"REG",0.0433,0.116,"REG",0.055,0.051,"LOD",0.0389,0.1292,"REG",0.0637,0.0698,"REG",0.0373,0.1046,"REG",0.0423,0.1676,"REG",0.0469,0.1232,"REG",0.0588,0.3577,"REG",0.1278,0.2901,"REG",0.1123,1.8956,"REG",0.6965,0.2414,"ULOD",0.0901,0.3639,"REG",0.1416,0.0506,"REG",0.0233,0.0134,"LOD",0.0112,0.0036,"ND",0.006,0.0017,"ND",0.0029,5e-4,"ND",8e-4,0.0326,"REG",0.0151,0.3467,"REG",0.1263,0.0274,"REG",0.0107,0.014,"REG",0.0034,0.0394,"REG",0.0097,0.24941885407001688,0.158,1.1288,"REG",2.3068,"REG",NA
"8","24th & Ritner","stationary","39.92296389, -75.186874",39.92296389,-75.186874,"#F8766D","Non-Industrial","Residential","High","Fire station","HighT/NoI","P733851","P733851 052324 051524 Ritner SS","P733851 052324 051524 Ritner SS.D","2024-05-23","2024-05-15","sample","2024-05-08","2024-05-15",9410,2,"202024",1,0.7188,"REG",0.2715,0.279,"REG",0.1054,0.0882,"REG",0.0324,0.1426,"REG",0.0527,0.4147,"REG",0.1644,0.0282,"LOD",0.0208,0.0078,"ND",0.013,0.022,"LOD",0.0206,0.0522,"REG",0.025,0.0281,"LOD",0.0177,0.07,"REG",0.0279,0.0258,"LOD",0.0327,0.1289,"REG",0.0522,0.1814,"REG",0.0496,0.1194,"REG",0.0626,0.0651,"REG",0.0301,0.0555,"REG",0.0383,0.0345,"LOD",0.0355,0.0815,"LOD",0.059,0.058,"REG",0.0351,0.046,"LOD",0.0283,0.1204,"REG",0.0371,0.0875,"REG",0.0511,0.2851,"REG",0.1055,0.5232,"REG",0.1948,1.3764,"REG",0.509,0.1496,"REG",0.0558,0.2908,"REG",0.1163,0.0391,"REG",0.0202,0.0136,"LOD",0.0113,0.0209,"REG",0.0109,0.0018,"ND",0.0029,5e-4,"ND",8e-4,0.0154,"REG",0.0133,0.3976,"REG",0.1446,0.0278,"REG",0.0108,0.0094,"REG",0.0029,0.1665,"REG",0.0409,0.25302363240726683,0.658,0.8613999999999999,"REG",1.6433000000000002,"REG",NA
"8","24th & Ritner","stationary","39.92296389, -75.186874",39.92296389,-75.186874,"#F8766D","Non-Industrial","Residential","High","Fire station","HighT/NoI","P733873","P733873 052424 052224 Ritner SS","P733873 052424 052224 Ritner SS.D","2024-05-24","2024-05-22","sample","2024-05-15","2024-05-22",9853,2,"212024",1,0.788,"REG",0.2976,0.2664,"REG",0.1007,0.0995,"REG",0.0365,0.1576,"REG",0.0571,0.4522,"REG",0.1793,0.027,"LOD",0.0199,0.0155,"LOD",0.0157,0.0245,"LOD",0.0201,0.057,"REG",0.0244,0.0306,"REG",0.0174,0.0753,"REG",0.0295,0.0246,"LOD",0.0312,0.1558,"REG",0.0631,0.2341,"REG",0.0639,0.0706,"REG",0.0401,0.0537,"REG",0.0256,0.0629,"REG",0.0389,0.0329,"LOD",0.0339,0.0913,"REG",0.0577,0.08,"REG",0.0389,0.054,"REG",0.0291,0.1421,"REG",0.0411,0.0955,"REG",0.0514,0.3342,"REG",0.1199,0.6142,"REG",0.2273,1.7012,"REG",0.6258,0.206,"ULOD",0.0769,0.3632,"REG",0.141,0.0373,"REG",0.0192,0.0129,"LOD",0.0108,0.0299,"REG",0.0134,0.0017,"ND",0.0028,0.0168,"REG",0.0056,0.0203,"REG",0.0132,0.3213,"REG",0.1171,0.0266,"REG",0.0104,0.0135,"REG",0.0033,0.1058,"REG",0.026,0.24164745569393897,0.438,0.9456,"REG",1.7637,"REG",NA
"8","24th & Ritner","stationary","39.92296389, -75.186874",39.92296389,-75.186874,"#F8766D","Non-Industrial","Residential","High","Fire station","HighT/NoI","P733892","P733892 060624 052924 Ritner SS","P733892 060624 052924 Ritner SS.D","2024-06-06","2024-05-29","sample","2024-05-22","2024-05-29",9605,2,"222024",1,0.8262,"REG",0.312,0.2896,"REG",0.1093,0.1085,"REG",0.0398,0.1745,"REG",0.0627,0.5425,"REG",0.2151,0.0314,"LOD",0.0209,0.0159,"LOD",0.0161,0.0251,"LOD",0.0207,0.0621,"REG",0.0253,0.0273,"LOD",0.0174,0.0768,"REG",0.0302,0.0315,"LOD",0.0328,0.1857,"REG",0.0752,0.2089,"REG",0.0571,0.0647,"REG",0.0379,0.0668,"REG",0.0307,0.0556,"LOD",0.0378,0.0281,"LOD",0.0337,0.0805,"LOD",0.0579,0.082,"REG",0.0399,0.097,"REG",0.0401,0.1666,"REG",0.0466,0.147,"REG",0.0648,0.3682,"REG",0.131,0.5547,"REG",0.206,1.4675,"REG",0.5415,0.113,"REG",0.0422,0.4274,"REG",0.1641,0.0443,"REG",0.0214,0.007,"LOD",0.0104,0.0372,"REG",0.016,0.0017,"ND",0.0029,0.011,"REG",0.0037,0.0364,"REG",0.0157,0.1798,"REG",0.0667,0.0292,"REG",0.0113,0.0093,"REG",0.0028,0.0496,"REG",0.0122,0.24788676532559928,0.2,1.0007000000000001,"REG",1.9413,"REG",NA
"8","24th & Ritner","stationary","39.92296389, -75.186874",39.92296389,-75.186874,"#F8766D","Non-Industrial","Residential","High","Fire station","HighT/NoI","P726642","P726642 060724 060524 Ritner SS","P726642 060724 060524 Ritner SS.D","2024-06-07","2024-06-05","sample","2024-05-29","2024-06-05",9340,2,"232024",1,0.5896,"REG",0.2227,0.2376,"REG",0.0899,0.0741,"REG",0.0273,0.1231,"REG",0.0468,0.3392,"REG",0.1345,0.0282,"LOD",0.0209,0.0131,"LOD",0.0162,0.0222,"LOD",0.0208,0.0488,"REG",0.025,0.02,"LOD",0.017,0.0611,"REG",0.025,0.0195,"LOD",0.0323,0.115,"REG",0.0466,0.1363,"REG",0.0374,0.0665,"REG",0.039,0.0509,"REG",0.025,0.0467,"LOD",0.0367,0.0231,"LOD",0.0338,0.0685,"LOD",0.0584,0.0519,"LOD",0.0342,0.0606,"REG",0.0314,0.0999,"REG",0.0333,0.0882,"REG",0.0515,0.222,"REG",0.087,0.3618,"REG",0.1375,0.9789,"REG",0.3667,0.1046,"REG",0.0391,0.2479,"REG",0.1019,0.0332,"REG",0.0187,0.0072,"LOD",0.0107,0.0383,"REG",0.0164,0.0018,"ND",0.0029,0.0093,"REG",0.0032,0.0315,"REG",0.0152,0.1541,"REG",0.0578,0.03,"REG",0.0117,0.0095,"REG",0.0029,0.0459,"REG",0.0113,0.25491995513408794,0.18,0.7127,"REG",1.3636,"REG",NA
"8","24th & Ritner","stationary","39.92296389, -75.186874",39.92296389,-75.186874,"#F8766D","Non-Industrial","Residential","High","Fire station","HighT/NoI","P726661","P726661 062124 061224 Ritner SS","P726661 062124 061224 Ritner SS.D","2024-06-21","2024-06-12","sample","2024-06-05","2024-06-12",9829,2,"242024",1,0.8364,"REG",0.3159,0.2321,"REG",0.0878,0.1112,"REG",0.0408,0.1705,"REG",0.0612,0.4306,"REG",0.1707,0.0384,"REG",0.0217,0.0186,"LOD",0.016,0.0281,"LOD",0.0207,0.0678,"REG",0.0253,0.0305,"REG",0.0174,0.1005,"REG",0.0383,0.037,"LOD",0.033,0.1815,"REG",0.0735,0.1974,"REG",0.053900000000000003,0.1892,"REG",0.0957,0.1034,"REG",0.0449,0.0742,"REG",0.0419,0.044,"LOD",0.0364,0.099,"REG",0.0586,0.1788,"REG",0.0672,0.0813,"REG",0.0356,0.1492,"REG",0.0426,0.1556,"REG",0.0666,0.335,"REG",0.1202,0.3543,"REG",0.1344,0.9883,"REG",0.3691,0.07,"REG",0.0261,0.3534,"REG",0.1375,0.0667,"REG",0.0281,0.0137,"LOD",0.011,0.0364,"REG",0.0156,0.0017,"ND",0.0028,5e-4,"ND",8e-4,0.03,"REG",0.0145,0.2049,"REG",0.0756,0.0285,"REG",0.0111,0.009,"REG",0.0028,0.0484,"REG",0.0119,0.24223749933384686,0.2,1.0069000000000001,"REG",1.7808000000000002,"REG",NA
"8","24th & Ritner","stationary","39.92296389, -75.186874",39.92296389,-75.186874,"#F8766D","Non-Industrial","Residential","High","Fire station","HighT/NoI","P726651","P726651 062124 061924 Ritner SS","P726651 062124 061924 Ritner SS.D","2024-06-21","2024-06-19","sample","2024-06-12","2024-06-19",10163,2,"252024",1,0.6403,"REG",0.2418,0.2122,"REG",0.0803,0.0878,"REG",0.0323,0.139,"REG",0.051,0.3327,"REG",0.1319,0.0297,"LOD",0.0198,0.0072,"ND",0.012,0.0238,"LOD",0.0195,0.0552,"REG",0.0237,0.0258,"LOD",0.0164,0.0726,"REG",0.0285,0.0239,"LOD",0.0303,0.1184,"REG",0.048,0.1319,"REG",0.0362,0.1455,"REG",0.0745,0.0795,"REG",0.0353,0.043,"LOD",0.0338,0.0213,"LOD",0.031,0.063,"LOD",0.0536,0.0596,"REG",0.0337,0.0327,"LOD",0.0246,0.0853,"REG",0.0294,0.081,"REG",0.0473,0.204,"REG",0.0799,0.2215,"REG",0.0881,0.6185,"REG",0.2381,0.0478,"REG",0.0178,0.2486,"REG",0.1006,0.0305,"REG",0.0172,0.0066,"LOD",0.0098,0.0577,"REG",0.0231,0.0016,"ND",0.0027,0.0104,"REG",0.0035,0.0126,"LOD",0.0122,0.1841,"REG",0.0681,0.0184,"REG",0.0074,0.0131,"REG",0.0032,0.0328,"REG",0.0081,0.23427653064571297,0.14,0.7793,"REG",1.412,"REG",NA
"8","24th & Ritner","stationary","39.92296389, -75.186874",39.92296389,-75.186874,"#F8766D","Non-Industrial","Residential","High","Fire station","HighT/NoI","P733849","P733849 062724 061924 Ritner SS","P733849 062724 061924 Ritner SS.D","2024-06-27","2024-06-19","sample","2024-06-19","2024-06-26",10081,2,"262024",1,0.6242,"REG",0.2358,0.1767,"REG",0.0671,0.0836,"REG",0.0307,0.1297,"REG",0.0482,0.3776,"REG",0.1497,0.0299,"LOD",0.0199,0.0181,"LOD",0.0156,0.0239,"LOD",0.0197,0.0348,"LOD",0.0226,0.0223,"LOD",0.0161,0.0649,"REG",0.0259,0.018,"LOD",0.0299,0.1258,"REG",0.051,0.1461,"REG",0.04,0.0569,"REG",0.0342,0.0471,"REG",0.0231,0.0675,"REG",0.0396,0.0322,"LOD",0.0331,0.0767,"LOD",0.0552,0.0782,"REG",0.038,0.0429,"LOD",0.0264,0.0926,"REG",0.0308,0.105,"REG",0.0529,0.2177,"REG",0.0841,0.264,"REG",0.1027,0.6613,"REG",0.2532,0.0532,"REG",0.0199,0.3028,"REG",0.1194,0.0194,"REG",0.0149,0.0048,"ND",0.008,0.068,"REG",0.0269,0.0016,"ND",0.0027,0.0086,"REG",0.003,0.0072,"LOD",0.012,0.1713,"REG",0.0636,0.0185,"REG",0.0074,0.0044,"REG",0.0023,0.052,"REG",0.0128,0.23618216257835345,0.22,0.7539,"REG",1.3918,"REG",NA
"9","26th & Hartranft","stationary","39.91327125, -75.1922011",39.91327125,-75.1922011,"#93AA00","Industrial","Vacant","High","Diesel corridor, portable toilet supplier","HighT/I","P726642","P726642 071323 070523 26th St. 1WK SS","P726642 071323 070523 26th St 1WK SS.D","2023-07-13","2023-07-05","sample","2023-06-28","2023-07-05",9323,2,"272023",1,0.521,"REG",0.1968,0.3788,"REG",0.1428,0.1019,"REG",0.0374,0.1581,"REG",0.0576,0.3497,"REG",0.1387,0.0651,"REG",0.0281,0.0719,"REG",0.0279,0.0555,"REG",0.0269,0.1204,"REG",0.0316,0.0405,"REG",0.0195,0.1162,"REG",0.044,0.0715,"REG",0.0414,0.1237,"REG",0.0501,0.1609,"REG",0.0441,0.0849,"REG",0.0469,0.0542,"REG",0.0262,0.3728,"REG",0.1491,0.495,"REG",0.2257,0.6355,"REG",0.1714,0.3055,"REG",0.1086,0.0928,"REG",0.0394,0.1073,"REG",0.0347,0.1499,"REG",0.0664,0.2355,"REG",0.0909,0.341,"REG",0.1303,0.8223,"REG",0.3113,0.0503,"REG",0.0188,0.4742,"REG",0.1812,0.0493,"REG",0.0231,0.0207,"REG",0.0126,0.0571,"REG",0.0231,0.0018,"ND",0.0029,5e-4,"ND",8e-4,0.0064,"ND",0.0107,0.2006,"REG",0.0742,0.02,"REG",0.008,0.0095,"REG",0.0029,0.046,"REG",0.0113,0.25538478826047206,0.18,0.6791,"REG",1.5094999999999998,"REG",NA
"9","26th & Hartranft","stationary","39.91327125, -75.1922011",39.91327125,-75.1922011,"#93AA00","Industrial","Vacant","High","Diesel corridor, portable toilet supplier","HighT/I","P726647","P726647 071323 071223 26th St. 1WK SS","P726647 071323 071223 26th St 1WK SS.D","2023-07-13","2023-07-12","sample","2023-07-05","2023-07-12",9418,2,"282023",1,1.2135,"REG",0.4583,0.3949,"REG",0.1488,0.223,"REG",0.0816,0.2962,"REG",0.1026,0.545,"REG",0.2161,0.1048,"REG",0.0382,0.1068,"REG",0.0376,0.0842,"REG",0.0342,0.1863,"REG",0.0401,0.0681,"REG",0.0244,0.2124,"REG",0.0786,0.1416,"REG",0.0616,0.5266,"REG",0.2129,0.6406,"REG",0.1745,0.17,"REG",0.0866,0.1598,"REG",0.0679,0.4985,"REG",0.1974,0.6564,"REG",0.298,0.8698,"REG",0.2286,0.2896,"REG",0.1033,0.2297,"REG",0.081,0.4247,"REG",0.10780000000000001,0.5606,"REG",0.1977,1.1136,"REG",0.376,1.7098,"REG",0.6259,3.4028,"REG",1.2445,0.1627,"REG",0.0607,3.5095,"ULOD",1.3018,0.0854,"REG",0.0346,0.0052,"ND",0.0086,0.0392,"REG",0.0167,0.0018,"ND",0.0029,5e-4,"ND",8e-4,0.0063,"ND",0.0106,0.1986,"REG",0.0734,0.0298,"REG",0.0116,0.0142,"REG",0.0035,0.0404,"REG",0.01,0.25280870470932054,0.16,1.5097,"REG",2.6726,"REG",NA
"9","26th & Hartranft","stationary","39.91327125, -75.1922011",39.91327125,-75.1922011,"#93AA00","Industrial","Vacant","High","Diesel corridor, portable toilet supplier","HighT/I","P726603","P726603 072723 071923 26th St 1WK DS","P726603 072723 071923 26th St 1WK DS.D","2023-07-27","2023-07-19","sample","2023-07-12","2023-07-19",9278,14.3,"292023",1,0.9281,"REG",0.3505,0.4995,"REG",0.1881,0.1541,"REG",0.0565,0.2839,"LOD",0.0986,0.645,"REG",0.2558,0.1462,"LOD",0.0503,0.1645,"LOD",0.0551,0.1063,"LOD",0.0407,0.2434,"LOD",0.0488,0.0872,"LOD",0.0286,0.2569,"REG",0.0948,0.1401,"LOD",0.0614,0.2766,"REG",0.1119,0.4002,"REG",0.1091,0.4569,"REG",0.227,0.2402,"REG",0.1011,0.8021,"REG",0.3151,1.1927,"REG",0.5392,1.4304,"REG",0.3691,0.2335,"LOD",0.0852,0.2052,"LOD",0.0733,0.2055,"LOD",0.0557,0.2704,"LOD",0.1022,0.4699,"LOD",0.1639,1.1856,"REG",0.4349,2.9204,"REG",1.069,0.3745,"REG",0.1398,0.8923,"REG",0.3337,0.0638,"LOD",0.0276,0.0052,"ND",0.0087,0.1237,"REG",0.048,0.0018,"ND",0.003,0.0283,"REG",0.0094,0.0064,"ND",0.0107,0.5544,"REG",0.2011,0.072,"REG",0.0275,0.0343,"REG",0.0065,0.1835,"REG",0.045,0.25662345127747155,0.7150000000000001,1.212,"REG",2.5106,"REG",NA
"9","26th & Hartranft","stationary","39.91327125, -75.1922011",39.91327125,-75.1922011,"#93AA00","Industrial","Vacant","High","Diesel corridor, portable toilet supplier","HighT/I","P726618","P726618 072823 072623 26th St 1WK DS","P726618 072823 072623 26th St 1WK DS.D","2023-07-28","2023-07-26","sample","2023-07-19","2023-07-26",9969,14.3,"302023",1,1.2224,"REG",0.4616,0.4649,"REG",0.1751,0.1793,"REG",0.0656,0.3397,"REG",0.1169,0.6918,"REG",0.2743,0.1633,"LOD",0.0549,0.15310000000000001,"LOD",0.0512,0.1237,"LOD",0.0454,0.2517,"LOD",0.0493,0.0812,"LOD",0.0266,0.2988,"REG",0.11,0.1304,"LOD",0.0571,0.3962,"REG",0.1602,0.4203,"REG",0.1145,0.2203,"REG",0.1107,0.1637,"REG",0.0694,0.6765,"REG",0.2661,1.0713,"REG",0.4844,1.2835,"REG",0.3315,0.3477,"LOD",0.1221,0.3103,"LOD",0.107,0.2869,"LOD",0.0742,0.336,"LOD",0.1222,0.7872,"REG",0.2673,1.6919,"REG",0.6193,3.9475,"REG",1.4427,0.5353,"REG",0.1998,1.6609,"REG",0.6171,0.0594,"LOD",0.0256,0.0049,"ND",0.0081,0.0916,"LOD",0.0358,0.0017,"ND",0.0028,0.0132,"REG",0.0044,0.0398,"LOD",0.0159,0.516,"REG",0.1872,0.067,"REG",0.0256,0.0319,"REG",0.0061,0.1708,"REG",0.0419,0.23883562854372367,0.7150000000000001,1.5621,"REG",2.8981,"REG",NA
"9","26th & Hartranft","stationary","39.91327125, -75.1922011",39.91327125,-75.1922011,"#93AA00","Industrial","Vacant","High","Diesel corridor, portable toilet supplier","HighT/I","P726656","P726656 081023 080223 26th St 1WK SS","P726656 081023 080223 26th St 1WK SS.D","2023-08-10","2023-08-02","sample","2023-07-26","2023-08-02",10050,2,"312023",1,0.7593,"REG",0.2868,0.4073,"REG",0.1535,0.1542,"REG",0.0565,0.1938,"REG",0.0686,0.4022,"REG",0.1595,0.0088,"ND",0.0146,0.1122,"REG",0.0388,0.0686,"REG",0.0293,0.1356,"REG",0.0323,0.067,"REG",0.0235,0.1893,"REG",0.0702,0.1508,"REG",0.0637,0.4515,"REG",0.1826,0.4909,"REG",0.1337,0.5323,"REG",0.264,0.2819,"REG",0.1183,0.419,"REG",0.1664,0.6625,"REG",0.3004,0.8756,"REG",0.2292,0.6091,"REG",0.2102,0.3808,"REG",0.1304,0.6103,"REG",0.153,0.7453,"REG",0.2599,1.6017,"REG",0.5386,2.0105,"REG",0.7355,4.0685,"REG",1.4868,0.2254,"ULOD",0.0841,3.802,"ULOD",1.4101,0.143,"REG",0.0545,0.02,"REG",0.0119,0.0538,"REG",0.0217,0.0016,"ND",0.0027,5e-4,"ND",8e-4,0.0059,"ND",0.0099,0.2004,"REG",0.0739,0.0372,"REG",0.0143,0.0088,"REG",0.0027,0.0711,"REG",0.0175,0.2369106846718787,0.3,0.9531,"REG",1.9167999999999998,"REG",NA
"9","26th & Hartranft","stationary","39.91327125, -75.1922011",39.91327125,-75.1922011,"#93AA00","Industrial","Vacant","High","Diesel corridor, portable toilet supplier","HighT/I","P733851","P733851 081123 080923 26th St 1WK SS","P733851 081123 080923 26th St 1WK SS.D","2023-08-11","2023-08-09","sample","2023-08-02","2023-08-09",10129,2,"322023",1,0.6264,"REG",0.2366,0.2931,"REG",0.1106,0.1283,"REG",0.047,0.1507,"REG",0.0547,0.2731,"REG",0.1083,0.0787,"REG",0.0305,0.1023,"REG",0.0359,0.0647,"REG",0.0282,0.1207,"REG",0.0303,0.0627,"REG",0.0225,0.1714,"REG",0.0637,0.1257,"REG",0.0554,0.4352,"REG",0.176,0.2699,"REG",0.0736,1.7128,"ULOD",0.8475,1.1107,"REG",0.4635,0.4399,"REG",0.1744,0.668,"REG",0.3029,0.7898,"REG",0.2079,0.2274,"REG",0.0823,0.1906,"REG",0.068,0.3225,"REG",0.0827,0.4723,"REG",0.1673,0.8067,"REG",0.2736,0.8708,"REG",0.3201,1.9307,"REG",0.7087,0.1137,"REG",0.0424,1.5381,"REG",0.5716,0.0965,"REG",0.038,0.0133,"LOD",0.0106,0.0502,"REG",0.0204,0.0016,"ND",0.0027,5e-4,"ND",8e-4,0.0059,"ND",0.0098,0.2131,"REG",0.0784,0.0277,"REG",0.0108,0.0088,"REG",0.0027,0.0611,"REG",0.015,0.23506292634538264,0.26,0.7770999999999999,"REG",1.4716,"REG",NA
"9","26th & Hartranft","stationary","39.91327125, -75.1922011",39.91327125,-75.1922011,"#93AA00","Industrial","Vacant","High","Diesel corridor, portable toilet supplier","HighT/I","P733893","P733893 082423 081623 26th St SS","P733893 082423 081623 26th St SS.D","2023-08-24","2023-08-16","sample","2023-08-09","2023-08-16",9431,1.3,"332023",1,0.7421,"REG",0.2803,0.2286,"REG",0.0866,0.1482,"REG",0.0543,0.1995,"REG",0.0708,0.4237,"REG",0.168,0.0837,"REG",0.0326,0.1093,"REG",0.0383,0.0713,"REG",0.0307,0.159,"REG",0.0363,0.0592,"REG",0.0226,0.1479,"REG",0.0553,0.1128,"REG",0.0526,0.3043,"REG",0.1231,0.2365,"REG",0.0645,0.2993,"REG",0.1495,0.1948,"REG",0.0823,0.5259,"REG",0.208,0.9432,"REG",0.4269,1.0932,"REG",0.2842,0.1337,"REG",0.0541,0.1239,"REG",0.048,0.2022,"REG",0.0548,0.3202,"REG",0.1178,0.4959,"REG",0.1721,0.509,"REG",0.1897,1.1485,"REG",0.427,0.0847,"REG",0.0316,0.9576,"REG",0.3577,0.0609,"REG",0.0265,0.0093,"LOD",0.0108,0.0254,"REG",0.0122,0.0017,"ND",0.0029,5e-4,"ND",8e-4,0.0063,"ND",0.0106,0.1686,"REG",0.0629,0.0258,"REG",0.0101,0.0153,"REG",0.0036,0.0295,"REG",0.0074,0.25246022489156833,0.11699999999999999,0.9416,"REG",1.7421,"REG","Summer"
"9","26th & Hartranft","stationary","39.91327125, -75.1922011",39.91327125,-75.1922011,"#93AA00","Industrial","Vacant","High","Diesel corridor, portable toilet supplier","HighT/I","P733886","P733886 082523 082323 26th St SS","P733886 082523 082323 26th St SS.D","2023-08-25","2023-08-23","sample","2023-08-16","2023-08-23",9946,2,"342023",1,0.6595,"REG",0.2491,0.3299,"REG",0.1244,0.1257,"REG",0.0461,0.1799,"REG",0.0642,0.3893,"REG",0.1544,0.0801,"REG",0.0311,0.1012,"REG",0.0356,0.0659,"REG",0.0287,0.137,"REG",0.0326,0.0525,"REG",0.0208,0.1494,"REG",0.0558,0.0914,"REG",0.0453,0.2551,"REG",0.1032,0.248,"REG",0.0677,0.2841,"REG",0.1419,0.1634,"REG",0.0693,0.4676,"REG",0.1852,0.865,"REG",0.3915,1.0188,"REG",0.2651,0.2133,"REG",0.078,0.1004,"REG",0.0406,0.1944,"REG",0.0526,0.3509,"REG",0.1271,0.4905,"REG",0.1698,0.5259,"REG",0.1954,1.2001,"REG",0.4448,0.0823,"REG",0.0307,1.0054,"REG",0.375,0.0751,"REG",0.0308,0.0135,"LOD",0.0108,0.0379,"REG",0.0161,0.0017,"ND",0.0028,5e-4,"ND",8e-4,0.006,"ND",0.01,0.1881,"REG",0.0695,0.0282,"REG",0.011,0.0089,"REG",0.0027,0.0431,"REG",0.0106,0.23938793293307672,0.18,0.8393999999999999,"REG",1.6843,"REG","Summer"
"9","26th & Hartranft","stationary","39.91327125, -75.1922011",39.91327125,-75.1922011,"#93AA00","Industrial","Vacant","High","Diesel corridor, portable toilet supplier","HighT/I","P733865","P733865 090723 083023 26th ST SS","P733865 090723 083023 26th ST SS.D","2023-09-07","2023-08-30","sample","2023-08-23","2023-08-30",10021,2,"352023",1,0.6771,"REG",0.2558,0.2495,"REG",0.0943,0.1293,"REG",0.0474,0.1781,"REG",0.0635,0.3227,"REG",0.128,0.0871,"REG",0.0328,0.1126,"REG",0.0389,0.0671,"REG",0.0289,0.1401,"REG",0.0329,0.064,"REG",0.0229,0.1829,"REG",0.0678,0.0963,"REG",0.0465,0.2522,"REG",0.102,0.2733,"REG",0.0745,0.2024,"REG",0.102,0.1133,"REG",0.0488,0.4243,"REG",0.1685,0.6815,"REG",0.309,0.8255,"REG",0.2168,0.1875,"REG",0.0697,0.135,"REG",0.0507,0.2927,"REG",0.0756,0.3864,"REG",0.1388,0.7302,"REG",0.2484,0.7761,"REG",0.2858,1.7487,"REG",0.6428,0.125,"REG",0.0467,1.0714,"REG",0.3993,0.0736,"REG",0.0302,0.0106,"LOD",0.0104,0.0354,"REG",0.0152,0.0016,"ND",0.0027,5e-4,"ND",8e-4,0.006,"ND",0.0099,0.201,"REG",0.0741,0.028,"REG",0.0109,0.0089,"REG",0.0027,0.057,"REG",0.014,0.2375962858948589,0.24,0.8552000000000001,"REG",1.5567,"REG","Summer"
"9","26th & Hartranft","stationary","39.91327125, -75.1922011",39.91327125,-75.1922011,"#93AA00","Industrial","Vacant","High","Diesel corridor, portable toilet supplier","HighT/I","P726668","P726668 090723 090623 26th St SS","P726668 090723 090623 26th St SS.D","2023-09-07","2023-09-06","sample","2023-08-30","2023-09-06",10070,2,"362023",1,1.5038,"REG",0.5679,0.3476,"REG",0.1311,0.2528,"REG",0.0925,0.4072,"REG",0.1395,0.6085,"REG",0.2413,0.1621,"REG",0.0545,0.2028,"REG",0.0667,0.1181,"REG",0.0436,0.2335,"REG",0.0464,0.1349,"REG",0.0394,0.4055,"REG",0.149,0.168,"REG",0.0695,0.9941,"REG",0.4019,1.0863,"REG",0.2958,0.3007,"REG",0.15,0.2989,"REG",0.1253,0.461,"REG",0.1826,0.6567,"REG",0.2978,0.7751,"REG",0.2043,0.638,"REG",0.22,0.3327,"REG",0.1144,1.0262,"REG",0.2557,1.3426,"REG",0.4646,2.6037,"REG",0.8739,2.4325,"REG",0.8896,5.6935,"ULOD",2.0792,0.2415,"ULOD",0.0901,4.5262,"ULOD",1.6785,0.1988,"REG",0.0747,0.0772,"REG",0.0283,0.032,"REG",0.014,0.0016,"ND",0.0027,5e-4,"ND",8e-4,0.0059,"ND",0.0099,0.1715,"REG",0.0636,0.0371,"REG",0.0143,0.0088,"REG",0.0027,0.0426,"REG",0.0105,0.23644015699626428,0.18,1.911,"REG",3.1199,"REG","Summer"
"9","26th & Hartranft","stationary","39.91327125, -75.1922011",39.91327125,-75.1922011,"#93AA00","Industrial","Vacant","High","Diesel corridor, portable toilet supplier","HighT/I","P733895","P733895 092923 092723 26th St SS","P733895 092923 092723 26th St SS RENAME.D","2023-09-29","2023-09-27","sample","2023-09-20","2023-09-27",9986,2,"392023",1,0.7654,"REG",0.2891,0.2754,"REG",0.104,0.1097,"REG",0.0403,0.1629,"REG",0.0587,0.3707,"REG",0.147,0.0342,"LOD",0.0208,0.0305,"REG",0.0176,0.0259,"LOD",0.0201,0.0773,"REG",0.0258,0.034,"REG",0.0177,0.0918,"REG",0.0352,0.042,"LOD",0.0334,0.2143,"REG",0.0867,0.2142,"REG",0.0585,0.0743,"REG",0.0416,0.097,"REG",0.0423,0.1181,"REG",0.0549,0.1047,"REG",0.056,0.1541,"REG",0.0652,0.1942,"REG",0.0719,0.2022,"REG",0.0718,0.1803,"REG",0.0493,0.1875,"REG",0.0755,0.4396,"REG",0.1533,0.9329,"REG",0.3427,2.2317,"REG",0.8181,0.4115,"ULOD",0.1536,0.8644,"REG",0.3231,0.0623,"REG",0.0266,0.0106,"LOD",0.0104,0.0034,"ND",0.0057,0.0017,"ND",0.0028,5e-4,"ND",8e-4,0.0153,"LOD",0.0126,0.2738,"REG",0.1001,0.0374,"REG",0.0144,0.0134,"REG",0.0033,0.1669,"REG",0.041,0.23842903874948737,0.7,0.9282999999999999,"REG",1.6841,"REG","Summer"
"9","26th & Hartranft","stationary","39.91327125, -75.1922011",39.91327125,-75.1922011,"#93AA00","Industrial","Vacant","High","Diesel corridor, portable toilet supplier","HighT/I","P726602","P726602 101223 100423 26th SS","P726602 101223 100423 26th SS.D","2023-10-12","2023-10-04","sample","2023-09-27","2023-10-04",10171,2,"402023",1,1.0029,"REG",0.3787,0.3595,"REG",0.1355,0.1421,"REG",0.052,0.2225,"REG",0.0779,0.4916,"REG",0.1949,0.0522,"REG",0.024,0.051,"REG",0.0218,0.0509,"REG",0.0247,0.1138,"REG",0.0294,0.0557,"REG",0.0211,0.1385,"REG",0.0518,0.0596,"REG",0.0365,0.2239,"REG",0.0906,0.3474,"REG",0.0947,0.1259,"REG",0.0652,0.0987,"REG",0.0429,0.1962,"REG",0.0821,0.1929,"REG",0.0919,0.2753,"REG",0.0869,0.1907,"REG",0.0706,0.1243,"REG",0.0473,0.196,"REG",0.0527,0.1966,"REG",0.0778,0.4796,"REG",0.166,0.8067,"REG",0.2968,2.0038,"REG",0.7352,0.3707,"ULOD",0.1384,0.6199,"REG",0.2333,0.0509,"REG",0.0229,0.0119,"REG",0.0104,0.0248,"REG",0.0117,0.0016,"ND",0.0027,5e-4,"ND",8e-4,0.0153,"LOD",0.0124,0.2688,"REG",0.0982,0.0368,"REG",0.0141,0.0218,"REG",0.0045,0.0843,"REG",0.0207,0.2340922604416853,0.36,1.2253999999999998,"REG",2.2186,"REG","Summer"
"9","26th & Hartranft","stationary","39.91327125, -75.1922011",39.91327125,-75.1922011,"#93AA00","Industrial","Vacant","High","Diesel corridor, portable toilet supplier","HighT/I","P733866","P733866 101323 101123 26th SS","P733866 101323 101123 26th SS.D","2023-10-13","2023-10-11","sample","2023-10-04","2023-10-11",9951,1.99,"412023",1,0.6985,"REG",0.2638,0.3842,"REG",0.1448,0.1045,"REG",0.0383,0.1579,"REG",0.0571,0.4361,"REG",0.1729,0.0417,"REG",0.0222,0.0427,"REG",0.0201,0.0379,"REG",0.0222,0.0807,"REG",0.0262,0.034,"REG",0.0177,0.0992,"REG",0.0378,0.0485,"LOD",0.0347,0.2147,"REG",0.0869,0.4266,"REG",0.1162,0.061,"REG",0.036,0.0586,"REG",0.0274,0.1946,"REG",0.0817,0.234,"REG",0.1098,0.3065,"REG",0.094,0.1576,"REG",0.0605,0.193,"REG",0.0689,0.1993,"REG",0.0537,0.1647,"REG",0.0689,0.4999,"REG",0.1729,1.2512,"REG",0.4586,2.8949,"REG",1.0593,0.6425,"ULOD",0.2398,0.5884,"REG",0.222,0.0631,"REG",0.0268,0.0187,"REG",0.0117,0.0187,"REG",0.01,0.0017,"ND",0.0028,5e-4,"ND",8e-4,0.0155,"LOD",0.0127,0.3021,"REG",0.1102,0.0467,"REG",0.0179,0.0178,"REG",0.0039,0.1143,"REG",0.0281,0.23926764957817112,0.47759999999999997,0.8564,"REG",1.7812,"REG","Summer"
"9","26th & Hartranft","stationary","39.91327125, -75.1922011",39.91327125,-75.1922011,"#93AA00","Industrial","Vacant","High","Diesel corridor, portable toilet supplier","HighT/I","P733888","P733888 102623 101823 26th St SS RENAME","P733888 102623 101823 26th St SS RENAME.D","2023-10-26","2023-10-18","sample","2023-10-11","2023-10-18",10001,2,"422023",1,0.9413,"REG",0.3555,0.3468,"REG",0.1308,0.1395,"REG",0.0511,0.2158,"REG",0.0758,0.4702,"REG",0.1864,0.0455,"REG",0.0228,0.0488,"REG",0.0214,0.0414,"REG",0.0228,0.0947,"REG",0.0275,0.0453,"REG",0.0194,0.1408,"REG",0.0526,0.0485,"LOD",0.0346,0.3051,"REG",0.1234,0.4066,"REG",0.1108,0.1138,"REG",0.0596,0.1087,"REG",0.047,0.1556,"REG",0.0677,0.1584,"REG",0.0775,0.2333,"REG",0.079,0.3333,"REG",0.1173,0.366,"REG",0.1255,0.3393,"REG",0.0868,0.3294,"REG",0.12,0.8658,"REG",0.2933,2.0511,"REG",0.7503,4.6472,"ULOD",1.6977,0.9838,"ULOD",0.3672,1.3251,"REG",0.493,0.0862,"REG",0.0345,0.0188,"REG",0.0117,0.0121,"LOD",0.0083,0.0016,"ND",0.0027,5e-4,"ND",8e-4,0.0211,"LOD",0.0132,0.3165,"REG",0.1154,0.0467,"REG",0.0179,0.0222,"REG",0.0045,0.1333,"REG",0.0327,0.23807143095214287,0.56,1.1571,"REG",2.1136,"REG","Summer"
"9","26th & Hartranft","stationary","39.91327125, -75.1922011",39.91327125,-75.1922011,"#93AA00","Industrial","Vacant","High","Diesel corridor, portable toilet supplier","HighT/I","P726619","P726619 102823 102523 26th St SS RR.D","P726619 102823 102523 26th St SS RR.D","2023-10-28","2023-10-25","sample","2023-10-18","2023-10-25",10147,2,"432023",1,2.209,"REG",0.8342,0.5944,"REG",0.2237,0.3297,"REG",0.1206,0.4305,"REG",0.1473,1.1721,"REG",0.4648,0.0636,"REG",0.0267,0.0571,"REG",0.0233,0.0578,"REG",0.0264,0.1521,"REG",0.0343,0.0707,"REG",0.0242,0.2045,"REG",0.0756,0.0836,"REG",0.0427,0.6822,"REG",0.2758,1.2417,"REG",0.3381,0.1075,"REG",0.0565,0.1647,"REG",0.0698,0.1726,"REG",0.0735,0.1827,"REG",0.0876,0.2431,"REG",0.0804,0.4778,"REG",0.1657,0.4099,"REG",0.14,0.7089,"REG",0.1773,0.5797,"REG",0.2035,1.6225,"REG",0.5455,3.0323,"ULOD",1.1086,8.0906,"ULOD",2.9536,1.242,"ULOD",0.4636,2.1775,"ULOD",0.8082,0.1982,"REG",0.0744,0.0582,"REG",0.0222,0.0055,"LOD",0.0071,0.0016,"ND",0.0027,5e-4,"ND",8e-4,0.0153,"LOD",0.0124,0.2694,"REG",0.0985,0.0461,"REG",0.0176,0.0175,"REG",0.0038,0.1408,"REG",0.0346,0.23464594273700415,0.6,2.6395,"REG",4.7357000000000005,"REG","Summer"
"9","26th & Hartranft","stationary","39.91327125, -75.1922011",39.91327125,-75.1922011,"#93AA00","Industrial","Vacant","High","Diesel corridor, portable toilet supplier","HighT/I","P726641","P726641 111023 110123 26th St SS RR","P726641 111023 110123 26th St SS RR.D","2023-11-10","2023-11-01","sample","2023-10-25","2023-11-01",9583,2,"442023",1,4.4327,"REG",1.674,0.9424,"REG",0.3546,0.6303,"REG",0.2305,0.8183,"REG",0.2783,1.6781,"REG",0.6654,0.198,"REG",0.0657,0.1623,"REG",0.0542,0.1475,"REG",0.0531,0.3771,"REG",0.07,0.1851,"REG",0.0524,0.5383,"REG",0.1976,0.2466,"REG",0.0975,1.3007,"REG",0.5258,2.0933,"REG",0.5699,0.4045,"REG",0.2011,0.4413,"REG",0.1846,0.3996,"REG",0.1592,0.295,"REG",0.1368,0.4946,"REG",0.1373,1.0878,"REG",0.3734,0.4584,"REG",0.1564,1.1896,"REG",0.2963,1.3492,"REG",0.467,2.6979,"ULOD",0.9056,4.1527,"ULOD",1.5179,9.8786,"ULOD",3.606,1.0251,"ULOD",0.3826,3.8335,"ULOD",1.4218,0.3514,"REG",0.1307,0.0672,"REG",0.0253,0.0103,"LOD",0.0082,0.0017,"ND",0.0029,0.0134,"REG",0.0045,0.0062,"ND",0.0104,0.2853,"REG",0.1043,0.0575,"REG",0.022,0.0232,"REG",0.0047,0.1342,"REG",0.0329,0.2484558469114454,0.54,5.2509999999999994,"REG",8.5018,"REG","Summer"
"9","26th & Hartranft","stationary","39.91327125, -75.1922011",39.91327125,-75.1922011,"#93AA00","Industrial","Vacant","High","Diesel corridor, portable toilet supplier","HighT/I","P733847","P733847 111023 110823 26th SS","P733847 111023 110823 26th SS.D","2023-11-10","2023-11-08","sample","2023-11-01","2023-11-08",9873,2,"452023",1,3.2752,"REG",1.2368,0.7565,"REG",0.2847,0.47,"REG",0.1719,0.5864,"REG",0.1999,1.0038,"REG",0.398,0.173,"REG",0.0579,0.1482,"REG",0.0498,0.1292,"REG",0.0472,0.3127,"REG",0.0592,0.1567,"REG",0.045,0.4718,"REG",0.1732,0.2333,"REG",0.0925,1.0534,"REG",0.4258,1.4781,"REG",0.4025,0.3588,"REG",0.1786,0.403,"REG",0.1686,0.3384,"REG",0.1357,0.1987,"REG",0.0947,0.3653,"REG",0.107,0.7489,"REG",0.2578,0.4078,"REG",0.1394,1.0736,"REG",0.2675,1.4168,"REG",0.4902,2.5075,"ULOD",0.8417,3.3554,"ULOD",1.2266,8.3537,"ULOD",3.0496,0.8162,"ULOD",0.3047,3.6356,"ULOD",1.3484,0.2247,"REG",0.0841,0.0449,"REG",0.0183,0.0066,"LOD",0.0074,0.0017,"ND",0.0028,0.0093,"REG",0.0032,0.0208,"LOD",0.0133,0.2623,"REG",0.096,0.0464,"REG",0.0178,0.0225,"REG",0.0046,0.1206,"REG",0.0296,0.24115794398383278,0.5,3.8616,"REG",6.0919,"REG",NA
"9","26th & Hartranft","stationary","39.91327125, -75.1922011",39.91327125,-75.1922011,"#93AA00","Industrial","Vacant","High","Diesel corridor, portable toilet supplier","HighT/I","P733863","P733863 112423 111523 26th St.. SS","P733863 112423 111523 26th St SS.D","2023-11-24","2023-11-15","sample","2023-11-08","2023-11-15",10176,2,"462023",1,1.3667,"REG",0.5161,0.5558,"REG",0.2093,0.1906,"REG",0.0698,0.269,"REG",0.0933,0.6185,"REG",0.2452,0.0858,"REG",0.0323,0.0719,"REG",0.0272,0.061,"REG",0.0272,0.131,"REG",0.0315,0.063,"REG",0.0226,0.2203,"REG",0.0814,0.0953,"REG",0.046,0.5972,"REG",0.2415,0.8576,"REG",0.2335,0.278,"REG",0.1388,0.26,"REG",0.1091,0.2277,"REG",0.0937,0.1238,"REG",0.0632,0.2496,"REG",0.0816,0.3454,"REG",0.1212,0.2158,"REG",0.076,0.5896,"REG",0.1479,0.785,"REG",0.2734,1.4141,"REG",0.4759,1.9956,"REG",0.7301,4.717,"REG",1.7231,0.5964,"ULOD",0.2226,2.2964,"REG",0.8523,0.0938,"REG",0.037,0.0303,"REG",0.0142,0.0034,"ND",0.0056,0.0016,"ND",0.0027,0.009,"REG",0.0031,0.0147,"LOD",0.0124,0.2828,"REG",0.1032,0.045,"REG",0.0172,0.0175,"REG",0.0038,0.1872,"REG",0.0459,0.23397723869421982,0.8,1.6357,"REG",3.0006000000000004,"REG",NA
"9","26th & Hartranft","stationary","39.91327125, -75.1922011",39.91327125,-75.1922011,"#93AA00","Industrial","Vacant","High","Diesel corridor, portable toilet supplier","HighT/I","P733883","P733883 112523 112223 26th St. SS","P733883 112523 112223 26th St SS.D","2023-11-25","2023-11-22","sample","2023-11-15","2023-11-22",10108,2,"472023",1,1.2275,"REG",0.4636,0.4792,"REG",0.1805,0.1672,"REG",0.0612,0.2447,"REG",0.0853,0.5427,"REG",0.2152,0.0826,"REG",0.0316,0.0633,"REG",0.0249,0.0546,"REG",0.0257,0.125,"REG",0.0308,0.0635,"REG",0.0227,0.197,"REG",0.0729,0.0839,"REG",0.0429,0.4736,"REG",0.1915,0.5995,"REG",0.1633,0.3599,"REG",0.1791,0.27,"REG",0.1133,0.2678,"REG",0.1087,0.146,"REG",0.0723,0.2777,"REG",0.0875,0.4377,"REG",0.1522,0.3819,"REG",0.1307,0.4683,"REG",0.1181,0.6041,"REG",0.2118,1.1703,"REG",0.3946,2.3439,"REG",0.8572,5.2198,"REG",1.9064,1.4542,"ULOD",0.5428,2.0619,"REG",0.7655,0.1285,"REG",0.0493,0.0305,"REG",0.0143,0.0034,"ND",0.0057,0.0016,"ND",0.0027,5e-4,"ND",8e-4,0.0093,"LOD",0.0121,0.242,"REG",0.0887,0.0453,"REG",0.0174,0.0572,"REG",0.0104,0.1696,"REG",0.0416,0.23555128422560162,0.72,1.4722,"REG",2.6612999999999998,"REG",NA
"9","26th & Hartranft","stationary","39.91327125, -75.1922011",39.91327125,-75.1922011,"#93AA00","Industrial","Vacant","High","Diesel corridor, portable toilet supplier","HighT/I","P726601","P726601 120823 112923 26th St SS","P726601 120823 112923 26th St SS.D","2023-12-08","2023-11-29","sample","2023-11-22","2023-11-29",10003,2,"482023",1,0.7519,"REG",0.284,0.378,"REG",0.1425,0.0935,"REG",0.0343,0.1563,"REG",0.0566,0.3875,"REG",0.1537,0.0531,"REG",0.0244,0.0335,"REG",0.0182,0.031,"LOD",0.0209,0.0807,"REG",0.0261,0.0377,"REG",0.0182,0.125,"REG",0.047,0.0364,"LOD",0.0324,0.209,"REG",0.0846,0.3192,"REG",0.087,0.2623,"REG",0.1312,0.1608,"REG",0.0682,0.2029,"REG",0.0847,0.0973,"REG",0.0532,0.2099,"REG",0.0746,0.1272,"REG",0.0514,0.1896,"REG",0.0677,0.1799,"REG",0.0492,0.2235,"REG",0.0863,0.4267,"REG",0.1491,1.415,"REG",0.5183,3.3095,"REG",1.2102,0.878,"ULOD",0.3277,0.6419,"REG",0.2415,0.0735,"REG",0.0302,0.0101,"LOD",0.0103,0.0034,"ND",0.0057,0.0016,"ND",0.0027,5e-4,"ND",8e-4,0.0089,"LOD",0.0122,0.2733,"REG",0.0999,0.0374,"REG",0.0144,0.0133,"REG",0.0032,0.1,"REG",0.0246,0.2380238309459543,0.42,0.9082,"REG",1.7671999999999999,"REG",NA
"9","26th & Hartranft","stationary","39.91327125, -75.1922011",39.91327125,-75.1922011,"#93AA00","Industrial","Vacant","High","Diesel corridor, portable toilet supplier","HighT/I","P726649","P726649 120923 120623 26th St SS","P726649 120923 120623 26th St SS.D","2023-12-09","2023-12-06","sample","2023-11-29","2023-12-06",9510,2,"492023",1,1.0913,"REG",0.4122,0.529,"REG",0.1992,0.1614,"REG",0.0591,0.2197,"REG",0.0774,0.6358,"REG",0.2521,0.0599,"REG",0.0266,0.0417,"REG",0.0204,0.0435,"REG",0.024,0.1033,"REG",0.0293,0.0516,"REG",0.0211,0.149,"REG",0.0557,0.0701,"REG",0.0406,0.3487,"REG",0.141,0.5461,"REG",0.1488,0.1908,"REG",0.0966,0.1165,"REG",0.0503,0.1877,"REG",0.0798,0.125,"REG",0.0647,0.2138,"REG",0.0772,0.2677,"REG",0.096,0.2869,"REG",0.0996,0.3365,"REG",0.0864,0.3588,"REG",0.1303,0.8079,"REG",0.2744,1.9413,"REG",0.7103,4.5226,"ULOD",1.6524,0.9836,"ULOD",0.3671,0.9408,"REG",0.3514,0.1136,"REG",0.0442,0.0247,"REG",0.0133,0.0103,"LOD",0.0083,0.0017,"ND",0.0029,5e-4,"ND",8e-4,0.0093,"LOD",0.0128,0.2875,"REG",0.1051,0.0491,"REG",0.0188,0.0187,"REG",0.0041,0.1001,"REG",0.0246,0.25036302638826297,0.4,1.311,"REG",2.6372,"REG",NA
"9","26th & Hartranft","stationary","39.91327125, -75.1922011",39.91327125,-75.1922011,"#93AA00","Industrial","Vacant","High","Diesel corridor, portable toilet supplier","HighT/I","P733873","P733873 122123 121323 26th St SS","P733873 122123 121323 26th St SS.D","2023-12-21","2023-12-13","sample","2023-12-06","2023-12-13",9439,2,"502023",1,1.039,"REG",0.3924,0.4801,"REG",0.1808,0.1573,"REG",0.0576,0.2102,"REG",0.0743,0.6091,"REG",0.2415,0.0603,"REG",0.0268,0.0452,"REG",0.0212,0.0438,"REG",0.0242,0.1004,"REG",0.0291,0.044,"REG",0.0199,0.1413,"REG",0.0529,0.0642,"REG",0.0394,0.3103,"REG",0.1255,0.5078,"REG",0.1383,0.1872,"REG",0.0949,0.1086,"REG",0.0471,0.215,"REG",0.0897,0.1603,"REG",0.079,0.2578,"REG",0.0858,0.1605,"REG",0.0621,0.208,"REG",0.074,0.3249,"REG",0.0836,0.2742,"REG",0.1031,0.7364,"REG",0.2509,1.4234,"REG",0.5215,3.3054,"REG",1.209,0.6477,"ULOD",0.2417,1.1375,"REG",0.4239,0.0901,"REG",0.0361,0.032,"REG",0.0151,0.0104,"LOD",0.0083,0.0017,"ND",0.0029,5e-4,"ND",8e-4,0.0094,"LOD",0.0129,0.3811,"REG",0.1387,0.0396,"REG",0.0152,0.0188,"REG",0.0041,0.2169,"REG",0.0532,0.25224625288191344,0.86,1.2491999999999999,"REG",2.4957,"REG","Winter"
"9","26th & Hartranft","stationary","39.91327125, -75.1922011",39.91327125,-75.1922011,"#93AA00","Industrial","Vacant","High","Diesel corridor, portable toilet supplier","HighT/I","P726602","P726602 122123 121323 26th St SS","P726602 122123 121323 26th St SS.D","2023-12-21","2023-12-13","sample","2023-12-13","2023-12-20",9863,1,"512023",1,0.3607,"REG",0.1363,0.2059,"REG",0.078,0.0542,"REG",0.0201,0.0758,"REG",0.0326,0.2313,"REG",0.0917,0.0212,"REG",0.0191,0.017,"REG",0.0158,0.014,"LOD",0.0189,0.0338,"REG",0.023,0.0153,"REG",0.0159,0.0465,"REG",0.02,0.0215,"LOD",0.0309,0.1171,"REG",0.0475,0.2393,"REG",0.0653,0.0488,"REG",0.0312,0.0279,"REG",0.017,0.0772,"REG",0.0427,0.0685,"REG",0.0434,0.1048,"REG",0.0591,0.2427,"REG",0.0876,0.636,"ULOD",0.2158,0.2501,"REG",0.0656,0.1551,"REG",0.0664,0.6553,"REG",0.2238,3.9828,"ULOD",1.4558,7.8562,"ULOD",2.8681,3.0796,"ULOD",1.1494,0.9232,"REG",0.3448,0.127,"REG",0.0488,0.0885,"REG",0.0321,0.0035,"ND",0.0058,0.0017,"ND",0.0028,0.0047,"REG",0.0018,0.0034,"LOD",0.0121,0.1751,"REG",0.065,0.0332,"REG",0.0128,0.0113,"REG",0.003,0.111,"REG",0.0273,0.2414024516832993,0.46,0.4365,"REG",0.9279000000000001,"REG","Winter"
"9","26th & Hartranft","stationary","39.91327125, -75.1922011",39.91327125,-75.1922011,"#93AA00","Industrial","Vacant","High","Diesel corridor, portable toilet supplier","HighT/I","P733848","P733848 011724 011024 26th St SS","P733848 011724 011024 26th St SS.D","2024-01-17","2024-01-10","sample","2024-01-03","2024-01-10",10066,2,"22024",1,0.5783,"REG",0.2185,0.5681,"REG",0.2139,0.1093,"REG",0.0401,0.1312,"REG",0.0486,0.5348,"REG",0.2121,0.0415,"REG",0.0219,0.0273,"LOD",0.017,0.0274,"LOD",0.0202,0.0586,"REG",0.0241,0.0259,"LOD",0.0165,0.082,"REG",0.0318,0.0421,"LOD",0.0332,0.2371,"REG",0.0959,0.451,"REG",0.1229,0.0818,"REG",0.0449,0.0625,"REG",0.0288,0.1115,"REG",0.0526,0.0988,"REG",0.0536,0.157,"REG",0.0654,0.3974,"REG",0.1387,0.7911,"REG",0.2678,0.5067,"REG",0.1275,0.2279,"REG",0.0875,1.3884,"REG",0.4673,5.6957,"ULOD",2.0816,15.9727,"ULOD",5.8296,1.908,"ULOD",0.7121,1.5132,"REG",0.5624,0.0879,"REG",0.0351,0.14,"REG",0.0492,0.0107,"REG",0.008,0.0016,"ND",0.0027,0.0091,"REG",0.0031,0.0088,"LOD",0.0121,0.2716,"REG",0.0993,0.0511,"REG",0.0195,0.0163,"REG",0.0037,0.0989,"REG",0.0243,0.23653411294976961,0.41800000000000004,0.7095,"REG",1.9217,"REG","Winter"
"9","26th & Hartranft","stationary","39.91327125, -75.1922011",39.91327125,-75.1922011,"#93AA00","Industrial","Vacant","High","Diesel corridor, portable toilet supplier","HighT/I","P733867","P733867 012524 011724 26th St SS","P733867 012524 011724 26th St SS.D","2024-01-25","2024-01-17","sample","2024-01-10","2024-01-17",9713,2,"32024",1,0.467,"REG",0.1764,0.4536,"REG",0.1709,0.0772,"REG",0.0284,0.1089,"REG",0.0422,0.3658,"REG",0.1451,0.0313,"LOD",0.0207,0.022,"LOD",0.0166,0.0213,"LOD",0.02,0.0499,"REG",0.0242,0.019,"LOD",0.0164,0.0506,"REG",0.0214,0.0312,"LOD",0.0324,0.186,"REG",0.0753,0.3507,"REG",0.0956,0.1338,"REG",0.0692,0.0862,"REG",0.0381,0.0904,"REG",0.0468,0.0634,"REG",0.0421,0.1284,"REG",0.0628,0.1248,"REG",0.0511,0.186,"REG",0.0668,0.2162,"REG",0.0578,0.1151,"REG",0.0563,0.5223,"REG",0.1804,2.038,"REG",0.7456,4.2574,"REG",1.5557,0.9437,"ULOD",0.3522,0.6578,"REG",0.2475,0.1266,"REG",0.0488,0.0276,"REG",0.0138,0.0035,"ND",0.0059,0.0017,"ND",0.0028,5e-4,"ND",8e-4,0.0092,"LOD",0.0125,0.3703,"REG",0.1348,0.0337,"REG",0.013,0.0124,"REG",0.0032,0.3476,"REG",0.0853,0.2451304829560775,1.418,0.5759000000000001,"REG",1.4725000000000001,"REG","Winter"
"9","26th & Hartranft","stationary","39.91327125, -75.1922011",39.91327125,-75.1922011,"#93AA00","Industrial","Vacant","High","Diesel corridor, portable toilet supplier","HighT/I","P726663","P726663 020824 013124 26th St SS","P726663 020824 013124 26th St SS.D","2024-02-08","2024-01-31","sample","2024-01-24","2024-01-31",10103,2,"52024",1,0.9452,"REG",0.357,0.5537,"REG",0.2085,0.1472,"REG",0.053900000000000003,0.2022,"REG",0.0713,0.7632,"REG",0.3026,0.0526,"REG",0.0242,0.0332,"REG",0.018,0.0478,"REG",0.0241,0.1042,"REG",0.0284,0.0374,"REG",0.018,0.1155,"REG",0.0436,0.066,"REG",0.0382,0.4482,"REG",0.1812,0.7366,"REG",0.2006,0.1323,"REG",0.0682,0.1255,"REG",0.0538,0.1799,"REG",0.0762,0.117,"REG",0.0606,0.1905,"REG",0.0708,0.126,"REG",0.0509,0.2405,"REG",0.0841,0.3691,"REG",0.0939,0.2438,"REG",0.0924,0.8329,"REG",0.2823,1.5532,"REG",0.5686,4.1855,"REG",1.5293,0.915,"ULOD",0.3415,0.8537,"REG",0.3191,0.1244,"REG",0.0478,0.0183,"REG",0.0115,0.0034,"ND",0.0057,0.0016,"ND",0.0027,5e-4,"ND",8e-4,0.0089,"LOD",0.0121,0.3703,"REG",0.1347,0.0624,"REG",0.0238,0.0264,"REG",0.0052,0.0896,"REG",0.022,0.23566785914603394,0.38,1.1474,"REG",2.6115,"REG","Winter"
"9","26th & Hartranft","stationary","39.91327125, -75.1922011",39.91327125,-75.1922011,"#93AA00","Industrial","Vacant","High","Diesel corridor, portable toilet supplier","HighT/I","P726613","P726613 021524 020724 26th St SS","P726613 021524 020724 26th St SS.D","2024-02-15","2024-02-07","sample","2024-01-31","2024-02-07",10092,2,"62024",1,0.9957,"REG",0.3761,0.8206,"REG",0.3088,0.1623,"REG",0.0594,0.192,"REG",0.068,0.7218,"REG",0.2862,0.0376,"REG",0.0212,0.0272,"LOD",0.0169,0.0273,"LOD",0.0202,0.0661,"REG",0.0246,0.0411,"REG",0.0186,0.1156,"REG",0.0436,0.048,"LOD",0.0343,0.5318,"REG",0.215,0.6911,"REG",0.1882,0.1324,"REG",0.0683,0.1257,"REG",0.0538,0.1075,"REG",0.0513,0.0904,"REG",0.0505,0.1709,"REG",0.0675,0.1561,"REG",0.0599,0.1715,"REG",0.0619,0.3827,"REG",0.0972,0.3257,"REG",0.1187,0.8942,"REG",0.3027,1.5143,"REG",0.5544,3.0576,"REG",1.1184,0.5132,"ULOD",0.1915,1.5848,"REG",0.5889,0.0904,"REG",0.0359,0.0048,"ND",0.008,0.0034,"ND",0.0057,0.0016,"ND",0.0027,5e-4,"ND",8e-4,0.0089,"LOD",0.0121,0.4277,"REG",0.1553,0.0532,"REG",0.0203,0.0308,"REG",0.0059,0.2878,"REG",0.0706,0.23592473057395771,1.22,1.1877,"REG",2.8924000000000003,"REG","Winter"
"9","26th & Hartranft","stationary","39.91327125, -75.1922011",39.91327125,-75.1922011,"#93AA00","Industrial","Vacant","High","Diesel corridor, portable toilet supplier","HighT/I","P733871","P733871 021624 021424 26th St SS","P733871 021624 021424 26th St SS.D","2024-02-16","2024-02-14","sample","2024-02-07","2024-02-14",10001,2,"72024",1,1.6619,"REG",0.6276,1.3842,"REG",0.5207,0.2887,"REG",0.1056,0.299,"REG",0.1033,0.9837,"REG",0.3901,0.0949,"REG",0.035,0.0793,"REG",0.0293,0.0655,"REG",0.0285,0.1368,"REG",0.0325,0.1019,"REG",0.0314,0.3083,"REG",0.1135,0.1394,"REG",0.06,0.814,"REG",0.3291,1.1174,"REG",0.3043,0.205,"REG",0.1033,0.1768,"REG",0.0748,0.2792,"REG",0.1131,0.2858,"REG",0.1324,0.4725,"REG",0.1312,0.4424,"REG",0.1538,0.4193,"REG",0.1432,0.7462,"REG",0.1865,0.658,"REG",0.2302,1.9022,"REG",0.6391,3.3433,"ULOD",1.2222,6.3613,"ULOD",2.3228,1.1514,"ULOD",0.4298,3.7042,"ULOD",1.3738,0.1372,"REG",0.0524,0.0252,"REG",0.013,0.0034,"ND",0.0057,0.0016,"ND",0.0027,0.0128,"REG",0.0043,0.009,"LOD",0.0122,0.4172,"REG",0.1516,0.0631,"REG",0.0241,0.04,"REG",0.0075,0.2428,"REG",0.0596,0.23807143095214287,1.02,1.9608999999999999,"REG",4.617500000000001,"REG","Winter"
"9","26th & Hartranft","stationary","39.91327125, -75.1922011",39.91327125,-75.1922011,"#93AA00","Industrial","Vacant","High","Diesel corridor, portable toilet supplier","HighT/I","P733878","P733878 022924 022124 26th St SS","P733878 022924 022124 26th St SS.D","2024-02-29","2024-02-21","sample","2024-02-14","2024-02-21",10085,2,"82024",1,0.614,"REG",0.2319,0.5299,"REG",0.1995,0.1128,"REG",0.0414,0.1191,"REG",0.0449,0.3932,"REG",0.1559,0.0087,"ND",0.0146,0.0363,"REG",0.0186,0.0274,"LOD",0.0202,0.0557,"REG",0.0238,0.0337,"REG",0.0175,0.0992,"REG",0.0378,0.0601,"REG",0.0369,0.2379,"REG",0.0962,0.3413,"REG",0.093,0.1042,"REG",0.055,0.0927,"REG",0.0405,0.127,"REG",0.0577,0.128,"REG",0.065,0.2239,"REG",0.0769,0.3005,"REG",0.1063,0.1419,"REG",0.0527,0.1913,"REG",0.0517,0.2909,"REG",0.1074,0.4958,"REG",0.1714,0.9865,"REG",0.3622,2.2853,"REG",0.8375,0.1313,"REG",0.049,0.8448,"REG",0.3158,0.0563,"REG",0.0246,0.0116,"LOD",0.0105,0.0034,"ND",0.0057,0.0016,"ND",0.0027,5e-4,"ND",8e-4,0.0059,"ND",0.0099,0.2853,"REG",0.1042,0.0348,"REG",0.0134,0.0132,"REG",0.0032,0.0897,"REG",0.022,0.23608848596453952,0.38,0.7331,"REG",1.7690000000000001,"REG","Winter"
"9","26th & Hartranft","stationary","39.91327125, -75.1922011",39.91327125,-75.1922011,"#93AA00","Industrial","Vacant","High","Diesel corridor, portable toilet supplier","HighT/I","P733867","P733867 030124 022824 26th SS","P733867 030124 022824 26th SS.D","2024-03-01","2024-02-28","sample","2024-02-21","2024-02-28",10096,2,"92024",1,0.7124,"REG",0.2691,0.4426,"REG",0.1667,0.1077,"REG",0.0395,0.145,"REG",0.0529,0.4181,"REG",0.1658,0.0376,"REG",0.0212,0.0332,"REG",0.018,0.0307,"LOD",0.0207,0.0695,"REG",0.0249,0.0374,"REG",0.018,0.0908,"REG",0.0348,0.048,"LOD",0.0342,0.1865,"REG",0.0755,0.2617,"REG",0.0714,0.1135,"REG",0.0594,0.0761,"REG",0.034,0.151,"REG",0.066,0.1707,"REG",0.0826,0.2501,"REG",0.082,0.1201,"REG",0.0492,0.1318,"REG",0.0497,0.1317,"REG",0.0386,0.209,"REG",0.0817,0.3382,"REG",0.1208,0.9041,"REG",0.3322,1.8301,"REG",0.6722,0.1275,"REG",0.0476,0.5102,"REG",0.1935,0.0065,"ND",0.0109,0.0116,"LOD",0.0104,0.0034,"ND",0.0057,0.0016,"ND",0.0027,5e-4,"ND",8e-4,0.0034,"LOD",0.0119,0.2423,"REG",0.0888,0.0347,"REG",0.0134,0.0132,"REG",0.0032,0.0707,"REG",0.0174,0.2358312580182628,0.3,0.8574,"REG",1.8258,"REG",NA
"9","26th & Hartranft","stationary","39.91327125, -75.1922011",39.91327125,-75.1922011,"#93AA00","Industrial","Vacant","High","Diesel corridor, portable toilet supplier","HighT/I","P726617","P726617 031524 030624 26th St SS","P726617 031524 030624 26th St SS.D","2024-03-15","2024-03-06","sample","2024-02-28","2024-03-06",10120,2,"102024",1,0.4913,"REG",0.1856,0.3458,"REG",0.1304,0.0729,"REG",0.0269,0.1083,"REG",0.0416,0.3852,"REG",0.1527,0.0263,"LOD",0.0193,0.0211,"LOD",0.016,0.0232,"LOD",0.0195,0.0553,"REG",0.0237,0.026,"LOD",0.0165,0.0654,"REG",0.0261,0.0299,"LOD",0.0311,0.143,"REG",0.0579,0.2282,"REG",0.0623,0.0696,"REG",0.0395,0.0608,"REG",0.0281,0.0801,"REG",0.043,0.1027,"REG",0.055,0.1236,"REG",0.0603,0.0898,"REG",0.0409,0.0884,"REG",0.0371,0.1238,"REG",0.0369,0.1145,"REG",0.0551,0.2871,"REG",0.1048,0.6066,"REG",0.2244,1.55,"REG",0.5708,0.4514,"ULOD",0.1685,0.3296,"REG",0.1288,0.0479,"REG",0.022,0.0048,"ND",0.008,0.0034,"ND",0.0057,0.0016,"ND",0.0027,0.0072,"REG",0.0025,0.009,"LOD",0.012,0.2844,"REG",0.1038,0.0267,"REG",0.0104,0.013,"REG",0.0032,0.1164,"REG",0.0286,0.2352719744024092,0.49475,0.5996,"REG",1.4035,"REG",NA
"9","26th & Hartranft","stationary","39.91327125, -75.1922011",39.91327125,-75.1922011,"#93AA00","Industrial","Vacant","High","Diesel corridor, portable toilet supplier","HighT/I","P733891","P733891 031624 031324 26th St SS","P733891 031624 031324 26th St SS.D","2024-03-16","2024-03-13","sample","2024-03-06","2024-03-13",9993,2,"112024",1,0.8906,"REG",0.3364,0.4878,"REG",0.1837,0.1289,"REG",0.0472,0.1728,"REG",0.0619,0.7052,"REG",0.2796,0.038,"REG",0.0214,0.0305,"REG",0.0176,0.0304,"LOD",0.0208,0.0806,"REG",0.0261,0.0376,"REG",0.0182,0.0996,"REG",0.038,0.0545,"LOD",0.0358,0.274,"REG",0.1108,0.7048,"REG",0.1919,0.0466,"REG",0.0302,0.0699,"REG",0.0316,0.1007,"REG",0.0493,0.1148,"REG",0.0599,0.1452,"REG",0.0639,0.2911,"REG",0.1033,0.2693,"REG",0.0936,0.3188,"REG",0.0819,0.2808,"REG",0.1043,0.7789,"REG",0.2645,2.0204,"REG",0.7391,4.772,"ULOD",1.7432,1.0499,"ULOD",0.3919,0.9553,"REG",0.3565,0.1521,"REG",0.0578,0.0563,"REG",0.0217,0.0034,"ND",0.0057,0.0017,"ND",0.0028,0.0073,"REG",0.0026,0.0091,"LOD",0.0122,0.2736,"REG",0.1,0.0364,"REG",0.014,0.0132,"REG",0.0032,0.1179,"REG",0.0289,0.23826202151029532,0.49475,1.0634,"REG",2.3853,"REG",NA
"9","26th & Hartranft","stationary","39.91327125, -75.1922011",39.91327125,-75.1922011,"#93AA00","Industrial","Vacant","High","Diesel corridor, portable toilet supplier","HighT/I","P726604","P726604 040224 032024 26th St SS","P726604 040224 032024 26th St SS.D","2024-04-02","2024-03-20","sample","2024-03-13","2024-03-20",9690,2,"122024",1,1.1175,"REG",0.422,0.3934,"REG",0.1483,0.1639,"REG",0.06,0.2108,"REG",0.0744,0.6526,"REG",0.2588,0.0548,"REG",0.0252,0.0503,"REG",0.0221,0.0456,"REG",0.0242,0.1085,"REG",0.0296,0.0505,"REG",0.0207,0.1457,"REG",0.0545,0.0812,"REG",0.043,0.3491,"REG",0.1412,0.5204,"REG",0.1418,0.1071,"REG",0.0567,0.1108,"REG",0.0479,0.1642,"REG",0.0712,0.1686,"REG",0.0821,0.2461,"REG",0.0826,0.5692,"REG",0.1968,0.2777,"REG",0.0965,0.3357,"REG",0.0861,0.4595,"REG",0.1635,0.841,"REG",0.2853,1.5332,"REG",0.5614,3.5845,"REG",1.3105,0.3908,"ULOD",0.1459,1.4632,"REG",0.5441,0.0619,"REG",0.0266,0.005,"ND",0.0084,0.0036,"ND",0.0059,0.0017,"ND",0.0028,0.0094,"REG",0.0032,0.0151,"LOD",0.0129,0.3415,"REG",0.1244,0.0279,"REG",0.0109,0.0136,"REG",0.0033,0.2444,"REG",0.06,0.2457123200157256,0.99475,1.3283,"REG",2.5382,"REG",NA
"9","26th & Hartranft","stationary","39.91327125, -75.1922011",39.91327125,-75.1922011,"#93AA00","Industrial","Vacant","High","Diesel corridor, portable toilet supplier","HighT/I","P733879","P733879 041224 041024 26th St SS","P733879 041224 041024 26th St SS.D","2024-04-12","2024-04-10","sample","2024-04-03","2024-04-10",10084,2,"152024",1,0.7933,"REG",0.2996,0.3564,"REG",0.1344,0.1072,"REG",0.0393,0.1605,"REG",0.0578,0.4162,"REG",0.165,0.0527,"REG",0.0242,0.0423,"REG",0.0199,0.0376,"REG",0.022,0.0418,"LOD",0.0229,0.0412,"REG",0.0186,0.1157,"REG",0.0436,0.0541,"LOD",0.0355,0.2031,"REG",0.0822,0.2868,"REG",0.0782,0.1452,"REG",0.0744,0.1023,"REG",0.0444,0.1524,"REG",0.0665,0.1876,"REG",0.0897,0.2463,"REG",0.0813,0.3666,"REG",0.1284,0.2871,"REG",0.0994,0.2372,"REG",0.0624,0.245,"REG",0.0928,0.6168,"REG",0.2109,1.5549,"REG",0.5693,3.6031,"REG",1.3171,0.7947,"ULOD",0.2966,0.7203,"REG",0.2701,0.1069,"REG",0.0416,0.0133,"LOD",0.0107,0.0034,"ND",0.0057,0.0016,"ND",0.0027,0.0091,"REG",0.0031,0.0124,"LOD",0.0123,0.1998,"REG",0.0736,0.0278,"REG",0.0108,0.0132,"REG",0.0032,0.0614,"REG",0.0151,0.23611189815077163,0.26,0.9538,"REG",1.8336,"REG",NA
"9","26th & Hartranft","stationary","39.91327125, -75.1922011",39.91327125,-75.1922011,"#93AA00","Industrial","Vacant","High","Diesel corridor, portable toilet supplier","HighT/I","P726660","P726660 042624 041724 26th SS","P726660 042624 041724 26th SS.D","2024-04-26","2024-04-17","sample","2024-04-10","2024-04-17",9454,2,"162024",1,1.4204,"REG",0.5364,0.3867,"REG",0.1458,0.199,"REG",0.0728,0.2547,"REG",0.0889,0.5384,"REG",0.2135,0.0723,"REG",0.0296,0.0709,"REG",0.0275,0.0584,"REG",0.0274,0.1299,"REG",0.0325,0.0718,"REG",0.0251,0.2116,"REG",0.0783,0.0962,"REG",0.0476,0.3532,"REG",0.1428,0.4398,"REG",0.1198,0.1398,"REG",0.0722,0.1355,"REG",0.058,0.2245,"REG",0.0932,0.223,"REG",0.1055,0.3332,"REG",0.1012,0.4487,"REG",0.1563,0.271,"REG",0.0944,0.3517,"REG",0.0901,0.4107,"REG",0.1474,0.8901,"REG",0.3017,1.5066,"REG",0.5518,3.2992,"REG",1.2068,0.3526,"ULOD",0.1316,1.4475,"REG",0.5384,0.0775,"REG",0.0319,0.0213,"REG",0.0126,0.0036,"ND",0.0061,0.0017,"ND",0.0029,0.0116,"REG",0.004,0.0073,"LOD",0.0128,0.35,"REG",0.1275,0.0297,"REG",0.0115,0.0141,"REG",0.0034,0.136,"REG",0.0334,0.25184603141023704,0.54,1.6751,"REG",2.7992000000000004,"REG",NA
"9","26th & Hartranft","stationary","39.91327125, -75.1922011",39.91327125,-75.1922011,"#93AA00","Industrial","Vacant","High","Diesel corridor, portable toilet supplier","HighT/I","P733899","P733899 042724 042424 26th  SS","P733899 042724 042424 26th SS.D","2024-04-27","2024-04-24","sample","2024-04-17","2024-04-24",9782,2,"172024",1,0.8178,"REG",0.3089,0.3035,"REG",0.1145,0.1054,"REG",0.0387,0.1547,"REG",0.0562,0.3333,"REG",0.1322,0.0504,"REG",0.0241,0.0405,"REG",0.0198,0.0353,"LOD",0.022,0.0789,"REG",0.0263,0.0386,"REG",0.0186,0.1278,"REG",0.048,0.0496,"LOD",0.0353,0.216,"REG",0.0874,0.2684,"REG",0.0732,0.2178,"REG",0.1096,0.1139,"REG",0.0492,0.177,"REG",0.0756,0.1271,"REG",0.065,0.2334,"REG",0.0798,0.1797,"REG",0.0675,0.1055,"REG",0.0423,0.1968,"REG",0.0533,0.2165,"REG",0.0845,0.4737,"REG",0.1645,0.7012,"REG",0.2588,1.6503,"REG",0.6074,0.1663,"REG",0.0621,0.6995,"REG",0.2627,0.0867,"REG",0.0348,0.0137,"LOD",0.011,0.0035,"ND",0.0059,0.0017,"ND",0.0028,0.0075,"REG",0.0026,0.0071,"LOD",0.0124,0.3383,"REG",0.1232,0.0287,"REG",0.0111,0.0091,"REG",0.0028,0.1704,"REG",0.0418,0.24340138836151923,0.7,0.9724999999999999,"REG",1.7147000000000001,"REG",NA
"9","26th & Hartranft","stationary","39.91327125, -75.1922011",39.91327125,-75.1922011,"#93AA00","Industrial","Vacant","High","Diesel corridor, portable toilet supplier","HighT/I","P726616","P726616 051124 050124 26th SS","P726616 051124 050124 26th SS.D","2024-05-11","2024-05-01","sample","2024-04-24","2024-05-01",10184,2,"182024",1,0.9097,"REG",0.3436,0.313,"REG",0.1181,0.1159,"REG",0.0425,0.1886,"REG",0.0669,0.4793,"REG",0.19,0.0634,"REG",0.0266,0.0629,"REG",0.0248,0.0508,"REG",0.0247,0.0965,"REG",0.0274,0.0556,"REG",0.0211,0.1465,"REG",0.0546,0.0536,"LOD",0.0352,0.2395,"REG",0.0969,0.2789,"REG",0.076,0.3441,"REG",0.1713,0.1788,"REG",0.0756,0.2907,"REG",0.1173,0.3768,"REG",0.1726,0.4811,"REG",0.1329,0.1369,"REG",0.054,0.1144,"REG",0.0444,0.1702,"REG",0.0469,0.1733,"REG",0.0709,0.4071,"REG",0.1426,0.3223,"REG",0.1228,2.0013,"REG",0.7343,0.2511,"ULOD",0.0937,0.5271,"REG",0.1995,0.0474,"REG",0.0218,0.0125,"LOD",0.0105,0.0034,"ND",0.0056,0.0016,"ND",0.0027,0.0144,"REG",0.0048,0.0087,"LOD",0.0119,0.3108,"REG",0.1133,0.0257,"REG",0.01,0.0131,"REG",0.0032,0.0416,"REG",0.0103,0.23379343882093295,0.178,1.0983,"REG",2.0065,"REG",NA
"9","26th & Hartranft","stationary","39.91327125, -75.1922011",39.91327125,-75.1922011,"#93AA00","Industrial","Vacant","High","Diesel corridor, portable toilet supplier","HighT/I","P726659","P726659 051224 050824 26th SS","P726659 051224 050824 26th SS.D","2024-05-12","2024-05-08","sample","2024-05-01","2024-05-08",9549,2,"192024",1,1.0749,"REG",0.406,0.4189,"REG",0.1579,0.1445,"REG",0.0529,0.2122,"REG",0.0749,0.529,"REG",0.2098,0.0636,"REG",0.0274,0.0575,"REG",0.024,0.0469,"REG",0.0247,0.0955,"REG",0.0284,0.0474,"REG",0.0203,0.1388,"REG",0.052,0.0571,"LOD",0.0375,0.1946,"REG",0.0787,0.2625,"REG",0.0716,0.2075,"REG",0.1046,0.1165,"REG",0.0503,0.2948,"REG",0.1193,0.351,"REG",0.1615,0.4782,"REG",0.1336,0.2031,"REG",0.0752,0.1464,"REG",0.0546,0.1466,"REG",0.0424,0.1478,"REG",0.0652,0.3576,"REG",0.1277,0.3759,"REG",0.1423,2.2141,"REG",0.8121,0.2648,"ULOD",0.0988,0.5181,"REG",0.1968,0.0385,"REG",0.0199,0.0063,"LOD",0.0104,0.0036,"ND",0.006,0.0017,"ND",0.0029,0.0135,"REG",0.0045,0.0151,"REG",0.0131,0.3315,"REG",0.1208,0.0274,"REG",0.0107,0.014,"REG",0.0034,0.0394,"REG",0.0097,0.24934049439233227,0.158,1.2871,"REG",2.3795,"REG",NA
"9","26th & Hartranft","stationary","39.91327125, -75.1922011",39.91327125,-75.1922011,"#93AA00","Industrial","Vacant","High","Diesel corridor, portable toilet supplier","HighT/I","P733861","P733861 052324 051524 26th SS","P733861 052324 051524 26th SS.D","2024-05-23","2024-05-15","sample","2024-05-08","2024-05-15",9405,2,"202024",1,0.6585,"REG",0.2487,0.8506,"REG",0.3201,0.0776,"REG",0.0286,0.1259,"REG",0.0476,0.4556,"REG",0.1807,0.0363,"LOD",0.022,0.0324,"REG",0.0187,0.0293,"LOD",0.0216,0.0634,"REG",0.0258,0.0321,"REG",0.0182,0.0877,"REG",0.034,0.0322,"LOD",0.0335,0.1358,"REG",0.055,0.1744,"REG",0.0477,0.0739,"REG",0.042,0.0518,"REG",0.0253,0.1489,"REG",0.0662,0.2241,"REG",0.1061,0.2942,"REG",0.0932,0.1289,"REG",0.0528,0.0672,"REG",0.0328,0.1559,"REG",0.0445,0.1126,"REG",0.0567,0.3631,"REG",0.1297,0.6979,"REG",0.2578,1.6607,"REG",0.6116,0.3535,"ULOD",0.1319,0.5037,"REG",0.1917,0.007,"ND",0.0117,0.0064,"LOD",0.0106,0.0037,"ND",0.0061,0.0018,"ND",0.0029,5e-4,"ND",8e-4,0.0095,"LOD",0.0129,0.3978,"REG",0.1447,0.0278,"REG",0.0108,0.0095,"REG",0.0029,0.1615,"REG",0.0396,0.25315814789499,0.638,0.7844,"REG",2.1682,"REG",NA
"9","26th & Hartranft","stationary","39.91327125, -75.1922011",39.91327125,-75.1922011,"#93AA00","Industrial","Vacant","High","Diesel corridor, portable toilet supplier","HighT/I","P733886","P733886 052424 052224 26th SS","P733886 052424 052224 26th SS.D","2024-05-24","2024-05-22","sample","2024-05-15","2024-05-22",9854,2,"212024",1,0.7299,"REG",0.2757,0.3742,"REG",0.1411,0.0944,"REG",0.0347,0.1415,"REG",0.052,0.4089,"REG",0.1622,0.0385,"REG",0.0217,0.034,"REG",0.0184,0.0315,"LOD",0.0212,0.0677,"REG",0.0252,0.0345,"REG",0.0179,0.0922,"REG",0.0354,0.0369,"LOD",0.0329,0.1493,"REG",0.0605,0.2206,"REG",0.0602,0.0706,"REG",0.0401,0.0537,"REG",0.0256,0.1619,"REG",0.0701,0.2523,"REG",0.1179,0.3214,"REG",0.0975,0.0984,"REG",0.0436,0.0608,"REG",0.0305,0.1421,"REG",0.0411,0.1194,"REG",0.057,0.3465,"REG",0.1238,0.6557,"REG",0.2423,1.701,"REG",0.6257,0.1817,"ULOD",0.0678,0.5234,"REG",0.1985,0.049,"REG",0.0225,0.0129,"LOD",0.0108,0.0233,"REG",0.0113,0.0017,"ND",0.0028,0.0093,"REG",0.0032,0.009,"LOD",0.0123,0.3212,"REG",0.1171,0.0266,"REG",0.0104,0.0135,"REG",0.0033,0.1107,"REG",0.0272,0.24162293291580889,0.458,0.8714,"REG",1.7489,"REG",NA
"9","26th & Hartranft","stationary","39.91327125, -75.1922011",39.91327125,-75.1922011,"#93AA00","Industrial","Vacant","High","Diesel corridor, portable toilet supplier","HighT/I","P733845","P733845 060624 052924 26th SS","P733845 060624 052924 26TH SS.D","2024-06-06","2024-05-29","sample","2024-05-22","2024-05-29",9588,2,"222024",1,0.6265,"REG",0.2367,0.2575,"REG",0.0973,0.0879,"REG",0.0323,0.1364,"REG",0.0506,0.3792,"REG",0.1504,0.0473,"REG",0.0238,0.0477,"REG",0.0216,0.0432,"REG",0.0238,0.0805,"REG",0.0269,0.0392,"REG",0.019,0.103,"REG",0.0393,0.0506,"LOD",0.0361,0.1524,"REG",0.0617,0.1537,"REG",0.0421,0.1393,"REG",0.0719,0.08,"REG",0.0357,0.2338,"REG",0.0965,0.3552,"REG",0.1633,0.5326,"REG",0.1463,0.3603,"REG",0.1266,0.1978,"REG",0.0707,0.1391,"REG",0.0407,0.1595,"REG",0.0683,0.3053,"REG",0.1114,0.5129,"REG",0.191,1.2516,"REG",0.4638,0.1102,"REG",0.0411,0.6148,"REG",0.2319,0.0444,"REG",0.0214,0.0051,"ND",0.0085,0.027,"REG",0.0126,0.0017,"ND",0.0029,5e-4,"ND",8e-4,0.106,"REG",0.0304,0.1651,"REG",0.0616,0.0195,"REG",0.0078,0.0139,"REG",0.0034,0.0497,"REG",0.0122,0.2483262808669567,0.2,0.7628999999999999,"REG",1.4875,"REG",NA
"9","26th & Hartranft","stationary","39.91327125, -75.1922011",39.91327125,-75.1922011,"#93AA00","Industrial","Vacant","High","Diesel corridor, portable toilet supplier","HighT/I","P733897","P733897 062124 061224 26th SS","P733897 062124 061224 26th SS.D","2024-06-21","2024-06-12","sample","2024-06-05","2024-06-12",9828,2,"242024",1,0.9092,"REG",0.3434,0.2321,"REG",0.0878,0.1213,"REG",0.0445,0.1706,"REG",0.0612,0.331,"REG",0.1313,0.0461,"REG",0.0232,0.0434,"REG",0.0204,0.0351,"LOD",0.0219,0.075,"REG",0.0259,0.0344,"REG",0.0179,0.109,"REG",0.0413,0.0493,"LOD",0.0352,0.1618,"REG",0.0655,0.1838,"REG",0.0502,0.1504,"REG",0.077,0.0865,"REG",0.0382,0.1884,"REG",0.0796,0.264,"REG",0.123,0.3432,"REG",0.1023,0.3577,"REG",0.1255,0.1084,"REG",0.043,0.1289,"REG",0.0383,0.1796,"REG",0.0734,0.3226,"REG",0.1163,0.4378,"REG",0.164,1.1241,"REG",0.4177,0.0958,"REG",0.0357,0.5141,"REG",0.1951,0.0433,"REG",0.0209,0.005,"ND",0.0083,0.023,"REG",0.0113,0.0017,"ND",0.0028,0.0107,"REG",0.0037,0.0187,"REG",0.0131,0.205,"REG",0.0756,0.0285,"REG",0.0111,0.009,"REG",0.0028,0.0485,"REG",0.0119,0.24226214702405177,0.2,1.0798,"REG",1.7642,"REG",NA
"9","26th & Hartranft","stationary","39.91327125, -75.1922011",39.91327125,-75.1922011,"#93AA00","Industrial","Vacant","High","Diesel corridor, portable toilet supplier","HighT/I","P726658","P726658 062124 061924 26th SS","P726658 062124 061924 26th SS.D","2024-06-21","2024-06-19","sample","2024-06-12","2024-06-19",10148,2,"252024",1,0.5145,"REG",0.1944,0.1878,"REG",0.0713,0.0732,"REG",0.0269,0.1133,"REG",0.0431,0.2493,"REG",0.0989,0.0335,"LOD",0.0204,0.03,"REG",0.0173,0.0272,"LOD",0.02,0.0622,"REG",0.0242,0.0258,"LOD",0.0164,0.0809,"REG",0.0314,0.0358,"LOD",0.0319,0.1122,"REG",0.0455,0.1189,"REG",0.0327,0.1222,"REG",0.0635,0.0714,"REG",0.0322,0.1392,"REG",0.0618,0.1971,"REG",0.0937,0.2733,"REG",0.0865,0.0717,"REG",0.0364,0.0361,"LOD",0.0251,0.0788,"REG",0.0283,0.0927,"REG",0.0499,0.1923,"REG",0.0766,0.2016,"REG",0.0815,0.5443,"REG",0.2127,0.0371,"REG",0.0139,0.3112,"REG",0.1222,0.0193,"REG",0.0148,0.0048,"ND",0.008,0.0546,"REG",0.022,0.0016,"ND",0.0027,5e-4,"ND",8e-4,0.0016,"LOD",0.0118,0.1985,"REG",0.0732,0.0184,"REG",0.0074,0.0088,"REG",0.0027,0.0375,"REG",0.0093,0.23462282035399892,0.16,0.6277999999999999,"REG",1.1381,"REG",NA
"9","26th & Hartranft","stationary","39.91327125, -75.1922011",39.91327125,-75.1922011,"#93AA00","Industrial","Vacant","High","Diesel corridor, portable toilet supplier","HighT/I","P733857","P733857 062724 061924 26th SS","P733857 062724 061924 26th SS.D","2024-06-27","2024-06-19","sample","2024-06-19","2024-06-26",10089,2,"262024",1,0.6379,"REG",0.2409,0.1766,"REG",0.0671,0.0835,"REG",0.0307,0.1296,"REG",0.0481,0.6599,"REG",0.2617,0.0374,"REG",0.0212,0.0332,"REG",0.018,0.0273,"LOD",0.0202,0.0417,"LOD",0.0229,0.026,"LOD",0.0165,0.0731,"REG",0.0287,0.03,"LOD",0.0312,0.1384,"REG",0.0561,0.146,"REG",0.04,0.1277,"REG",0.0661,0.0801,"REG",0.0356,0.1496,"REG",0.0655,0.1661,"REG",0.0806,0.2485,"REG",0.0817,0.1081,"REG",0.0458,0.0528,"REG",0.0284,0.0859,"REG",0.0296,0.1166,"REG",0.0557,0.2055,"REG",0.0805,0.2536,"REG",0.0991,0.623,"REG",0.2399,3e-4,"ND",4e-4,0.3443,"REG",0.134,0.0422,"REG",0.0204,0.0048,"ND",0.008,0.0452,"REG",0.0186,0.0016,"ND",0.0027,5e-4,"ND",8e-4,0.0017,"LOD",0.0118,0.1854,"REG",0.0686,0.0185,"REG",0.0074,0.0044,"REG",0.0023,0.0519,"REG",0.0128,0.23599488363092289,0.22,0.7675000000000001,"REG",1.6875,"REG",NA
"10","Hartranft & Pietro Wy","rotating","39.91118246, -75.1885003",39.91118246,-75.1885003,NA,"Non-Industrial","Residential","Low",NA,"LowT/NoI","P733894","P733894 082423 081623 Siena Place SS","P733894 082423 081623 Siena Place SS.D","2023-08-24","2023-08-16","sample","2023-08-09","2023-08-16",9398,2,"332023",1,0.4016,"REG",0.1517,0.1762,"REG",0.067,0.0798,"REG",0.0294,0.1064,"REG",0.0418,0.3034,"REG",0.1203,0.0094,"ND",0.0156,0.0162,"LOD",0.0164,0.0257,"LOD",0.0211,0.0554,"REG",0.0253,0.0194,"LOD",0.0169,0.0517,"REG",0.022,0.0387,"LOD",0.0345,0.1327,"REG",0.0538,0.1348,"REG",0.037,0.0929,"REG",0.0504,0.0709,"REG",0.0324,0.0848,"REG",0.0458,0.0757,"REG",0.0468,0.1419,"REG",0.0661,0.0451,"LOD",0.0329,0.0496,"REG",0.029,0.0851,"REG",0.0305,0.121,"REG",0.0587,0.2076,"REG",0.0828,0.2183,"REG",0.0882,0.5607,"REG",0.2205,0.0502,"REG",0.0187,0.2912,"REG",0.1165,0.0306,"REG",0.018,0.0052,"ND",0.0086,0.0506,"REG",0.0207,0.0018,"ND",0.0029,5e-4,"ND",8e-4,0.0064,"ND",0.0106,0.1837,"REG",0.0682,0.0199,"REG",0.0079,0.0142,"REG",0.0035,0.0405,"REG",0.01,0.25334671003962345,0.16,0.508,"REG",1.0674000000000001,"REG","Summer"
"10","Hartranft & Pietro Wy","rotating","39.91118246, -75.1885003",39.91118246,-75.1885003,NA,"Non-Industrial","Residential","Low",NA,"LowT/NoI","P733885","P733885 082523 082323 Siena Place SS","P733885 082523 082323 Siena Place SS.D","2023-08-25","2023-08-23","sample","2023-08-16","2023-08-23",9944,2,"342023",1,0.3651,"REG",0.138,0.2294,"REG",0.0868,0.0704,"REG",0.0259,0.1006,"REG",0.0395,0.2782,"REG",0.1103,0.0305,"LOD",0.0202,0.0215,"LOD",0.0162,0.0243,"LOD",0.02,0.0488,"REG",0.0237,0.0183,"LOD",0.016,0.0573,"REG",0.0235,0.0366,"LOD",0.0326,0.1125,"REG",0.0456,0.1207,"REG",0.0331,0.083,"REG",0.0455,0.067,"REG",0.0306,0.0654,"REG",0.0394,0.0661,"REG",0.0424,0.114,"REG",0.0598,0.0731,"REG",0.0371,0.0402,"LOD",0.0262,0.0872,"REG",0.03,0.1144,"REG",0.0555,0.2085,"REG",0.0817,0.2166,"REG",0.0868,0.53,"REG",0.2084,0.0423,"REG",0.0158,0.3176,"REG",0.1248,0.0289,"REG",0.0171,0.0202,"REG",0.012,0.028,"REG",0.0128,0.0017,"ND",0.0028,5e-4,"ND",8e-4,0.0112,"LOD",0.0124,0.1736,"REG",0.0644,0.0188,"REG",0.0075,0.0089,"REG",0.0027,0.0287,"REG",0.0071,0.23943608014404477,0.12,0.4657,"REG",1.0437,"REG","Summer"
"10","Hartranft & Pietro Wy","rotating","39.91118246, -75.1885003",39.91118246,-75.1885003,NA,"Non-Industrial","Residential","Low",NA,"LowT/NoI","P733870","P733870 021624 021424 Siena Place SS","P733870 021624 021424 Siena Place SS.D","2024-02-16","2024-02-14","sample","2024-02-07","2024-02-14",9982,2,"72024",1,1.1427,"REG",0.4315,1.0926,"REG",0.411,0.1991,"REG",0.0729,0.2363,"REG",0.0825,0.9685,"REG",0.384,0.0418,"REG",0.0221,0.0305,"REG",0.0176,0.0345,"LOD",0.0215,0.0808,"REG",0.0261,0.0529,"REG",0.0208,0.1503,"REG",0.0561,0.0607,"REG",0.0372,0.5312,"REG",0.2148,0.7322,"REG",0.1994,0.172,"REG",0.0873,0.1437,"REG",0.0612,0.1087,"REG",0.0519,0.0697,"REG",0.0435,0.1728,"REG",0.0682,0.2125,"REG",0.0777,0.1567,"REG",0.0574,0.3736,"REG",0.0951,0.2703,"REG",0.101,0.8918,"REG",0.302,1.233,"REG",0.4519,2.7669,"REG",1.0127,0.3775,"ULOD",0.1409,1.3386,"REG",0.4979,0.0684,"REG",0.0285,0.0185,"REG",0.0116,0.0034,"ND",0.0057,0.0017,"ND",0.0028,5e-4,"ND",8e-4,0.0424,"REG",0.0163,0.3892,"REG",0.1415,0.0445,"REG",0.017,0.0356,"REG",0.0067,0.2338,"REG",0.0574,0.23852458234345633,0.98,1.379,"REG",3.6392,"REG","Winter"
"10","Hartranft & Pietro Wy","rotating","39.91118246, -75.1885003",39.91118246,-75.1885003,NA,"Non-Industrial","Residential","Low",NA,"LowT/NoI","P733877","P733877 022924 022124 Siena Place SS","P733877 022924 022124 Siena Place SS.D","2024-02-29","2024-02-21","sample","2024-02-14","2024-02-21",10086,2,"82024",1,0.4652,"REG",0.1757,0.474,"REG",0.1785,0.083,"REG",0.0305,0.0982,"REG",0.0386,0.3974,"REG",0.1576,0.0263,"LOD",0.0194,0.0151,"LOD",0.0153,0.0171,"LOD",0.0188,0.0383,"LOD",0.0228,0.0187,"LOD",0.0158,0.0578,"REG",0.0236,0.03,"LOD",0.0312,0.1355,"REG",0.0549,0.2223,"REG",0.0607,0.0475,"REG",0.0304,0.0472,"REG",0.0232,0.0447,"LOD",0.0343,0.0315,"LOD",0.033,0.0719,"LOD",0.0547,0.0721,"REG",0.0366,0.0561,"REG",0.0291,0.0987,"REG",0.032,0.1159,"REG",0.0555,0.2297,"REG",0.0876,0.4373,"REG",0.1636,1.0765,"REG",0.4002,0.0559,"REG",0.0209,0.3959,"REG",0.1523,0.0335,"REG",0.018,0.0116,"LOD",0.0105,0.0034,"ND",0.0057,0.0016,"ND",0.0027,0.0073,"REG",0.0026,0.0034,"LOD",0.0119,0.2711,"REG",0.0991,0.0347,"REG",0.0134,0.0132,"REG",0.0032,0.085,"REG",0.0209,0.23606507842081906,0.36,0.5634,"REG",1.5178,"REG","Winter"
"11","Snyder & Vare","rotating","39.92759256, -75.1950607",39.92759256,-75.1950607,NA,"Non-Industrial","Mixed Use","High","Auto body shop","HighT/NoI","P733875","P733875 082423 081623 Bus Depot on Snyder RENAME","P733875 082423 081623 Bus Depot on Snyder RENAME.D","2023-08-24","2023-08-16","sample","2023-08-09","2023-08-16",10184,1,"332023",1,0.5915,"REG",0.2234,0.2087,"REG",0.079,0.1129,"REG",0.0414,0.1628,"REG",0.0585,0.4513,"REG",0.1789,0.0373,"REG",0.021,0.0299,"REG",0.0173,0.0305,"REG",0.0205,0.0804,"REG",0.0257,0.0309,"REG",0.017,0.0805,"REG",0.0312,0.0417,"REG",0.0328,0.1953,"REG",0.079,0.1833,"REG",0.0501,0.3429,"REG",0.1707,0.1698,"REG",0.0719,0.1285,"REG",0.0581,0.1097,"REG",0.0576,0.18,"REG",0.0687,0.0893,"REG",0.0406,0.0621,"REG",0.0303,0.1211,"REG",0.0363,0.1579,"REG",0.0665,0.2754,"REG",0.1012,0.277,"REG",0.107,0.7232,"REG",0.2746,0.0548,"REG",0.0205,0.3669,"REG",0.1419,0.0677,"REG",0.0282,0.0099,"REG",0.0101,0.0386,"REG",0.0163,0.0016,"ND",0.0027,5e-4,"ND",8e-4,0.0191,"REG",0.0127,0.1695,"REG",0.0629,0.0229,"REG",0.009,0.0131,"REG",0.0032,0.0421,"REG",0.0104,0.23379343882093295,0.18,0.7543,"REG",1.5272,"REG","Summer"
"11","Snyder & Vare","rotating","39.92759256, -75.1950607",39.92759256,-75.1950607,NA,"Non-Industrial","Mixed Use","High","Auto body shop","HighT/NoI","P733881","P733881 082523 082323 Bus Depot on Snyder SS","P733881 082523 082323 Bus Depot on Snyder SS.D","2023-08-25","2023-08-23","sample","2023-08-16","2023-08-23",10012,2,"342023",1,0.4625,"REG",0.1747,0.2653,"REG",0.1002,0.0899,"REG",0.033,0.1262,"REG",0.0471,0.3613,"REG",0.1433,0.0341,"LOD",0.0207,0.0213,"LOD",0.0161,0.0241,"LOD",0.0198,0.0625,"REG",0.0245,0.022,"LOD",0.0162,0.0652,"REG",0.0261,0.0303,"LOD",0.0315,0.1117,"REG",0.0453,0.1265,"REG",0.0347,0.092,"REG",0.0495,0.0583,"REG",0.0272,0.0747,"REG",0.0417,0.0549,"REG",0.0389,0.1065,"REG",0.0586,0.0545,"REG",0.033,0.0432,"LOD",0.0266,0.0932,"REG",0.031,0.0901,"REG",0.0497,0.2192,"REG",0.0847,0.2049,"REG",0.0828,0.5454,"REG",0.2134,0.0557,"REG",0.0208,0.1998,"REG",0.0846,0.0287,"REG",0.0169,0.0049,"ND",0.0081,0.0246,"REG",0.0117,0.0152,"REG",0.0058,0.011,"REG",0.0037,0.0166,"LOD",0.0127,0.1868,"REG",0.0691,0.028,"REG",0.0109,0.0133,"REG",0.0032,0.0333,"REG",0.0083,0.23780986625573122,0.14,0.5887,"REG",1.3052000000000001,"REG","Summer"
"11","Snyder & Vare","rotating","39.92759256, -75.1950607",39.92759256,-75.1950607,NA,"Non-Industrial","Mixed Use","High","Auto body shop","HighT/NoI","P726645","P726645 021624 021424 Snyder SS","P726645 021624 021424 Snyder SS.D","2024-02-16","2024-02-14","sample","2024-02-07","2024-02-14",9961,2,"72024",1,1.5753,"REG",0.5949,1.0133,"REG",0.3812,0.2598,"REG",0.095,0.3108,"REG",0.1072,1.1457,"REG",0.4543,0.0686,"REG",0.0281,0.049,"REG",0.0215,0.045,"REG",0.0237,0.1127,"REG",0.0296,0.0758,"REG",0.0254,0.2426,"REG",0.0895,0.1034,"REG",0.0488,0.5777,"REG",0.2335,0.8274,"REG",0.2253,0.2154,"REG",0.1084,0.1482,"REG",0.0631,0.153,"REG",0.0669,0.2435,"REG",0.1139,0.4543,"REG",0.1271,0.0137,"ND",0.0228,0.1737,"REG",0.0627,0.4212,"REG",0.1067,0.3536,"REG",0.128,1.0284,"REG",0.3474,1.5548,"REG",0.5692,3.1934,"REG",1.168,0.4074,"ULOD",0.1521,3.0428,"ULOD",1.1288,0.1031,"REG",0.0404,0.0253,"REG",0.0131,0.0035,"ND",0.0058,0.0017,"ND",0.0028,0.0129,"REG",0.0044,0.0146,"LOD",0.0126,0.4045,"REG",0.147,0.0446,"REG",0.0171,0.0402,"REG",0.0075,0.2581,"REG",0.0633,0.23902744513125,1.08,1.8860999999999999,"REG",4.3049,"REG","Winter"
"11","Snyder & Vare","rotating","39.92759256, -75.1950607",39.92759256,-75.1950607,NA,"Non-Industrial","Mixed Use","High","Auto body shop","HighT/NoI","P733875","P733875 022924 022124 Snyder SS","P733875 022924 022124 Snyder SS.D","2024-02-29","2024-02-21","sample","2024-02-14","2024-02-21",10090,2,"82024",1,0.5287,"REG",0.1997,0.4367,"REG",0.1645,0.083,"REG",0.0305,0.1138,"REG",0.0433,0.4014,"REG",0.1592,0.0087,"ND",0.0146,0.0121,"LOD",0.015,0.0171,"LOD",0.0188,0.0417,"LOD",0.0229,0.0187,"LOD",0.0158,0.0578,"REG",0.0236,0.024,"LOD",0.0305,0.1419,"REG",0.0575,0.2222,"REG",0.0606,0.1088,"REG",0.0572,0.0679,"REG",0.0308,0.0496,"REG",0.0353,0.0208,"LOD",0.0312,0.0586,"LOD",0.0537,0.042,"LOD",0.0306,0.0429,"LOD",0.0264,0.0921,"REG",0.0307,0.0809,"REG",0.0475,0.2055,"REG",0.0805,0.3558,"REG",0.1347,1.0005,"REG",0.373,0.053,"REG",0.0198,0.208,"REG",0.0872,0.0562,"REG",0.0246,0.0116,"LOD",0.0104,0.0034,"ND",0.0057,0.0016,"ND",0.0027,5e-4,"ND",8e-4,0.0145,"LOD",0.0124,0.2852,"REG",0.1041,0.0347,"REG",0.0134,0.0132,"REG",0.0032,0.0897,"REG",0.022,0.23597149464344705,0.38,0.6425,"REG",1.5635999999999997,"REG","Winter"
"12","29th & Moore","rotating","39.931447, -75.193386",39.931447,-75.193386,NA,"Non-Industrial","Residential","High",NA,"HighT/NoI","P733891","P733891 082423 081623 Tasker (near Morris) SS","P733891 082423 081623 Tasker (near Morris) SS.D","2023-08-24","2023-08-16","sample","2023-08-09","2023-08-16",9434,1.3,"332023",1,0.5007,"REG",0.1892,0.207,"REG",0.0785,0.0965,"REG",0.0354,0.1378,"REG",0.0512,0.3913,"REG",0.1552,0.0366,"REG",0.022,0.0078,"ND",0.0129,0.0285,"REG",0.0215,0.0671,"REG",0.026,0.0227,"REG",0.0171,0.0674,"REG",0.0271,0.0334,"LOD",0.0336,0.1353,"REG",0.0548,0.1491,"REG",0.0409,0.1253,"REG",0.0654,0.0886,"REG",0.0392,0.0956,"REG",0.0489,0.1645,"REG",0.0808,0.1742,"REG",0.0708,0.0668,"REG",0.0369,0.0527,"REG",0.0296,0.1011,"REG",0.0333,0.1174,"REG",0.0577,0.2269,"REG",0.0882,0.2403,"REG",0.0955,0.597,"REG",0.2327,0.0513,"REG",0.0192,0.2538,"REG",0.1037,0.053,"REG",0.0241,0.0092,"LOD",0.0108,0.0367,"REG",0.0158,0.0175,"REG",0.0065,5e-4,"ND",8e-4,0.0651,"REG",0.0212,0.1784,"REG",0.0663,0.0258,"REG",0.0101,0.0153,"REG",0.0036,0.0427,"REG",0.0105,0.25237994286118093,0.169,0.6385000000000001,"REG",1.3333,"REG","Summer"
"12","29th & Moore","rotating","39.931447, -75.193386",39.931447,-75.193386,NA,"Non-Industrial","Residential","High",NA,"HighT/NoI","P733882","P733882 082523 082323 Tasker (near Morris) SS","P733882 082523 082323 Tasker (near Morris) SS.D","2023-08-25","2023-08-23","sample","2023-08-16","2023-08-23",10018,2,"342023",1,0.4337,"REG",0.1639,0.2776,"REG",0.1048,0.0848,"REG",0.0312,0.1156,"REG",0.0439,0.3611,"REG",0.1432,0.0303,"LOD",0.0201,0.0213,"LOD",0.0161,0.0241,"LOD",0.0198,0.0555,"REG",0.024,0.0257,"LOD",0.0166,0.0568,"REG",0.0233,0.0302,"LOD",0.0315,0.1116,"REG",0.0453,0.1198,"REG",0.0329,0.2012,"REG",0.1014,0.1081,"REG",0.0468,0.0893,"REG",0.0458,0.152,"REG",0.0748,0.1797,"REG",0.0692,0.0423,"LOD",0.0308,0.0111,"ND",0.0185,0.0732,"REG",0.0275,0.0783,"REG",0.0472,0.1704,"REG",0.0709,0.1843,"REG",0.076,0.469,"REG",0.1877,0.0456,"REG",0.017,0.1471,"REG",0.0682,0.0516,"REG",0.0232,0.0067,"LOD",0.01,0.0245,"REG",0.0117,0.0016,"ND",0.0027,5e-4,"ND",8e-4,0.0333,"REG",0.0148,0.1867,"REG",0.069,0.028,"REG",0.0109,0.0089,"REG",0.0027,0.038,"REG",0.0094,0.23766743670916163,0.16,0.5493,"REG",1.2728,"REG","Summer"
"12","29th & Moore","rotating","39.931447, -75.193386",39.931447,-75.193386,NA,"Non-Industrial","Residential","High",NA,"HighT/NoI","P733900","P733900 020824 013124 Tasker St SS","P733900 020824 013124 Tasker St SS.D","2024-02-08","2024-01-31","sample","2024-01-24","2024-01-31",10103,2,"52024",1,0.825,"REG",0.3116,0.4485,"REG",0.1689,0.1225,"REG",0.0449,0.1709,"REG",0.0612,0.6705,"REG",0.2659,0.0301,"LOD",0.0199,0.0151,"LOD",0.0153,0.0307,"LOD",0.0207,0.0799,"REG",0.0258,0.0299,"REG",0.017,0.0742,"REG",0.0291,0.036,"LOD",0.0321,0.2439,"REG",0.0986,0.3934,"REG",0.1072,0.038,"REG",0.027,0.0472,"REG",0.0231,0.0688,"REG",0.0399,0.0207,"LOD",0.0311,0.052,"LOD",0.0531,0.048,"LOD",0.0316,0.0494,"REG",0.0277,0.1975,"REG",0.0532,0.1157,"REG",0.0554,0.3983,"REG",0.1399,0.3858,"REG",0.1453,1.1878,"REG",0.4401,0.1518,"REG",0.0567,0.2077,"REG",0.0871,0.0065,"ND",0.0109,0.0116,"LOD",0.0104,0.0114,"LOD",0.0081,0.0016,"ND",0.0027,5e-4,"ND",8e-4,0.0309,"REG",0.0143,0.356,"REG",0.1296,0.0532,"REG",0.0203,0.022,"REG",0.0045,0.066,"REG",0.0162,0.23566785914603394,0.28,0.9959,"REG",2.2374,"REG","Winter"
"12","29th & Moore","rotating","39.931447, -75.193386",39.931447,-75.193386,NA,"Non-Industrial","Residential","High",NA,"HighT/NoI","P726608","P726608 021524 020724 Tasker St SS","P726608 021524 020724 Tasker St SS.D","2024-02-15","2024-02-07","sample","2024-01-31","2024-02-07",10138,2,"62024",1,0.794,"REG",0.2999,0.6257,"REG",0.2355,0.1221,"REG",0.0447,0.1703,"REG",0.061,0.7185,"REG",0.2849,0.0225,"LOD",0.0188,0.012,"LOD",0.0149,0.017,"LOD",0.0188,0.0519,"REG",0.0235,0.0261,"LOD",0.0165,0.074,"REG",0.029,0.0239,"LOD",0.0304,0.2494,"REG",0.1009,0.4052,"REG",0.1104,0.1318,"REG",0.068,0.0758,"REG",0.0339,0.0493,"REG",0.0351,0.0207,"LOD",0.031,0.0649,"LOD",0.053900000000000003,0.0598,"REG",0.0338,0.0722,"REG",0.0328,0.1837,"REG",0.05,0.1037,"REG",0.0524,0.397,"REG",0.1394,0.5564,"REG",0.2063,1.4279,"REG",0.5266,0.2561,"ULOD",0.0956,0.3212,"REG",0.1258,0.0787,"REG",0.0319,0.0182,"REG",0.0115,0.0034,"ND",0.0057,0.0016,"ND",0.0027,0.0109,"REG",0.0037,0.0199,"REG",0.0129,0.44,"REG",0.1598,0.0438,"REG",0.0168,0.0219,"REG",0.0045,0.2489,"REG",0.0611,0.2348542494527896,1.06,0.9643,"REG",2.4306,"REG","Winter"
"13","Wharton Park","rotating","39.935920, -75.183090",39.93592,-75.183090000000007,NA,"Non-Industrial","Recreation","Low",NA,"LowT/NoI","P733870","P733870 090723 083023 Wharton Playground SS","P733870 090723 083023 Wharton Playground SS.D","2023-09-07","2023-08-30","sample","2023-08-23","2023-08-30",9967,2,"352023",1,0.3082,"REG",0.1165,0.1693,"REG",0.0644,0.0598,"REG",0.0221,0.084,"REG",0.0347,0.2348,"REG",0.0931,0.0228,"LOD",0.0191,0.0122,"LOD",0.0152,0.0121,"LOD",0.0186,0.0387,"LOD",0.023,0.0227,"LOD",0.0163,0.0418,"REG",0.0185,0.0177,"LOD",0.0302,0.0723,"REG",0.0294,0.1009,"REG",0.0278,0.0219,"REG",0.0224,0.0178,"REG",0.0144,0.0449,"LOD",0.0346,0.0289,"LOD",0.0328,0.0541,"LOD",0.054,0.0426,"LOD",0.031,0.0456,"REG",0.0272,0.0736,"REG",0.0276,0.0698,"LOD",0.0458,0.1713,"REG",0.0713,0.1732,"REG",0.0726,0.516,"REG",0.2036,0.0458,"REG",0.0171,0.1795,"REG",0.0783,0.0163,"REG",0.0146,0.0049,"ND",0.0081,0.0422,"REG",0.0176,0.0017,"ND",0.0028,5e-4,"ND",8e-4,0.0153,"LOD",0.0126,0.2021,"REG",0.0745,0.0281,"REG",0.0109,0.0089,"REG",0.0027,0.0573,"REG",0.0141,0.23888355382285353,0.24,0.3922,"REG",0.8561,"REG","Summer"
"13","Wharton Park","rotating","39.935920, -75.183090",39.93592,-75.183090000000007,NA,"Non-Industrial","Recreation","Low",NA,"LowT/NoI","P726645","P726645 090823 090623 Wharton Playground SS","P726645 090823 090623 Wharton Playground SS.D","2023-09-08","2023-09-06","sample","2023-08-30","2023-09-06",10004,2,"362023",1,0.4355,"REG",0.1646,0.1874,"REG",0.0711,0.0845,"REG",0.0311,0.1206,"REG",0.0454,0.3275,"REG",0.1299,0.0303,"LOD",0.0201,0.0183,"LOD",0.0158,0.019,"LOD",0.0192,0.0631,"REG",0.0246,0.0604,"REG",0.0222,0.0666,"REG",0.0265,0.0298,"LOD",0.0314,0.0849,"REG",0.0345,0.1138,"REG",0.0313,0.0647,"REG",0.0375,0.0344,"REG",0.0189,0.0886,"REG",0.0456,0.0342,"LOD",0.0337,0.1205,"REG",0.0604,0.0545,"REG",0.033,0.0455,"REG",0.0271,0.08,"REG",0.0287,0.0696,"LOD",0.0456,0.1829,"REG",0.0743,0.1828,"REG",0.0756,0.5522,"REG",0.2158,0.011,"REG",0.0041,0.1578,"REG",0.0715,0.0066,"ND",0.011,0.0039,"LOD",0.0098,0.0552,"REG",0.0222,0.0016,"ND",0.0027,5e-4,"ND",8e-4,0.0208,"LOD",0.0131,0.1726,"REG",0.0641,0.028,"REG",0.0109,0.0133,"REG",0.0032,0.0476,"REG",0.0117,0.23800003808000608,0.2,0.5561,"REG",1.1555,"REG","Summer"
"13","Wharton Park","rotating","39.935920, -75.183090",39.93592,-75.183090000000007,NA,"Non-Industrial","Recreation","Low",NA,"LowT/NoI","P733863","P733863 101323 101123 Wharton Playground SS","P733863 101323 101123 Wharton Playground SS.D","2023-10-13","2023-10-11","sample","2023-10-04","2023-10-11",9924,1.99,"412023",1,0.6073,"REG",0.2294,0.3225,"REG",0.1217,0.0897,"REG",0.033,0.1319,"REG",0.049,0.4074,"REG",0.1616,0.0228,"LOD",0.0192,0.0122,"LOD",0.0153,0.0242,"LOD",0.02,0.0563,"REG",0.0242,0.0227,"LOD",0.0164,0.066,"REG",0.0264,0.0304,"LOD",0.0317,0.1506,"REG",0.061,0.2941,"REG",0.0802,0.023,"REG",0.0227,0.0295,"REG",0.0175,0.0679,"REG",0.04,0.0178,"LOD",0.0313,0.0534,"LOD",0.0541,0.079,"REG",0.0386,0.0567,"REG",0.0295,0.133,"REG",0.0391,0.0944,"REG",0.0509,0.3057,"REG",0.1109,0.4833,"REG",0.1802,1.375,"REG",0.5078,0.3295,"ULOD",0.123,0.2522,"REG",0.1022,0.0287,"REG",0.017,0.0053,"REG",0.01,0.0286,"REG",0.013,0.0017,"ND",0.0028,5e-4,"ND",8e-4,0.0434,"REG",0.0166,0.2885,"REG",0.1054,0.0469,"REG",0.0179,0.0178,"REG",0.0039,0.1241,"REG",0.0305,0.23991861960423025,0.5174,0.7392,"REG",1.5587999999999997,"REG","Summer"
"13","Wharton Park","rotating","39.935920, -75.183090",39.93592,-75.183090000000007,NA,"Non-Industrial","Recreation","Low",NA,"LowT/NoI","P733843","P733843 102623 101823 Wharton Playground SS RENAME","P733843 102623 101823 Wharton Playground SS RENAME.D","2023-10-26","2023-10-18","sample","2023-10-11","2023-10-18",10098,2,"422023",1,0.5928,"REG",0.2239,0.2383,"REG",0.0901,0.0886,"REG",0.0326,0.1303,"REG",0.0483,0.3434,"REG",0.1362,0.0188,"LOD",0.0185,0.0121,"LOD",0.015,0.0171,"LOD",0.0188,0.0486,"REG",0.0233,0.0187,"LOD",0.0158,0.0569,"REG",0.0233,0.024,"LOD",0.0305,0.085,"REG",0.0345,0.1518,"REG",0.0416,0.0097,"ND",0.0161,0.0087,"REG",0.0127,0.0527,"REG",0.0359,0.0177,"LOD",0.0308,0.0462,"LOD",0.0528,0.048,"LOD",0.0316,0.0461,"REG",0.027,0.0918,"REG",0.0306,0.0583,"LOD",0.0434,0.1812,"REG",0.0737,0.2945,"REG",0.1132,0.8111,"REG",0.3057,0.0769,"REG",0.0287,0.1553,"REG",0.0705,0.0171,"REG",0.0145,0.0048,"ND",0.008,0.0153,"REG",0.009,0.0016,"ND",0.0027,5e-4,"ND",8e-4,0.0374,"REG",0.0154,0.3277,"REG",0.1194,0.037,"REG",0.0142,0.0176,"REG",0.0038,0.1085,"REG",0.0266,0.23578454951003971,0.46,0.7231,"REG",1.3934000000000002,"REG","Summer"
"13","Wharton Park","rotating","39.935920, -75.183090",39.93592,-75.183090000000007,NA,"Non-Industrial","Recreation","Low",NA,"LowT/NoI","P726641","P726641 011624 011024 Wharton Playground SS","P726641 011624 011024 Wharton Playground SS.D","2024-01-16","2024-01-10","sample","2024-01-03","2024-01-10",10080,2,"22024",1,0.6059,"REG",0.2289,0.4991,"REG",0.188,0.1091,"REG",0.04,0.1415,"REG",0.0518,0.5467,"REG",0.2168,0.0301,"LOD",0.02,0.0151,"LOD",0.0153,0.0274,"LOD",0.0202,0.062,"REG",0.0243,0.0296,"REG",0.017,0.0818,"REG",0.0317,0.0301,"LOD",0.0313,0.1856,"REG",0.0751,0.2851,"REG",0.0777,0.2471,"REG",0.1237,0.1658,"REG",0.0702,0.0774,"REG",0.0423,0.0182,"LOD",0.0309,0.0575,"LOD",0.0536,0.0722,"REG",0.0366,0.0571,"REG",0.0293,0.2216,"REG",0.0587,0.0992,"REG",0.0515,0.4791,"REG",0.166,0.4477,"REG",0.1673,1.627,"REG",0.5987,0.0633,"ULOD",0.0236,0.2788,"REG",0.1111,0.0308,"REG",0.0174,0.0266,"REG",0.0133,0.0034,"ND",0.0057,0.0016,"ND",0.0027,0.0091,"REG",0.0031,0.0198,"LOD",0.0129,0.2855,"REG",0.1042,0.0325,"REG",0.0125,0.0251,"REG",0.005,0.1318,"REG",0.0324,0.2362055933484505,0.5579999999999999,0.7474,"REG",1.9022999999999997,"REG","Winter"
"13","Wharton Park","rotating","39.935920, -75.183090",39.93592,-75.183090000000007,NA,"Non-Industrial","Recreation","Low",NA,"LowT/NoI","P733861","P733861 012524 011724 Wharton Playground SS","P733861 012524 011724 Wharton Playground SS.D","2024-01-25","2024-01-17","sample","2024-01-10","2024-01-17",9706,2,"32024",1,0.4452,"REG",0.1682,0.4025,"REG",0.1517,0.0721,"REG",0.0266,0.0981,"REG",0.039,0.3398,"REG",0.1347,0.0196,"LOD",0.0192,0.0126,"LOD",0.0156,0.0178,"LOD",0.0196,0.0463,"REG",0.024,0.0191,"LOD",0.0164,0.0507,"REG",0.0214,0.025,"LOD",0.0317,0.1263,"REG",0.0512,0.2411,"REG",0.0658,0.08,"REG",0.0444,0.0477,"REG",0.0236,0.0603,"REG",0.0387,0.0078,"LOD",0.0311,0.046,"LOD",0.0548,0.0562,"REG",0.0341,0.0387,"LOD",0.0264,0.1271,"REG",0.0381,0.0788,"REG",0.0484,0.2588,"REG",0.097,0.4227,"REG",0.1587,1.1794,"REG",0.4377,0.147,"REG",0.0549,0.192,"REG",0.0828,0.0068,"ND",0.0113,0.005,"ND",0.0084,0.0035,"ND",0.0059,0.0017,"ND",0.0028,5e-4,"ND",8e-4,0.0263,"REG",0.0141,0.3854,"REG",0.1402,0.0337,"REG",0.013,0.0169,"REG",0.0038,0.3086,"REG",0.0757,0.24530727188876786,1.258,0.5433,"REG",1.3577000000000001,"REG","Winter"
"14","Finnegan Playground","rotating","39.938448, -75.192335",39.938448,-75.192335,NA,"Industrial","Mixed Use","Low","Commissary kitchen","LowT/I","P733871","P733871 090723 083023 Finnegan  SS","P733871 090723 083023 Finnegan SS.D","2023-09-07","2023-08-30","sample","2023-08-23","2023-08-30",9954,2,"352023",1,0.4018,"REG",0.1518,0.1758,"REG",0.0668,0.0749,"REG",0.0276,0.1106,"REG",0.0424,0.295,"REG",0.117,0.0419,"REG",0.0222,0.0306,"REG",0.0177,0.0225,"LOD",0.0197,0.0705,"REG",0.0253,0.0265,"LOD",0.0168,0.0837,"REG",0.0324,0.036,"LOD",0.0325,0.1177,"REG",0.0477,0.1278,"REG",0.0351,0.0098,"ND",0.0163,0.001,"REG",0.0124,0.089,"REG",0.0459,0.1702,"REG",0.0825,0.2015,"REG",0.0733,0.0487,"LOD",0.0321,0.0557,"REG",0.0292,0.1206,"REG",0.0364,0.1054,"REG",0.0533,0.2818,"REG",0.1035,0.2353,"REG",0.093,0.6506,"REG",0.2498,0.0495,"REG",0.0185,0.2326,"REG",0.0956,0.0066,"ND",0.0111,0.0049,"ND",0.0081,0.0291,"REG",0.0131,0.0017,"ND",0.0028,5e-4,"ND",8e-4,0.0153,"LOD",0.0127,0.2024,"REG",0.0746,0.0282,"REG",0.0109,0.0313,"REG",0.006,0.0574,"REG",0.0141,0.23919553756805112,0.24,0.5124,"REG",1.0581,"REG","Summer"
"14","Finnegan Playground","rotating","39.938448, -75.192335",39.938448,-75.192335,NA,"Industrial","Mixed Use","Low","Commissary kitchen","LowT/I","P726646","P726646 090823 090623 Finnegan  SS","P726646 090823 090623 Finnegan SS.D","2023-09-08","2023-09-06","sample","2023-08-30","2023-09-06",9987,2,"362023",1,0.4434,"REG",0.1675,0.2003,"REG",0.0759,0.0797,"REG",0.0293,0.1208,"REG",0.0455,0.3068,"REG",0.1217,0.0342,"LOD",0.0208,0.0275,"LOD",0.0171,0.0155,"LOD",0.0189,0.0527,"REG",0.0238,0.0227,"LOD",0.0163,0.0584,"REG",0.0238,0.0238,"LOD",0.0308,0.1109,"REG",0.045,0.1274,"REG",0.035,0.3699,"REG",0.184,0.122,"REG",0.0524,0.1522,"REG",0.0665,0.1912,"REG",0.0914,0.2809,"REG",0.0886,0.0425,"LOD",0.0309,0.0289,"LOD",0.0244,0.0734,"REG",0.0276,0.0697,"LOD",0.0457,0.171,"REG",0.0711,0.214,"REG",0.0858,0.5912,"REG",0.2292,0.0226,"REG",0.0084,0.1476,"REG",0.0684,0.0508,"REG",0.023,0.0375,"REG",0.0162,0.0388,"REG",0.0164,0.0017,"ND",0.0028,5e-4,"ND",8e-4,0.0153,"LOD",0.0126,0.1873,"REG",0.0693,0.0281,"REG",0.0109,0.0089,"REG",0.0027,0.0286,"REG",0.0071,0.23840516480949042,0.12,0.5642,"REG",1.151,"REG","Summer"
"14","Finnegan Playground","rotating","39.938448, -75.192335",39.938448,-75.192335,NA,"Industrial","Mixed Use","Low","Commissary kitchen","LowT/I","P726660","P726660 020824 013124 Finnegan Playground SS","P726660 020824 013124 Finnegan Playground SS.D","2024-02-08","2024-01-31","sample","2024-01-24","2024-01-31",10101,2,"52024",1,0.8393,"REG",0.317,0.4548,"REG",0.1713,0.1275,"REG",0.0467,0.1762,"REG",0.0629,0.6748,"REG",0.2676,0.0338,"LOD",0.0205,0.006,"LOD",0.0146,0.0307,"LOD",0.0207,0.0764,"REG",0.0255,0.0299,"REG",0.017,0.0743,"REG",0.0291,0.042,"LOD",0.0331,0.2375,"REG",0.0961,0.3935,"REG",0.1072,0.038,"REG",0.027,0.0513,"REG",0.0246,0.0736,"REG",0.0412,0.0261,"LOD",0.0319,0.0586,"LOD",0.0536,0.042,"LOD",0.0306,0.0428,"LOD",0.0264,0.1844,"REG",0.0502,0.1041,"REG",0.0526,0.3863,"REG",0.1361,0.3655,"REG",0.1381,1.1314,"REG",0.4199,0.1633,"REG",0.0609,0.1973,"REG",0.0837,0.0676,"REG",0.0282,0.0183,"REG",0.0115,0.0034,"ND",0.0057,0.0016,"ND",0.0027,5e-4,"ND",8e-4,0.0144,"LOD",0.0124,0.3704,"REG",0.1347,0.0439,"REG",0.0168,0.0484,"REG",0.0089,0.0943,"REG",0.0232,0.23571452142880714,0.4,1.0155,"REG",2.2726,"REG","Winter"
"14","Finnegan Playground","rotating","39.938448, -75.192335",39.938448,-75.192335,NA,"Industrial","Mixed Use","Low","Commissary kitchen","LowT/I","P726611","P726611 021524 020724 Finnegan Playground SS","P726611 021524 020724 Finnegan Playground SS.D","2024-02-15","2024-02-07","sample","2024-01-31","2024-02-07",10140,2,"62024",1,0.6529,"REG",0.2466,0.5948,"REG",0.2239,0.1023,"REG",0.0375,0.1392,"REG",0.0511,0.6051,"REG",0.2399,0.0087,"ND",0.0145,0.012,"LOD",0.0149,0.017,"LOD",0.0187,0.0415,"LOD",0.0228,0.0223,"LOD",0.0161,0.0575,"REG",0.0235,0.0239,"LOD",0.0303,0.1984,"REG",0.0803,0.3394,"REG",0.0925,0.0848,"REG",0.0462,0.0593,"REG",0.0276,0.0493,"REG",0.0351,0.0207,"LOD",0.031,0.0649,"LOD",0.053900000000000003,0.0478,"LOD",0.0315,0.0558,"REG",0.0289,0.1377,"REG",0.0398,0.0921,"REG",0.0497,0.3007,"REG",0.109,0.4451,"REG",0.1663,1.1459,"REG",0.425,0.204,"REG",0.0761,0.2277,"REG",0.0936,0.0786,"REG",0.0319,0.0182,"REG",0.0115,0.0034,"ND",0.0057,0.0016,"ND",0.0027,5e-4,"ND",8e-4,0.0144,"LOD",0.0124,0.4115,"REG",0.1495,0.0438,"REG",0.0168,0.0307,"REG",0.0059,0.2254,"REG",0.0553,0.2348079271156194,0.96,0.7921,"REG",2.0943,"REG","Winter"
"15","31st & Grays Ferry","rotating","39.93924766, -75.1944459",39.93924766,-75.1944459,NA,"Industrial","Commercial","High","Fire station","HighT/I","P726604","P726604 090723 083023 Grays Ferry Ave SS","P726604 090723 083023 Grays Ferry Ave SS.D","2023-09-07","2023-08-30","sample","2023-08-23","2023-08-30",9945,2,"352023",1,0.6177,"REG",0.2333,0.2262,"REG",0.0856,0.1152,"REG",0.0422,0.1636,"REG",0.0589,0.4963,"REG",0.1968,0.042,"REG",0.0222,0.0245,"LOD",0.0167,0.0295,"LOD",0.0207,0.0882,"REG",0.0269,0.0379,"REG",0.0183,0.0922,"REG",0.0354,0.0422,"LOD",0.0335,0.1243,"REG",0.0504,0.1547,"REG",0.0424,0.0098,"ND",0.0164,0.0136,"REG",0.0136,0.0499,"REG",0.0357,0.0562,"REG",0.0394,0.0676,"LOD",0.0551,0.067,"REG",0.0358,0.0591,"REG",0.03,0.1274,"REG",0.0379,0.1291,"REG",0.0592,0.282,"REG",0.1036,0.287,"REG",0.1108,0.7661,"REG",0.2901,0.0474,"REG",0.0177,0.2752,"REG",0.1101,0.0395,"REG",0.0197,0.0107,"LOD",0.0105,0.0035,"ND",0.0058,0.0017,"ND",0.0028,5e-4,"ND",8e-4,0.0098,"LOD",0.0123,0.1881,"REG",0.0695,0.0282,"REG",0.011,0.0089,"REG",0.0027,0.0575,"REG",0.0141,0.2394120041178865,0.24,0.7813,"REG",1.619,"REG","Summer"
"15","31st & Grays Ferry","rotating","39.93924766, -75.1944459",39.93924766,-75.1944459,NA,"Industrial","Commercial","High","Fire station","HighT/I","P726647","P726647 090823 090623 Grays Ferry Ave SS","P726647 090823 090623 Grays Ferry Ave SS.D","2023-09-08","2023-09-06","sample","2023-08-30","2023-09-06",9975,2,"362023",1,0.666,"REG",0.2515,0.2444,"REG",0.0924,0.1199,"REG",0.044,0.179,"REG",0.0638,0.4991,"REG",0.1979,0.0304,"LOD",0.0202,0.0214,"LOD",0.0162,0.019,"LOD",0.0192,0.0704,"REG",0.0252,0.0681,"REG",0.0238,0.0668,"REG",0.0266,0.0299,"LOD",0.0315,0.1046,"REG",0.0424,0.1409,"REG",0.0386,0.0792,"REG",0.0438,0.0428,"REG",0.0217,0.0595,"REG",0.0378,0.0506,"LOD",0.0378,0.1008,"REG",0.0581,0.0547,"REG",0.0331,0.0389,"LOD",0.0259,0.0936,"REG",0.0311,0.0816,"REG",0.048,0.2078,"REG",0.0815,0.2245,"REG",0.0894,0.6683,"REG",0.2559,3e-4,"ND",5e-4,0.1688,"REG",0.0749,0.0624,"REG",0.0266,0.0376,"REG",0.0162,0.0455,"REG",0.0187,0.0017,"ND",0.0028,5e-4,"ND",8e-4,0.0153,"LOD",0.0126,0.1875,"REG",0.0693,0.0281,"REG",0.0109,0.0089,"REG",0.0027,0.0239,"REG",0.006,0.23869196801527628,0.1,0.845,"REG",1.7084000000000001,"REG","Summer"
"15","31st & Grays Ferry","rotating","39.93924766, -75.1944459",39.93924766,-75.1944459,NA,"Industrial","Commercial","High","Fire station","HighT/I","P726662","P726662 020824 013124 Grays Ferry SS","P726662 020824 013124 Grays Ferry SS.D","2024-02-08","2024-01-31","sample","2024-01-24","2024-01-31",10108,2,"52024",1,1.1638,"REG",0.4395,0.4916,"REG",0.1851,0.1669,"REG",0.0611,0.2333,"REG",0.0815,0.8512,"REG",0.3375,0.0413,"REG",0.0219,0.0211,"LOD",0.016,0.0409,"REG",0.0226,0.1007,"REG",0.028,0.0373,"REG",0.018,0.0989,"REG",0.0377,0.048,"LOD",0.0342,0.2437,"REG",0.0986,0.4196,"REG",0.1143,0.0898,"REG",0.0484,0.0719,"REG",0.0324,0.1363,"REG",0.0609,0.0314,"LOD",0.0329,0.0981,"REG",0.0572,0.06,"REG",0.0339,0.0527,"REG",0.0283,0.1975,"REG",0.0531,0.1389,"REG",0.0614,0.374,"REG",0.1321,0.4059,"REG",0.1524,1.2249,"REG",0.4535,0.1682,"REG",0.0628,0.218,"REG",0.0905,0.0675,"REG",0.0282,0.0116,"LOD",0.0104,0.0034,"ND",0.0057,0.0016,"ND",0.0027,5e-4,"ND",8e-4,0.0144,"LOD",0.0124,0.3559,"REG",0.1295,0.0439,"REG",0.0168,0.0264,"REG",0.0052,0.0848,"REG",0.0208,0.23555128422560162,0.36,1.3971,"REG",2.9067999999999996,"REG","Winter"
"15","31st & Grays Ferry","rotating","39.93924766, -75.1944459",39.93924766,-75.1944459,NA,"Industrial","Commercial","High","Fire station","HighT/I","P726612","P726612 021724 020724 Grays Ferry SS","P726612 021724 020724 Grays Ferry SS.D","2024-02-17","2024-02-07","sample","2024-01-31","2024-02-07",10140,2,"62024",1,0.8995,"REG",0.3397,0.6256,"REG",0.2355,0.1319,"REG",0.0483,0.1859,"REG",0.066,1.0457,"REG",0.4147,0.0225,"LOD",0.0188,0.012,"LOD",0.0149,0.017,"LOD",0.0187,0.0519,"REG",0.0235,0.0261,"LOD",0.0165,0.074,"REG",0.029,0.0239,"LOD",0.0303,0.2557,"REG",0.1034,0.392,"REG",0.1068,0.2022,"REG",0.1019,0.1045,"REG",0.0453,0.0637,"REG",0.0385,0.026,"LOD",0.0318,0.0912,"REG",0.0563,0.0598,"REG",0.0338,0.0722,"REG",0.0328,0.164,"REG",0.0455,0.1037,"REG",0.0524,0.3608,"REG",0.1279,0.5361,"REG",0.199,1.484,"REG",0.5469,0.2276,"ULOD",0.0849,0.2796,"REG",0.1113,0.0446,"REG",0.021,0.0116,"LOD",0.0104,0.0034,"ND",0.0057,0.0185,"REG",0.0067,5e-4,"ND",8e-4,0.0144,"LOD",0.0124,0.4115,"REG",0.1495,0.0438,"REG",0.0168,0.0263,"REG",0.0052,0.2066,"REG",0.0507,0.2348079271156194,0.88,1.0854,"REG",2.8886000000000003,"REG","Winter"
"16","Crescent Park","rotating","39.93965, -75.204199",39.93965,-75.204199,NA,"Industrial","Open Space","Low","FedEx warehouse, municipal waste transfer station","LowT/I","P726668","P726668 102723 102523 Crescent Park SS","P726668 102723 102523 Crescent Park SS.D","2023-10-27","2023-10-25","sample","2023-10-18","2023-10-25",10009,2,"432023",1,0.5838,"REG",0.2205,0.2342,"REG",0.0886,0.0944,"REG",0.0347,0.1209,"REG",0.0455,0.355,"REG",0.1408,0.019,"LOD",0.0186,0.0122,"LOD",0.0151,0.0138,"LOD",0.0187,0.0421,"LOD",0.0231,0.0302,"REG",0.0171,0.0491,"REG",0.0208,0.0182,"LOD",0.0301,0.1244,"REG",0.0504,0.2198,"REG",0.06,0.0233,"REG",0.0227,0.0254,"REG",0.0162,0.0434,"LOD",0.0342,0.0124,"LOD",0.0305,0.0333,"LOD",0.0526,0.0484,"LOD",0.0319,0.0532,"REG",0.0286,0.1259,"REG",0.0375,0.0823,"REG",0.0481,0.3046,"REG",0.1104,0.4509,"REG",0.1685,1.218,"REG",0.4511,0.1751,"ULOD",0.0654,0.2724,"REG",0.109,0.0402,"REG",0.0199,0.0049,"ND",0.0081,0.0034,"ND",0.0057,0.0016,"ND",0.0027,5e-4,"ND",8e-4,0.0322,"REG",0.0146,0.3019,"REG",0.1101,0.0373,"REG",0.0144,0.0222,"REG",0.0045,0.138,"REG",0.0339,0.2378811450646799,0.58,0.7047,"REG",1.3882999999999999,"REG","Summer"
"16","Crescent Park","rotating","39.93965, -75.204199",39.93965,-75.204199,NA,"Industrial","Open Space","Low","FedEx warehouse, municipal waste transfer station","LowT/I","P726617","P726617 111023 110123 Crescent Park SS RR","P726617 111023 110123 Crescent Park SS RR.D","2023-11-10","2023-11-01","sample","2023-10-25","2023-11-01",9558,2,"442023",1,0.7376,"REG",0.2786,0.3171,"REG",0.1197,0.1193,"REG",0.0437,0.1597,"REG",0.058,0.7431,"REG",0.2946,0.0278,"LOD",0.0205,0.0159,"LOD",0.0161,0.0253,"LOD",0.0208,0.0624,"REG",0.0254,0.0237,"LOD",0.017,0.0602,"REG",0.0246,0.0317,"LOD",0.033,0.1768,"REG",0.0716,0.2713,"REG",0.074,0.1315,"REG",0.0682,0.0806,"REG",0.036,0.074,"REG",0.0425,0.03,"LOD",0.0342,0.0704,"LOD",0.0573,0.0571,"REG",0.0346,0.0487,"REG",0.0285,0.1325,"REG",0.0394,0.0972,"REG",0.0527,0.2935,"REG",0.10780000000000001,0.4078,"REG",0.1535,1.1359,"REG",0.4223,0.1423,"REG",0.0531,0.2203,"REG",0.0923,0.0517,"REG",0.0236,0.0112,"LOD",0.0109,0.0103,"LOD",0.0082,0.0017,"ND",0.0029,0.0154,"REG",0.0052,0.0273,"REG",0.0144,0.3011,"REG",0.1099,0.0381,"REG",0.0147,0.0279,"REG",0.0055,0.1345,"REG",0.033,0.24910571049930752,0.54,0.8973,"REG",2.0768,"REG","Summer"
"16","Crescent Park","rotating","39.93965, -75.204199",39.93965,-75.204199,NA,"Industrial","Open Space","Low","FedEx warehouse, municipal waste transfer station","LowT/I","P726668","P726668 122123 121323 Crescent Park SS","P726668 122123 121323 Crescent Park SS.D","2023-12-21","2023-12-13","sample","2023-12-06","2023-12-13",9454,2,"502023",1,1.0525,"REG",0.3975,0.4264,"REG",0.1607,0.1571,"REG",0.0575,0.221,"REG",0.0778,0.6306,"REG",0.2501,0.0361,"LOD",0.0219,0.0226,"LOD",0.0171,0.0292,"LOD",0.0215,0.0742,"REG",0.0266,0.0359,"REG",0.0187,0.0881,"REG",0.0341,0.0385,"LOD",0.0343,0.2143,"REG",0.0867,0.3942,"REG",0.1074,0.0609,"REG",0.0365,0.0423,"REG",0.0219,0.0805,"REG",0.0445,0.04,"LOD",0.0365,0.0811,"LOD",0.0588,0.0897,"REG",0.0421,0.1021,"REG",0.0417,0.2327,"REG",0.0618,0.1369,"REG",0.0626,0.4902,"REG",0.1703,0.8028,"REG",0.2957,2.2122,"REG",0.8114,0.3881,"ULOD",0.1448,0.4008,"REG",0.1548,0.09,"REG",0.0361,0.0319,"REG",0.0151,0.0036,"ND",0.0061,0.0017,"ND",0.0029,0.0097,"REG",0.0033,0.027,"REG",0.0145,0.3957,"REG",0.1439,0.0494,"REG",0.0189,0.0282,"REG",0.0055,0.2418,"REG",0.0593,0.25184603141023704,0.96,1.2735,"REG",2.4876,"REG","Winter"
"16","Crescent Park","rotating","39.93965, -75.204199",39.93965,-75.204199,NA,"Industrial","Open Space","Low","FedEx warehouse, municipal waste transfer station","LowT/I","P726659","P726659 122123 122023 Crescent Park SS","P726659 122123 122023 Crescent Park SS.D","2023-12-21","2023-12-20","sample","2023-12-13","2023-12-20",9866,2,"512023",1,0.6755,"REG",0.2551,0.3959,"REG",0.1492,0.1049,"REG",0.0385,0.1478,"REG",0.054,0.4921,"REG",0.1951,0.0269,"LOD",0.0198,0.0155,"LOD",0.0156,0.028,"LOD",0.0206,0.0676,"REG",0.0252,0.0306,"REG",0.0174,0.076,"REG",0.0298,0.0369,"LOD",0.0328,0.2642,"REG",0.1069,0.2966,"REG",0.0809,0.459,"REG",0.2279,0.4333,"REG",0.1812,0.0771,"REG",0.0426,0.0329,"LOD",0.0338,0.0845,"LOD",0.0569,0.0553,"REG",0.0335,0.0877,"REG",0.0372,0.1622,"REG",0.0454,0.1073,"REG",0.054,0.3337,"REG",0.1197,0.5822,"REG",0.2157,1.5793,"REG",0.5816,0.3396,"ULOD",0.1268,0.2454,"REG",0.1,0.0067,"ND",0.0112,0.0238,"REG",0.0128,0.0035,"ND",0.0058,0.0334,"REG",0.0111,0.0112,"REG",0.0038,0.0315,"REG",0.0146,0.3646,"REG",0.1327,0.0379,"REG",0.0146,0.027,"REG",0.0053,0.2413,"REG",0.0592,0.24132904732945273,1,0.8232999999999999,"REG",1.8161999999999998,"REG","Winter"
"18","Audenreid School","rotating","39.93416729, -75.19723264",39.93416729,-75.19723264,NA,"Non-Industrial","Residential","Low",NA,"LowT/NoI","P726664","P726664 102723 102523 Audenreid SS","P726664 102723 102523 Audenreid SS.D","2023-10-27","2023-10-25","sample","2023-10-18","2023-10-25",10061,2,"432023",1,1.7877,"REG",0.6751,0.4504,"REG",0.1696,0.2927,"REG",0.1071,0.3714,"REG",0.1275,0.9199,"REG",0.3648,0.0528,"REG",0.0243,0.0333,"REG",0.0181,0.0446,"REG",0.0234,0.1325,"REG",0.0319,0.045,"REG",0.0193,0.1565,"REG",0.0583,0.0602,"REG",0.0369,0.3546,"REG",0.1434,0.7156,"REG",0.1949,0.0753,"REG",0.042,0.1039,"REG",0.0451,0.0625,"REG",0.0384,0.0285,"LOD",0.0325,0.0596,"LOD",0.053900000000000003,0.1446,"REG",0.0564,0.1389,"REG",0.0518,0.3638,"REG",0.0927,0.2689,"REG",0.1005,0.8,"REG",0.2714,1.3558,"REG",0.4967,3.4078,"REG",1.246,0.4381,"ULOD",0.1635,0.7209,"REG",0.2703,0.0743,"REG",0.0304,0.0253,"REG",0.013,0.0153,"REG",0.009,0.0016,"ND",0.0027,0.0109,"REG",0.0037,0.0431,"REG",0.0164,0.3146,"REG",0.1147,0.0464,"REG",0.0178,0.0177,"REG",0.0038,0.1373,"REG",0.0337,0.23665166295123558,0.58,2.1591,"REG",3.8221000000000003,"REG","Summer"
"18","Audenreid School","rotating","39.93416729, -75.19723264",39.93416729,-75.19723264,NA,"Non-Industrial","Residential","Low",NA,"LowT/NoI","P726616","P726616 111023 110123 Audenreid SS RR","P726616 111023 110123 Audenreid SS RR.D","2023-11-10","2023-11-01","sample","2023-10-25","2023-11-01",9564,2,"442023",1,1.7678,"REG",0.6676,0.513,"REG",0.1932,0.276,"REG",0.101,0.3742,"REG",0.1286,1.4278,"REG",0.5661,0.0595,"REG",0.0264,0.0383,"REG",0.0196,0.0505,"REG",0.0254,0.1504,"REG",0.0349,0.0552,"REG",0.0217,0.1473,"REG",0.0551,0.0697,"REG",0.0404,0.487,"REG",0.1969,0.7452,"REG",0.2029,0.2111,"REG",0.1064,0.1895,"REG",0.0801,0.0944,"REG",0.0482,0.0413,"LOD",0.0365,0.0913,"LOD",0.0591,0.1648,"REG",0.0632,0.1322,"REG",0.0503,0.4043,"REG",0.1027,0.3186,"REG",0.1171,0.8543,"REG",0.2898,1.1153,"REG",0.4092,3.1268,"REG",1.1439,0.2958,"ULOD",0.1104,0.6494,"REG",0.2445,0.1358,"REG",0.0521,0.0393,"REG",0.0169,0.0137,"LOD",0.0089,0.0017,"ND",0.0029,0.0153,"REG",0.0052,0.0331,"REG",0.0152,0.3009,"REG",0.1099,0.0381,"REG",0.0147,0.0279,"REG",0.0055,0.1295,"REG",0.0318,0.24894943339108963,0.52,2.142,"REG",4.3588000000000005,"REG","Summer"
"18","Audenreid School","rotating","39.93416729, -75.19723264",39.93416729,-75.19723264,NA,"Non-Industrial","Residential","Low",NA,"LowT/NoI","P733876","P733876 122123 121323 Audenreid SS","P733876 122123 121323 Audenreid SS.D","2023-12-21","2023-12-13","sample","2023-12-06","2023-12-13",9403,2,"502023",1,1.6051,"REG",0.6062,0.6414,"REG",0.2415,0.2377,"REG",0.087,0.3398,"REG",0.1171,1.0458,"REG",0.4147,0.0565,"REG",0.026,0.0357,"REG",0.0193,0.0477,"REG",0.0251,0.1306,"REG",0.0327,0.0522,"REG",0.0214,0.1418,"REG",0.0531,0.058,"LOD",0.0381,0.3664,"REG",0.1482,0.687,"REG",0.1871,0.1119,"REG",0.0591,0.0913,"REG",0.0403,0.1017,"REG",0.0508,0.046,"LOD",0.0381,0.1028,"REG",0.0612,0.1547,"REG",0.0604,0.1805,"REG",0.0654,0.4183,"REG",0.1062,0.2502,"REG",0.0957,0.8689,"REG",0.2947,1.3962,"REG",0.5116,3.784,"REG",1.3834,0.6325,"ULOD",0.2361,0.6381,"REG",0.2405,0.1027,"REG",0.0405,0.0535,"REG",0.0212,0.0174,"REG",0.0099,0.0018,"ND",0.0029,5e-4,"ND",8e-4,0.0331,"REG",0.0154,0.3826,"REG",0.1392,0.0497,"REG",0.019,0.0236,"REG",0.0048,0.2431,"REG",0.0596,0.2532119941457387,0.96,1.9449,"REG",3.8698,"REG","Winter"
"18","Audenreid School","rotating","39.93416729, -75.19723264",39.93416729,-75.19723264,NA,"Non-Industrial","Residential","Low",NA,"LowT/NoI","P726662","P726662 122123 122023 Audenreid SS","P726662 122123 122023 Audenreid SS.D","2023-12-21","2023-12-20","sample","2023-12-13","2023-12-20",9867,2,"512023",1,1.1604,"REG",0.4383,0.5036,"REG",0.1896,0.1708,"REG",0.0625,0.2491,"REG",0.0868,0.7853,"REG",0.3114,0.0423,"REG",0.0224,0.0062,"LOD",0.015,0.0349,"LOD",0.0218,0.096,"REG",0.0279,0.0382,"REG",0.0185,0.1013,"REG",0.0386,0.043,"LOD",0.0339,0.2576,"REG",0.1042,0.4858,"REG",0.1323,0.0874,"REG",0.0475,0.0659,"REG",0.0302,0.0623,"REG",0.0388,0.0274,"LOD",0.0328,0.0642,"LOD",0.0552,0.1106,"REG",0.0469,0.1315,"REG",0.0498,0.2905,"REG",0.0751,0.1908,"REG",0.0767,0.5809,"REG",0.1994,0.9563,"REG",0.3513,2.7181,"REG",0.995,0.4657,"ULOD",0.1738,0.4267,"REG",0.1636,0.0746,"REG",0.0306,0.0306,"REG",0.0144,0.0035,"ND",0.0058,0.0017,"ND",0.0028,0.0093,"REG",0.0032,0.0203,"LOD",0.0132,0.35,"REG",0.1274,0.0379,"REG",0.0146,0.0225,"REG",0.0046,0.2172,"REG",0.0533,0.24130458913067612,0.9,1.4095,"REG",2.8691999999999998,"REG","Winter"
"19","Carl Moore Health Center","rotating","39.93592967, -75.19557444",39.93592967,-75.19557444,NA,"Non-Industrial","Mixed Use","Low","Medical clinic","LowT/NoI","P726667","P726667 102723 102523 Carl Moore Health Center SS","P726667 102723 102523 Carl Moore Health Center SS.D","2023-10-27","2023-10-25","sample","2023-10-18","2023-10-25",10008,2,"432023",1,1.1833,"REG",0.4469,0.3841,"REG",0.1448,0.1794,"REG",0.0657,0.2367,"REG",0.0827,0.6994,"REG",0.2773,0.0303,"LOD",0.0201,0.0183,"LOD",0.0158,0.0276,"LOD",0.0203,0.0806,"REG",0.0261,0.0339,"REG",0.0176,0.0991,"REG",0.0378,0.0363,"LOD",0.0324,0.2533,"REG",0.1025,0.4197,"REG",0.1143,0.0994,"REG",0.0529,0.0795,"REG",0.0354,0.0678,"REG",0.0398,0.0232,"LOD",0.0318,0.06,"LOD",0.0542,0.0969,"REG",0.0429,0.1031,"REG",0.0413,0.2458,"REG",0.0645,0.1881,"REG",0.0756,0.5483,"REG",0.1886,0.9121,"REG",0.3352,2.3981,"REG",0.8785,0.3348,"ULOD",0.125,0.5669,"REG",0.2141,0.0747,"REG",0.0306,0.0121,"REG",0.0106,0.0121,"LOD",0.0083,0.0016,"ND",0.0027,5e-4,"ND",8e-4,0.0377,"REG",0.0155,0.3019,"REG",0.1101,0.0374,"REG",0.0144,0.0178,"REG",0.0039,0.1332,"REG",0.0327,0.237904914163907,0.56,1.42,"REG",2.6829,"REG","Summer"
"19","Carl Moore Health Center","rotating","39.93592967, -75.19557444",39.93592967,-75.19557444,NA,"Non-Industrial","Mixed Use","Low","Medical clinic","LowT/NoI","P726615","P726615 111023 110123 CM Health Center SS RR","P726615 111023 110123 CM Health Center SS RR.D","2023-11-10","2023-11-01","sample","2023-10-25","2023-11-01",9588,2,"442023",1,1.1376,"REG",0.4296,0.44,"REG",0.1658,0.1763,"REG",0.0645,0.2415,"REG",0.0845,0.976,"REG",0.387,0.0396,"REG",0.0223,0.0254,"LOD",0.0173,0.036,"LOD",0.0224,0.0951,"REG",0.0283,0.0394,"REG",0.019,0.0947,"REG",0.0364,0.0442,"LOD",0.0349,0.284,"REG",0.1148,0.4443,"REG",0.1211,0.1261,"REG",0.0656,0.1065,"REG",0.0462,0.089,"REG",0.0466,0.0242,"LOD",0.0331,0.0772,"LOD",0.0577,0.1011,"REG",0.0448,0.0764,"REG",0.0347,0.2155,"REG",0.0577,0.1828,"REG",0.0749,0.4706,"REG",0.1638,0.6204,"REG",0.2297,1.7681,"REG",0.6502,0.206,"ULOD",0.0769,0.4282,"REG",0.1644,0.1115,"REG",0.0435,0.0252,"REG",0.0134,0.0137,"LOD",0.0089,0.0017,"ND",0.0029,5e-4,"ND",8e-4,0.0272,"REG",0.0144,0.2851,"REG",0.1042,0.038,"REG",0.0146,0.0278,"REG",0.0055,0.1341,"REG",0.0329,0.2483262808669567,0.54,1.3791,"REG",2.9713999999999996,"REG","Summer"
"19","Carl Moore Health Center","rotating","39.93592967, -75.19557444",39.93592967,-75.19557444,NA,"Non-Industrial","Mixed Use","Low","Medical clinic","LowT/NoI","P733841","P733841 122123 121323 Carl Moore Health Center SS","P733841 122123 121323 Carl Moore Health Center SS.D","2023-12-21","2023-12-13","sample","2023-12-06","2023-12-13",9451,2,"502023",1,1.2946,"REG",0.4889,0.6051,"REG",0.2278,0.1942,"REG",0.0711,0.2712,"REG",0.0943,0.8424,"REG",0.334,0.0442,"REG",0.0234,0.029,"LOD",0.0181,0.0401,"REG",0.0234,0.104,"REG",0.0295,0.0439,"REG",0.0199,0.1146,"REG",0.0434,0.0513,"LOD",0.0366,0.269,"REG",0.1088,0.5072,"REG",0.1382,0.066,"REG",0.0386,0.0555,"REG",0.0266,0.1063,"REG",0.0521,0.04,"LOD",0.0365,0.0882,"LOD",0.0594,0.109,"REG",0.0472,0.1303,"REG",0.0499,0.3033,"REG",0.0784,0.1743,"REG",0.0728,0.6323,"REG",0.2166,1.0201,"REG",0.3746,2.7571,"REG",1.0095,0.4831,"ULOD",0.1803,0.5235,"REG",0.1989,0.09,"REG",0.0361,0.0391,"REG",0.017,0.0139,"LOD",0.009,0.0017,"ND",0.0029,0.0097,"REG",0.0033,0.0329,"REG",0.0153,0.3958,"REG",0.144,0.0494,"REG",0.0189,0.0235,"REG",0.0048,0.2267,"REG",0.0556,0.25192597407177875,0.9,1.5657999999999999,"REG",3.2075,"REG","Winter"
"19","Carl Moore Health Center","rotating","39.93592967, -75.19557444",39.93592967,-75.19557444,NA,"Non-Industrial","Mixed Use","Low","Medical clinic","LowT/NoI","P726660","P726660 122123 122023 Carl Moore Health Center SS","P726660 122123 122023 Carl Moore Health Center SS.D","2023-12-21","2023-12-20","sample","2023-12-13","2023-12-20",9867,2,"512023",1,0.9143,"REG",0.3453,0.4972,"REG",0.1873,0.1353,"REG",0.0496,0.2011,"REG",0.0711,0.643,"REG",0.255,0.0462,"REG",0.0231,0.0278,"LOD",0.0173,0.0384,"REG",0.0224,0.0925,"REG",0.0275,0.0421,"REG",0.019,0.1098,"REG",0.0416,0.0491,"LOD",0.035,0.1922,"REG",0.0778,0.3642,"REG",0.0992,0.1115,"REG",0.0586,0.0448,"REG",0.0224,0.1661,"REG",0.0716,0.0383,"LOD",0.035,0.1385,"REG",0.0634,0.086,"REG",0.0404,0.1012,"REG",0.0409,0.2162,"REG",0.0576,0.1312,"REG",0.0599,0.4326,"REG",0.1512,0.7588,"REG",0.2796,2.081,"REG",0.7635,0.4048,"ULOD",0.1511,0.32,"REG",0.1257,0.0746,"REG",0.0306,0.0306,"REG",0.0144,0.0035,"ND",0.0058,0.0017,"ND",0.0028,5e-4,"ND",8e-4,0.0259,"REG",0.0139,0.3646,"REG",0.1327,0.0474,"REG",0.0181,0.0225,"REG",0.0046,0.2413,"REG",0.0592,0.24130458913067612,1,1.1154,"REG",2.3909,"REG","Winter"
"20","Vare & New Hope","rotating","39.92957166, -75.1962242",39.92957166,-75.1962242,NA,"Non-Industrial","Mixed Use","High","Car dealer, auto body shop","HighT/NoI","P726609","P726609 101323 101123 Vare st. SS","P726609 101323 101123 Vare st SS.D","2023-10-13","2023-10-11","sample","2023-10-04","2023-10-11",10002,1.99,"412023",1,0.8583,"REG",0.3242,0.4133,"REG",0.1557,0.1239,"REG",0.0454,0.1833,"REG",0.0652,0.5566,"REG",0.2207,0.0088,"ND",0.0147,0.0073,"ND",0.0122,0.024,"LOD",0.0198,0.0663,"REG",0.0248,0.0338,"REG",0.0176,0.0738,"REG",0.029,0.0301,"LOD",0.0315,0.188,"REG",0.0761,0.378,"REG",0.103,0.0181,"REG",0.0215,0.0417,"REG",0.0213,0.048,"LOD",0.0352,0.0177,"LOD",0.031,0.053,"LOD",0.0537,0.1266,"REG",0.0512,0.0828,"REG",0.0357,0.185,"REG",0.0504,0.1521,"REG",0.0653,0.4125,"REG",0.1445,0.6938,"REG",0.256,1.8949,"REG",0.6958,0.3859,"ULOD",0.144,0.3655,"REG",0.1416,0.0742,"REG",0.0304,0.0186,"REG",0.0117,0.0186,"REG",0.0099,0.0016,"ND",0.0027,5e-4,"ND",8e-4,0.032,"REG",0.0146,0.3006,"REG",0.1097,0.0372,"REG",0.0143,0.0221,"REG",0.0045,0.1326,"REG",0.0326,0.2380476285695242,0.5572,1.0415999999999999,"REG",2.1353999999999997,"REG","Summer"
"20","Vare & New Hope","rotating","39.92957166, -75.1962242",39.92957166,-75.1962242,NA,"Non-Industrial","Mixed Use","High","Car dealer, auto body shop","HighT/NoI","P733876","P733876 102623 101823 Vare St. SS RENAME","P733876 102623 101823 Vare St SS RENAME.D","2023-10-26","2023-10-18","sample","2023-10-11","2023-10-18",10038,2,"422023",1,0.6888,"REG",0.2602,0.2522,"REG",0.0953,0.1041,"REG",0.0382,0.1521,"REG",0.0552,0.3921,"REG",0.1555,0.0227,"LOD",0.019,0.0121,"LOD",0.0151,0.0172,"LOD",0.0189,0.0524,"REG",0.0237,0.0226,"LOD",0.0162,0.0573,"REG",0.0234,0.0242,"LOD",0.0307,0.1048,"REG",0.0425,0.1594,"REG",0.0436,0.0043,"REG",0.0196,0.0212,"REG",0.0151,0.0335,"LOD",0.0324,0.0124,"LOD",0.0304,0.0266,"LOD",0.0522,0.0543,"REG",0.0329,0.0564,"REG",0.0292,0.1056,"REG",0.0333,0.0703,"LOD",0.0456,0.243,"REG",0.0916,0.327,"REG",0.1246,0.8918,"REG",0.3344,0.0975,"REG",0.0364,0.1667,"REG",0.0741,0.0172,"REG",0.0146,0.0048,"ND",0.0081,0.0121,"LOD",0.0083,0.0016,"ND",0.0027,5e-4,"ND",8e-4,0.0321,"REG",0.0146,0.3153,"REG",0.1149,0.0372,"REG",0.0143,0.0177,"REG",0.0039,0.0996,"REG",0.0245,0.23719390127041054,0.42,0.8409,"REG",1.5892999999999997,"REG","Summer"
"20","Vare & New Hope","rotating","39.92957166, -75.1962242",39.92957166,-75.1962242,NA,"Non-Industrial","Mixed Use","High","Car dealer, auto body shop","HighT/NoI","P726617","P726617 011624 011024 Vare St SS","P726617 011624 011024 Vare St SS.D","2024-01-16","2024-01-10","sample","2024-01-03","2024-01-10",10114,2,"22024",1,0.6603,"REG",0.2494,0.5654,"REG",0.2129,0.1186,"REG",0.0435,0.1462,"REG",0.0533,0.5953,"REG",0.2361,0.03,"LOD",0.0199,0.0181,"LOD",0.0156,0.0239,"LOD",0.0196,0.0548,"REG",0.0237,0.0295,"REG",0.0169,0.0816,"REG",0.0316,0.03,"LOD",0.0312,0.1977,"REG",0.08,0.3236,"REG",0.0882,0.1427,"REG",0.0732,0.0952,"REG",0.0415,0.0675,"REG",0.0395,0.0182,"LOD",0.0308,0.0573,"LOD",0.0535,0.0899,"REG",0.0409,0.0701,"REG",0.0323,0.2274,"REG",0.0601,0.1338,"REG",0.06,0.5016,"REG",0.1732,0.5476,"REG",0.2031,1.9793,"REG",0.7264,0.086,"ULOD",0.0321,0.3716,"REG",0.1436,0.042,"REG",0.0203,0.0265,"REG",0.0133,0.0034,"ND",0.0057,0.0016,"ND",0.0027,0.0091,"REG",0.0031,0.0198,"LOD",0.0129,0.2845,"REG",0.1039,0.0323,"REG",0.0125,0.0207,"REG",0.0043,0.10780000000000001,"REG",0.0265,0.23541154646553103,0.458,0.8065,"REG",2.0858,"REG","Winter"
"20","Vare & New Hope","rotating","39.92957166, -75.1962242",39.92957166,-75.1962242,NA,"Non-Industrial","Mixed Use","High","Car dealer, auto body shop","HighT/NoI","P733868","P733868 012524 011724 Vare St SS","P733868 012524 011724 Vare St SS.D","2024-01-25","2024-01-17","sample","2024-01-10","2024-01-17",9693,2,"32024",1,0.5416,"REG",0.2046,0.4997,"REG",0.1882,0.0722,"REG",0.0266,0.1309,"REG",0.0488,0.4588,"REG",0.1819,0.0235,"LOD",0.0197,0.0126,"LOD",0.0156,0.0213,"LOD",0.02,0.0536,"REG",0.0245,0.023,"LOD",0.0168,0.0507,"REG",0.0215,0.025,"LOD",0.0317,0.1797,"REG",0.0727,0.3102,"REG",0.0846,0.1292,"REG",0.067,0.1079,"REG",0.0468,0.0503,"LOD",0.0365,0.0134,"LOD",0.0315,0.053,"LOD",0.0553,0.075,"REG",0.0381,0.0491,"REG",0.0283,0.1616,"REG",0.0455,0.1153,"REG",0.0564,0.3472,"REG",0.1242,0.5185,"REG",0.1929,1.4758,"REG",0.5444,0.1584,"ULOD",0.0591,0.2682,"REG",0.1081,0.0795,"REG",0.0324,0.0208,"REG",0.0123,0.0036,"ND",0.0059,0.0017,"ND",0.0028,5e-4,"ND",8e-4,0.0264,"REG",0.0141,0.4305,"REG",0.1564,0.0337,"REG",0.013,0.0124,"REG",0.0032,0.3434,"REG",0.0843,0.24563627163441462,1.398,0.6725,"REG",1.7031999999999998,"REG","Winter"
"21","Universal Charter School at Vare","rotating","39.92640295, -75.18538637",39.92640295,-75.18538637,NA,"Non-Industrial","Mixed Use","High","Splash pad","HighT/NoI","P726610","P726610 101323 101123 Universal Charter at Vare SS","P726610 101323 101123 Universal Charter at Vare SS.D","2023-10-13","2023-10-11","sample","2023-10-04","2023-10-11",9985,1.99,"412023",1,0.9808,"REG",0.3704,0.4514,"REG",0.17,0.139,"REG",0.0509,0.2098,"REG",0.0739,0.6,"REG",0.2379,0.034,"LOD",0.0207,0.0213,"LOD",0.0162,0.0309,"LOD",0.0209,0.0769,"REG",0.0258,0.0376,"REG",0.0182,0.0905,"REG",0.0348,0.0423,"LOD",0.0334,0.2204,"REG",0.0892,0.4318,"REG",0.1176,0.0561,"REG",0.0339,0.0584,"REG",0.0273,0.0627,"REG",0.0386,0.0177,"LOD",0.0311,0.0597,"LOD",0.0543,0.1329,"REG",0.053,0.0929,"REG",0.0385,0.2053,"REG",0.055,0.1641,"REG",0.0687,0.4618,"REG",0.1605,0.787,"REG",0.2897,2.1069,"REG",0.7728,0.4471,"ULOD",0.1669,0.408,"REG",0.1568,0.0629,"REG",0.0267,0.0253,"REG",0.0131,0.0034,"ND",0.0057,0.0017,"ND",0.0028,5e-4,"ND",8e-4,0.0376,"REG",0.0155,0.2868,"REG",0.1047,0.1118,"REG",0.0425,0.0221,"REG",0.0045,0.1186,"REG",0.0291,0.23845291747144529,0.4975,1.1905999999999999,"REG",2.3810000000000002,"REG","Summer"
"21","Universal Charter School at Vare","rotating","39.92640295, -75.18538637",39.92640295,-75.18538637,NA,"Non-Industrial","Mixed Use","High","Splash pad","HighT/NoI","P733878","P733878 102623 101823 Universal Charter at Vare SS RENAME","P733878 102623 101823 Universal Charter at Vare SS RENAME.D","2023-10-26","2023-10-18","sample","2023-10-11","2023-10-18",10042,2,"422023",1,0.9802,"REG",0.3702,0.3205,"REG",0.1209,0.1489,"REG",0.0545,0.2149,"REG",0.0755,0.5403,"REG",0.2142,0.0302,"LOD",0.02,0.0213,"LOD",0.0161,0.0275,"LOD",0.0203,0.0769,"REG",0.0257,0.0413,"REG",0.0187,0.0905,"REG",0.0347,0.0362,"LOD",0.0323,0.1433,"REG",0.058,0.2324,"REG",0.0634,0.028,"REG",0.0239,0.0336,"REG",0.0186,0.0724,"REG",0.041,0.0231,"LOD",0.0316,0.0531,"LOD",0.0535,0.1026,"REG",0.0444,0.0828,"REG",0.0357,0.1587,"REG",0.0445,0.1289,"REG",0.0589,0.3522,"REG",0.1253,0.5005,"REG",0.1862,1.4036,"REG",0.518,0.1623,"ULOD",0.0606,0.3029,"REG",0.1195,0.0286,"REG",0.0169,0.0048,"ND",0.0081,0.0153,"REG",0.009,0.0016,"ND",0.0027,5e-4,"ND",8e-4,0.0432,"REG",0.0164,0.3296,"REG",0.12,0.0558,"REG",0.0213,0.0177,"REG",0.0038,0.1233,"REG",0.0303,0.23709942052901625,0.52,1.1951,"REG",2.2048,"REG","Summer"
"21","Universal Charter School at Vare","rotating","39.92640295, -75.18538637",39.92640295,-75.18538637,NA,"Non-Industrial","Mixed Use","High","Splash pad","HighT/NoI","P726657","P726657 011724 011024 Universal Charter at Vare SS","P726657 011724 011024 Universal Charter at Vare SS.D","2024-01-17","2024-01-10","sample","2024-01-03","2024-01-10",10068,2,"22024",1,0.7627,"REG",0.2881,0.6425,"REG",0.2418,0.1391,"REG",0.0509,0.173,"REG",0.0619,0.7122,"REG",0.2824,0.0339,"LOD",0.0206,0.0182,"LOD",0.0157,0.0274,"LOD",0.0202,0.0655,"REG",0.0246,0.0334,"REG",0.0175,0.0737,"REG",0.0289,0.0421,"LOD",0.0332,0.2435,"REG",0.0985,0.4112,"REG",0.112,0.1055,"REG",0.0557,0.0873,"REG",0.0384,0.0678,"REG",0.0397,0.0236,"LOD",0.0316,0.0576,"LOD",0.0537,0.1084,"REG",0.0459,0.0836,"REG",0.0359,0.3013,"REG",0.0776,0.1694,"REG",0.07,0.6371,"REG",0.2177,0.6825,"REG",0.2519,2.537,"REG",0.929,0.1381,"ULOD",0.0515,0.4255,"REG",0.1629,0.0651,"REG",0.0274,0.04,"REG",0.0168,0.0034,"ND",0.0057,0.0016,"ND",0.0027,5e-4,"ND",8e-4,0.0199,"LOD",0.013,0.2715,"REG",0.0992,0.0418,"REG",0.016,0.0207,"REG",0.0043,0.1083,"REG",0.0266,0.23648712564088015,0.458,0.9357,"REG",2.4295,"REG","Winter"
"21","Universal Charter School at Vare","rotating","39.92640295, -75.18538637",39.92640295,-75.18538637,NA,"Non-Industrial","Mixed Use","High","Splash pad","HighT/NoI","P733864","P733864 012524 011724 Universal Charter at Vare SS","P733864 012524 011724 Universal Charter at Vare SS.D","2024-01-25","2024-01-17","sample","2024-01-10","2024-01-17",9676,2,"32024",1,0.7419,"REG",0.2802,0.5652,"REG",0.2128,0.124,"REG",0.0455,0.1637,"REG",0.0592,0.5431,"REG",0.2154,0.0353,"LOD",0.0214,0.0189,"LOD",0.0163,0.0285,"LOD",0.021,0.0754,"REG",0.0262,0.0269,"LOD",0.0172,0.0767,"REG",0.0301,0.0376,"LOD",0.0335,0.1934,"REG",0.0783,0.3727,"REG",0.1016,0.1097,"REG",0.0579,0.0779,"REG",0.0349,0.0756,"REG",0.0427,0.019,"LOD",0.0322,0.0668,"LOD",0.0564,0.1002,"REG",0.0444,0.0595,"REG",0.0306,0.2033,"REG",0.0548,0.1277,"REG",0.0596,0.4487,"REG",0.1566,0.6466,"REG",0.2391,1.8918,"REG",0.695,0.1923,"ULOD",0.0718,0.3449,"REG",0.1347,0.0558,"REG",0.0248,0.0139,"LOD",0.0111,0.0036,"ND",0.0059,0.0017,"ND",0.0028,5e-4,"ND",8e-4,0.0207,"LOD",0.0135,0.4164,"REG",0.1513,0.0435,"REG",0.0167,0.0124,"REG",0.0032,0.3194,"REG",0.0784,0.24606783598102325,1.298,0.9056,"REG",2.1379,"REG","Winter"
