Box number,Tube number,Blanked prior,Date blanked,Date shipped to PA,Date received in ID,Days in RETURN transit,Time collected (DAYS),Purged,RUN/SPLIT TYPE,Qedited by,added to database,Q-Edit Method,MULTIPLIER,"FILE NAME (TUBE # + TODAY DATE + END DATE + LOCATION + (FB,LAB BLANK,DUP,etc)",LOCATION NUMBER,LOCATION,LOCATION LAT/LONG,Sample Type,START DATE,START TIME,User set up,END DATE,END TIME,User take down,COMMENTS,Date return shipped to ID,Tracking #,MONTH,USE SAMPLE
1,P733850,Y,2023,6/5/2023,6/15/2023,1,7,Y,DS,,,,,P733850 061623 061423 Bartrams 1WK DS bad,1,Bartrams,"39.92896, -75.212541",Sample,6/7/2023,11:18:00 AM,Karlin,6/7/2023,2:26:00 PM,Lisa,Capped backwards initially (arrow was pointing down towards silver diffusion cap) so taken down. Wildfire event,6/14/2023,7.70984E+11,,no
1,P733892,Y,2023,6/5/2023,6/15/2023,1,7,Y,DS,,,,,P733892 061623 061423 Bartrams 1WK DS bad,1,Bartrams,"39.92896, -75.212541",Duplicate,6/7/2023,11:18:00 AM,Karlin,6/7/2023,2:26:00 PM,Lisa,Capped backwards initially (arrow was pointing down towards silver diffusion cap) so taken down. Wildfire event,6/14/2023,7.70984E+11,,no
1,P733893,Y,2023,6/5/2023,6/15/2023,1,0,Y,NO SPLIT,GT (UV),,,1,P733893 061623 061423 Field blank,NA,Field blank,NA,Field Blank,6/7/2023,11:21:00 AM,Karlin,6/7/2023,11:21:00 AM,Karlin,Cap was loose to begin with - removed wrong side of cap. Wildfire event,6/14/2023,7.70984E+11,,no
1,P733894,Y,2023,6/5/2023,6/15/2023,1,7,Y,DS,,,,,P733894 061623 061423 Essington 1WK DS bad,2,Essington,"39.90131732, -75.2250262",Sample,6/7/2023,11:37:00 AM,Karlin,6/14/2023,1:52:00 PM,Karlin,Capped backwards initially (arrow was pointing down towards silver diffusion cap); still up. Wildfire event. Lightly raining during take down but capped under housing.,6/14/2023,7.70984E+11,,no
1,P733895,Y,2023,6/5/2023,6/15/2023,1,7,Y,DS,,,,,P733895 061623 061423 61st & Passyunk 1WK DS bad,3,61st & Passyunk,"39.91820446, -75.2085474",Sample,6/7/2023,11:53:00 AM,Karlin,6/14/2023,2:04:00 PM,Karlin,Capped backwards initially (arrow was pointing down towards silver diffusion cap); recapped correctly at 14:18. Wildfire event,6/14/2023,7.70984E+11,,no
1,P733896,Y,2023,6/5/2023,6/15/2023,1,7,Y,DS,,,,,P733896 061623 061423 28th & Passyunk 1WK DS bad,4,28th & Passyunk,"39.92061091, -75.1955879",Sample,6/7/2023,12:03:00 PM,Lisa,6/14/2023,2:15:00 PM,Karlin,Capped backwards initially (arrow was pointing down towards silver diffusion cap); recapped correcltly at 14:13. Wildfire event,6/14/2023,7.70984E+11,,no
1,P733897,Y,2023,6/5/2023,6/15/2023,1,7,Y,DS,,,,,P733897 061623 061423 Point Breeze Near 1WK DS bad,5,Point Breeze Near,"39.92624784, -75.1923165",Sample,6/7/2023,12:15:00 PM,Karlin,6/14/2023,2:31:00 PM,Karlin,Capped backwards initially (arrow was pointing down towards silver diffusion cap); recapped correctly at 14:01. Wildfire event,6/14/2023,7.70984E+11,,no
1,P733898,Y,2023,6/5/2023,6/15/2023,1,7,Y,DS,,,,,P733898 061623 061423 Point Breeze Mid 1WK DS bad,6,Point Breeze Mid,"39.92771763, -75.1873965",Sample,6/7/2023,12:25:00 PM,Lisa,6/14/2023,2:41:00 PM,Karlin,Capped backwards initially (arrow was pointing down towards silver diffusion cap); recapped correctly at 13:38.,6/14/2023,7.70984E+11,,no
1,P733899,Y,2023,6/5/2023,6/15/2023,1,7,Y,DS,,,,,P733899 061623 061423 Point Breeze Far 1WK DS bad,7,Point Breeze Far,"39.93094655, -75.1829941",Sample,6/7/2023,12:41:00 PM,Lisa,6/14/2023,2:52:00 PM,Karlin,Capped backwards initially (arrow was pointing down towards silver diffusion cap); recapped correctly at 13:53. Wildfire event,6/14/2023,7.70984E+11,,no
1,P733900,Y,2023,6/5/2023,6/15/2023,1,7,Y,DS,,,,,P733900 061623 061423 Ritner 1WK DS bad,8,Ritner,"39.92296389, -75.186874",Sample,6/7/2023,12:52:00 PM,Rachit,6/14/2023,3:01:00 PM,Karlin,Capped backwards initially (arrow was pointing down towards silver diffusion cap); recapped correctly at 13:44. Wildfire event,6/14/2023,7.70984E+11,,no
2,P733860,Y,2023,6/5/2023,6/15/2023,1,7,Y,DS,,,,,P733860 061623 061423 26th ST East 1WK DS bad,9,26th ST East,"39.91327125, -75.1922011",Sample,6/7/2023,1:14:00 PM,Rachit,6/14/2023,3:16:00 PM,Karlin,Capped backwards initially (arrow was pointing down towards silver diffusion cap); recapped correctly at 13:21. Wildfire event,6/14/2023,7.70984E+11,,no
2,P733863,Y,2023,6/5/2023,6/15/2023,1,7,Y,SS,KW (main),MAIN,,2,P733863 061623 061423 26th ST East 1WK SS,9,26th ST East,"39.91327125, -75.1922011",Sample,6/7/2023,1:21:00 PM,Rachit,6/14/2023,3:16:00 PM,Karlin,Strong smells from refinery. Wildfire event,6/14/2023,7.70984E+11,June,
2,P726619,Y,2023,6/5/2023,6/15/2023,1,7,Y,SS,KW (main),MAIN,name changed,2,P726619 061723 061423 Point Breeze Mid 1WK SS RR,6,Point Breeze Mid,"39.92771763, -75.1873965",Sample,6/7/2023,1:38:00 PM,Rachit,6/14/2023,2:41:00 PM,Karlin,Wildfire event,6/14/2023,7.70984E+11,June,
2,P733869,Y,2023,6/5/2023,6/15/2023,1,7,Y,SS,KW (main),MAIN,,2,P733869 061623 061423 Ritner 1WK SS,8,Ritner,"39.92296389, -75.186874",Sample,6/7/2023,1:44:00 PM,Lisa,6/14/2023,3:01:00 PM,Karlin,Wildfire event,6/14/2023,7.70984E+11,June,
2,P726605,Y,2023,6/5/2023,6/15/2023,1,7,Y,SS,GT (UV),UV,,2,P726605 061623 061423 Point Breeze Far 1WK SS,7,Point Breeze Far,"39.93094655, -75.1829941",Sample,6/7/2023,1:53:00 PM,Lisa,6/14/2023,2:52:00 PM,Karlin,Wildfire event,6/14/2023,7.70984E+11,June,
2,P726606,Y,2023,6/5/2023,6/15/2023,1,7,Y,SS,GT (UV),UV,,2,P726606 061623 061423 Point Breeze Near 1WK SS,5,Point Breeze Near,"39.92624784, -75.1923165",Sample,6/7/2023,2:01:00 PM,Lisa,6/14/2023,2:31:00 PM,Karlin,Strong smells from refinery. Wildfire event,6/14/2023,7.70984E+11,June,
2,P726607,Y,2023,6/5/2023,6/15/2023,1,7,Y,SS,GT (UV),UV,,2,P726607 061623 061423 28th & Passyunk 1WK SS,4,28th & Passyunk,"39.92061091, -75.1955879",Sample,6/7/2023,2:13:00 PM,Lisa,6/14/2023,2:15:00 PM,Karlin,Wildfire event,6/14/2023,7.70984E+11,June,
2,P726608,Y,2023,6/5/2023,6/15/2023,1,7,Y,SS,GT (UV),UV,,2,P726608 061623 061423 61st & Passyunk 1WK SS,3,61st & Passyunk,"39.91820446, -75.2085474",Sample,6/7/2023,2:18:00 PM,Lisa,6/14/2023,2:04:00 PM,Karlin,Wildfire event,6/14/2023,7.70984E+11,June,
2,P726609,Y,2023,6/5/2023,6/15/2023,1,7,Y,SS,GT (UV),VU,,2,P726609 061623 061423 Bartrams 1WK SS,1,Bartrams,"39.92896, -75.212541",Sample,6/7/2023,2:25:00 PM,Lisa,6/14/2023,1:28:00 PM,Karlin,Wildfire event; lightly raining during take-down but capped under housing,6/14/2023,7.70984E+11,June,
2,P726610,Y,2023,6/5/2023,6/15/2023,1,7,Y,SS,KW (front),MAIN,,2,P726610 061623 061423 Bartrams 1WK SS,1,Bartrams,"39.92896, -75.212541",Duplicate,6/7/2023,2:25:00 PM,Lisa,6/14/2023,1:28:00 PM,Karlin,Wildfire event; lightly raining during take-down but capped under housing,6/14/2023,7.70984E+11,June,
1,P726655,Y,2023,6/5/2023,6/15/2023,1,0,Y,NO SPLIT,GT (UV) in database but accidentally deleted,UV,,1,P726655 061623 061423 Field blank,NA,Field blank,NA,Field Blank,6/7/2023,3:14:00 PM,Lisa,6/7/2023,3:14:00 PM,Lisa,Wildfire event,6/14/2023,7.70984E+11,June,
3,P726657,Y,2023,6/5/2023,6/15/2023,1,0,Y,NO SPLIT,NJ (main),MAIN,,1,P726657 061723 061423 lab blank RR,NA,lab blank,NA,Lab Blank,6/6/2023,,,6/14/2023,,,not opened by Drexel team,6/14/2023,7.70984E+11,June,
3,P733856,Y,2023,6/5/2023,7/13/2023,1,7,Y,SS,GT (UV),UV,,2,P733856 071323 070523 Bartrams 1WK SS,1,Bartrams,"39.92896, -75.212541",Sample,6/28/2023,1:04:00 PM,Lisa,7/5/2023,11:35:00 AM,Sheila,AQI warning (95 on weather app; ~142 on airnow.gov),7/12/2023,7.70982E+11,,
3,P733857,Y,2023,6/5/2023,7/13/2023,1,7,Y,run w/ no split,GT(MAIN),MAIN,CHECKED IT WAS RAN NO SPLIT,1,P733857 071323 070523 Essington 1WK SS,2,Essington,"39.90131732, -75.2250262",Sample,6/28/2023,1:34:00 PM,Karlin,7/5/2023,12:32:00 PM,Sheila,AQI warning (95 on weather app; ~142 on airnow.gov),7/12/2023,7.70982E+11,,
3,P733870,Y,2023,6/5/2023,7/13/2023,1,7,Y,SS,GT (MAIN),MAIN,,2,P733870 071323 070523 Essington 1WK SS DUP,2,Essington,"39.90131732, -75.2250262",Duplicate,6/28/2023,1:34:00 PM,Karlin,7/5/2023,12:32:00 PM,Sheila,AQI warning (95 on weather app; ~142 on airnow.gov),7/12/2023,7.70982E+11,,
3,P733880,Y,2023,6/5/2023,7/13/2023,1,7,Y,SS,GT (UV),UV,,2,P733880 071323 070523 61st & Passyunk 1WK SS,3,61st & Passyunk,"39.91820446, -75.2085474",Sample,6/28/2023,2:00:00 PM,Karlin,7/5/2023,12:50:00 PM,Sheila,AQI warning (95 on weather app; ~142 on airnow.gov),7/12/2023,7.70982E+11,,
3,P733881,Y,2023,6/5/2023,7/13/2023,1,7,Y,SS,GT (UV),UV,,2,P733881 071323 070523 28th & Passyunk 1WK SS,4,28th & Passyunk,"39.92061091, -75.1955879",Sample,6/28/2023,2:15:00 PM,Karlin,7/5/2023,1:02:00 PM,Sheila,AQI warning (95 on weather app; ~142 on airnow.gov),7/12/2023,7.70982E+11,,
3,P733882,Y,2023,6/5/2023,7/13/2023,1,7,Y,SS,GT (UV),UV,,2,P733882 071323 070523 Point Breeze Near 1WK SS,5,Point Breeze Near,"39.92624784, -75.1923165",Sample,6/28/2023,2:26:00 PM,Lisa,7/5/2023,7:51:00 PM,Sheila,AQI warning (95 on weather app; ~142 on airnow.gov),7/12/2023,7.70982E+11,,
3,P733883,Y,2023,6/5/2023,7/13/2023,1,7,Y,SS,GT (UV),UV,,2,P733883 071323 070523 Point Breeze Mid 1WK SS,6,Point Breeze Mid,"39.92771763, -75.1873965",Sample,6/28/2023,2:32:00 PM,Lisa,7/5/2023,8:03:00 PM,Sheila,AQI warning (95 on weather app; ~142 on airnow.gov),7/12/2023,7.70982E+11,,
3,P733885,Y,2023,6/5/2023,7/13/2023,1,7,Y,SS,GT (UV),UV,,2,P733885 071323 070523 Point Breeze Far 1WK SS,7,Point Breeze Far,"39.93094655, -75.1829941",Sample,6/28/2023,2:38:00 PM,Lisa,7/5/2023,8:24:00 PM,Sheila,AQI warning (95 on weather app; ~142 on airnow.gov),7/12/2023,7.70982E+11,,
4,P726641,Y,2023,6/5/2023,7/13/2023,1,7,Y,SS,GT (UV),UV,,2,P726641 071323 070523 Ritner 1WK SS,8,Ritner,"39.92296389, -75.186874",Sample,6/28/2023,2:45:00 PM,Lisa,7/5/2023,7:42:00 PM,Sheila,AQI warning (95 on weather app; ~142 on airnow.gov),7/12/2023,7.70982E+11,,
4,P726642,Y,2023,6/5/2023,7/13/2023,1,7,Y,SS,GT (UV),UV,,2,P726642 071323 070523 26th St. 1WK SS,9,26th St.,"39.91327125, -75.1922011",Sample,6/28/2023,2:58:00 PM,Lisa,7/5/2023,2:21:00 PM,Sheila,AQI warning (95 on weather app; ~142 on airnow.gov),7/12/2023,7.70982E+11,,
4,P726643,Y,2023,6/5/2023,7/13/2023,1,7,Y,SS,GT (UV),UV,,2,P726643 071323 071223 61st & Passyunk 1WK SS,3,61st & Passyunk,"39.91820446, -75.2085474",Sample,7/5/2023,12:52:00 PM,Sheila,7/12/2023,12:47:00 PM,Lisa,"Opened as field blank the week before, probably not usable.",7/12/2023,7.70982E+11,,no
4,P726644,Y,2023,6/5/2023,7/13/2023,1,7,Y,SS,NJ (main),MAIN,,2,P726644 071323 071223 Essington  1WK SS,2,Essington ,"39.90131732, -75.2250262",Sample,7/5/2023,12:40:00 PM,Sheila,7/12/2023,12:28:00 PM,Karlin,,7/12/2023,7.70982E+11,,
4,P726645,Y,2023,6/5/2023,7/13/2023,1,7,Y,SS,NJ (main),MAIN,,2,P726645 071323 071223 Bartrams 1WK SS,1,Bartrams,"39.92896, -75.212541",Sample,7/5/2023,11:40:00 AM,Sheila,7/12/2023,12:05:00 PM,Lisa,,7/12/2023,7.70982E+11,,
4,P726646,Y,2023,6/5/2023,7/13/2023,1,7,Y,SS,NJ (main),MAIN,,2,P726646 071323 071223 28th & Passyunk 1WK SS,4,28th & Passyunk,"39.92061091, -75.1955879",Sample,7/5/2023,1:04:00 PM,Sheila,7/12/2023,1:00:00 PM,Lisa,,7/12/2023,7.70982E+11,,
4,P726647,Y,2023,6/5/2023,7/13/2023,1,7,Y,SS,GT (UV),UV,,2,P726647 071323 071223 26th St. 1WK SS,9,26th St. ,"39.91327125, -75.1922011",Sample,7/5/2023,2:23:00 PM,Sheila,7/12/2023,3:21:00 PM,Lisa,,7/12/2023,7.70982E+11,,
4,P726648,Y,2023,6/5/2023,7/13/2023,1,7,Y,SS,NJ (main),MAIN,,2,P726648 071323 071223 Ritner 1WK SS,8,Ritner,"39.92296389, -75.186874",Sample,7/5/2023,7:45:00 PM,Sheila,7/12/2023,3:04:00 PM,Lisa,,7/12/2023,7.70982E+11,,
4,P726649,Y,2023,6/5/2023,7/13/2023,1,7,Y,SS,NJ (main),MAIN,,2,P726649 071323 071223 Ritner 1WK SS DUP,8,Ritner,"39.92296389, -75.186874",Duplicate,7/5/2023,7:45:00 PM,Sheila,7/12/2023,3:04:00 PM,Lisa,,7/12/2023,7.70982E+11,,
4,P726650,Y,2023,6/5/2023,7/13/2023,1,7,Y,SS,GT (UV),UV,,2,P726650 071323 071223 Point Breeze Near 1WK SS,5,Point Breeze Near,"39.92624784, -75.1923165",Sample,7/5/2023,7:54:00 PM,Sheila,7/12/2023,1:45:00 PM,Lisa,,7/12/2023,7.70982E+11,,
5,P637221,Y,2023,6/26/2023,7/13/2023,1,7,Y,SS,GT (UV),UV,,2,P637221 071323 071223 Point Breeze Mid 1WK SS,6,Point Breeze Mid,"39.92771763, -75.1873965",Sample,7/5/2023,8:05:00 PM,Sheila,7/12/2023,2:09:00 PM,Lisa,,7/12/2023,7.70982E+11,,
5,P637222,Y,2023,6/26/2023,7/13/2023,1,0,Y,NO SPLIT,GT (UV),UV,,2,P637222 071323 070523 Point Breeze Mid 1WK SS FIELD BLANK,6,Point Breeze Mid,"39.92771763, -75.1873965",Field Blank,7/5/2023,8:05:00 PM,Sheila,7/5/2023,8:06:00 PM,Sheila,,7/12/2023,7.70982E+11,,
5,P637223,Y,2023,6/26/2023,7/13/2023,1,7,Y,SS,NJ(main),MAIN,,2,P637223 071323 071223 Point Breeze Far 1WK SS,7,Point Breeze Far,"39.93094655, -75.1829941",Sample,7/5/2023,8:24:00 PM,Karlin,7/12/2023,2:38:00 PM,Karlin,,7/12/2023,7.70982E+11,,
5,P637224,Y,2023,6/26/2023,7/27/2023,1,7,Y,DS,GT(main),MAIN,,14.3,P637224 072723 071923 Bartrams 1WK DS,1,Bartrams,"39.92896, -75.212541",Sample,7/12/2023,12:08:00 PM,Karlin,7/19/2023,12:41:00 PM,Lisa,for deployment 7/12/23 AQI ~ 64; retrieval AQI ~ 121 on 7/19/2023,7/26/2023,7.9137E+11,,
5,P637225,Y,2023,6/26/2023,7/27/2023,1,7,Y,DS,GT(main),MAIN,,14.3,P637225 072723 071923 Essington 1WK DS,2,Essington,"39.90131732, -75.2250262",Sample,7/12/2023,12:24:00 PM,Karlin,7/19/2023,12:57:00 PM,Lisa,for deployment 7/12/23 AQI ~ 64; retrieval AQI ~ 121 on 7/19/2023,7/26/2023,7.9137E+11,,
5,P637226,Y,2023,6/26/2023,7/27/2023,1,7,Y,DS,GT(UV),UV,,14.3,P637226 072723 071923 61st & Passyunk 1WK DS,3,61st & Passyunk,"39.91820446, -75.2085474",Sample,7/12/2023,12:50:00 PM,Lisa,7/19/2023,1:05:00 PM,Lisa,for deployment 7/12/23 AQI ~ 64; retrieval AQI ~ 121 on 7/19/2023,7/26/2023,7.9137E+11,,
5,P637227,Y,2023,6/26/2023,7/27/2023,1,7,Y,DS,GT (UV),UV,,14.3,P637227 072723 071923 28th & Passyunk 1WK DS,4,28th & Passyunk,"39.92061091, -75.1955879",Sample,7/12/2023,1:01:00 PM,Lisa,7/19/2023,1:11:00 PM,Lisa,for deployment 7/12/23 AQI ~ 64; retrieval AQI ~ 121 on 7/19/2023,7/26/2023,7.9137E+11,,
5,P637228,Y,2023,6/26/2023,7/27/2023,1,7,Y,DS,GT (MAIN),MAIN,,1,P637228 072723 071923 28th & Passyunk DUP 1WK,4,28th & Passyunk,"39.92061091, -75.1955879",Duplicate,7/12/2023,1:13:00 PM,Lisa,7/19/2023,1:11:00 PM,Lisa,for deployment 7/12/23 AQI ~ 64; retrieval AQI ~ 121 on 7/19/2023,7/26/2023,7.9137E+11,,no
5,P637229,Y,2023,6/26/2023,7/27/2023,1,7,Y,DS,KC (front),FRONT,,14.3,P637229 072723 071923 Point Breeze Near 1WK DS,5,Point Breeze Near,"39.92624784, -75.1923165",Sample,7/12/2023,1:47:00 PM,Lisa,7/19/2023,1:20:00 PM,Lisa,for deployment 7/12/23 AQI ~ 64; retrieval AQI ~ 121 on 7/19/2023,7/26/2023,7.9137E+11,,
5,P637230,Y,2023,6/26/2023,7/27/2023,1,7,Y,DS,GT (UV),UV,,14.3,P637230 072723 071923 Point Breeze Mid 1WK DS,6,Point Breeze Mid,"39.92771763, -75.1873965",Sample,7/12/2023,2:11:00 PM,Lisa,7/19/2023,1:30:00 PM,Lisa,for deployment 7/12/23 AQI ~ 64; retrieval AQI ~ 121 on 7/19/2023,7/26/2023,7.9137E+11,,
6,P726601,Y,2023,6/26/2023,7/27/2023,1,7,Y,DS,KC (front),FRONT,,14.3,P726601 072723 071923 Point Breeze Far 1WK DS,7,Point Breeze Far,"39.93094655, -75.1829941",Sample,7/12/2023,2:35:00 PM,Karlin,7/19/2023,1:37:00 PM,Lisa,for deployment 7/12/23 AQI ~ 64; retrieval AQI ~ 121 on 7/19/2023,7/26/2023,7.9137E+11,,
6,P726602,Y,2023,6/26/2023,7/27/2023,1,7,Y,DS,KC (front),FRONT,,14.3,P726602 072723 071923 Ritner 1WK DS,8,Ritner,"39.92296389, -75.186874",Sample,7/12/2023,3:03:00 PM,Karlin,7/19/2023,1:48:00 PM,Lisa,for deployment 7/12/23 AQI ~ 64; retrieval AQI ~ 121 on 7/19/2023,7/26/2023,7.9137E+11,,
6,P726603,Y,2023,6/26/2023,7/27/2023,1,7,Y,DS,GT (UV),UV,,14.3,P726603 072723 071923 26th St 1WK DS,9,26th St.,"39.91327125, -75.1922011",Sample,7/12/2023,3:22:00 PM,Lisa,7/19/2023,2:00:00 PM,Lisa,for deployment 7/12/23 AQI ~ 64; retrieval AQI ~ 121 on 7/19/2023,7/26/2023,7.9137E+11,,
6,P726605,Y,2023,6/26/2023,7/27/2023,1,0,Y,NO SPLIT,CAN'T FIND,,MAYBE DIDN'T RUN,1,P726605 072823 071923 26th St 1WK FB,9,26th St.,"39.91327125, -75.1922011",Field Blank,7/12/2023,3:22:00 PM,Karlin,7/19/2023,,,for deployment 7/12/23 AQI ~ 64,7/12/2023,7.70982E+11,,
6,P726606,Y,2023,6/26/2023,7/27/2023,1,0,Y,NO SPLIT,CAN'T FIND,,MAYBE DIDN'T RUN,1,P726606 072823 071223 Lab blank,NA,Lab blank,NA,Lab Blank,6/28/2023,,,7/12/2023,,,"Not opened, but traveled in the field as an extra tube",7/12/2023,7.70982E+11,,
6,P726608,Y,2023,6/26/2023,7/27/2023,1,7,Y,DS,kc (front),FRONT,,14.3,P726608 072823 072623 Bartrams 1WK DS,1,Bartrams,"39.92896, -75.212541",Sample,7/19/2023,12:42:00 PM,Lisa,7/26/2023,9:54:00 AM,,"At deployment, AQI ~ 121",7/26/2023,7.9137E+11,,
6,P726609,Y,2023,6/26/2023,7/27/2023,1,7,Y,DS,kc (front),FRONT,,14.3,P726609 072823 072623 Essington 1WK DS,2,Essington,"39.90131732, -75.2250262",Sample,7/19/2023,12:56:00 PM,Lisa,7/26/2023,10:20:00 AM,,"At deployment, AQI ~ 121",7/26/2023,7.9137E+11,,
6,P726610,Y,2023,6/26/2023,7/27/2023,1,7,Y,DS,kc (front),FRONT,,14.3,P726610 072823 072623 61st & Passyunk 1WK DS,3,61st & Passyunk,"39.91820446, -75.2085474",Sample,7/19/2023,1:04:00 PM,Lisa,7/26/2023,10:27:00 AM,,"At deployment, AQI ~ 121",7/26/2023,7.9137E+11,,
6,P726612,Y,2023,6/26/2023,7/27/2023,1,7,Y,DS,GT (UV),UV,,14.3,P726612 072823 072623 28th & Passyunk 1WK DS,4,28th & Passyunk,"39.92061091, -75.1955879",Sample,7/19/2023,1:10:00 PM,Lisa,7/26/2023,10:34:00 AM,,"At deployment, AQI ~ 121, benzene smell",7/26/2023,7.9137E+11,,
6,P726613,Y,2023,6/26/2023,7/27/2023,1,7,Y,DS,GT (UV),UV,,14.3,P726613 072823 072623 28th & Passyunk DUP 1WK DS,4,28th & Passyunk DUP,"39.92061091, -75.1955879",Duplicate,7/19/2023,1:10:00 PM,Lisa,7/26/2023,10:34:00 AM,,"At deployment, AQI ~ 121, benzene smell",7/26/2023,7.9137E+11,,
7,P726614,Y,2023,6/26/2023,7/27/2023,1,7,Y,DS,GT (UV) *,UV,,14.3,P726614 072823 072623 Point Breeze Near 1WK DS,5,Point Breeze Near,"39.92624784, -75.1923165",Sample,7/19/2023,1:19:00 PM,Lisa,7/26/2023,10:45:00 AM,,"At deployment, AQI ~ 121",7/26/2023,7.9137E+11,,
7,P726615,Y,2023,6/26/2023,7/27/2023,1,7,Y,DS,GT (UV) *,UV,,14.3,P726615 072823 072623 Point Breeze Mid 1WK DS,6,Point Breeze Mid,"39.92771763, -75.1873965",Sample,7/19/2023,1:30:00 PM,Lisa,7/26/2023,11:10:00 AM,,"At deployment, AQI ~ 121",7/26/2023,7.9137E+11,,
7,P726616,Y,2023,6/26/2023,7/27/2023,1,7,Y,DS,GT (UV) *,UV,,14.3,P726616 072823 072623 Point Breeze Far 1WK DS,7,Point Breeze Far,"39.93094655, -75.1829941",Sample,7/19/2023,1:36:00 PM,Lisa,7/26/2023,11:02:00 AM,,"At deployment, AQI ~ 121",7/26/2023,7.9137E+11,,
7,P726617,Y,2023,6/26/2023,7/27/2023,1,7,Y,DS,GT (UV) *,UV,,14.3,P726617 072823 072623 Ritner 1WK DS,8,Ritner,"39.92296389, -75.186874",Sample,7/19/2023,8:47:00 PM,Lisa,7/26/2023,11:36:00 AM,,"At deployment, AQI ~ 121",7/26/2023,7.9137E+11,,
7,P726618,Y,2023,6/26/2023,7/27/2023,1,7,Y,DS,kc (UV),UV,,14.3,P726618 072823 072623 26th St 1WK DS,9,26th St.,"39.91327125, -75.1922011",Sample,7/19/2023,1:59:00 PM,Lisa,7/26/2023,12:08:00 PM,,"At deployment, AQI ~ 121",7/26/2023,7.9137E+11,,
7,P726619,Y,2023,6/26/2023,7/27/2023,1,0,Y,fall**??,GT (main),MAIN,mmt 071223,1,P726619 072823 072623 26th St 1WK FB,9,26th St.,"39.91327125, -75.1922011",Field Blank,7/19/2023,1:59:00 PM,Lisa,7/26/2023,,,"At deployment, AQI ~ 121",7/26/2023,7.9137E+11,,
7,P726661,Y,2023,6/26/2023,8/10/2023,1,7,Y,SS,GT (main),MAIN,MMT 080923,2,P726661 081023 080223 Bartrams 1WK SS,1,Bartrams,"39.92896, -75.212541",Sample,7/26/2023,9:57:00 AM,KDM,8/2/2023,10:27:00 AM,LF,,8/9/2023,7.9137E+11,,
7,P726662,Y,2023,6/26/2023,8/10/2023,1,7,Y,SS,kc (front),FRONT,MMT 080923,2,P726662 081023 080223 Essington 1WK SS,2,Essington,"39.90131732, -75.2250262",Sample,7/26/2023,10:18:00 AM,KDM,8/2/2023,10:42:00 AM,LF,,8/9/2023,7.9137E+11,,
7,P726663,Y,2023,6/26/2023,8/10/2023,1,7,Y,SS,GT (main),MAIN,MMT 080923,2,P726663 081023 080223 61st & Passyunk 1WK SS,3,61st & Passyunk,"39.91820446, -75.2085474",Sample,7/26/2023,10:28:00 AM,KDM,8/2/2023,10:53:00 AM,LF,,8/9/2023,7.9137E+11,,
7,P726665,Y,2023,6/26/2023,8/10/2023,1,7,Y,SS,GT (main),MAIN,MMT 080923,2,P726665 081023 080223 61st & Passyunk 1WK DUP SS,3,61st & Passyunk DUP,"39.91820446, -75.2085474",Duplicate,7/26/2023,10:28:00 AM,KDM,8/2/2023,10:53:00 AM,LF,,8/9/2023,7.9137E+11,,
8,P726651,Y,2023,6/26/2023,8/10/2023,1,7,Y,SS,GT (main),MAIN,MMT 080923,2,P726651 081023 080223 28th & Passyunk 1WK SS,4,28th & Passyunk,"39.92061091, -75.1955879",Sample,7/26/2023,10:35:00 AM,KDM,8/2/2023,11:00:00 AM,LF,,8/9/2023,7.9137E+11,,
8,P726652,Y,2023,6/26/2023,8/10/2023,1,7,Y,SS,GT (main),MAIN,MMT 080923,2,P726652 081023 080223 Point Breeze Near 1WK SS,5,Point Breeze Near,"39.92624784, -75.1923165",Sample,7/26/2023,10:45:00 AM,KDM,8/2/2023,11:07:00 AM,LF,,8/9/2023,7.9137E+11,,
8,P726653,Y,2023,6/26/2023,8/10/2023,1,7,Y,SS,kc (front),FRONT,MMT 080923,2,P726653 081023 080223 Point Breeze Far 1WK SS,7,Point Breeze Far,"39.93094655, -75.1829941",Sample,7/26/2023,11:04:00 AM,KDM,8/2/2023,11:17:00 AM,LF,,8/9/2023,7.9137E+11,,
8,P726654,Y,2023,6/26/2023,8/10/2023,1,7,Y,SS,GT (main),MAIN,MMT 080923,2,P726654 081023 080223 Point Breeze Mid 1WK SS,6,Point Breeze Mid,"39.92771763, -75.1873965",Sample,7/26/2023,11:12:00 AM,KDM,8/2/2023,11:12:00 AM,LF,,8/9/2023,7.9137E+11,,
8,P726655,Y,2023,6/26/2023,8/10/2023,1,7,Y,SS,kc (front),FRONT,MMT 080923,2,P726655 081023 080223 Ritner 1WK SS,8,Ritner,"39.92296389, -75.186874",Sample,7/26/2023,11:34:00 AM,KDM,8/2/2023,11:24:00 AM,LF,Construction on the same block; smelly on 8/2,8/9/2023,7.9137E+11,,
8,P726656,Y,2023,6/26/2023,8/10/2023,1,7,Y,SS,GT (main),MAIN,MMT 080923,2,P726656 081023 080223 26th St 1WK SS,9,26th St.,"39.91327125, -75.1922011",Sample,7/26/2023,12:05:00 PM,KDM,8/2/2023,11:35:00 AM,LF,,8/9/2023,7.9137E+11,,
8,P726657,Y,2023,6/26/2023,8/10/2023,1,0,Y,NO SPLIT,GT (MAIN),MAIN,MMT 071223,1,P726657 072823 072623 26th St FB 1WK FB,9,26th St. FB,"39.91327125, -75.1922011",Field Blank,7/26/2023,12:06:00 PM,KDM,7/26/2023,12:06:00 PM,,,7/26/2023,7.9137E+11,,
8,P726658,Y,2023,6/26/2023,8/10/2023,1,0,Y,NO SPLIT,GT (MAIN),MAIN,MMT 071223,1,P726658 072823 072623 Lab blank 1WK FB,N/A,Lab blank,NA,Lab Blank,6/28/2023,,KDM,7/26/2023,,,,7/26/2023,7.9137E+11,,
8,P726659,Y,2023,6/26/2023,8/10/2023,1,7,Y,SS,GT (main),MAIN,MMT 080923,2,P726659 081123 080923 Bartrams 1WK SS,1,Bartrams,"39.92896, -75.212541",Sample,8/2/2023,10:26:00 AM,LF,8/9/2023,9:54:00 AM,,,8/9/2023,7.9137E+11,,
8,P726660,Y,2023,6/26/2023,8/10/2023,1,7,Y,SS,kc (front),FRONT,MMT 080923,2,P726660 081123 080923 Essington 1WK SS,2,Essington,"39.90131732, -75.2250262",Sample,8/2/2023,10:40:00 AM,LF,8/9/2023,10:09:00 AM,,,8/9/2023,7.9137E+11,,
9,P733841,Y,2023,6/26/2023,8/10/2023,1,7,Y,SS,GT (main),MAIN,MMT 080923,2,P733841 081123 080923 61st & Passyunk 1WK SS,3,61st & Passyunk,"39.91820446, -75.2085474",Sample,8/2/2023,10:51:00 AM,LF,8/9/2023,10:19:00 AM,,,8/9/2023,7.9137E+11,,
9,P733843,Y,2023,6/26/2023,8/10/2023,1,7,Y,SS,kc (front),FRONT,MMT 080923,2,P733843 081123 080923 61st & Passyunk 1WK DUP SS,3,61st & Passyunk DUP,"39.91820446, -75.2085474",Duplicate,8/2/2023,10:51:00 AM,LF,8/9/2023,10:19:00 AM,,,8/9/2023,7.9137E+11,,
9,P733845,Y,2023,6/26/2023,8/10/2023,1,7,Y,SS,kc (front),FRONT,MMT 080923,2,P733845 081123 080923 28th & Passyunk 1WK SS,4,28th & Passyunk,"39.92061091, -75.1955879",Sample,8/2/2023,10:57:00 AM,LF,8/9/2023,10:23:00 AM,,,8/9/2023,7.9137E+11,,
9,P733847,Y,2023,6/26/2023,8/10/2023,1,7,Y,SS,GT (main),MAIN,MMT 080923,2,P733847 081123 080923 Point Breeze Near 1WK SS,5,Point Breeze Near,"39.92624784, -75.1923165",Sample,8/2/2023,11:05:00 AM,LF,8/9/2023,10:47:00 AM,,,8/9/2023,7.9137E+11,,
9,P733848,Y,2023,6/26/2023,8/10/2023,1,7,Y,SS,GT (main),MAIN,MMT 080923,2,P733848 081123 080923 Point Breeze Mid 1WK SS,6,Point Breeze Mid,"39.92771763, -75.1873965",Sample,8/2/2023,11:11:00 AM,LF,8/9/2023,10:41:00 AM,,,8/9/2023,7.9137E+11,,
9,P733849,Y,2023,6/26/2023,8/10/2023,1,7,Y,SS,GT (main),MAIN,MMT 080923,2,P733849 081123 080923 Point Breeze Far 1WK SS,7,Point Breeze Far,"39.93094655, -75.1829941",Sample,8/2/2023,11:16:00 AM,LF,8/9/2023,12:03:00 PM,,,8/9/2023,7.9137E+11,,
9,P733850,Y,2023,6/26/2023,8/10/2023,1,7,Y,SS,GT (main),MAIN,MMT 080923,2,P733850 081123 080923 Ritner 1WK SS,8,Ritner,"39.92296389, -75.186874",Sample,8/2/2023,11:23:00 AM,LF,8/9/2023,10:33:00 AM,,capped on right end (indent side) but mounted upside down,8/9/2023,7.9137E+11,,no
9,P733851,Y,2023,6/26/2023,8/10/2023,1,7,Y,SS,kc (front),FRONT,MMT 080923,2,P733851 081123 080923 26th St 1WK SS,9,26th St.,"39.91327125, -75.1922011",Sample,8/2/2023,11:33:00 AM,LF,8/9/2023,12:22:00 PM,,,8/9/2023,7.9137E+11,,
9,P733853,Y,2023,6/26/2023,8/10/2023,1,0,Y,NO SPLIT,kc (front),FRONT,MMT 080923,1,P733853 081123 080923 26th St 1WK FB,9,26th St. FB,"39.91327125, -75.1922011",Field Blank,8/2/2023,11:33:00 AM,LF,8/9/2023,12:22:00 PM,,,8/9/2023,7.9137E+11,,
9,P733854,Y,2023,6/26/2023,8/10/2023,1,0,Y,NO SPLIT,kc (front),FRONT,MMT 080923,1,P733854 081123 080923 Lab blank 1WK,N/A,Lab blank,NA,Lab Blank,6/28/2023,,,8/9/2023,,,,8/9/2023,7.9137E+11,,
10,P726620,Y,2023,7/27/2023,8/24/2023,1,7,Y,SS,GT (main),MAIN,MMT 082323,1.3,P726620 082423 081623 Bartrams SS,1,Bartrams,"39.92896, -75.212541",Sample,8/9/2023,9:54:00 AM,KDM,8/16/2023,11:51:00 AM,KDM,,8/23/2023,7.72352E+11,,
10,P726641,Y,2023,7/27/2023,8/24/2023,1,7,Y,SS,kc (main),MAIN,MMT 082323,1.3,P726641 082423 081623 Essington SS,2,Essington,"39.90131732, -75.2250262",Sample,8/9/2023,10:09:00 AM,KDM,8/16/2023,12:08:00 PM,KDM,,8/23/2023,7.72352E+11,,
10,P726642,Y,2023,7/27/2023,8/24/2023,1,7,Y,SS,GT (main),MAIN,MMT 082323,1.3,P726642 082423 081623 61st & Passyunk SS,3,61st & Passyunk,"39.91820446, -75.2085474",Sample,8/9/2023,10:19:00 AM,KDM,8/16/2023,12:15:00 PM,RS,,8/23/2023,7.72352E+11,,
10,P726649,Y,2023,7/27/2023,8/24/2023,1,7,Y,SS,GT (main),MAIN,MMT 082323,1.3,P726649 082423 081623 28th & Passyunk SS,4,28th & Passyunk,"39.92061091, -75.1955879",Sample,8/9/2023,10:23:00 AM,KDM,8/16/2023,12:20:00 PM,KDM,,8/23/2023,7.72352E+11,,
10,P726650,Y,2023,7/27/2023,8/24/2023,1,7,Y,SS,GT (main),MAIN,MMT 082323,1.3,P726650 082423 081623 Ritner SS,8,Ritner,"39.92296389, -75.186874",Sample,8/9/2023,10:33:00 AM,KDM,8/16/2023,12:22:00 PM,KDM,,8/23/2023,7.72352E+11,,
10,P733857,Y,2023,7/27/2023,8/24/2023,1,7,Y,SS,kc (main),MAIN,MMT 082323,1.3,P733857 082423 081623 Point Breeze Mid SS,6,Point Breeze Mid,"39.92771763, -75.1873965",Sample,8/9/2023,10:41:00 AM,KDM,8/16/2023,12:38:00 PM,KDM,,8/23/2023,7.72352E+11,,
10,P733859,Y,2023,7/27/2023,8/24/2023,1,7,Y,SS,kc (main),MAIN,MMT 082323,1.3,P733859 082423 081623 Point Breeze Near SS,5,Point Breeze Near,"39.92624784, -75.1923165",Sample,8/9/2023,10:47:00 AM,KDM,8/16/2023,12:47:00 PM,KDM,smelly: mix of diesal and laundromat?; not smelly on retrieval 8/16/23,8/23/2023,7.72352E+11,,
10,P733860,Y,2023,7/27/2023,8/24/2023,1,7,Y,DS,kc (main),MAIN,MMT 082323,14.3,P733860 082423 081623 Point Breeze Near DUP DS,5,Point Breeze Near,"39.92624784, -75.1923165",Duplicate,8/9/2023,10:47:00 AM,KDM,8/16/2023,12:47:00 PM,KDM,smelly: mix of diesal and laundromat?; not smelly on retrieval 8/16/24,8/23/2023,7.72352E+11,,
10,P733873,Y,2023,7/27/2023,8/10/2023,1,7,Y,SS,OK,FRONT,MMT 082323,1,P733873 081123 081023 BUS DEPOT ON SNYDER FB RENAME,11,Bus Depot on Snyder,"39.92759256, -75.1950607",Field Blank,8/9/2023,11:10:00 AM,KDM,8/16/2023,12:54:00 PM,KDM,Can you confirm this tube was received?,8/9/2023,7.9137E+11,,
10,P733875,Y,2023,7/27/2023,8/24/2023,1,0,Y,NO SPLIT,KC (MAIN),MAIN,MMT 082323,1,P733875 082423 081623 Bus Depot on Snyder RENAME,11,Bus Depot on Snyder,"39.92759256, -75.1950607",Sample,8/9/2023,11:10:00 AM,KDM,8/16/2023,12:54:00 PM,KDM,"appears to be sample, not FB, relabeled.",8/23/2023,7.72352E+11,,
11,P733891,Y,2023,7/27/2023,8/24/2023,1,7,Y,SS,GT (front),FRONT,MMT 082323,1.3,P733891 082423 081623 Tasker (near Morris) SS,12,Tasker (near Morris),"39.931447, -75.193386",Sample,8/9/2023,11:47:00 AM,LF,8/16/2023,1:01:00 PM,KDM,,8/23/2023,7.72352E+11,,
11,P733892,Y,2023,7/27/2023,8/24/2023,1,7,Y,SS,kc (main),MAIN,MMT 082323,1.3,P733892 082423 081623 Point Breeze Far SS,7,Point Breeze Far,"39.93094655, -75.1829941",Sample,8/9/2023,12:03:00 PM,LF,8/16/2023,1:12:00 PM,KDM,,8/23/2023,7.72352E+11,,
11,P733893,Y,2023,7/27/2023,8/24/2023,1,7,Y,SS,GT (front),FRONT,MMT 082323,1.3,P733893 082423 081623 26th St SS,9,26th St.,"39.91327125, -75.1922011",Sample,8/9/2023,12:22:00 PM,LF,8/16/2023,1:33:00 PM,RS,,8/23/2023,7.72352E+11,,
11,P733894,Y,2023,7/27/2023,8/24/2023,1,7,Y,SS,kc (main),MAIN,MMT 082323,2,P733894 082423 081623 Siena Place SS,10,Siena Place,"39.91118246, -75.1885003 ",Sample,8/9/2023,12:50:00 PM,LF,8/16/2023,1:28:00 PM,RS,,8/23/2023,7.72352E+11,,
11,P733895,Y,2023,7/27/2023,8/24/2023,1,7,Y,SS,GT (main),MAIN,MMT 082323,2,P733895 082523 082323 Bartrams SS,1,Bartrams,"39.92896, -75.212541",Sample,8/16/2023,11:50:00 AM,KDM,8/23/2023,10:07:00 AM,ST,,8/23/2023,7.72352E+11,,
11,P733896,Y,2023,7/27/2023,8/24/2023,1,7,Y,SS,GT (main),MAIN,MMT 082323,2,P733896 082523 082323 Essington SS,2,Essington,"39.90131732, -75.2250262",Sample,8/16/2023,12:06:00 PM,KDM,8/23/2023,10:31:00 AM,ST,,8/23/2023,7.72352E+11,,
11,P733897,Y,2023,7/27/2023,8/24/2023,1,7,Y,SS,GT (main),MAIN,MMT 082323,2,P733897 082523 082323 61st & Passyunk SS,3,61st & Passyunk,"39.91820446, -75.2085474",Sample,8/16/2023,12:15:00 PM,KDM,8/23/2023,10:41:00 AM,LF,,8/23/2023,7.72352E+11,,
11,P733898,Y,2023,7/27/2023,8/24/2023,1,7,Y,SS,kc (front),FRONT,MMT 082323,2,P733898 082523 082323 28th & Passyunk SS,4,28th & Passyunk,"39.92061091, -75.1955879",Sample,8/16/2023,12:21:00 PM,KDM,8/23/2023,10:45:00 AM,LF,believe this tube was FB and 733899 was SAMPLE,8/23/2023,7.72352E+11,,
11,P733899,Y,2023,7/27/2023,8/24/2023,1,0,Y,SS,GT (main),MAIN,MMT 082323,1,P733899 082523 082323 28th & Passyunk FB,4,28th & Passyunk,"39.92061091, -75.1955879",Field Blank,8/16/2023,12:21:00 PM,KDM,na,na,na,both ends opened for ~1 sec,8/23/2023,7.72352E+11,,
11,P733900,Y,2023,7/27/2023,8/24/2023,1,7,Y,SS,kc (front),FRONT,,2,P733900 082523 082323 Ritner SS BAD,8,Ritner,"39.92296389, -75.186874",Sample,8/16/2023,12:22:00 PM,KDM,8/23/2023,10:51:00 AM,LF,diffusion cap was on correct side but tube was upside down in shelter,8/23/2023,7.72352E+11,,no
12,P733878,Y,2023,7/27/2023,8/24/2023,1,7,Y,SS,kc (front),FRONT,MMT 082323,2,P733878 082523 082323 Point Breeze Mid SS,6,Point Breeze Mid,"39.92771763, -75.1873965",Sample,8/16/2023,12:37:00 PM,KDM,8/23/2023,11:32:00 AM,LF,,8/23/2023,7.72352E+11,,
12,P733879,Y,2023,7/27/2023,8/24/2023,1,7,Y,SS,kc (front),FRONT,MMT 082323,2,P733879 082523 082323 Point Breeze Near SS,5,Point Breeze Near,"39.92624784, -75.1923165",Sample,8/16/2023,12:45:00 PM,KDM,8/23/2023,11:40:00 AM,LF,,8/23/2023,7.72352E+11,,
12,P733880,Y,2023,7/27/2023,8/24/2023,1,7,Y,SS,kc (front),FRONT,MMT 082323,2,P733880 082523 082323 Point Breeze Near DUP SS,5,Point Breeze Near,"39.92624784, -75.1923165",Duplicate,8/16/2023,12:45:00 PM,KDM,8/23/2023,11:40:00 AM,LF,,8/23/2023,7.72352E+11,,
12,P733881,Y,2023,7/27/2023,8/24/2023,1,7,Y,SS,kc (front),FRONT,MMT 082323,2,P733881 082523 082323 Bus Depot on Snyder SS,11,Bus Depot on Snyder,"39.92759256, -75.1950607",Sample,8/16/2023,12:52:00 PM,KDM,8/23/2023,11:44:00 AM,ST,,8/23/2023,7.72352E+11,,
12,P733882,Y,2023,7/27/2023,8/24/2023,1,7,Y,SS,kc (front),FRONT,MMT 082323,2,P733882 082523 082323 Tasker (near Morris) SS,12,Tasker (near Morris),"39.931447, -75.193386",Sample,8/16/2023,1:00:00 PM,KDM,8/23/2023,11:58:00 AM,ST,,8/23/2023,7.72352E+11,,
12,P733883,Y,2023,7/27/2023,8/24/2023,1,7,Y,SS,kc (front),FRONT,MMT 082323,2,P733883 082523 082323 Point Breeze Far SS,7,Point Breeze Far,"39.93094655, -75.1829941",Sample,8/16/2023,1:10:00 PM,KDM,8/23/2023,11:28:00 AM,ST,,8/23/2023,7.72352E+11,,
12,P733885,Y,2023,7/27/2023,8/24/2023,1,7,Y,SS,GT (main),MAIN,MMT 082323,2,P733885 082523 082323 Siena Place SS,10,Siena Place,"39.91118246, -75.1885003 ",Sample,8/16/2023,1:26:00 PM,KDM,8/23/2023,11:10:00 AM,ST,,8/23/2023,7.72352E+11,,
12,P733886,Y,2023,7/27/2023,8/24/2023,1,7,Y,SS,kc (front),FRONT,MMT 082323,2,P733886 082523 082323 26th St SS,9,26th St.,"39.91327125, -75.1922011",Sample,8/16/2023,1:32:00 PM,KDM,8/23/2023,11:18:00 AM,ST,,8/23/2023,7.72352E+11,,
12,P733889,Y,2023,7/27/2023,9/6/2023,1,7,Y,SS,kc(front),FRONT,MMT 090623,2,P733889 090723 083023 Bartrams SS,1,Bartrams,"39.92896, -75.212541",Sample,8/23/2023,10:09:00 AM,LF,8/30/2023,9:43:00 AM,LF,,9/6/2023,7.72352E+11,,
12,P733890,Y,2023,7/27/2023,9/6/2023,1,7,Y,SS,kc(front),FRONT,MMT 090623,2,P733890 090723 083023 Essington SS,2,Essington,"39.90131732, -75.2250262",Sample,8/23/2023,10:31:00 AM,ST,8/30/2023,9:54:00 AM,LF,,9/6/2023,7.72352E+11,,
13,P733861,Y,2023,7/27/2023,9/6/2023,1,7,Y,SS,GT (main) *added to 080923,MAIN,MMT 090623,2,P733861 090723 083023 61st and Passyunk SS,3,61st and Passyunk,"39.91820446, -75.2085474",Sample,8/23/2023,10:41:00 AM,LF,8/30/2023,10:01:00 AM,LF,,9/6/2023,7.72352E+11,,
13,P733863,Y,2023,7/27/2023,9/6/2023,1,7,Y,SS,GT (main) *added to 080923,MAIN,MMT 090623,2,P733863 090723 083023 28th and Passyunk SS,4,28th and Passyunk,"39.92061091, -75.1955879",Sample,8/23/2023,10:45:00 AM,ST,8/30/2023,10:04:00 AM,LF,,9/6/2023,7.72352E+11,,
13,P733864,Y,2023,7/27/2023,9/6/2023,1,7,Y,SS,NJ(front),FRONT,MMT 090623,2,P733864 090723 083023 Ritner SS,8,Ritner,"39.92296389, -75.186874",Sample,8/23/2023,10:51:00 AM,LF,8/30/2023,10:09:00 AM,LF,,9/6/2023,7.72352E+11,,
13,P733865,Y,2023,7/27/2023,9/6/2023,1,7,Y,SS,NJ(front),FRONT,MMT 090623,2,P733865 090723 083023 26th ST SS,9,26th ST,"39.91327125, -75.1922011",Sample,8/23/2023,11:18:00 AM,LF,8/30/2023,10:19:00 AM,LF,,9/6/2023,7.72352E+11,,
13,P733866,Y,2023,7/27/2023,9/6/2023,1,7,Y,SS,NJ(front),FRONT,MMT 090623,2,P733866 090723 083023 Point Breeze far SS,7,Point Breeze Far,"39.93094655, -75.1829941",Sample,8/23/2023,11:28:00 AM,LF,8/30/2023,10:37:00 AM,LF,,9/6/2023,7.72352E+11,,
13,P733867,Y,2023,7/27/2023,9/6/2023,1,7,Y,SS,NJ(front),FRONT,MMT 090623,2,P733867 090723 083023 Point Breeze mid SS,6,Point Breeze Mid,"39.92771763, -75.1873965",Sample,8/23/2023,11:33:00 AM,ST,8/30/2023,10:31:00 AM,LF,,9/6/2023,7.72352E+11,,
13,P733868,Y,2023,7/27/2023,9/6/2023,1,7,Y,SS,LJ FRONT,FRONT(LJ) IN DATABASE MMT 090623 FRONT.CRD,MMT 090623,2,P733868 090723 083023 Point Breeze mid Dup SS,6,Point Breeze Mid Dup,"39.92771763, -75.1873965",Duplicate,8/23/2023,11:33:00 AM,ST,8/30/2023,10:31:00 AM,LF,,9/6/2023,7.72352E+11,,
13,P733869,Y,2023,7/27/2023,9/6/2023,1,7,Y,SS,LJ FRONT,FRONT(LJ) IN DATABASE MMT 090623 FRONT.CRD,MMT 090623,2,P733869 090723 083023 Point Breeze near SS,5,Point Breeze Near,"39.92624784, -75.1923165",Sample,8/23/2023,11:33:00 AM,ST,8/30/2023,10:26:00 AM,LF,,9/6/2023,7.72352E+11,,
13,P733870,Y,2023,7/27/2023,9/6/2023,1,7,Y,SS,LJ FRONT,FRONT(LJ) IN DATABASE MMT 090623 FRONT.CRD,MMT 090623,2,P733870 090723 083023 Wharton Playground SS,13,Wharton Playground,"39.935920, -75.183090",Sample,8/23/2023,12:38:00 PM,LF,8/30/2023,10:45:00 AM,LF,,9/6/2023,7.72352E+11,,
13,P733871,Y,2023,7/27/2023,9/6/2023,1,7,Y,SS,LJ FRONT,FRONT(LJ) IN DATABASE MMT 090623 FRONT.CRD,MMT 090623,2,P733871 090723 083023 Finnegan  SS,14,Finnegan ,"39.938448, -75.192335",Sample,8/23/2023,12:56:00 PM,ST,8/30/2023,10:50:00 AM,LF,,9/6/2023,7.72352E+11,,
14,P726604,Y,2023,7/27/2023,9/6/2023,1,7,Y,SS,LJ FRONT,FRONT(LJ) IN DATABASE MMT 090623 FRONT.CRD,MMT 090623,2,P726604 090723 083023 Grays Ferry Ave SS,15,Grays Ferry Ave,"39.93924766, -75.1944459",Sample,8/23/2023,1:10:00 PM,ST,8/30/2023,10:55:00 AM,LF,,9/6/2023,7.72352E+11,,
14,P726605,Y,2023,7/27/2023,8/24/2023,1,7,NA,NA,NA,NA,NA,NA,"WE HAVE TUBE, NOT HAVE BEEN RUN AND INSTEAD CONDITIONED ????",15,Grays Ferry Ave,"39.93924766, -75.1944459",Field Blank,8/23/2023,1:10:00 PM,ST,8/30/2023,1:10:00 PM,ST,,8/23/2023,7.72352E+11,,
14,P726606,Y,2023,7/27/2023,8/8/24/23,1,7,NA,NA,NA,NA,NA,NA,"WE HAVE TUBE, NOT HAVE BEEN RUN AND INSTEAD CONDITIONED ????",N/A,Lab blank,NA,Lab Blank,,,,8/23/2023,,,,8/23/2023,7.72352E+11,,
14,P726607,Y,2023,7/27/2023,9/6/2023,1,7,Y,SS,LJ FRONT,FRONT(LJ) IN DATABASE MMT 090623 FRONT.CRD,MMT 090623,2,P726607 090823 090623 Bartrams SS,1,Bartrams,"39.92896, -75.212541",Sample,8/30/2023,9:43:00 AM,LF,9/6/2023,11:50:00 AM,LF,,9/6/2023,7.72352E+11,,
14,P726611,Y,2023,7/27/2023,9/6/2023,1,7,Y,SS,LJ FRONT,FRONT(LJ) IN DATABASE MMT 090623 FRONT.CRD,MMT 090623,2,P726611 090823 090623 Essington SS,2,Essington,"39.90131732, -75.2250262",Sample,8/30/2023,9:54:00 AM,LF,9/6/2023,11:07:00 AM,KDM,,9/6/2023,7.72352E+11,,
14,P726664,Y,2023,7/27/2023,9/6/2023,1,7,Y,SS,LJ FRONT,FRONT(LJ) IN DATABASE MMT 090623 FRONT.CRD,MMT 090623,2,P726664 090823 090623 61st and Passyunk SS,3,61st and Passyunk,"39.91820446, -75.2085474",Sample,8/30/2023,10:01:00 AM,LF,9/6/2023,10:47:00 AM,LF,,9/6/2023,7.72352E+11,,
14,P726666,Y,2023,7/27/2023,9/6/2023,1,7,Y,SS,LJ FRONT,FRONT(LJ) IN DATABASE MMT 090623 FRONT.CRD,MMT 090623,2,P726666 090823 090623 28th and Passyunk SS,4,28th and Passyunk,"39.92061091, -75.1955879",Sample,8/30/2023,10:04:00 AM,LF,9/6/2023,10:21:00 AM,LF,,9/6/2023,7.72352E+11,,
14,P726667,Y,2023,7/27/2023,9/6/2023,1,7,Y,SS,LJ FRONT,FRONT(LJ) IN DATABASE MMT 090623 FRONT.CRD,MMT 090623,2,P726667 090823 090623 Ritner SS,8,Ritner,"39.92296389, -75.186874",Sample,8/30/2023,10:09:00 AM,LF,9/6/2023,9:57:00 AM,LF,,9/6/2023,7.72352E+11,,
14,P726668,Y,2023,7/27/2023,9/6/2023,1,7,Y,SS,LJ FRONT,FRONT(LJ) IN DATABASE MMT 090623 FRONT.CRD,MMT 090623,2,P726668 090723 090623 26th St SS,9,26th St.,"39.91327125, -75.1922011",Sample,8/30/2023,10:19:00 AM,LF,9/6/2023,10:09:00 AM,LF,,9/6/2023,7.72352E+11,,
14,P726670,Y,2023,7/27/2023,9/6/2023,1,7,Y,SS,LJ FRONT,FRONT(LJ) IN DATABASE MMT 090623 FRONT.CRD,MMT 090623,2,P726670 090823 090623 Point Breeze near SS,5,Point Breeze Near,"39.92624784, -75.1923165",Sample,8/30/2023,10:26:00 AM,LF,9/6/2023,9:50:00 AM,LF,,9/6/2023,7.72352E+11,,
15,P726643,Y,2023,7/27/2023,9/6/2023,1,7,Y,SS,LJ FRONT,FRONT(LJ) IN DATABASE MMT 090623 FRONT.CRD,MMT 090623,2,P726643 090823 090623 Point Breeze mid SS,6,Point Breeze Mid,"39.92771763, -75.1873965",Sample,8/30/2023,10:31:00 AM,LF,9/6/2023,9:45:00 AM,LF,,9/6/2023,7.72352E+11,,
15,P726644,Y,2023,7/27/2023,9/6/2023,1,7,Y,SS,LJ FRONT,FRONT(LJ) IN DATABASE MMT 090623 FRONT.CRD,MMT 090623,2,P726644 090823 090623 Point Breeze far SS,7,Point Breeze Far,"39.93094655, -75.1829941",Sample,8/30/2023,10:37:00 AM,LF,9/6/2023,9:37:00 AM,LF,,9/6/2023,7.72352E+11,,
15,P726645,Y,2023,7/27/2023,9/6/2023,1,7,Y,SS,LJ FRONT,FRONT(LJ) IN DATABASE MMT 090623 FRONT.CRD,MMT 090623,2,P726645 090823 090623 Wharton Playground SS,13,Wharton Playground,"39.935920, -75.183090",Sample,8/30/2023,10:45:00 AM,LF,9/6/2023,9:29:00 AM,KDM,,9/6/2023,7.72352E+11,,
15,P726646,Y,2023,7/27/2023,9/6/2023,1,7,Y,SS,LJ FRONT,FRONT(LJ) IN DATABASE MMT 090623 FRONT.CRD,MMT 090623,2,P726646 090823 090623 Finnegan  SS,14,Finnegan ,"39.938448, -75.192335",Sample,8/30/2023,10:50:00 AM,LF,9/6/2023,9:17:00 AM,KDM,,9/6/2023,7.72352E+11,,
15,P726647,Y,2023,7/27/2023,9/6/2023,1,7,Y,SS,LJ FRONT,FRONT(LJ) IN DATABASE MMT 090623 FRONT.CRD,MMT 090623,2,P726647 090823 090623 Grays Ferry Ave SS,15,Grays Ferry Ave,"39.93924766, -75.1944459",Sample,8/30/2023,10:55:00 AM,LF,9/6/2023,9:10:00 AM,KDM,,9/6/2023,7.72352E+11,,
16,P726610,Y,2023,8/28/2023,9/6/2023,1,7,Y,SS,LJ FRONT,FRONT(LJ) IN DATABASE MMT 090623 FRONT.CRD,MMT 090623,2,P726610 090823 090623 Point Breeze mid SS DUP,6,Point Breeze Mid,"39.92771763, -75.1873965",Duplicate,8/30/2023,10:31:00 AM,LF,9/6/2023,9:46:00 AM,LF,,9/6/2023,7.72352E+11,,
16,P726612,Y,2023,8/28/2023,9/6/2023,1,0,Y,NO SPLIT,GT (MAIN),MAIN,MMT 090623,1,P726612 090823 090623 Grays Ferry Ave FB,15,Grays Ferry Ave,"39.93924766, -75.1944459",Field Blank,8/30/2023,10:55:00 AM,LF,8/30/2023,10:55:00 AM,LF,,9/6/2023,7.72352E+11,,
16,P726620,Y,2023,8/28/2023,9/28/2023,1,14,Y,SS,CS (main),YES (still not in google drive database),MMT 092823,2,P726620 092823 092023 Point Breeze far 2WK SS,7,Point Breeze Far,"39.93094655, -75.1829941",Sample,9/6/2023,9:37:00 AM,KDM,9/20/2023,11:52:00 AM,ST,,9/27/2023,7.72352E+11,,
16,P726641,Y,2023,8/28/2023,9/28/2023,1,14,Y,SS,CS (main),YES (still not in google drive database),MMT 092823,2,P726641 092823 092023 Point Breeze far 2WK SS,7,Point Breeze Far,"39.93094655, -75.1829941",Duplicate,9/6/2023,9:37:00 AM,KDM,9/20/2023,11:52:00 AM,ST,,9/27/2023,7.72352E+11,,
16,P726642,Y,2023,8/28/2023,9/28/2023,1,14,Y,SS,CS (main),YES (still not in google drive database),MMT 092823,2,P726642 092823 092023 Point Breeze mid 2WK SS,6,Point Breeze Mid,"39.92771763, -75.1873965",Sample,9/6/2023,9:45:00 AM,KDM,9/20/2023,12:01:00 PM,ST,,9/27/2023,7.72352E+11,,
16,P726648,Y,2023,8/28/2023,9/28/2023,1,14,Y,SS,GT (MAIN),MAIN,MMT 092823,2,P726648 092823 092023 Ritner 2WK SS,8,Ritner,"39.92296389, -75.186874",Sample,9/6/2023,9:57:00 AM,KDM,9/20/2023,12:17:00 PM,KDM,,9/27/2023,7.72352E+11,,
16,P726650,Y,2023,8/28/2023,9/28/2023,1,14,Y,SS,CS (main),YES (still not in google drive database),MMT 092823,2,P726650 092823 092023 26th St 2WK SS,9,26th St.,"39.91327125, -75.1922011",Sample,9/6/2023,10:09:00 AM,KDM,9/20/2023,12:30:00 PM,KDM,,9/27/2023,7.72352E+11,,
16,P726660,Y,2023,8/28/2023,9/28/2023,1,14,Y,SS,CS (main),YES (still not in google drive database),MMT 092823,2,P726660 092823 092023 28th and Passyunk 2WK SS,4,28th and Passyunk,"39.92061091, -75.1955879",Sample,9/6/2023,10:30:00 AM,KDM,9/20/2023,11:26:00 AM,ST,,9/27/2023,7.72352E+11,,
16,P726662,Y,2023,8/28/2023,9/28/2023,1,14,Y,SS,KC (main), IN DATABASE MMT 090623 MAIN.CRD,MMT 092823,2,P726662 092823 092023 61st and Passyunk 2WK SS,3,61st and Passyunk,"39.91820446, -75.2085474",Sample,9/6/2023,10:55:00 AM,LF,9/20/2023,11:02:00 AM,ST,,9/27/2023,7.72352E+11,,
16,P733847,Y,2023,8/28/2023,9/28/2023,1,14,Y,SS,KC (main), IN DATABASE MMT 090623 MAIN.CRD,MMT 092823,2,P733847 092823 092023 Point Breeze near 2WK SS,5,Point Breeze Near,"39.92624784, -75.1923165",Sample,9/6/2023,9:50:00 AM,KDM,9/20/2023,12:09:00 PM,KDM,,9/27/2023,7.72352E+11,,
17,P733848,Y,2023,8/28/2023,9/28/2023,1,14,Y,SS,GT (MAIN),THERE ARE TWO?,MMT 092823,1.3,P733848 100123 092923 Essington 2WK SS rr,2,Essington,"39.90131732, -75.2250262",Sample,9/6/2023,11:11:00 AM,LF,9/20/2023,10:19:00 AM,ST,,9/27/2023,7.72352E+11,,
17,P733849,Y,2023,8/28/2023,9/28/2023,1,14,Y,SS,KC (main), IN DATABASE MMT 090623 MAIN.CRD,MMT 092823,2,P733849 092823 092023 Bartrams 2WK SS,1,Bartrams,"39.92896, -75.212541",Sample,9/6/2023,11:37:00 AM,LF,9/20/2023,9:51:00 AM,ST,,9/27/2023,7.72352E+11,,
17,P733854,Y,2023,8/28/2023,9/6/2023,1,0,Y,NO SPLIT,KC (main), IN DATABASE MMT 090623 MAIN.CRD,MMT 090623,1,P733854 090823 090623 Bartrams Field Blank,1,Bartrams,"39.92896, -75.212541",Field Blank,9/6/2023,11:37:00 AM,LF,9/6/2023,11:37:00 AM,LF,,9/6/2023,7.72352E+11,,
17,P733856,Y,2023,8/28/2023,9/6/2023,1,0,Y,NO SPLIT,KC (main), IN DATABASE MMT 090623 MAIN.CRD,MMT 090623,1,P733856 090823 090623 Lab Blank,N/A,Lab blank,NA,Lab Blank,8/29/2023,,,9/6/2023,,,,9/6/2023,7.72352E+11,,
17,P733857,Y,2023,8/28/2023,9/28/2023,1,0,,NO SPLIT,KC (main), IN DATABASE MMT 090623 MAIN.CRD,MMT 092823,1,P733857 092823 092023 Lab blank,N/A,Lab blank,NA,Lab Blank,8/29/2023,,,9/20/2023,,,,9/27/2023,7.72352E+11,,
17,P733859,Y,2023,8/28/2023,9/28/2023,1,7,Y,SS,GT (main),MAIN,MMT 092823,2,P733859 092923 092723 Bartrams SS,1,Bartrams,"39.92896, -75.212541",Sample,9/20/2023,9:51:00 AM,ST,9/27/2023,9:40:00 AM,KDM,rainy all week 9/20 - 9/27,9/27/2023,7.72352E+11,,
17,P733860,Y,2023,8/28/2023,9/28/2023,1,7,Y,SS,GT (main),MAIN,MMT 092823,2,P733860 092923 092723 Essington SS,2,Essington,"39.90131732, -75.2250262",Sample,9/20/2023,10:24:00 AM,ST,9/27/2023,9:54:00 AM,KDM,rainy all week 9/20 - 9/28,9/27/2023,7.72352E+11,,
17,P733877,Y,2023,8/28/2023,9/28/2023,1,7,Y,SS,KC (main),MAIN,MMT 092823,2,P733877 092923 092723 61st and Passyunk SS,3,61st and Passyunk,"39.91820446, -75.2085474",Sample,9/20/2023,10:55:00 AM,ST,9/27/2023,9:59:00 AM,KDM,rainy all week 9/20 - 9/29,9/27/2023,7.72352E+11,,
17,P733880,Y,2023,8/28/2023,9/28/2023,1,7,Y,SS,KC (Main),MAIN,MMT 092823,2,P733880 092923 092723 28th and Passyunk SS,4,28th and Passyunk,"39.92061091, -75.1955879",Sample,9/20/2023,11:26:00 AM,ST,9/27/2023,10:05:00 AM,KDM,rainy all week 9/20 - 9/30,9/27/2023,7.72352E+11,,
17,P733881,Y,2023,8/28/2023,9/28/2023,1,7,Y,SS,KC (main),MAIN,MMT 092823,2,P733881 092923 092723 Point Breeze far SS,7,Point Breeze Far,"39.93094655, -75.1829941",Sample,9/20/2023,11:52:00 AM,ST,9/27/2023,10:19:00 AM,LF,rainy all week 9/20 - 9/31,9/27/2023,7.72352E+11,,
18,P733891,Y,2023,8/28/2023,9/28/2023,1,7,Y,SS,KC(main),MAIN,MMT 092823,2,P733891 092923 092723 Point Breeze mid SS,6,Point Breeze Mid,"39.92771763, -75.1873965",Sample,9/20/2023,12:01:00 PM,ST,9/27/2023,10:27:00 AM,LF,rainy all week 9/20 - 9/32,9/27/2023,7.72352E+11,,
18,P733892,Y,2023,8/28/2023,9/28/2023,1,7,Y,SS,KC (Main),MAIN,MMT 092823,2,P733892 092923 092723 Point Breeze near SS,5,Point Breeze Near,"39.92624784, -75.1923165",Sample,9/20/2023,12:08:00 PM,KDM,9/27/2023,10:34:00 AM,LF,rainy all week 9/20 - 9/33,9/27/2023,7.72352E+11,,
18,P733893,Y,2023,8/28/2023,9/28/2023,1,7,Y,SS,KC (main),MAIN,MMT 092823,2,P733893 092923 092723 Ritner SS,8,Ritner,"39.92296389, -75.186874",Sample,9/20/2023,12:16:00 PM,KDM,9/27/2023,10:44:00 AM,KDM,rainy all week 9/20 - 9/34,9/27/2023,7.72352E+11,,
18,P733894,Y,2023,8/28/2023,9/28/2023,1,7,Y,SS,KC (main),MAIN,MMT 092823,2,P733894 092923 092723 Ritner dup SS,8,Ritner dup,"39.92296389, -75.186874",Duplicate,9/20/2023,12:16:00 PM,KDM,9/27/2023,10:44:00 AM,KDM,rainy all week 9/20 - 9/35,9/27/2023,7.72352E+11,,
18,P733895,Y,2023,8/28/2023,9/28/2023,1,7,Y,SS,NJ MAIN,MAIN,MMT 092823,2,P733895 092923 092723 26th St SS,9,26th St.,"39.91327125, -75.1922011",Sample,9/20/2023,12:29:00 PM,KDM,9/27/2023,10:55:00 AM,LF,rainy all week 9/20 - 9/36,9/27/2023,7.72352E+11,,
18,P733896,Y,2023,8/28/2023,9/28/2023,1,0,Y,NO SPLIT,NJ MAIN,MAIN,MMT 092823,1,P733896 092923 092023 26th St FB,9,26th St.,"39.91327125, -75.1922011",Field Blank,9/20/2023,12:35:00 PM,JN,9/20/2023,12:35:00 PM,JN,,9/27/2023,7.72352E+11,,
18,P733897,Y,2023,8/28/2023,10/12/2023,1,7,Y,SS,LJ MAIN,DREXEL MAIN DATABASE 23-24,MMT 101223,2,P733897 101223 100423 Bartrams SS,1,Bartrams,"39.92896, -75.212541",Sample,9/27/2023,9:38:00 AM,KDM,10/4/2023,10:21:00 AM,St,,10/11/2023,7.91364E+11,OCT,
18,P733898,Y,2023,8/28/2023,10/12/2023,1,7,Y,SS,LJ MAIN,DREXEL MAIN DATABASE 23-24,MMT 101223,2,P733898 101223 100423 Essington SS,2,Essington,"39.90131732, -75.2250262",Sample,9/27/2023,9:54:00 AM,KDM,10/4/2023,10:37:00 AM,ST,,10/11/2023,7.91364E+11,OCT,
18,P733899,Y,2023,8/28/2023,10/12/2023,1,7,Y,SS,LJ MAIN,DREXEL MAIN DATABASE 23-24,MMT 101223,2,P733899 101223 100423 61st and Passyunk SS,3,61st and Passyunk,"39.91820446, -75.2085474",Sample,9/27/2023,9:59:00 AM,KDM,10/4/2023,10:43:00 AM,ST,,10/11/2023,7.91364E+11,OCT,
18,P733900,Y,2023,8/28/2023,10/12/2023,1,7,Y,SS,NJ MAIN,DREXEL MAIN DATABASE 23-24,MMT 101223,2,P733900 101323 100423 28th and Passyunk SS RR,4,28th & Passyunk,"39.92061091, -75.1955879",Sample,9/27/2023,10:04:00 AM,KDM,10/4/2023,10:52:00 AM,ST,,10/11/2023,7.91364E+11,OCT,
19,P733882,Y,2023,8/28/2023,10/12/2023,1,7,Y,SS,NJ MAIN,DREXEL MAIN DATABASE 23-24,MMT 101223,2,P733882 101223 100423 Point Breeze far SS,7,Point Breeze Far,"39.93094655, -75.1829941",Sample,9/27/2023,10:19:00 AM,KDM,10/4/2023,12:10:00 PM,ST,,10/11/2023,7.91364E+11,OCT,
19,P733883,Y,2023,8/28/2023,10/12/2023,1,7,Y,SS,NJ MAIN,DREXEL MAIN DATABASE 23-24,MMT 101223,2,P733883 101223 100423 Point Breeze mid SS,6,Point Breeze Mid,"39.92771763, -75.1873965",Sample,9/27/2023,10:29:00 AM,KDM,10/4/2023,12:14:00 PM,LF,,10/11/2023,7.91364E+11,OCT,
19,P733885,Y,2023,8/28/2023,10/12/2023,1,7,Y,SS,NJ MAIN,DREXEL MAIN DATABASE 23-24,MMT 101223,2,P733885 101223 100423 Point Breeze near SS,5,Point Breeze Near,"39.92624784, -75.1923165",Sample,9/27/2023,10:34:00 AM,LF,10/4/2023,11:00:00 AM,LF,smelly,10/11/2023,7.91364E+11,OCT,
19,P733886,Y,2023,8/28/2023,10/12/2023,1,7,Y,SS,NJ MAIN,DREXEL MAIN DATABASE 23-24,MMT 101223,2,P733886 101223 100423 Ritner SS,8,Ritner,"39.92296389, -75.186874",Sample,9/27/2023,10:42:00 AM,LF,10/4/2023,11:48:00 AM,LF,,10/11/2023,7.91364E+11,OCT,
20,P726601,Y,2023,9/15/2023,10/12/2023,1,7,Y,SS,NJ MAIN,DREXEL MAIN DATABASE 23-24,MMT 101223,2,P726601 101223 100423 Ritner Dup SS,8,Ritner Dup,"39.92296389, -75.186874",Duplicate,9/27/2023,10:42:00 AM,LF,10/4/2023,10:42:00 AM,LF,,10/11/2023,7.91364E+11,OCT,
20,P726602,Y,2023,9/15/2023,10/12/2023,1,7,Y,SS,NJ MAIN,DREXEL MAIN DATABASE 23-24,MMT 101223,2,P726602 101223 100423 26th SS,9,26th,"39.91327125, -75.1922011",Sample,9/27/2023,10:55:00 AM,LF,10/4/2023,12:26:00 PM,LF,,10/11/2023,7.91364E+11,OCT,
20,P726603,Y,2023,9/15/2023,9/28/2023,1,0,Y,NO SPLIT,GT (MAIN),DREXEL MAIN DATABASE 23-24,MMT 092823,1,P726603 092923 092723 26th FB RENAME,9,26th,"39.91327125, -75.1922011",Field Blank,9/27/2023,10:55:00 AM,KDM,9/27/2023,10:55:00 AM,KDM,,9/27/2023,7.72352E+11,sept,
20,P726604,Y,2023,9/15/2023,10/12/2023,1,7,Y,SS,NJ PC,DREXEL MAIN DATABASE 23-24 NJ PC,MMT 101223,1.99,P726604 101323 101123 Bartrams SS,1,Bartrams,"39.92896, -75.212541",Sample,10/4/2023,10:24:00 AM,ST,10/11/2023,8:54:00 AM,LF,"Date originally 9/27, but checked physical log and date corrected to 10/4 - kdm",10/11/2023,7.91364E+11,OCT,
20,P726605,Y,2023,9/15/2023,10/12/2023,1,7,Y,SS,GT (MAIN),MAIN,MMT 101223,1.99,P726605 101323 101123 Essington SS,2,Essington,"39.90131732, -75.2250262",Sample,10/4/2023,10:36:00 AM,LF,10/11/2023,9:06:00 AM,LF,,10/11/2023,7.91364E+11,OCT,
20,P726606,Y,2023,9/15/2023,10/12/2023,1,7,Y,SS,LJ MAIN,DREXEL MAIN DATABASE 23-24,MMT 101223,1.99,P726606 101323 101123 61st and Passyunk SS,3,61st & Passyunk,"39.91820446, -75.2085474",Sample,10/4/2023,10:43:00 AM,LF,10/11/2023,9:11:00 AM,LF,,10/11/2023,7.91364E+11,OCT,
20,P726607,Y,2023,9/15/2023,10/12/2023,1,7,Y,LJ MAIN,,DREXEL MAIN DATABASE 23-24,MMT 101223,1.99,P726607 101323 101123 28th and Passyunk SS,4,28th & Passyunk,"39.92061091, -75.1955879",Sample,10/4/2023,10:51:00 AM,ST,10/11/2023,9:16:00 AM,LF,,10/11/2023,7.91364E+11,OCT,
20,P726608,Y,2023,9/15/2023,10/12/2023,1,7,Y,SS,LJ MAIN,DREXEL MAIN DATABASE 23-24,MMT 101223,1.99,P726608 101323 101123 Point Breeze near SS,5,Point Breeze Near,"39.92624784, -75.1923165",Sample,10/4/2023,11:00:00 AM,ST,10/11/2023,9:50:00 AM,LF,,10/11/2023,7.91364E+11,OCT,
20,P726609,Y,2023,9/15/2023,10/12/2023,1,7,Y,SS,LJ MAIN,DREXEL MAIN DATABASE 23-24,MMT 101223,1.99,P726609 101323 101123 Vare st. SS,20,Vare st.,"39.92957166, -75.1962242",Sample,10/4/2023,11:10:00 AM,ST,10/11/2023,9:52:00 AM,LF,,10/11/2023,7.91364E+11,OCT,
20,P726610,Y,2023,9/15/2023,10/12/2023,1,7,Y,SS,LJ MAIN,DREXEL MAIN DATABASE 23-24,MMT 101223,1.99,P726610 101323 101123 Universal Charter at Vare SS,21,Universal Charter at Vare,"39.92640295, -75.18538637",Sample,10/4/2023,11:34:00 AM,ST,10/11/2023,9:59:00 AM,LF,,10/11/2023,7.91364E+11,OCT,
21,P733861,Y,2023,9/15/2023,10/12/2023,1,7,Y,SS,LJ MAIN,DREXEL MAIN DATABASE 23-24,MMT 101223,1.99,P733861 101323 101123 Ritner SS,8,Ritner,"39.92296389, -75.186874",Sample,10/4/2023,11:50:00 AM,ST,10/11/2023,10:04:00 AM,LF,,10/11/2023,7.91364E+11,OCT,
21,P733863,Y,2023,9/15/2023,10/12/2023,1,7,Y,SS,LJ MAIN,DREXEL MAIN DATABASE 23-24,MMT 101223,1.99,P733863 101323 101123 Wharton Playground SS,13,Wharton Playground,"39.935920, -75.183090",Sample,10/4/2023,12:05:00 PM,ST,10/11/2023,9:29:00 AM,LF,,10/11/2023,7.91364E+11,OCT,
21,P733864,Y,2023,9/15/2023,10/12/2023,1,7,Y,SS,LJ MAIN,DREXEL MAIN DATABASE 23-24,MMT 101223,1.99,P733864 101323 101123 Point Breeze far SS,7,Point Breeze Far,"39.93094655, -75.1829941",Sample,10/4/2023,12:10:00 PM,ST,10/11/2023,9:38:00 AM,LF,,10/11/2023,7.91364E+11,OCT,
21,P733865,Y,2023,9/15/2023,10/12/2023,1,7,Y,SS,LJ MAIN,DREXEL MAIN DATABASE 23-24,MMT 101223,1.99,P733865 101323 101123 Point Breeze mid SS,6,Point Breeze Mid,"39.92771763, -75.1873965",Sample,10/4/2023,12:14:00 PM,ST,10/11/2023,9:43:00 AM,LF,,10/11/2023,7.91364E+11,OCT,
21,P733866,Y,2023,9/15/2023,10/12/2023,1,7,Y,SS,CS (main),DREXEL MAIN DATABASE 23-24,MMT 101223,1.99,P733866 101323 101123 26th SS,9,26th,"39.91327125, -75.1922011",Sample,10/4/2023,12:26:00 PM,ST,10/11/2023,10:17:00 AM,LF,,10/11/2023,7.91364E+11,OCT,
21,P733867,Y,2023,9/15/2023,10/12/2023,1,7,Y,na,na,SKIP,MMT 101223,68.327,P733867 101323 101123 26th bad SS,9,26th bad,"39.91327125, -75.1922011",Duplicate,10/4/2023,12:25:00 PM,ST,10/11/2023,10:17:00 AM,LF,mounted upside down,10/11/2023,7.91364E+11,OCT,no
21,P733868,Y,2023,9/15/2023,10/12/2023,1,0,Y,NO SPLIT,CS (main),DREXEL MAIN DATABASE 23-24,MMT 101223,1,P733868 101223 100423 26th FB,9,26th,"39.91327125, -75.1922011",Field Blank,10/4/2023,12:26:00 PM,ST,10/4/2023,12:26:00 PM,ST,,10/25/2023,7.73232E+11,OCT,
21,P733869,Y,2023,9/15/2023,10/26/2023,1,7,Y,SS,CS (main),DREXEL MAIN DATABASE 23-24,MMT 102523,2,P733869 102623 101823 Bartrams SS RENAME,1,Bartrams,"39.92896, -75.212541",Sample,10/11/2023,8:54:00 AM,LF,10/18/2023,11:49:00 AM,LF,,10/25/2023,7.73232E+11,OCT,
21,P733870,Y,2023,9/15/2023,10/26/2023,1,7,Y,SS,CS (main),DREXEL MAIN DATABASE 23-24,MMT 102523,2,P733870 102623 101823 Essington SS RENAME,2,Essington,"39.90131732, -75.2250262",Sample,10/11/2023,9:06:00 AM,LF,10/18/2023,8:36:00 AM,LF,,10/25/2023,7.73232E+11,OCT,
21,P733871,Y,2023,9/15/2023,10/26/2023,1,7,Y,SS,CS/LJ MAIN,DREXEL MAIN DATABASE 23-24,MMT 102523,2,P733871 102623 101823 61st & Passyunk SS RENAME,3,61st & Passyunk,"39.91820446, -75.2085474",Sample,10/11/2023,9:11:00 AM,LF,10/18/2023,8:43:00 AM,LF,,10/25/2023,7.73232E+11,OCT,
22,P733841,Y,2023,9/15/2023,10/26/2023,1,7,Y,SS,LJ MAIN,DREXEL MAIN DATABASE 23-24,MMT 102523,2,P733841 102623 101823 28th & Passyunk SS RENAME,4,28th & Passyunk,"39.92061091, -75.1955879",Sample,10/11/2023,9:16:00 AM,KDM,10/18/2023,8:47:00 AM,LF,,10/25/2023,7.73232E+11,OCT,
22,P733843,Y,2023,9/15/2023,10/26/2023,1,7,Y,SS,LJ MAIN,DREXEL MAIN DATABASE 23-24,MMT 102523,2,P733843 102623 101823 Wharton Playground SS RENAME,13,Wharton Playground,"39.935920, -75.183090",Sample,10/11/2023,9:29:00 AM,KDM,10/18/2023,9:47:00 AM,LF,,10/25/2023,7.73232E+11,OCT,
22,P733851,Y,2023,9/15/2023,10/26/2023,1,7,Y,SS,LJ MAIN,DREXEL MAIN DATABASE 23-24,MMT 102523,2,P733851 102623 101823 Point Breeze Far SS RENAME,7,Point Breeze Far,"39.93094655, -75.1829941",Sample,10/11/2023,9:38:00 AM,KDM,10/18/2023,9:39:00 AM,LF,,10/25/2023,7.73232E+11,OCT,
22,P733854,Y,2023,9/15/2023,10/26/2023,1,7,Y,SS,LJ MAIN,DREXEL MAIN DATABASE 23-24,MMT 102523,2,P733854 102623 101823 Point Breeze Mid SS RENAME,6,Point Breeze Mid,"39.92771763, -75.1873965",Sample,10/11/2023,9:43:00 AM,KDM,10/18/2023,9:25:00 AM,LF,,10/25/2023,7.73232E+11,OCT,
22,P733856,Y,2023,9/15/2023,10/26/2023,1,7,Y,SS,LJ MAIN,DREXEL MAIN DATABASE 23-24,MMT 102523,2,P733856 102623 101823 Point Breeze Near SS RENAME,5,Point Breeze Near,"39.92624784, -75.1923165",Sample,10/11/2023,9:50:00 AM,KDM,10/18/2023,9:15:00 AM,LF,,10/25/2023,7.73232E+11,OCT,
22,P733876,Y,2023,9/15/2023,10/26/2023,1,7,Y,SS,LJ MAIN,DREXEL MAIN DATABASE 23-24,MMT 102523,2,P733876 102623 101823 Vare St. SS RENAME,20,Vare St.,"39.92957166, -75.1962242",Sample,10/11/2023,9:52:00 AM,KDM,10/18/2023,9:10:00 AM,LF,,10/25/2023,7.73232E+11,OCT,
22,P733878,Y,2023,9/15/2023,10/26/2023,1,7,Y,SS,LJ MAIN,DREXEL MAIN DATABASE 23-24,MMT 102523,2,P733878 102623 101823 Universal Charter at Vare SS RENAME,21,Universal Charter at Vare,"39.92640295, -75.18538637",Sample,10/11/2023,9:59:00 AM,KDM,10/18/2023,9:21:00 AM,KDM,,10/25/2023,7.73232E+11,OCT,
22,P733887,Y,2023,9/15/2023,10/26/2023,1,7,Y,SS,LJ MAIN,DREXEL MAIN DATABASE 23-24,MMT 102523,2,P733887 102623 101823 Ritner SS RENAME,8,Ritner,"39.92296389, -75.186874",Sample,10/11/2023,10:04:00 AM,KDM,10/18/2023,9:30:00 AM,LF,,10/25/2023,7.73232E+11,OCT,
22,P733888,Y,2023,9/15/2023,10/26/2023,1,7,Y,SS,LJ MAIN,DREXEL MAIN DATABASE 23-24,MMT 102523,2,P733888 102623 101823 26th St SS RENAME,9,26th St,"39.91327125, -75.1922011",Sample,10/11/2023,10:17:00 AM,KDM,10/18/2023,8:58:00 AM,LF,,10/25/2023,7.73232E+11,OCT,
22,P733889,Y,2023,9/15/2023,10/26/2023,1,7,Y,SS,LJ (NJ PC),DREXEL MAIN DATABASE 23-24 NJ PC,MMT 102523,2,P733889 102623 101823 26th St DUP SS RENAME,9,26th St DUP,"39.91327125, -75.1922011",Duplicate,10/11/2023,10:17:00 AM,KDM,10/18/2023,8:58:00 AM,LF,,10/25/2023,7.73232E+11,OCT,
23,P733890,Y,2023,9/15/2023,10/12/2023,1,0,Y,NO SPLIT,LJ MAIN,DREXEL MAIN DATABASE 23-24,MMT 101223,1,P733890 101223 101123 26th St FB,9,26th St,"39.91327125, -75.1922011",Field Blank,10/11/2023,10:17:00 AM,KDM,10/11/2023,10:17:00 AM,KDM,,10/11/2023,7.91364E+11,OCT,
23,P726611,Y,2023,9/15/2023,10/12/2023,1,0,Y,NO SPLIT,LJ (NJ PC),DREXEL MAIN DATABASE 23-24 NJ PC,MMT 101223,1,P726611 101223 101123 Lab blank ,,Lab blank,NA,Lab Blank,10/11/2023,,,10/11/2023,,,,10/11/2023,7.91364E+11,OCT,
23,P726613,Y,2023,9/15/2023,10/26/2023,1,7,Y,SS,LJ (MAIN),DREXEL MAIN DATABASE 23-24,MMT 102523,2,P726613 102723 102523 Essington SS,2,Essington,"39.90131732, -75.2250262",Sample,10/18/2023,8:36:00 AM,KDM,10/25/2023,8:45:00 AM,LF,,10/25/2023,7.73232E+11,OCT,
23,P726614,Y,2023,9/15/2023,10/26/2023,1,7,Y,SS,LJ (MAIN),DREXEL MAIN DATABASE 23-24,MMT 102523,2,P726614 102723 102523 61st and Passyunk SS,3,61st & Passyunk,"39.91820446, -75.2085474",Sample,10/18/2023,8:43:00 AM,LF,10/25/2023,8:51:00 AM,LF,,10/25/2023,7.73232E+11,OCT,
23,P726618,Y,2023,9/15/2023,10/26/2023,1,7,Y,SS,LJ (NJ PC),DREXEL MAIN DATABASE 23-24 NJ PC,MMT 102523,2,P726618 102723 102523 28th and Passyunk SS,4,28th & Passyunk,"39.92061091, -75.1955879",Sample,10/18/2023,8:47:00 AM,KDM,10/25/2023,8:56:00 AM,LF,,10/25/2023,7.73232E+11,OCT,
23,P726619,Y,2023,9/15/2023,10/26/2023,1,7,Y,SS,LJ (MAIN),DREXEL MAIN DATABASE 23-24,MMT 102523,2,P726619 102823 102523 26th St SS RR.D,9,26th St,"39.91327125, -75.1922011",Sample,10/18/2023,8:58:00 AM,KDM,10/25/2023,10:05:00 AM,LF,,10/25/2023,7.73232E+11,OCT,
23,P726643,Y,2023,9/15/2023,10/26/2023,1,7,Y,SS,LJ (MAIN),DREXEL MAIN DATABASE 23-24,MMT 102523,2,P726643 102723 102523 Point Breeze Near SS,5,Point Breeze Near,"39.92624784, -75.1923165",Sample,10/18/2023,9:15:00 AM,KDM,10/25/2023,9:17:00 AM,LF,,10/25/2023,7.73232E+11,OCT,
23,P726649,Y,2023,9/15/2023,10/26/2023,1,7,Y,SS,LJ (NJ PC),DREXEL MAIN DATABASE 23-24 NJ PC,MMT 102523,2,P726649 102723 102523 Point Breeze Mid SS,6,Point Breeze Mid,"39.92771763, -75.1873965",Sample,10/18/2023,9:25:00 AM,KDM,10/25/2023,9:13:00 AM,LF,,10/25/2023,7.73232E+11,OCT,
23,P726654,Y,2023,9/15/2023,10/26/2023,1,7,Y,SS,LJ (NJ PC),DREXEL MAIN DATABASE 23-24 NJ PC,MMT 102523,2,P726654 102723 102523 Ritner SS,8,Ritner,"39.92296389, -75.186874",Sample,10/18/2023,9:30:00 AM,KDM,10/25/2023,9:02:00 AM,LF,,10/25/2023,7.73232E+11,OCT,
23,P726657,Y,2023,9/15/2023,10/26/2023,1,0,Y,NO SPLIT,LJ (MAIN),DREXEL MAIN DATABASE 23-24,MMT 110823,1,P726657 110923 110823 LAB BLANK REAL.D,,LAB BLANK,NA,Lab Blank,,,,,,,"Tube in this position was P726657, was not deployed and stored in fridge",,,OCT,
24,P726663,Y,2023,9/15/2023,10/26/2023,1,7,Y,SS,LJ (NJ PC),DREXEL MAIN DATABASE 23-24 NJ PC,MMT 102523,2,P726663 102723 102523 Point Breeze Far SS,7,Point Breeze Far,"39.93094655, -75.1829941",Sample,10/18/2023,9:39:00 AM,KDM,10/25/2023,9:10:00 AM,LF,Tube deployed was P726663,10/25/2023,7.73232E+11,OCT,
24,P726664,Y,2023,9/15/2023,10/26/2023,1,7,Y,SS,LJ (NJ PC),DREXEL MAIN DATABASE 23-24 NJ PC,MMT 102523,2,P726664 102723 102523 Audenreid SS,18,Audenreid,"39.93416729, -75.19723264",Sample,10/18/2023,9:57:00 AM,KDM,10/25/2023,9:38:00 AM,KDM,Tube deployed was P726664,10/25/2023,7.73232E+11,OCT,
24,P726666,Y,2023,9/15/2023,10/26/2023,1,0,Y,NO SPLIT,LJ (NJ PC),DREXEL MAIN DATABASE 23-24 NJ PC,MMT 102523,1,P726666 102623 101823 Audenreid FB RENAME,18,Audenreid FB,"39.93416729, -75.19723264",Field Blank,10/18/2023,10:22:00 AM,KDM,10/18/2023,10:22:00 AM,LF,Tube deployed was P726666,10/25/2023,7.73232E+11,OCT,
24,P726667,Y,2023,9/15/2023,10/26/2023,1,7,Y,SS,LJ (NJ PC),DREXEL MAIN DATABASE 23-24 NJ PC,MMT 102523,2,P726667 102723 102523 Carl Moore Health Center SS,19,Carl Moore Health Center,"39.93592967, -75.19557444",Sample,10/18/2023,10:37:00 AM,KDM,10/25/2023,9:25:00 AM,LF,Tube deployed was P726667,10/25/2023,7.73232E+11,OCT,
24,P726668,Y,2023,9/15/2023,10/26/2023,1,7,Y,SS,LJ (NJ PC),DREXEL MAIN DATABASE 23-24 NJ PC,MMT 102523,2,P726668 102723 102523 Crescent Park SS,16,Crescent Park,"39.93965, -75.204199",Sample,10/18/2023,11:01:00 AM,KDM,10/25/2023,9:50:00 AM,KDM,Tube deployed was P726668,10/25/2023,7.73232E+11,OCT,
25,P726601,Y,2023,,10/26/2023,1,7,Y,SS,LJ (NJ PC),DREXEL MAIN DATABASE 23-24 NJ PC,MMT 102523,2,P726601 102723 102523 Bartrams SS,1,Bartrams,"39.92896, -75.212541",Sample,10/18/2023,11:51:00 AM,LF,10/25/2023,8:34:00 AM,LF,,10/25/2023,7.73232E+11,OCT,
25,P726602,Y,2023,,10/26/2023,1,7,Y,SS,LJ (MAIN),DREXEL MAIN DATABASE 23-24,MMT 102523,2,P726602 102723 102523 Bartrams DUP SS,1,Bartrams,"39.92896, -75.212541",Duplicate,10/18/2023,11:51:00 AM,LF,10/25/2023,8:34:00 AM,LF,,10/25/2023,7.73232E+11,OCT,
25,P726603,Y,2023,,11/9/2023,1,7,Y,SS,LJ (MAIN),DREXEL MAIN DATABASE 23-24,MMT 110823,2,P726603 110923 110123 Bartrams SS,1,Bartrams,"39.92896, -75.212541",Sample,10/25/2023,8:34:00 AM,KDM,11/1/2023,12:24:00 PM,LF,,11/8/2023,7.73435E+11,OCT,
25,P726604,Y,2023,,11/9/2023,1,7,Y,SS,GT (MAIN),DREXEL MAIN DATABASE 23-24,MMT 110823,2,P726604 110923 110123 Bartrams DUP SS RENAME,1,Bartrams DUP,"39.92896, -75.212541",Duplicate,10/25/2023,8:34:00 AM,KDM,11/1/2023,12:24:00 PM,LF,,11/8/2023,7.73435E+11,OCT,
25,P726605,Y,2023,,11/9/2023,1,7,Y,SS,GT (MAIN),DREXEL MAIN DATABASE 23-24,MMT 110823,2,P726605 110923 110123 Essington SS,2,Essington,"39.90131732, -75.2250262",Sample,10/25/2023,8:45:00 AM,KDM,11/1/2023,12:40:00 PM,LF,,11/8/2023,7.73435E+11,OCT,
25,P726606,Y,2023,,11/9/2023,1,7,Y,SS,KC (MAIN),DREXEL MAIN DATABASE 23-24,MMT 110823,2,P726606 110923 110123 61st and Passyunk SS,3,61st & Passyunk,"39.91820446, -75.2085474",Sample,10/25/2023,8:51:00 AM,KDM,11/1/2023,12:48:00 PM,LF,,11/8/2023,7.73435E+11,OCT,
25,P726607,Y,2023,,11/9/2023,1,7,Y,SS,KC (MAIN ),DREXEL MAIN DATABASE 23-24,MMT 110823,2,P726607 110923 110123 28th and Passyunk SS,4,28th & Passyunk,"39.92061091, -75.1955879",Sample,10/25/2023,8:56:00 AM,KDM,11/1/2023,12:52:00 PM,LF,,11/8/2023,7.73435E+11,OCT,
25,P726608,Y,2023,,11/9/2023,1,7,Y,SS,KC (MAIN),DREXEL MAIN DATABASE 23-24,MMT 110823,2,P726608 110923 110123 Ritner SS,8,Ritner,"39.92296389, -75.186874",Sample,10/25/2023,9:02:00 AM,KDM,11/1/2023,1:38:00 PM,KDM,,11/8/2023,7.73435E+11,OCT,
25,P726609,Y,2023,,11/9/2023,1,7,Y,SS,KC (MAIN),DREXEL MAIN DATABASE 23-24,MMT 110823,2,P726609 110923 110123 Point Breeze Far SS,7,Point Breeze Far,"39.93094655, -75.1829941",Sample,10/25/2023,9:10:00 AM,KDM,11/1/2023,1:21:00 PM,KDM,,11/8/2023,7.73435E+11,OCT,
25,P726610,Y,2023,,11/9/2023,1,7,Y,SS,KC (MAIN),DREXEL MAIN DATABASE 23-24,MMT 110823,2,P726610 110923 110123 Point Breeze Mid SS,6,Point Breeze Mid,"39.92771763, -75.1873965",Sample,10/25/2023,9:13:00 AM,KDM,11/1/2023,1:28:00 PM,KDM,,11/8/2023,7.73435E+11,OCT,
26,P726611,Y,2023,,11/9/2023,1,7,Y,SS,GT (MAIN),DREXEL MAIN DATABASE 23-24,MMT 110823,2,P726611 111023 110123 Point Breeze Near SS RR,5,Point Breeze Near,"39.92624784, -75.1923165",Sample,10/25/2023,9:17:00 AM,KDM,11/1/2023,1:31:00 PM,KDM,,11/8/2023,7.73435E+11,OCT,
26,P726615,Y,2023,,11/9/2023,1,7,Y,SS,GT (MAIN),DREXEL MAIN DATABASE 23-24,MMT 110823,2,P726615 111023 110123 CM Health Center SS RR,19,Carl Moore Health Center,"39.93592967, -75.19557444",Sample,10/25/2023,9:25:00 AM,KDM,11/1/2023,1:13:00 PM,KDM,,11/8/2023,7.73435E+11,OCT,
26,P726616,Y,2023,,11/9/2023,1,7,Y,SS,GT (MAIN),DREXEL MAIN DATABASE 23-24,MMT 110823,2,P726616 111023 110123 Audenreid SS RR,18,Audenreid,"39.93416729, -75.19723264",Sample,10/25/2023,9:36:00 AM,KDM,11/1/2023,1:00:00 PM,KDM,,11/8/2023,7.73435E+11,OCT,
26,P726617,Y,2023,,11/9/2023,1,7,Y,SS,GT (MAIN),DREXEL MAIN DATABASE 23-24,MMT 110823,2,P726617 111023 110123 Crescent Park SS RR,16,Crescent Park,"39.93965, -75.204199",Sample,10/25/2023,9:49:00 AM,KDM,11/1/2023,1:07:00 PM,KDM,,11/8/2023,7.73435E+11,OCT,
26,P726641,Y,2023,,11/9/2023,1,7,Y,SS,GT (MAIN),DREXEL MAIN DATABASE 23-24,MMT 110823,2,P726641 111023 110123 26th St SS RR,9,26th St..,"39.91327125, -75.1922011",Sample,10/25/2023,10:05:00 AM,LF,11/1/2023,1:48:00 PM,KDM,,11/8/2023,7.73435E+11,OCT,
26,P726642,Y,2023,,10/26/2023,1,0,Y,NO SPLIT,LJ (MAIN),DREXEL MAIN DATABASE 23-24,MMT 102523,1,P726642 102723 102523 LAB BLANK,,LAB BLANK,NA,Lab Blank,10/25/2023,,,,,,,10/25/2023,7.73232E+11,OCT,
26,P726644,Y,2023,,10/26/2023,1,0,Y,NO SPLIT,LJ (MAIN),DREXEL MAIN DATABASE 23-24,MMT 102523,1,P726644 102723 102523 26th St FB,9,26th St,"39.91327125, -75.1922011",Field Blank,10/25/2023,10:05:00 AM,LF,10/25/2023,10:05:00 AM,LF,tube labeled 726664,10/25/2023,7.73232E+11,OCT,
26,P726645,Y,2023,,11/9/2023,1,7,Y,SS,LJ (MAIN),DREXEL MAIN DATABASE 23-24,MMT 110823,2,P726645 111023 110823 Bartrams SS,1,Bartrams,"39.92896, -75.212541",Sample,11/1/2023,12:24:00 PM,KDM,11/8/2023,9:29:00 AM,JN,,11/8/2023,7.73435E+11,NOV,
26,P726646,Y,2023,,11/9/2023,1,7,Y,SS,MW (MAIN),DREXEL MAIN DATABASE 23-24,MMT 110823,2,P726646 111023 110823 Essington SS,2,Essington,"39.90131732, -75.2250262",sample,11/1/2023,12:40:00 PM,LF,11/8/2023,9:39:00 AM,JN,,11/8/2023,7.73435E+11,NOV,
26,P726648,Y,2023,,11/9/2023,1,7,Y,SS,GT (MAIN),DREXEL MAIN DATABASE 23-24,MMT 110823,2,P726648 111023 110823 Essington DUP SS,2,Essington DUP,"39.90131732, -75.2250262",Duplicate,11/1/2023,12:40:00 PM,LF,11/8/2023,9:41:00 AM,JN,,11/8/2023,7.73435E+11,NOV,
27,P726650,Y,2023,,11/9/2023,1,7,Y,SS,GT (MAIN),DREXEL MAIN DATABASE 23-24,MMT 110823,2,P726650 111023 110823 61st and Passyunk SS,3,61st & Passyunk,"39.91820446, -75.2085474",sample,11/1/2023,12:48:00 PM,LF,11/8/2023,9:47:00 AM,JN,,11/8/2023,7.73435E+11,NOV,
27,P726660,Y,2023,,11/9/2023,1,7,Y,SS,GT (MAIN),DREXEL MAIN DATABASE 23-24,MMT 110823,2,P726660 111023 110823 28th and Passyunk SS,4,28th & Passyunk,"39.92061091, -75.1955879",sample,11/1/2023,12:52:00 PM,KDM,11/8/2023,9:52:00 AM,JN,,11/8/2023,7.73435E+11,NOV,
27,P726661,Y,2023,,11/9/2023,1,7,Y,SS,LJ (MAIN),DREXEL MAIN DATABASE 23-24,MMT 110823,2,P726661 111023 110823 Point Breeze Far SS,7,Point Breeze Far,"39.93094655, -75.1829941",sample,11/1/2023,1:21:00 PM,KDM,11/8/2023,10:08:00 AM,JN,,11/8/2023,7.73435E+11,NOV,
27,P726662,Y,2023,,11/9/2023,1,7,Y,SS,LJ (MAIN),DREXEL MAIN DATABASE 23-24,MMT 110823,2,P726662 111023 110823 Point Breeze Mid SS,6,Point Breeze Mid,"39.92771763, -75.1873965",sample,11/1/2023,1:28:00 PM,KDM,11/8/2023,10:02:00 AM,JN,,11/8/2023,7.73435E+11,NOV,
27,P726669,Y,2023,,11/9/2023,1,7,Y,SS,LJ (MAIN),DREXEL MAIN DATABASE 23-24,MMT 110823,2,P726669 111023 110823 Point Breeze Near SS,5,Point Breeze Near,"39.92624784, -75.1923165",sample,11/1/2023,1:31:00 PM,KDM,11/8/2023,9:57:00 AM,JN,,11/8/2023,7.73435E+11,NOV,
27,P726670,Y,2023,,11/9/2023,1,7,Y,SS,LJ (MAIN),DREXEL MAIN DATABASE 23-24,MMT 110823,2,P726670 111023 110823 Ritner SS,8,Ritner,"39.92296389, -75.186874",sample,11/1/2023,1:38:00 PM,KDM,11/8/2023,10:14:00 AM,JN,,11/8/2023,7.73435E+11,NOV,
27,P733845,Y,2023,,11/9/2023,1,0,Y,NO SPLIT,LJ (MAIN),DREXEL MAIN DATABASE 23-24,MMT 110823,1,P733845 111023 110123 Ritner FB,8,Ritner,"39.92296389, -75.186874",Field Blank,11/1/2023,1:39:00 PM,KDM,11/1/2023,1:39:00 PM,KDM,,11/8/2023,7.73435E+11,NOV,
27,P733847,Y,2023,,11/9/2023,1,7,Y,SS,LJ (MAIN),DREXEL MAIN DATABASE 23-24,MMT 110823,2,P733847 111023 110823 26th SS,9,26th,"39.91327125, -75.1922011",sample,11/1/2023,1:48:00 PM,KDM,11/8/2023,10:21:00 AM,LF,smelly,11/8/2023,7.73435E+11,NOV,
27,P733848,Y,2023,,11/24/2023,1,7,Y,SS,LJ (MAIN),DREXEL MAIN DATABASE 23-24,MMT 112423,2,P733848 112423 111523 Bartrams SS,1,Bartrams,"39.92896, -75.212541",Sample,11/8/2023,9:29:00 AM,LF,11/15/2023,9:56:00 AM,ST,,11/22/2023,7.74176E+11,NOV,
27,P733899,Y,2023,,11/24/2023,1,7,Y,SS,LJ (MAIN),DREXEL MAIN DATABASE 23-24,MMT 112423,2,P733899 112423 111523 Essington SS,2,Essington,"39.90131732, -75.2250262",Sample,11/8/2023,9:41:00 AM,LF,11/15/2023,10:12:00 AM,ST,,11/22/2023,7.74176E+11,NOV,
28,P733849,Y,2023,,11/24/2023,1,7,Y,SS,GT (MAIN),DREXEL MAIN DATABASE 23-24,MMT 112423,2,P733849 112423 111523 Essington DUP SS,2,Essington,"39.90131732, -75.2250262",Duplicate,11/8/2023,9:41:00 AM,LF,11/15/2023,10:12:00 AM,ST,,11/22/2023,7.74176E+11,NOV,
28,P733850,Y,2023,,11/24/2023,1,7,Y,SS,GT (MAIN),DREXEL MAIN DATABASE 23-24,MMT 112423,2,P733850 112423 111523 61st & Passyunk SS,3,61st & Passyunk,"39.91820446, -75.2085474",sample,11/8/2023,9:47:00 AM,LF,11/15/2023,10:39:00 AM,ST,,11/22/2023,7.74176E+11,NOV,
28,P733853,Y,2023,,11/24/2023,1,7,Y,SS,GT (MAIN),DREXEL MAIN DATABASE 23-24,MMT 112423,2,P733853 112423 111523 28th & Passyunk SS,4,28th & Passyunk,"39.92061091, -75.1955879",sample,11/8/2023,9:52:00 AM,LF,11/15/2023,10:47:00 AM,ST,,11/22/2023,7.74176E+11,NOV,
28,P733857,Y,2023,,11/24/2023,1,7,Y,SS,GT (MAIN),DREXEL MAIN DATABASE 23-24,MMT 112423,2,P733857 112423 111523 Point Breeze Near SS,5,Point Breeze Near,"39.93094655, -75.1829941",sample,11/8/2023,9:58:00 AM,KDM,11/15/2023,11:22:00 AM,ST,,11/22/2023,7.74176E+11,NOV,
28,P733859,Y,2023,,11/24/2023,1,7,Y,SS,KC (MAIN),DREXEL MAIN DATABASE 23-24,MMT 112423,2,P733859 112423 111523 Point Breeze Mid SS,6,Point Breeze Mid,"39.92771763, -75.1873965",sample,11/8/2023,10:02:00 AM,LF,11/15/2023,11:13:00 AM,ST,,11/22/2023,7.74176E+11,NOV,
28,P733860,Y,2023,,11/24/2023,1,7,Y,SS,KC (MAIN),DREXEL MAIN DATABASE 23-24,MMT 112423,2,P733860 112423 111523 Point Breeze Far SS,7,Point Breeze Far,"39.92624784, -75.1923165",sample,11/8/2023,10:08:00 AM,LF,11/15/2023,11:06:00 AM,ST,,11/22/2023,7.74176E+11,NOV,
28,P733861,Y,2023,,11/24/2023,1,7,Y,SS,KC (MAIN),DREXEL MAIN DATABASE 23-24,MMT 112423,2,P733861 112423 111523 Ritner SS,8,Ritner,"39.92296389, -75.186874",sample,11/8/2023,10:14:00 AM,LF,11/15/2023,11:37:00 AM,ST,,11/22/2023,7.74176E+11,NOV,
28,P733863,Y,2023,,11/24/2023,1,7,Y,SS,KC (MAIN),DREXEL MAIN DATABASE 23-24,MMT 112423,2,P733863 112423 111523 26th St.. SS,9,26th St..,"39.91327125, -75.1922011",sample,11/8/2023,10:21:00 AM,LF,11/15/2023,11:57:00 AM,ST,smelly!,11/22/2023,7.74176E+11,NOV,
28,P733864,Y,2023,,11/9/2023,1,0,Y,NO SPLIT,KC (MAIN),DREXEL MAIN DATABASE 23-24,MMT 110823,1,P733864 110923 110823 26th FB,9,26th St..,"39.91327125, -75.1922011",Field Blank,11/8/2023,10:22:00 AM,LF,11/8/2023,10:22:00 AM,LF,smelly!,11/8/2023,7.73435E+11,NOV,
28,P733865,Y,2023,,11/24/2023,1,7,Y,SS,KC (MAIN),DREXEL MAIN DATABASE 23-24,MMT 112423,2,P733865 112523 112223 Bartrams SS,1,Bartrams,"39.92896, -75.212541",sample,11/15/2023,9:53:00 AM,ST,11/22/2023,11:24:00 AM,JN,,11/22/2023,7.74176E+11,NOV,
29,P733866,Y,2023,,11/24/2023,1,7,Y,SS,KC (MAIN),DREXEL MAIN DATABASE 23-24,MMT 112423,2,P733866 112523 112223 Essington SS,2,Essington,"39.90131732, -75.2250262",sample,11/15/2023,10:12:00 AM,ST,11/22/2023,11:36:00 AM,JN,,11/22/2023,7.74176E+11,NOV,
29,P733867,Y,2023,,11/24/2023,1,7,Y,SS,KC (MAIN),DREXEL MAIN DATABASE 23-24,MMT 112423,2,P733867 112523 112223 61st & Passyunk SS,3,61st & Passyunk,"39.91820446, -75.2085474",sample,11/15/2023,10:39:00 AM,ST,11/22/2023,11:45:00 AM,JN,,11/22/2023,7.74176E+11,NOV,
29,P733868,Y,2023,,11/24/2023,1,7,Y,SS,KC (MAIN),DREXEL MAIN DATABASE 23-24,MMT 112423,2,P733868 112523 112223 61st & Passyunk DUP SS,3,61st & Passyunk,"39.91820446, -75.2085474",duplicate,11/15/2023,10:39:00 AM,ST,11/22/2023,11:45:00 AM,JN,,11/22/2023,7.74176E+11,NOV,
29,P733875,Y,2023,,11/24/2023,1,7,Y,SS,KC (MAIN),DREXEL MAIN DATABASE 23-24,MMT 112423,2,P733875 112523 112223 28th & Passyunk SS,4,28th & Passyunk,"39.92061091, -75.1955879",sample,11/15/2023,10:47:00 AM,ST,11/22/2023,11:49:00 AM,JN,,11/22/2023,7.74176E+11,NOV,
29,P733877,Y,2023,,11/24/2023,1,7,Y,SS,KC (MAIN),DREXEL MAIN DATABASE 23-24,MMT 112423,2,P733877 112523 112223 Point Breeze Far SS,7,Point Breeze Far,"39.93094655, -75.1829941",sample,11/15/2023,11:06:00 AM,ST,11/22/2023,12:08:00 PM,JN,,11/22/2023,7.74176E+11,NOV,
29,P733879,Y,2023,,11/24/2023,1,7,Y,SS,LJ (MAIN),DREXEL MAIN DATABASE 23-24,MMT 112423,2,P733879 112523 112223 Point Breeze Mid SS,6,Point Breeze Mid,"39.92771763, -75.1873965",sample,11/15/2023,11:13:00 AM,ST,11/22/2023,12:03:00 PM,JN,,11/22/2023,7.74176E+11,NOV,
29,P733880,Y,2023,,11/24/2023,1,7,Y,SS,LJ (MAIN),DREXEL MAIN DATABASE 23-24,MMT 112423,2,P733880 112523 112223 Point Breeze Near SS,5,Point Breeze Near,"39.92624784, -75.1923165",sample,11/15/2023,11:22:00 AM,ST,11/22/2023,11:57:00 AM,JN,,11/22/2023,7.74176E+11,NOV,
29,P733881,Y,2023,,11/24/2023,1,0,Y,NO SPLIT,LJ (MAIN),DREXEL MAIN DATABASE 23-24,MMT 112423,1,P733881 112423 111523 Point Breeze Near FB,5,Point Breeze Near,"39.92624784, -75.1923165",Field Blank,11/15/2023,11:22:00 AM,ST,11/15/2023,11:22:00 AM,ST,,11/22/2023,7.74176E+11,NOV,
29,P733882,Y,2023,,11/24/2023,1,7,Y,SS,LJ (MAIN),DREXEL MAIN DATABASE 23-24,MMT 112423,2,P733882 112523 112223 Ritner SS,8,Ritner,"39.92296389, -75.186874",sample,11/15/2023,11:30:00 AM,ST,11/22/2023,12:14:00 PM,JN,,11/22/2023,7.74176E+11,NOV,
29,P733883,Y,2023,,11/24/2023,1,7,Y,SS,LJ (MAIN),DREXEL MAIN DATABASE 23-24,MMT 112423,2,P733883 112523 112223 26th St. SS,9,26th St.,"39.91327125, -75.1922011",sample,11/15/2023,11:57:00 AM,ST,11/22/2023,12:25:00 PM,JN,,11/22/2023,7.74176E+11,NOV,
30,P733885,Y,2023,,11/24/2023,1,0,Y,NO SPLIT,LJ (MAIN),DREXEL MAIN DATABASE 23-24,MMT 112423,1,P733885 112523 112223 Lab Blank,NA,Lab Blank,NA,Lab Blank,10/25/2023,,,11/22/2023,,LF,,11/22/2023,7.74176E+11,NOV,
30,P733886,Y,2023,,12/8/2023,1,7,Y,SS,GT (MAIN),DREXEL MAIN DATABASE 23-24,MMT 120723,2,P733886 120823 112923 Bartrams SS,1,Bartrams,"39.92896, -75.212541",Sample,11/22/2023,11:25:00 AM,LF,11/29/2023,9:47:00 AM,KDM,,12/7/2023,7.73761E+11,NOV,
30,P733891,Y,2023,,12/8/2023,1,7,Y,SS,GT (MAIN),DREXEL MAIN DATABASE 23-24,MMT 120723,2,P733891 120823 112923 Essington SS,2,Essington,"39.90131732, -75.2250262",Sample,11/22/2023,11:37:00 AM,LF,11/29/2023,10:02:00 AM,KDM,,12/7/2023,7.73761E+11,NOV,
30,P733892,Y,2023,,12/8/2023,1,7,Y,SS,GT (MAIN),DREXEL MAIN DATABASE 23-24,MMT 120723,2,P733892 120823 112923 61st & Passyunk SS,3,61st & Passyunk,"39.91820446, -75.2085474",Sample,11/22/2023,11:44:00 AM,LF,11/29/2023,10:10:00 AM,KDM,,12/7/2023,7.73761E+11,NOV,
30,P733893,Y,2023,,12/8/2023,1,7,Y,SS,GT (MAIN),DREXEL MAIN DATABASE 23-24,MMT 120723,2,P733893 120823 112923 28th & Passyunk SS,4,28th & Passyunk,"39.92061091, -75.1955879",Sample,11/22/2023,11:49:00 AM,LF,11/29/2023,10:18:00 AM,KDM,,12/7/2023,7.73761E+11,NOV,
30,P733894,Y,2023,,12/8/2023,1,7,Y,SS,GT (MAIN),DREXEL MAIN DATABASE 23-24,MMT 120723,2,P733894 120823 112923 28th & Passyunk DUP SS,4,28th & Passyunk,"39.92061091, -75.1955879",duplicate,11/22/2023,11:49:00 AM,LF,11/29/2023,10:18:00 AM,KDM,,12/7/2023,7.73761E+11,NOV,
30,P733895,Y,2023,,12/8/2023,1,7,Y,SS,GT (MAIN),DREXEL MAIN DATABASE 23-24,MMT 120723,2,P733895 120823 112923 Point Breeze Near SS,7,Point Breeze Near,"39.93094655, -75.1829941",Sample,11/22/2023,11:57:00 AM,LF,11/29/2023,10:27:00 AM,KDM,,12/7/2023,7.73761E+11,NOV,
30,P733896,Y,2023,,12/8/2023,1,7,Y,SS,GT (MAIN),DREXEL MAIN DATABASE 23-24,MMT 120723,2,P733896 120823 112923 Point Breeze Mid SS,6,Point Breeze Mid,"39.92771763, -75.1873965",Sample,11/22/2023,12:03:00 PM,LF,11/29/2023,10:42:00 AM,KDM,,12/7/2023,7.73761E+11,NOV,
30,P733897,Y,2023,,12/8/2023,1,7,Y,SS,GT (MAIN),DREXEL MAIN DATABASE 23-24,MMT 120723,2,P733897 120823 112923 Point Breeze Far SS,5,Point Breeze Far,"39.92624784, -75.1923165",Sample,11/22/2023,12:08:00 PM,LF,11/29/2023,10:37:00 AM,KDM,,12/7/2023,7.73761E+11,NOV,
30,P733898,Y,2023,,12/8/2023,1,7,Y,SS,GT (MAIN),DREXEL MAIN DATABASE 23-24,MMT 120723,2,P733898 120823 112923 Ritner SS,8,Ritner,"39.92296389, -75.186874",Sample,11/22/2023,12:14:00 PM,LF,11/29/2023,10:57:00 AM,KDM,,12/7/2023,7.73761E+11,NOV,
31,P726601,Y,2023,,12/8/2023,1,7,Y,SS,GT (MAIN),DREXEL MAIN DATABASE 23-24,MMT 120723,2,P726601 120823 112923 26th St SS,9,26th St,"39.91327125, -75.1922011",Sample,11/22/2023,12:26:00 PM,LF,11/29/2023,11:09:00 AM,KDM,,12/7/2023,7.73761E+11,NOV,
31,P726602,Y,2023,,11/24/2023,1,0,Y,NO SPLIT,LJ (MAIN),DREXEL MAIN DATABASE 23-24,MMT 112423,1,P726602 112523 112223 26th St FB,9,26th St,"39.91327125, -75.1922011",Field Blank,11/22/2023,12:27:00 PM,LF,11/22/2023,12:27:00 PM,LF,,11/22/2023,7.74176E+11,NOV,
31,P726613,Y,2023,,12/8/2023,1,7,Y,SS,KC (MAIN),DREXEL MAIN DATABASE 23-24,MMT 120723,2,P726613 120923 120623 Bartrams SS,1,Bartrams,"39.92896, -75.212541",Sample,11/29/2023,9:49:00 AM,KDM,12/6/2023,11:55:00 AM,KDM,,12/7/2023,7.73761E+11,,
31,P726614,Y,2023,,12/8/2023,1,7,Y,SS,kc (MAIN),DREXEL MAIN DATABASE 23-24,MMT 120723,2,P726614 120923 120623 Essington SS,2,Essington,"39.90131732, -75.2250262",Sample,11/29/2023,10:03:00 AM,KDM,12/6/2023,12:12:00 PM,KDM,,12/7/2023,7.73761E+11,,
31,P726618,Y,2023,,12/8/2023,1,7,Y,SS,KC (MAIN),DREXEL MAIN DATABASE 23-24,MMT 120723,2,P726618 120923 120623 61st & Passyunk SS,3,61st & Passyunk,"39.91820446, -75.2085474",Sample,11/29/2023,10:11:00 AM,KDM,12/6/2023,12:21:00 PM,KDM,smelly 11/29,12/7/2023,7.73761E+11,,
31,P726642,Y,2023,,12/8/2023,1,7,Y,SS,KC (MAIN),DREXEL MAIN DATABASE 23-24,MMT 120723,2,P726642 120923 120623 28th & Passyunk SS,4,28th & Passyunk,"39.92061091, -75.1955879",Sample,11/29/2023,10:19:00 AM,KDM,12/6/2023,12:27:00 PM,KDM,,12/7/2023,7.73761E+11,,
31,P726643,Y,2023,,12/8/2023,1,7,Y,SS,KC (MAIN),DREXEL MAIN DATABASE 23-24,MMT 120723,2,P726643 120923 120623 Point Breeze Near SS,5,Point Breeze Near,"39.92624784, -75.1923165",Sample,11/29/2023,10:28:00 AM,KDM,12/6/2023,12:36:00 PM,KDM,smelly (laundromat) 11/29,12/7/2023,7.73761E+11,,
31,P726644,Y,2023,,12/8/2023,1,7,Y,SS,KC (MAIN),DREXEL MAIN DATABASE 23-24,MMT 120723,2,P726644 120923 120623 Point Breeze Near DUP SS,5,Point Breeze Near,"39.92624784, -75.1923165",Duplicate,11/29/2023,10:28:00 AM,KDM,12/6/2023,12:36:00 PM,KDM,smelly (laundromat) 11/29,12/7/2023,7.73761E+11,,
31,P726645,Y,2023,,12/8/2023,1,7,Y,SS,KC (MAIN),DREXEL MAIN DATABASE 23-24,MMT 120723,2,P726645 120923 120623 Point Breeze Far SS,7,Point Breeze Far,"39.93094655, -75.1829941",Sample,11/29/2023,10:38:00 AM,KDM,12/6/2023,1:14:00 PM,KDM,,12/7/2023,7.73761E+11,,
31,P726646,Y,2023,,12/8/2023,1,7,Y,SS,KC(MAIN),DREXEL MAIN DATABASE 23-24,MMT 120723,2,P726646 120923 120623 Point Breeze Mid SS,6,Point Breeze Mid,"39.92771763, -75.1873965",Sample,11/29/2023,10:43:00 AM,KDM,12/6/2023,1:18:00 PM,KDM,,12/7/2023,7.73761E+11,,
32,P726648,Y,2023,,12/8/2023,1,7,Y,SS,KC(MAIN),DREXEL MAIN DATABASE 23-24,MMT 120723,2,P726648 120923 120623 Ritner SS,8,Ritner,"39.92296389, -75.186874",Sample,11/29/2023,10:55:00 AM,KDM,12/6/2023,1:27:00 PM,KDM,,12/7/2023,7.73761E+11,,
32,P726649,Y,2023,,12/8/2023,1,7,Y,SS,KC(MAIN),DREXEL MAIN DATABASE 23-24,MMT 120723,2,P726649 120923 120623 26th St SS,9,26th St,"39.91327125, -75.1922011",Sample,11/29/2023,11:10:00 AM,KDM,12/6/2023,1:40:00 PM,KDM,smelly (traffic smell) 11/29,12/7/2023,7.73761E+11,,
32,P726651,Y,2023,,12/8/2023,1,0,Y,NO SPLIT,KC(MAIN),DREXEL MAIN DATABASE 23-24,MMT 120723,1,P726651 120923 120623 LAB BLANK ,,LAB BLANK,NA,Lab Blank,11/22/2023,,,12/6/2023,,,taken as back-up tube 11/29 unopened,12/7/2023,7.73761E+11,,
32,P726652,Y,2023,,12/8/2023,1,0,Y,NO SPLIT,KC(mAIN),DREXEL MAIN DATABASE 23-24,MMT 120723,1,P726652 120823 112923 Ritner FB ,8,Ritner,"39.92296389, -75.186874",Field Blank,11/29/2023,10:50:00 AM,JN,11/29/2023,10:50:00 AM,JN,,12/7/2023,7.73761E+11,,
32,P726654,Y,2023,,12/21/2023,1,7,Y,SS,KC (MAIN),DREXEL MAIN DATABASE 23-24,MMT 122023,2,P726654 122123 121323 Bartrams SS,1,Bartrams,"39.92896, -75.212541",Sample,12/6/2023,11:57:00 AM,KDM,12/13/2023,1:35:00 PM,LF,,12/20/2023,7.74411E+11,,
32,P726663,Y,2023,,12/21/2023,1,7,Y,SS,GT (MAIN),DREXEL MAIN DATABASE 23-24,MMT 122023,2,P726663 122123 121323 Essington SS,2,Essington,"39.90131732, -75.2250262",Sample,12/6/2023,12:12:00 PM,JN,12/13/2023,1:57:00 PM,LF,,12/20/2023,7.74411E+11,,
32,P726664,Y,2023,,12/21/2023,1,7,Y,SS,GT (MAIN),DREXEL MAIN DATABASE 23-24,MMT 122023,2,P726664 122123 121323 61st & Passyunk SS,3,61st & Passyunk,"39.91820446, -75.2085474",Sample,12/6/2023,12:22:00 PM,JN,12/13/2023,2:03:00 PM,LF,,12/20/2023,7.74411E+11,,
32,P726666,Y,2023,,12/21/2023,1,7,Y,SS,GT (MAIN),DREXEL MAIN DATABASE 23-24,MMT 122023,2,P726666 122123 121323 28th & Passyunk SS,4,28th & Passyunk,"39.92061091, -75.1955879",Sample,12/6/2023,12:28:00 PM,JN,12/13/2023,2:08:00 PM,LF,,12/20/2023,7.74411E+11,,
32,P726667,Y,2023,,12/21/2023,1,7,Y,SS,GT (MAIN),DREXEL MAIN DATABASE 23-24,MMT 122023,2,P726667 122123 121323 Point Breeze Near SS,5,Point Breeze Near,"39.92624784, -75.1923165",Sample,12/6/2023,12:36:00 PM,JN,12/13/2023,2:13:00 PM,LF,,12/20/2023,7.74411E+11,,
32,P726668,Y,2023,,12/21/2023,1,7,Y,SS,GT (MAIN),DREXEL MAIN DATABASE 23-24,MMT 122023,2,P726668 122123 121323 Crescent Park SS,16,Crescent Park,"39.93965, -75.204199",Sample,12/6/2023,12:53:00 PM,KDM,12/13/2023,2:27:00 PM,LF,,12/20/2023,7.74411E+11,,
33,P733841,Y,2023,,12/21/2023,1,7,Y,SS,GT (MAIN),DREXEL MAIN DATABASE 23-24,MMT 122023,2,P733841 122123 121323 Carl Moore Health Center SS,19,Carl Moore Health Center,"39.93592967, -75.19557444",Sample,12/6/2023,1:01:00 PM,KDM,12/13/2023,2:32:00 PM,LF,,12/20/2023,7.74411E+11,,
33,P733843,Y,2023,,12/21/2023,1,7,Y,SS,GT (MAIN),DREXEL MAIN DATABASE 23-24,MMT 122023,2,P733843 122123 121323 Point Breeze Far SS,7,Point Breeze Far,"39.93094655, -75.1829941",Sample,12/6/2023,1:14:00 PM,JN,12/13/2023,2:43:00 PM,LF,,12/20/2023,7.74411E+11,,
33,P733845,Y,2023,,12/21/2023,1,7,Y,SS,GT (FRONT),DREXEL MAIN DATABASE 23-24 FRONT,MMT 122023,2,P733845 122123 121323 Point Breeze Mid SS,6,Point Breeze Mid,"39.92771763, -75.1873965",Sample,12/6/2023,1:20:00 PM,JN,12/13/2023,2:19:00 PM,LF,,12/20/2023,7.74411E+11,,
33,P733854,Y,2023,,12/21/2023,1,7,Y,SS,GT (FRONT),DREXEL MAIN DATABASE 23-24 FRONT,MMT 122023,2,P733854 122123 121323 Point Breeze Mid DUP SS,6,Point Breeze Mid DUP,"39.92771763, -75.1873965",Duplicate,12/6/2023,1:20:00 PM,JN,12/13/2023,2:19:00 PM,LF,,12/20/2023,7.74411E+11,,
33,P733856,Y,2023,,12/21/2023,1,7,Y,SS,GT (FRONT),DREXEL MAIN DATABASE 23-24 FRONT,MMT 122023,2,P733856 122123 122023 Essington SS,2,Essington,"39.90131732, -75.2250262",Sample,12/13/2023,1:57:00 PM,LF,12/20/2023,10:27:00 AM,LF,,12/20/2023,7.74411E+11,,
33,P733869,Y,2023,,12/21/2023,1,7,Y,SS,GT (FRONT),DREXEL MAIN DATABASE 23-24 FRONT,MMT 122023,2,P733869 122123 121323 Ritner SS,8,Ritner,"39.92296389, -75.186874",Sample,12/6/2023,1:27:00 PM,JN,12/13/2023,2:49:00 PM,LF,,12/20/2023,7.74411E+11,,
33,P733871,Y,2023,,12/8/2023,1,0,Y,NO SPLIT,,DREXEL MAIN DATABASE 23-24 FRONT,MMT 120723,1,P733871 120823 120623 Ritner FB ,8,Ritner-FB,"39.92296389, -75.186874",Field Blank,12/6/2023,1:27:00 PM,JN,12/6/2023,1:27:00 PM,JN,,12/7/2023,7.73761E+11,,
33,P733873,Y,2023,,12/21/2023,1,7,Y,SS,GT (FRONT),DREXEL MAIN DATABASE 23-24 FRONT,MMT 122023,2,P733873 122123 121323 26th St SS,9,26th St,"39.91327125, -75.1922011",Sample,12/6/2023,1:40:00 PM,JN,12/13/2023,2:59:00 PM,LF,,12/20/2023,7.74411E+11,,
33,P733876,Y,2023,,12/21/2023,1,7,Y,SS,GT (FRONT),DREXEL MAIN DATABASE 23-24 FRONT,MMT 122023,2,P733876 122123 121323 Audenreid SS,18,Audenreid,"39.93416729, -75.19723264",Sample,12/6/2023,1:53:00 PM,JN,12/13/2023,2:36:00 PM,LF,,12/20/2023,7.74411E+11,,
33,P733888,Y,2023,,12/21/2023,1,7,Y,SS,GT (FRONT),DREXEL MAIN DATABASE 23-24 FRONT,MMT 122023,2,P733888 122123 122023 Bartrams SS,1,Bartrams,"39.92896, -75.212541",Sample,12/13/2023,1:39:00 PM,LF,12/20/2023,10:17:00 AM,LF,,12/20/2023,7.74411E+11,,
34,P733889,Y,2023,,12/21/2023,1,7,Y,SS,GT (FRONT),DREXEL MAIN DATABASE 23-24 FRONT,MMT 122023,2,P733889 122123 122023 61st & Passyunk SS,3,61st & Passyunk,"39.91820446, -75.2085474",Sample,12/13/2023,2:03:00 PM,LF,12/20/2023,10:32:00 AM,LF,,12/20/2023,7.74411E+11,,
34,P733847,Y,2023,,12/21/2023,1,7,Y,SS,GT (FRONT),DREXEL MAIN DATABASE 23-24 FRONT,MMT 122023,2,P733847 122123 122023 28th & Passyunk SS,4,28th & Passyunk,"39.92061091, -75.1955879",Sample,12/13/2023,2:07:00 PM,LF,12/20/2023,10:35:00 AM,LF,,12/20/2023,7.74411E+11,,
34,P726612,Y,2023,,12/21/2023,1,7,Y,SS,GT (FRONT),DREXEL MAIN DATABASE 23-24 FRONT,MMT 122023,2,P726612 122123 122023 Point Breeze Near SS,5,Point Breeze Near,"39.92624784, -75.1923165",Sample,12/13/2023,2:13:00 PM,LF,12/20/2023,10:41:00 AM,KDM,,12/20/2023,7.74411E+11,,
34,P726620,Y,2023,,12/21/2023,1,7,Y,SS,GT (FRONT),DREXEL MAIN DATABASE 23-24 FRONT,MMT 122023,2,P726620 122123 122023 Point Breeze Mid SS,6,Point Breeze Mid,"39.92771763, -75.1873965",Sample,12/13/2023,2:18:00 PM,LF,12/20/2023,10:44:00 AM,LF,,12/20/2023,7.74411E+11,,
34,P726650,Y,2023,,12/21/2023,1,7,Y,SS,GT (FRONT),DREXEL MAIN DATABASE 23-24 FRONT,MMT 122023,2,P726650 122123 122023 Point Breeze Mid DUP SS,6,Point Breeze Mid DUP,"39.92771763, -75.1873965",Duplicate,12/13/2023,2:18:00 PM,LF,12/20/2023,10:45:00 AM,LF,,12/20/2023,7.74411E+11,,
34,P726659,Y,2023,,12/21/2023,1,7,Y,SS,KC (MAIN),DREXEL MAIN DATABASE 23-24,MMT 122023,2,P726659 122123 122023 Crescent Park SS,16,Crescent Park,"39.93965, -75.204199",Sample,12/13/2023,2:27:00 PM,LF,12/20/2023,10:53:00 AM,LF,,12/20/2023,7.74411E+11,,
34,P726660,Y,2023,,12/21/2023,1,7,Y,SS,KC (MAIN),DREXEL MAIN DATABASE 23-24,MMT 122023,2,P726660 122123 122023 Carl Moore Health Center SS,19,Carl Moore Health Center,"39.93592967, -75.19557444",Sample,12/13/2023,2:32:00 PM,LF,12/20/2023,10:59:00 AM,KDM,,12/20/2023,7.74411E+11,,
34,P726662,Y,2023,,12/21/2023,1,7,Y,SS,KC (MAIN),DREXEL MAIN DATABASE 23-24,MMT 122023,2,P726662 122123 122023 Audenreid SS,18,Audenreid,"39.93416729, -75.19723264",Sample,12/13/2023,2:36:00 PM,LF,12/20/2023,11:03:00 AM,KDM,,12/20/2023,7.74411E+11,,
34,P726669,Y,2023,,12/21/2023,1,7,Y,SS,LJ (MAIN),DREXEL MAIN DATABASE 23-24,MMT 122023,2,P726669 122123 122023 Point Breeze Far SS,7,Point Breeze Far,"39.93094655, -75.1829941",Sample,12/13/2023,2:43:00 PM,LF,12/20/2023,11:11:00 AM,KDM,,12/20/2023,7.74411E+11,,
34,P726670,Y,2023,,12/21/2023,1,7,Y,SS,LJ (MAIN),DREXEL MAIN DATABASE 23-24,MMT 122023,2,P726670 122123 122023 Ritner SS,8,Ritner,"39.92296389, -75.186874",Sample,12/13/2023,2:49:00 PM,LF,12/20/2023,11:16:00 AM,LF,,12/20/2023,7.74411E+11,,
35,P726602,Y,23-Dec,12/7/2023,12/21/2023,1,7,Y,SS,LJ (MAIN),DREXEL MAIN DATABASE 23-24,MMT 122023,1,P726602 122123 121323 26th St SS,9,26th St,"39.91327125, -75.1922011",Sample,12/13/2023,2:59:00 PM,LF,12/20/2023,11:22:00 AM,LF,,12/20/2023,7.74411E+11,,
35,P726604,Y,23-Dec,12/7/2023,12/21/2023,1,0,Y,NO SPLIT,LJ (MAIN),DREXEL MAIN DATABASE 23-24,MMT 122023,1,P726604 122123 122023 26th St FB,9,26th St FB,"39.91327125, -75.1922011",Field Blank,12/13/2023,3:00:00 PM,LF,12/13/2023,3:00:00 PM,LF,,12/20/2023,7.74411E+11,,
35,P726605,Y,23-Dec,12/7/2023,12/21/2023,1,0,Y,NO SPLIT,GT (MAIN),DREXEL MAIN DATABASE 23-24,MMT 122023,1,P726605 122123 122023 Lab Blank,,Lab Blank,NA,Lab Blank,11/15/2023,,LF,12/20/2023,,LF,,12/20/2023,7.74411E+11,,
35,P726606,Y,23-Dec,12/7/2023,1/11/2024,1,7,Y,SS,LJ (MAIN),DREXEL MAIN DATABASE 23-24,MMT 011624,2,P726606 011624 011024 Bartrams SS,1,Bartrams,"39.92896, -75.212541",Sample,1/3/2024,11:30:00 AM,LF,1/10/2024,11:48:00 AM,,,1/10/2024,7.72875E+11,,
35,P726607,Y,23-Dec,12/7/2023,1/11/2024,1,7,Y,SS,GT (MAIN),DREXEL MAIN DATABASE 23-24,MMT 011624,2,P726607 011624 011024 Essington SS,2,Essington,"39.90131732, -75.2250262",Sample,1/3/2024,11:57:00 AM,KDM,1/10/2024,11:59:00 AM,,,1/10/2024,7.72875E+11,,
35,P726609,Y,23-Dec,12/7/2023,1/11/2024,1,7,Y,SS,GT (MAIN),DREXEL MAIN DATABASE 23-24,MMT 011624,2,P726609 011624 011024 61st & Passyunk SS,3,61st & Passyunk,"39.92061091, -75.1955879",Sample,1/3/2024,12:03:00 PM,KDM,1/10/2024,12:05:00 PM,,,1/10/2024,7.72875E+11,,
35,P726610,Y,23-Dec,12/7/2023,1/11/2024,1,7,Y,SS,GT (MAIN),DREXEL MAIN DATABASE 23-24,MMT 011624,2,P726610 011624 011024 28th & Passyunk SS,4,28th & Passyunk,"39.92624784, -75.1923165",Sample,1/3/2024,12:07:00 PM,KDM,1/10/2024,12:10:00 PM,,,1/10/2024,7.72875E+11,,
35,P726615,Y,23-Dec,12/7/2023,1/11/2024,1,7,Y,SS,GT (MAIN),DREXEL MAIN DATABASE 23-24,MMT 011624,2,P726615 011624 011024 Point Breeze Near SS,5,Point Breeze Near,"39.92771763, -75.1873965",Sample,1/3/2024,12:11:00 PM,KDM,1/10/2024,12:17:00 PM,,,1/10/2024,7.72875E+11,,
35,P726616,Y,23-Dec,12/7/2023,1/11/2024,1,7,Y,SS,GT (MAIN),DREXEL MAIN DATABASE 23-24,MMT 011624,2,P726616 011624 011024 Point Breeze Mid SS,6,Point Breeze Mid,"39.92957166, -75.1962242",Sample,1/3/2024,12:16:00 PM,KDM,1/10/2024,12:23:00 PM,,,1/10/2024,7.72875E+11,,
35,P726617,Y,23-Dec,12/7/2023,1/11/2024,1,7,Y,SS,GT (MAIN),DREXEL MAIN DATABASE 23-24,MMT 011624,2,P726617 011624 011024 Vare St SS,20,Vare St,"39.935920, -75.183090",Sample,1/3/2024,12:20:00 PM,KDM,1/10/2024,12:54:00 PM,,,1/10/2024,7.72875E+11,,
36,P726641,Y,23-Dec,12/7/2023,1/11/2024,1,7,Y,SS,GT (MAIN),DREXEL MAIN DATABASE 23-24,MMT 011624,2,P726641 011624 011024 Wharton Playground SS,13,Wharton Playground,"39.93094655, -75.1829941",Sample,1/3/2024,12:28:00 PM,KDM,1/10/2024,12:28:00 PM,,,1/10/2024,7.72875E+11,,
36,P726647,Y,23-Dec,12/7/2023,1/11/2024,1,7,Y,SS,GT (MAIN)/LJ,DREXEL MAIN DATABASE 23-24,MMT 011624,2,P726647 011724 011024 Point Breeze Far SS,7,Point Breeze Far,"39.92640295, -75.18538637",Sample,1/3/2024,12:46:00 PM,KDM,1/10/2024,12:33:00 PM,,,1/10/2024,7.72875E+11,,
36,P726657,Y,23-Dec,12/7/2023,1/11/2024,1,7,Y,SS,LJ (MAIN),DREXEL MAIN DATABASE 23-24,MMT 011624,2,P726657 011724 011024 Universal Charter at Vare SS,21,Universal Charter at Vare,"39.92296389, -75.186874",Sample,1/3/2024,12:51:00 PM,KDM,1/10/2024,12:39:00 PM,,,1/10/2024,7.72875E+11,,
36,P726658,Y,23-Dec,12/7/2023,1/11/2024,1,7,Y,SS,LJ (MAIN),DREXEL MAIN DATABASE 23-24,MMT 011624,2,P726658 011724 011024 Ritner SS,8,Ritner,"39.92296389, -75.186874",Sample,1/3/2024,12:56:00 PM,KDM,1/10/2024,12:43:00 PM,,,1/10/2024,7.72875E+11,,
36,P726661,Y,23-Dec,12/7/2023,1/11/2024,1,7,Y,SS,LJ (MAIN),DREXEL MAIN DATABASE 23-24,MMT 011624,2,P726661 011724 011024 Ritner DUP SS,8,Ritner DUP,"39.92296389, -75.186874",Duplicate,1/3/2024,12:56:00 PM,KDM,1/10/2024,12:43:00 PM,,,1/10/2024,7.72875E+11,,
36,P733848,Y,23-Dec,12/7/2023,1/11/2024,1,7,Y,SS,LJ (MAIN),DREXEL MAIN DATABASE 23-24,MMT 011624,2,P733848 011724 011024 26th St SS,9,26th St,"39.91327125, -75.1922011",Sample,1/3/2024,1:04:00 PM,KDM,1/10/2024,12:50:00 PM,,,1/10/2024,7.72875E+11,,
36,P733849,Y,23-Dec,12/7/2023,1/11/2024,1,0,Y,NO SPLIT,LJ (MAIN),DREXEL MAIN DATABASE 23-24,MMT 011624,1,P733849 011624 011024 26th St FB,9,26th St FB,"39.91327125, -75.1922011",Field Blank,1/3/2024,1:05:00 PM,KDM,1/3/2024,1:05:00 PM,KDM,,1/10/2024,7.72875E+11,,
36,P733850,Y,23-Dec,12/7/2023,1/25/2024,1,7,Y,SS,KC(MAIN),DREXEL MAIN DATABASE 23-24,MMT 011624,2,P733850 012524 011724 Bartrams SS,1,Bartrams,"39.92896, -75.212541",Sample,1/10/2024,11:48:00 AM,JN,1/17/2024,1:52:00 PM,ST,,1/24/2024,7.74093E+11,,
36,P733851,Y,23-Dec,12/7/2023,1/25/2024,1,7,Y,SS,KC(MAIN),DREXEL MAIN DATABASE 23-24,MMT012324,2,P733851 012524 011724 Essington SS,2,Essington,"39.90131732, -75.2250262",Sample,1/10/2024,11:59:00 AM,JN,1/17/2024,2:15:00 PM,ST,,1/24/2024,7.74093E+11,,
36,P733853,Y,23-Dec,12/7/2023,1/25/2024,1,7,Y,SS,KC (MAIN),DREXEL MAIN DATABASE 23-24,MMT012324,2,P733853 012524 011724 61st & Passyunk SS,3,61st & Passyunk,"39.91820446, -75.2085474",Sample,1/10/2024,12:07:00 PM,JN,1/17/2024,2:30:00 PM,ST,,1/24/2024,7.74093E+11,,
37,P733857,Y,23-Dec,12/7/2023,1/25/2024,1,7,Y,SS,KC (MAIN),DREXEL MAIN DATABASE 23-24,MMT012324,2,P733857 012524 011724 28th & Passyunk SS,4,28th & Passyunk,"39.92061091, -75.1955879",Sample,1/10/2024,12:11:00 PM,JN,1/17/2024,4:42:00 PM,ST,,1/24/2024,7.74093E+11,,
37,P733859,Y,23-Dec,12/7/2023,1/25/2024,1,7,Y,SS,GT (FRONT),DREXEL MAIN DATABASE 23-24 FRONT,MMT012324,2,P733859 012524 011724 Point Breeze Near SS,5,Point Breeze Near,"39.92624784, -75.1923165",Sample,1/10/2024,12:17:00 PM,JN,1/17/2024,5:27:00 PM,ST,,1/24/2024,7.74093E+11,,
37,P733860,Y,23-Dec,12/7/2023,1/25/2024,1,7,Y,SS,GT (FRONT),DREXEL MAIN DATABASE 23-24 FRONT,MMT012324,2,P733860 012524 011724 Point Breeze Mid SS,6,Point Breeze Mid,"39.92771763, -75.1873965",Sample,1/10/2024,12:23:00 PM,JN,1/17/2024,5:39:00 PM,ST,,1/24/2024,7.74093E+11,,
37,P733861,Y,23-Dec,12/7/2023,1/25/2024,1,7,Y,SS,KC (MAIN),DREXEL MAIN DATABASE 23-24,MMT012324,2,P733861 012524 011724 Wharton Playground SS,13,Wharton Playground,"39.935920, -75.183090",Sample,1/10/2024,12:28:00 PM,JN,1/17/2024,6:14:00 PM,ST,,1/24/2024,7.74093E+11,,
37,P733863,Y,23-Dec,12/7/2023,1/25/2024,1,7,Y,SS,GT (FRONT),DREXEL MAIN DATABASE 23-24 FRONT,MMT012324,2,P733863 012524 011724 Point Breeze Far SS,7,Point Breeze Far,"39.93094655, -75.1829941",Sample,1/10/2024,12:33:00 PM,JN,1/17/2024,5:49:00 PM,ST,,1/24/2024,7.74093E+11,,
37,P733864,Y,23-Dec,12/7/2023,1/25/2024,1,7,Y,SS,GT (FRONT),DREXEL MAIN DATABASE 23-24 FRONT,MMT012324,2,P733864 012524 011724 Universal Charter at Vare SS,21,Universal Charter at Vare,"39.92640295, -75.18538637",Sample,1/10/2024,12:49:00 PM,JN,1/17/2024,6:05:00 PM,ST,,1/24/2024,7.74093E+11,,
37,P733865,Y,23-Dec,12/7/2023,1/25/2024,1,7,Y,SS,KC(MAIN),DREXEL MAIN DATABASE 23-24,MMT012324,2,P733865 012524 011724 Ritner SS,8,Ritner,"39.92296389, -75.186874",Sample,1/10/2024,12:44:00 PM,JN,1/17/2024,5:57:00 PM,ST,,1/24/2024,7.74093E+11,,
37,P733866,Y,23-Dec,12/7/2023,1/25/2024,1,7,Y,SS,KC(MAIN),DREXEL MAIN DATABASE 23-24,MMT012324,2,P733866 012524 011724 Ritner DUP SS,8,Ritner DUP,"39.92296389, -75.186874",Duplicate,1/10/2024,12:44:00 PM,JN,1/17/2024,5:57:00 PM,ST,,1/24/2024,7.74093E+11,,
37,P733867,Y,23-Dec,12/7/2023,1/25/2024,1,7,Y,SS,GT (FRONT),DREXEL MAIN DATABASE 23-24 FRONT,MMT012324,2,P733867 012524 011724 26th St SS,9,26th St,"39.91327125, -75.1922011",Sample,1/10/2024,12:50:00 PM,JN,1/17/2024,6:43:00 PM,ST,,1/24/2024,7.74093E+11,,
37,P733868,Y,23-Dec,12/7/2023,1/25/2024,1,7,Y,SS,LJ (MAIN),DREXEL MAIN DATABASE 23-24,MMT012324,2,P733868 012524 011724 Vare St SS,20,Vare St,"39.92957166, -75.1962242",Sample,1/10/2024,12:54:00 PM,JN,1/17/2024,6:27:00 PM,ST,,1/24/2024,7.74093E+11,,
38,P733875,Y,23-Dec,12/7/2023,1/25/2024,1,0,Y,NO SPLIT,KC (mAIN),DREXEL MAIN DATABASE 23-24,MMT 011624,1,P733875 011724 011024 Vare St FB,20,Vare St FB,"39.92957166, -75.1962242",Field Blank,1/10/2024,12:55:00 PM,LF,1/17/2024,12:55:00 PM,LF,,1/10/2024,7.72875E+11,,
38,P733877,Y,23-Dec,12/7/2023,1/25/2024,1,7,Y,SS,GT (FRONT),DREXEL MAIN DATABASE 23-24 FRONT,MMT012324,2,P733877 012624 012424 Bartrams SS,1,Bartrams,"39.92896, -75.212541",Sample,1/17/2024,1:52:00 PM,ST,1/24/2024,9:34:00 AM,LF,,1/24/2024,7.74093E+11,,
38,P733879,Y,23-Dec,12/7/2023,1/25/2024,1,7,Y,SS,GT (FRONT),DREXEL MAIN DATABASE 23-24 FRONT,MMT012324,2,P733879 012624 012424 Essington SS,2,Essington,"39.90131732, -75.2250262",Sample,1/17/2024,2:15:00 PM,ST,1/24/2024,9:45:00 AM,LF,,1/24/2024,7.74093E+11,,
38,P733880,Y,23-Dec,12/7/2023,1/25/2024,1,7,Y,SS,GT (FRONT),DREXEL MAIN DATABASE 23-24 FRONT,MMT012324,2,P733880 012624 012424 61st & Passyunk SS,3,61st & Passyunk,"39.91820446, -75.2085474",Sample,1/17/2024,2:30:00 PM,ST,1/24/2024,9:51:00 AM,KDM,,1/24/2024,7.74093E+11,,
38,P733881,Y,23-Dec,12/7/2023,1/25/2024,1,7,Y,SS,GT (FRONT),DREXEL MAIN DATABASE 23-24 FRONT,MMT012324,2,P733881 012624 012424 28th & Passyunk SS,4,28th & Passyunk,"39.92061091, -75.1955879",Sample,1/17/2024,4:42:00 PM,ST,1/24/2024,10:00:00 AM,KDM,,1/24/2024,7.74093E+11,,
38,P733882,Y,23-Dec,12/7/2023,1/25/2024,1,7,Y,SS,GT (FRONT),DREXEL MAIN DATABASE 23-24 FRONT,MMT012324,2,P733882 012624 012424 Point Breeze Near SS,5,Point Breeze Near,"39.92624784, -75.1923165",Sample,1/17/2024,5:29:00 PM,ST,1/24/2024,10:09:00 AM,KDM,,1/24/2024,7.74093E+11,,
38,P733883,Y,23-Dec,12/7/2023,1/25/2024,1,7,Y,SS,GT (FRONT),DREXEL MAIN DATABASE 23-24 FRONT,MMT012324,2,P733883 012624 012424 Point Breeze Near DUP DUP SS,5,Point Breeze Near DUP,"39.92624784, -75.1923165",Duplicate,1/17/2024,5:29:00 PM,ST,1/24/2024,10:09:00 AM,KDM,,1/24/2024,7.74093E+11,,
38,P733885,Y,23-Dec,12/7/2023,1/25/2024,1,7,Y,SS,LJ (MAIN),DREXEL MAIN DATABASE 23-24,MMT012324,2,P733885 012624 012424 Point Breeze Mid SS,6,Point Breeze Mid,"39.92771763, -75.1873965",Sample,1/17/2024,5:41:00 PM,ST,1/24/2024,10:17:00 AM,KDM,,1/24/2024,7.74093E+11,,
38,P733887,Y,23-Dec,12/7/2023,1/25/2024,1,0,Y,NO SPLIT,nj?,DREXEL MAIN DATABASE 23-25,MMT012324,1,P733887 012524 011724 Point Breeze Mid FB SS RENAME.D,6,Point Breeze Mid FB,"39.92771763, -75.1873965",Field Blank,1/17/2024,5:41:00 PM,ST,1/24/2024,5:41:00 PM,ST,,1/24/2024,7.74093E+11,,
38,P733890,Y,23-Dec,12/7/2023,1/25/2024,1,7,Y,SS,kc (MAIN),DREXEL MAIN DATABASE 23-24,MMT012324,2,P733890 012624 012424 Ritner SS,8,Ritner,"39.92296389, -75.186874",Sample,1/17/2024,5:59:00 PM,ST,1/24/2024,10:22:00 AM,KDM,,1/24/2024,7.74093E+11,,
39,P733891,Y,24-Jan,1/11/2023,2/1/2024,1,7,Y,SS,LJ (MAIN),DREXEL MAIN DATABASE 23-24,MMT020724,2,P733891 020824 013124 Bartrams SS,1,Bartrams,"39.92896, -75.212541",Sample,1/24/2024,9:34:00 AM,KDM,1/31/2024,9:48:00 AM,KDM,,1/31/2024,7.72875E+11,,
39,P733892,Y,24-Jan,1/11/2023,2/1/2024,1,7,Y,SS,LJ (MAIN),DREXEL MAIN DATABASE 23-24,MMT020724,2,P733892 020824 013124 Essington SS,2,Essington,"39.90131732, -75.2250262",Sample,1/24/2024,9:45:00 AM,KDM,1/31/2024,10:04:00 AM,KDM,,1/31/2024,7.72875E+11,,
39,P733893,Y,24-Jan,1/11/2023,2/1/2024,1,7,Y,SS,LJ (MAIN),DREXEL MAIN DATABASE 23-24,MMT020724,2,P733893 020824 013124 61st & Passyunk SS,3,61st & Passyunk,"39.91820446, -75.2085474",Sample,1/24/2024,9:51:00 AM,KDM,1/31/2024,10:13:00 AM,JN,,1/31/2024,7.72875E+11,,
39,P733894,Y,24-Jan,1/11/2023,2/1/2024,1,7,Y,SS,LJ (MAIN),DREXEL MAIN DATABASE 23-24,MMT020724,2,P733894 020824 013124 28th & Passyunk SS,4,28th & Passyunk,"39.92061091, -75.1955879",Sample,1/24/2024,10:00:00 AM,KDM,1/31/2024,10:19:00 AM,KDM,,1/31/2024,7.72875E+11,,
39,P733895,Y,24-Jan,1/11/2023,2/1/2024,1,7,Y,SS,LJ (MAIN),DREXEL MAIN DATABASE 23-24,MMT020724,2,P733895 020824 013124 Point Breeze Near SS,5,Point Breeze Near,"39.92624784, -75.1923165",Sample,1/24/2024,10:09:00 AM,KDM,1/31/2024,10:28:00 AM,JN,,1/31/2024,7.72875E+11,,
39,P733896,Y,24-Jan,1/11/2023,2/1/2024,1,7,Y,SS,LJ (MAIN),DREXEL MAIN DATABASE 23-24,MMT020724,2,P733896 020824 013124 Po8int Breeze Mid SS,6,Po8int Breeze Mid,"39.92771763, -75.1873965",Sample,1/24/2024,10:17:00 AM,KDM,1/31/2024,10:34:00 AM,KDM,,1/31/2024,7.72875E+11,,
39,P733897,Y,24-Jan,1/11/2023,2/1/2024,1,7,Y,SS,KC(MAIN),DREXEL MAIN DATABASE 23-24,MMT020724,2,P733897 020824 013124 Ritner SS,8,Ritner,"39.92296389, -75.186874",Sample,1/24/2024,10:22:00 AM,KDM,1/31/2024,10:41:00 AM,KDM,,1/31/2024,7.72875E+11,,
39,P733898,Y,24-Jan,1/11/2023,2/1/2024,1,7,Y,SS,KC (MAIN),DREXEL MAIN DATABASE 23-24,MMT020724,2,P733898 020824 013124 Ritner DUP SS,8,Ritner DUP,"39.92296389, -75.186874",Duplicate,1/24/2024,10:22:00 AM,KDM,1/31/2024,10:41:00 AM,KDM,,1/31/2024,7.72875E+11,,
39,P733899,Y,24-Jan,1/11/2023,2/1/2024,1,7,Y,SS,KC (mAIN),DREXEL MAIN DATABASE 23-24,MMT020724,2,P733899 020824 013124 Point Breeze Far SS,7,Point Breeze Far,"39.93094655, -75.1829941",Sample,1/24/2024,10:30:00 AM,KDM,1/31/2024,10:50:00 AM,KDM,,1/31/2024,7.72875E+11,,
39,P733900,Y,24-Jan,1/11/2023,2/1/2024,1,7,Y,SS,KC (MAIN),DREXEL MAIN DATABASE 23-24,MMT020724,2,P733900 020824 013124 Tasker St SS,12,Tasker St,"39.931447, -75.193386",Sample,1/24/2024,10:36:00 AM,KDM,1/31/2024,10:59:00 AM,KDM,,1/31/2024,7.72875E+11,,
40,P726660,Y,24-Jan,1/11/2023,2/1/2024,1,7,Y,SS,KC (mAIN),DREXEL MAIN DATABASE 23-24,MMT020724,2,P726660 020824 013124 Finnegan Playground SS,14,Finnegan Playground,"39.938448, -75.192335",Sample,1/24/2024,10:46:00 AM,KDM,1/31/2024,11:07:00 AM,KDM,,1/31/2024,7.72875E+11,,
40,P726662,Y,24-Jan,1/11/2023,2/1/2024,1,7,Y,SS,kc (mAIN),DREXEL MAIN DATABASE 23-24,MMT020724,2,P726662 020824 013124 Grays Ferry SS,15,Grays Ferry,"39.93924766, -75.1944459",Sample,1/24/2024,10:42:00 AM,KDM,1/31/2024,11:10:00 AM,KDM,,1/31/2024,7.72875E+11,,
40,P726663,Y,24-Jan,1/11/2023,2/1/2024,1,7,Y,SS,kc (main),DREXEL MAIN DATABASE 23-24,MMT020724,2,P726663 020824 013124 26th St SS,9,26th St,"39.91327125, -75.1922011",Sample,1/24/2024,11:06:00 AM,KDM,1/31/2024,11:29:00 AM,KDM,,1/31/2024,7.72875E+11,,
40,P726664,Y,24-Jan,1/11/2023,1/25/2024,1,0,Y,NO SPLIT,LJ (MAIN),DREXEL MAIN DATABASE 23-24,MMT012324,1,P726664 012624 012424 26th St FB FB SS,9,26th St FB,"39.91327125, -75.1922011",Field Blank,1/24/2024,11:06:00 AM,KDM,1/24/2024,11:06:00 AM,KDM,,1/24/2024,7.74093E+11,,
40,P726665,Y,24-Jan,1/11/2023,1/25/2024,1,0,Y,NO SPLIT,KC (MAIN),DREXEL MAIN DATABASE 23-24,MMT012324,1,P726665 012624 012424 LAB BLANK,,LAB BLANK,NA,Lab Blank,1/17/2024,,,1/24/2024,,,,1/24/2024,7.74093E+11,,
40,P726666,Y,24-Jan,1/11/2023,2/15/2024,1,7,Y,SS,KC (mAIN),DREXEL MAIN DATABASE 23-24,MMT021524,2,P726666 021524 020724 Bartrams SS,1,Bartrams,"39.92896, -75.212541",Sample,1/31/2024,9:48:00 AM,KDM,2/7/2024,9:53:00 AM,LF,,2/14/2024,7.73761E+11,,
40,P726667,Y,24-Jan,1/11/2023,2/15/2024,1,7,Y,SS,GT (FRONT),DREXEL MAIN DATABASE 23-24 FRONT,MMT021524,2,P726667 021524 020724 Essington SS,2,Essington,"39.90131732, -75.2250262",Sample,1/31/2024,10:04:00 AM,JN,2/7/2024,10:05:00 AM,LF,,2/14/2024,7.73761E+11,,
40,P726668,Y,24-Jan,1/11/2023,2/15/2024,1,7,Y,SS,GT (FRONT),DREXEL MAIN DATABASE 23-24 FRONT,MMT021524,2,P726668 021524 020724 61st & Passyunk SS,3,61st & Passyunk,"39.91820446, -75.2085474",Sample,1/31/2024,10:13:00 AM,KDM,2/7/2024,10:10:00 AM,LF,,2/14/2024,7.73761E+11,,
40,P726669,Y,24-Jan,1/11/2023,2/15/2024,1,7,Y,SS,GT (FRONT),DREXEL MAIN DATABASE 23-24 FRONT,MMT021524,2,P726669 021524 020724 28th & Passyunk SS,4,28th & Passyunk,"39.92061091, -75.1955879",Sample,1/31/2024,10:19:00 AM,JN,2/7/2024,10:40:00 AM,ST,,2/14/2024,7.73761E+11,,
40,P726670,Y,24-Jan,1/11/2023,2/15/2024,1,7,Y,SS,GT (FRONT),DREXEL MAIN DATABASE 23-24 FRONT,MMT021524,2,P726670 021524 020724 Point Breeze Near SS,5,Point Breeze Near,"39.92624784, -75.1923165",Sample,1/31/2024,10:28:00 AM,JN,2/7/2024,10:52:00 AM,ST,,2/14/2024,7.73761E+11,,
41,P726601,Y,24-Jan,1/11/2023,2/15/2024,1,7,Y,SS,LJ (MAIN),DREXEL MAIN DATABASE 23-24 FRONT,MMT021524,2,P726601 021524 020724 Point Breeze Mid SS,6,Point Breeze Mid,"39.92771763, -75.1873965",Sample,1/31/2024,10:34:00 AM,KDM,2/7/2024,10:58:00 AM,ST,,2/14/2024,7.73761E+11,,
41,P726602,Y,24-Jan,1/11/2023,2/15/2024,1,7,Y,SS,LJ (MAIN),DREXEL MAIN DATABASE 23-24 FRONT,MMT021524,2,P726602 021524 020724 Ritner SS,8,Ritner,"39.92296389, -75.186874",Sample,1/31/2024,10:41:00 AM,KDM,2/7/2024,12:29:00 PM,ST,,2/14/2024,7.73761E+11,,
41,P726604,Y,24-Jan,1/11/2023,2/15/2024,1,7,Y,SS,LJ (MAIN),DREXEL MAIN DATABASE 23-24 FRONT,MMT021524,2,P726604 021524 020724 Ritner DUP SS,8,Ritner DUP,"39.92296389, -75.186874",Duplicate,1/31/2024,10:41:00 AM,KDM,2/7/2024,12:29:00 PM,ST,,2/14/2024,7.73761E+11,,
41,P726605,Y,24-Jan,1/11/2023,2/15/2024,1,7,Y,SS,KC(MAIN),DREXEL MAIN DATABASE 23-24,MMT021524,2,P726605 021524 020724 Point Breeze Far SS,7,Point Breeze Far,"39.93094655, -75.1829941",Sample,1/31/2024,10:50:00 AM,JN,2/7/2024,12:22:00 PM,ST,,2/14/2024,7.73761E+11,,
41,P726608,Y,24-Jan,1/11/2023,2/15/2024,1,7,Y,SS,KC (MAIN),DREXEL MAIN DATABASE 23-24,MMT021524,2,P726608 021524 020724 Tasker St SS,12,Tasker St,"39.931447, -75.193386",Sample,1/31/2024,10:59:00 AM,JN,2/7/2024,11:57:00 AM,ST,,2/14/2024,7.73761E+11,,
41,P726611,Y,24-Jan,1/11/2023,2/15/2024,1,7,Y,SS,KC (MAIN),DREXEL MAIN DATABASE 23-24,MMT021524,2,P726611 021524 020724 Finnegan Playground SS,14,Finnegan Playground,"39.938448, -75.192335",Sample,1/31/2024,11:07:00 AM,KDM,2/7/2024,12:07:00 PM,ST,,2/14/2024,7.73761E+11,,
41,P726612,Y,24-Jan,1/11/2023,2/15/2024,1,7,Y,SS,KC (MAIN),DREXEL MAIN DATABASE 23-24,MMT021524,2,P726612 021724 020724 Grays Ferry SS,15,Grays Ferry,"39.93924766, -75.1944459",Sample,1/31/2024,11:10:00 AM,KDM,2/7/2024,12:10:00 PM,ST,,2/14/2024,7.73761E+11,,
41,P726613,Y,24-Jan,1/11/2023,2/15/2024,1,7,Y,SS,KC (MAIN),DREXEL MAIN DATABASE 23-24,MMT021524,2,P726613 021524 020724 26th St SS,9,26th St,"39.91327125, -75.1922011",Sample,1/31/2024,11:29:00 AM,KDM,2/7/2024,11:41:00 AM,ST,,2/14/2024,7.73761E+11,,
41,P726614,Y,24-Jan,1/11/2023,2/1/2024,1,0,Y,no split,KC (MAIN),DREXEL MAIN DATABASE 23-24,MMT020724,1,P726614 020824 013124 26th St FB ,9,26th St FB,"39.91327125, -75.1922011",Field Blank,1/31/2024,11:29:00 AM,KDM,1/31/2024,11:29:00 AM,KDM,,1/31/2024,7.72875E+11,,
41,P726618,Y,24-Jan,1/11/2023,2/1/2024,1,0,Y,no split,kc(Main),DREXEL MAIN DATABASE 23-24,MMT020724,1,P726618 020824 013124 LAB BLANK ,,LAB BLANK,NA,Lab Blank,1/17/2024,,,1/31/2024,,,,1/31/2024,7.72875E+11,,
42,P733841,Y,24-Jan,1/11/2023,2/15/2024,1,7,Y,SS,KC (MAIN),DREXEL MAIN DATABASE 23-24,MMT021524,2,P733841 021624 021424 Bartrams SS ,1,Bartrams,"39.92896, -75.212541",Sample,2/7/2024,9:53:00 AM,ST,2/14/2024,9:10:00 AM,LF,,2/14/2024,7.73761E+11,,
42,P733843,Y,24-Jan,1/11/2023,2/15/2024,1,7,Y,SS,KC (MAIN),DREXEL MAIN DATABASE 23-24,MMT021524,2,P733843 021624 021424 Essington SS ,2,Essington,"39.90131732, -75.2250262",Sample,2/7/2024,10:05:00 AM,ST,2/14/2024,9:22:00 AM,KDM,,2/14/2024,7.73761E+11,,
42,P733845,Y,24-Jan,1/11/2023,2/15/2024,1,7,Y,SS,KC (MAIN),DREXEL MAIN DATABASE 23-24,MMT021524,2,P733845 021624 021424 61st and Passyunk SS ,3,61st and Passyunk,"39.91820446, -75.2085474",Sample,2/7/2024,10:10:00 AM,ST,2/14/2024,9:29:00 AM,LF,,2/14/2024,7.73761E+11,,
42,P733847,Y,24-Jan,1/11/2023,2/15/2024,1,7,Y,SS,KC (MAIN),DREXEL MAIN DATABASE 23-24,MMT021524,2,P733847 021624 021424 28th and Passyunk SS ,4,28th and Passyunk,"39.92061091, -75.1955879",Sample,2/7/2024,10:40:00 AM,ST,2/14/2024,9:32:00 AM,LF,,2/14/2024,7.73761E+11,,
42,P733854,Y,24-Jan,1/11/2023,2/15/2024,1,7,Y,SS,KC (MAIN),DREXEL MAIN DATABASE 23-24,MMT021524,2,P733854 021624 021424 Point Breeze Near SS ,5,Point Breeze Near,"39.92624784, -75.1923165",Sample,2/7/2024,10:52:00 AM,ST,2/14/2024,9:49:00 AM,LF,,2/14/2024,7.73761E+11,,
42,P733856,Y,24-Jan,1/11/2023,2/15/2024,1,0,Y,no split,GT (FRONT),DREXEL MAIN DATABASE 23-24 FRONT,MMT021524,1,P733856 021524 020724 Point Breeze Mid FB ,6,Point Breeze Mid FB,"39.92771763, -75.1873965",Field Blank,2/7/2024,12:36:00 PM,ST,2/7/2024,12:36:00 PM,ST,,2/14/2024,7.73761E+11,,
42,P733869,Y,24-Jan,1/11/2023,2/15/2024,1,7,Y,SS,GT (MAIN),DREXEL MAIN DATABASE 23-24,MMT021524,2,P733869 021624 021424 Point Breeze Mid SS ,6,Point Breeze Mid,"39.92771763, -75.1873965",Sample,2/7/2024,10:58:00 AM,ST,2/14/2024,9:43:00 AM,LF,,2/14/2024,7.73761E+11,,
42,P733870,Y,24-Jan,1/11/2023,2/15/2024,1,7,Y,SS,GT (MAIN),DREXEL MAIN DATABASE 23-24,MMT021524,2,P733870 021624 021424 Siena Place SS ,10,Siena Place,"39.91118246, -75.1885003 ",Sample,2/7/2024,11:55:00 AM,ST,2/14/2024,10:17:00 AM,LF,,2/14/2024,7.73761E+11,,
42,P733871,Y,24-Jan,1/11/2023,2/15/2024,1,7,Y,SS,GT (MAIN),DREXEL MAIN DATABASE 23-24,MMT021524,2,P733871 021624 021424 26th St SS ,9,26th St,"39.91327125, -75.1922011",Sample,2/7/2024,11:41:00 AM,ST,2/14/2024,10:22:00 AM,LF,,2/14/2024,7.73761E+11,,
42,P733873,Y,24-Jan,1/11/2023,2/15/2024,1,7,Y,SS,GT (MAIN),DREXEL MAIN DATABASE 23-24,MMT021524,2,P733873 021624 021424 26th St DUP SS ,9,26th St DUP,"39.91327125, -75.1922011",Duplicate,2/7/2024,11:41:00 AM,ST,2/14/2024,10:22:00 AM,LF,,2/14/2024,7.73761E+11,,
43,P726645,Y,24-Jan,1/11/2023,2/15/2024,1,7,Y,SS,GT (MAIN),DREXEL MAIN DATABASE 23-24,MMT021524,2,P726645 021624 021424 Snyder SS ,11,Snyder,"39.92759256, -75.1950607",Sample,2/7/2024,11:52:00 AM,ST,2/14/2024,9:53:00 AM,LF,,2/14/2024,7.73761E+11,,
43,P726646,Y,24-Jan,1/11/2023,2/15/2024,1,7,Y,SS,GT (MAIN),DREXEL MAIN DATABASE 23-24,MMT021524,2,P726646 021624 021424 Point Breeze Far SS ,7,Point Breeze Far,"39.93094655, -75.1829941",Sample,2/7/2024,12:22:00 PM,ST,2/14/2024,10:02:00 AM,LF,,2/14/2024,7.73761E+11,,
43,P726648,Y,24-Jan,1/11/2023,2/15/2024,1,7,Y,SS,GT (MAIN),DREXEL MAIN DATABASE 23-24,MMT021524,2,P726648 021624 021424 Ritner SS ,8,Ritner,"39.92296389, -75.186874",Sample,2/7/2024,12:29:00 PM,ST,2/14/2024,9:38:00 AM,LF,,2/14/2024,7.73761E+11,,
43,P726649,Y,24-Jan,1/11/2023,2/29/2024,1,7,Y,SS,GT (MAIN),DREXEL MAIN DATABASE 23-24,MMT021524,2,P726649 022924 022124 Bartrams SS ,1,Bartrams,"39.92896, -75.212541",Sample,2/14/2024,9:10:00 AM,LF,2/21/2024,9:19:00 AM,LF,,2/28/2024,,,
43,P726650,Y,24-Jan,1/11/2023,2/15/2024,1,0,Y,no split,GT (MAIN),DREXEL MAIN DATABASE 23-24,MMT021524,1,P726650 021624 021424 26th St FB ,9,26th St FB,"39.91327125, -75.1922011",Field Blank,2/14/2024,10:22:00 AM,KDM,2/14/2024,10:22:00 AM,KDM,,2/14/2024,7.73761E+11,,
43,P726651,Y,24-Jan,1/11/2023,2/29/2024,1,7,Y,SS,LJ (FRONT),DREXEL MAIN DATABASE 23-24 FRONT,MMT022824,2,P726651 022924 022124 61st and Passyunk SS ,3,61st and Passyunk,"39.91820446, -75.2085474",Sample,2/14/2024,9:29:00 AM,LF,2/21/2024,9:40:00 AM,KDM,,2/28/2024,,,
43,P726652,Y,24-Jan,1/11/2023,2/29/2024,1,7,Y,SS,LJ (FRONT),DREXEL MAIN DATABASE 23-24 FRONT,MMT022824,2,P726652 022924 022124 28th and Passyunk SS ,4,28th and Passyunk,"39.92061091, -75.1955879",Sample,2/14/2024,9:32:00 AM,KDM,2/21/2024,9:45:00 AM,KDM,,2/28/2024,,,
43,P726653,Y,24-Jan,1/11/2023,2/29/2024,1,7,Y,SS,LJ (FRONT),DREXEL MAIN DATABASE 23-24 FRONT,MMT022824,2,P726653 022924 022124 Ritner SS ,8,Ritner,"39.92296389, -75.186874",Sample,2/14/2024,9:38:00 AM,KDM,2/21/2024,10:13:00 AM,KDM,,2/28/2024,,,
43,P726654,Y,24-Jan,1/11/2023,2/29/2024,1,7,Y,SS,LJ (FRONT),DREXEL MAIN DATABASE 23-24 FRONT,MMT022824,2,P726654 022924 022124 Point Breeze Mid SS ,6,Point Breeze Mid,"39.92771763, -75.1873965",Sample,2/14/2024,9:43:00 AM,KDM,2/21/2024,10:00:00 AM,LF,,2/28/2024,,,
43,P726659,Y,24-Jan,1/11/2023,2/29/2024,1,7,Y,SS,GT (FRONT),DREXEL MAIN DATABASE 23-24 FRONT,MMT022824,2,P726659 022924 022124 Point Breeze Near SS ,5,Point Breeze Near,"39.92624784, -75.1923165",Sample,2/14/2024,9:49:00 AM,KDM,2/21/2024,9:54:00 AM,KDM,,2/28/2024,,,
44,P733875,Y,24-Jan,2/9/2024,2/29/2024,1,7,Y,SS,GT (FRONT),DREXEL MAIN DATABASE 23-24 FRONT,MMT022824,2,P733875 022924 022124 Snyder SS ,11,Snyder,"39.92759256, -75.1950607",Sample,2/14/2024,9:53:00 AM,KDM,2/21/2024,10:03:00 AM,KDM,,2/28/2024,,,
44,P733876,Y,24-Jan,2/9/2024,2/29/2024,1,7,Y,SS,GT (FRONT),DREXEL MAIN DATABASE 23-24 FRONT,MMT022824,2,P733876 022924 022124 Point Breeze Far SS ,7,Point Breeze Far,"39.93094655, -75.1829941",Sample,2/14/2024,10:02:00 AM,KDM,2/21/2024,10:10:00 AM,LF,,2/28/2024,,,
44,P733877,Y,24-Jan,2/9/2024,2/29/2024,1,7,Y,SS,GT (FRONT),DREXEL MAIN DATABASE 23-24 FRONT,MMT022824,2,P733877 022924 022124 Siena Place SS ,10,Siena Place,"39.91118246, -75.1885003 ",Sample,2/14/2024,10:17:00 AM,KDM,2/21/2024,10:23:00 AM,KDM,,2/28/2024,,,
44,P733878,Y,24-Jan,2/9/2024,2/29/2024,1,7,Y,SS,GT (FRONT),DREXEL MAIN DATABASE 23-24 FRONT,MMT022824,2,P733878 022924 022124 26th St SS ,9,26th St,"39.91327125, -75.1922011",Sample,2/14/2024,10:22:00 AM,LF,2/21/2024,10:27:00 AM,KDM,,2/28/2024,,,
44,P733879,Y,24-Jan,2/9/2024,2/29/2024,1,7,Y,SS,GT (FRONT),DREXEL MAIN DATABASE 23-24 FRONT,MMT022824,2,P733879 030124 022124 26th St DUP SS ,9,26th St DUP,"39.91327125, -75.1922011",Duplicate,2/14/2024,10:22:00 AM,LF,2/21/2024,10:27:00 AM,KDM,,2/28/2024,,,
44,P733880,Y,24-Jan,2/9/2024,2/29/2024,1,7,Y,SS,GT (FRONT),DREXEL MAIN DATABASE 23-24 FRONT,MMT022824,2,P733880 030124 022124 Essington SS ,2,Essington,"39.90131732, -75.2250262",Sample,2/14/2024,9:22:00 AM,KDM,2/21/2024,9:32:00 AM,KDM,,2/28/2024,,,
44,P733881,Y,24-Jan,2/9/2024,2/15/2024,1,0,Y,no split,GT (FRONT),DREXEL MAIN DATABASE 23-24 FRONT,MMT021524,1,P733881 021624 021424 Lab Blank ,NA,Lab Blank,NA,Lab Blank,2/13/2024,,,2/14/2024,,,,2/14/2024,7.73761E+11,,
44,P733882,Y,24-Jan,2/9/2024,2/29/2024,1,7,Y,SS,GT (FRONT),DREXEL MAIN DATABASE 23-24 FRONT,MMT022824,2,P733882 030124 022824 Bartrams SS ,1,Bartrams,"39.92896, -75.212541",Sample,2/21/2024,9:18:00 AM,KDM,2/28/2024,9:45:00 AM,KDM,,2/28/2024,,,
44,P733883,Y,24-Jan,2/9/2024,2/29/2024,1,7,Y,SS,GT (FRONT),DREXEL MAIN DATABASE 23-24 FRONT,MMT022824,2,P733883 030124 022824 61st and Passyunk SS ,3,61st and Passyunk,"39.91820446, -75.2085474",Sample,2/21/2024,9:38:00 AM,KDM,2/28/2024,10:03:00 AM,LF,,2/28/2024,,,
44,P733885,Y,24-Jan,2/9/2024,2/29/2024,1,7,Y,SS,GT (FRONT),DREXEL MAIN DATABASE 23-24 FRONT,MMT022824,2,P733885 030124 022824 Essington SS ,2,Essington,"39.90131732, -75.2250262",Sample,2/21/2024,9:32:00 AM,KDM,2/28/2024,9:58:00 AM,KDM,,2/14/2024,,,
45,P733857,Y,24-Jan,2/9/2024,2/29/2024,1,7,Y,SS,GT (FRONT),DREXEL MAIN DATABASE 23-24 FRONT,MMT022824,2,P733857 030124 022824 28th and Passyunk SS ,4,28th and Passyunk,"39.92061091, -75.1955879",Sample,2/21/2024,9:45:00 AM,KDM,2/28/2024,10:08:00 AM,KDM,,2/28/2024,,,
45,P733859,Y,24-Jan,2/9/2024,2/29/2024,1,7,Y,SS,KC (MAIN),DREXEL MAIN DATABASE 23-24 ,MMT022824,2,P733859 030124 022824 Point Breeze Near SS ,5,Point Breeze Near,"39.92624784, -75.1923165",Sample,2/21/2024,9:53:00 AM,KDM,2/28/2024,10:15:00 AM,KDM,,2/28/2024,,,
45,P733860,Y,24-Jan,2/9/2024,2/29/2024,1,7,Y,SS,KC(MAIN),DREXEL MAIN DATABASE 23-24 ,MMT022824,2,P733860 030124 022824 Point Breeze Mid SS ,6,Point Breeze Mid,"39.92771763, -75.1873965",Sample,2/21/2024,10:00:00 AM,KDM,2/28/2024,10:21:00 AM,KDM,,2/14/2024,,,
45,P733861,Y,24-Jan,2/9/2024,3/16/2024,1,7,,SS,KC(MAIN),DREXEL MAIN DATABASE 23-24 ,MMT031524,1,P733861 031524 030624 Bartrams SS,1,Bartrams,"39.92896, -75.212541",Sample,2/28/2024,9:45:00 AM,KDM,3/6/2024,10:21:00 AM,,,,,,
45,P733863,Y,24-Jan,2/9/2024,3/16/2024,1,7,Y,SS,KC(MAIN),DREXEL MAIN DATABASE 23-24 ,MMT031524,1,P733863 031524 030624 Essington SS,2,Essington,"39.90131732, -75.2250262",Sample,2/28/2024,9:58:00 AM,KDM,3/6/2024,10:33:00 AM,,,,,,
45,P733864,Y,24-Jan,2/9/2024,2/29/2024,1,7,Y,SS,KC(MAIN),DREXEL MAIN DATABASE 23-24 ,MMT022824,2,P733864 022924 022124 Point Breeze Mid DUP SS ,6,Point Breeze Mid DUP,"39.92771763, -75.1873965",Duplicate,2/21/2024,10:00:00 AM,KDM,2/28/2024,10:21:00 AM,KDM,,2/28/2024,,,
45,P733865,Y,24-Jan,2/9/2024,2/29/2024,1,7,Y,SS,KC(MAIN),DREXEL MAIN DATABASE 23-24 ,MMT022824,2,P733865 030124 022824 Point Breeze Far SS ,7,Point Breeze Far,"39.93094655, -75.1829941",Sample,2/21/2024,10:10:00 AM,KDM,2/28/2024,10:25:00 AM,KDM,,2/28/2024,,,
45,P733866,Y,24-Jan,2/9/2024,2/29/2024,1,7,Y,SS,KC(MAIN),DREXEL MAIN DATABASE 23-24 ,MMT022824,2,P733866 030124 022824 Ritner SS ,8,Ritner,"39.92296389, -75.186874",Sample,2/21/2024,10:15:00 AM,KDM,2/28/2024,10:33:00 AM,LF,,2/14/2024,,,
45,P733867,Y,24-Jan,2/9/2024,2/29/2024,1,7,Y,SS,KC(MAIN),DREXEL MAIN DATABASE 23-24 ,MMT022824,2,P733867 030124 022824 26th SS ,9,26th,"39.91327125, -75.1922011",Sample,2/21/2024,10:27:00 AM,KDM,2/28/2024,10:43:00 AM,LF,,2/28/2024,,,
45,P733868,Y,24-Jan,2/9/2024,2/29/2024,1,0,Y,no split,KC (MAIN),DREXEL MAIN DATABASE 23-24 ,MMT022824,1,P733868 022923 022123 26th FB ,9,26th FB,"39.91327125, -75.1922011",Field Blank,2/21/2024,10:27:00 AM,KDM,2/21/2024,10:27:00 AM,KDM,,2/28/2024,,,
46,P726603,Y,24-Jan,2/9/2024,3/16/2024,1,7,Y,SS,KC (MAIN),DREXEL MAIN DATABASE 23-24 ,MMT031524,2,P726603 031524 030624 61st and Passyunk SS,3,61st and Passyunk,"39.91820446, -75.2085474",Sample,2/28/2024,10:03:00 AM,KDM,3/6/2024,10:41:00 AM,KDM,,3/13/2024,,,
46,P726606,Y,24-Jan,2/9/2024,3/16/2024,1,7,Y,SS,KC (MAIN),DREXEL MAIN DATABASE 23-24 ,MMT031524,2,P726606 031524 030624 28th and Passyunk SS,4,28th and Passyunk,"39.92061091, -75.1955879",Sample,2/28/2024,10:08:00 AM,KDM,3/6/2024,10:46:00 AM,KDM,,3/13/2024,,,
46,P726607,Y,24-Jan,2/9/2024,3/16/2024,1,7,Y,SS,KC (MAIN),DREXEL MAIN DATABASE 23-24 ,MMT031524,2,P726607 031524 030624 Point Breeze Near SS,5,Point Breeze Near,"39.92624784, -75.1923165",Sample,2/28/2024,10:15:00 AM,LF,3/6/2024,10:53:00 AM,KDM,,3/13/2024,,,
46,P726609,Y,24-Jan,2/9/2024,3/16/2024,1,7,Y,SS,KC (MAIN),DREXEL MAIN DATABASE 23-24 ,MMT031524,2,P726609 031524 030624 Point Breeze Mid SS,6,Point Breeze Mid,"39.92771763, -75.1873965",Sample,2/28/2024,10:21:00 AM,LF,3/6/2024,11:01:00 AM,ST,,3/13/2024,,,
46,P726610,Y,24-Jan,2/9/2024,3/16/2024,1,7,Y,SS,KC (MAIN),DREXEL MAIN DATABASE 23-24 ,MMT031524,2,P726610 031524 030624 Point Breeze Far SS,7,Point Breeze Far,"39.93094655, -75.1829941",Sample,2/28/2024,10:25:00 AM,KDM,3/6/2024,11:07:00 AM,KDM,,3/13/2024,,,
46,P726615,Y,24-Jan,2/9/2024,3/16/2024,1,7,Y,SS,KC (MAIN),DREXEL MAIN DATABASE 23-24 ,MMT031524,2,P726615 031524 030624 Ritner SS,8,Ritner,"39.92296389, -75.186874",Sample,2/28/2024,10:33:00 AM,KDM,3/6/2024,11:15:00 AM,ST,,3/13/2024,,,
46,P726616,Y,24-Jan,2/9/2024,3/16/2024,1,7,Y,SS,KC (MAIN),DREXEL MAIN DATABASE 23-24 ,MMT031524,2,P726616 031524 030624 Ritner DUP SS,8,Ritner DUP,"39.92296389, -75.186874",Duplicate,2/28/2024,10:33:00 AM,KDM,3/6/2024,11:15:00 AM,ST,,3/13/2024,,,
46,P726617,Y,24-Jan,2/9/2024,3/16/2024,1,7,Y,SS,KC (MAIN),DREXEL MAIN DATABASE 23-24 ,MMT031524,2,P726617 031524 030624 26th St SS,9,26th St,"39.91327125, -75.1922011",Sample,2/28/2024,10:43:00 AM,KDM,3/6/2024,11:23:00 AM,KDM,,3/13/2024,,,
46,P726619,Y,24-Jan,2/9/2024,2/29/2024,1,0,Y,no split,LJ (MAIN),DREXEL MAIN DATABASE 23-24 ,MMT022824,1,P726619 022923 022823 26th St FB ,9,26th St FB,"39.91327125, -75.1922011",Field Blank,2/28/2024,10:43:00 AM,KDM,2/28/2024,10:43:00 AM,KDM,,2/28/2024,,,
46,P726620,Y,24-Jan,2/9/2024,2/29/2024,1,0,Y,no split,LJ (MAIN),DREXEL MAIN DATABASE 23-24 ,MMT022824,1,P726620 022923 022823 Lab blank ,,Lab blank,NA,Lab Blank,2/13/2024,,,2/28/2024,,,,2/28/2024,,,
47,P733848,Y,24-Jan,2/9/2024,3/16/2024,1,7,Y,SS,LJ (MAIN),DREXEL MAIN DATABASE 23-24 ,MMT031524,2,P733848 031624 031324 Bartrams SS,1,Bartrams,"39.92896, -75.212541",Sample,3/6/2024,10:21:00 AM,KDM,3/13/2024,9:03:00 AM,KDM,,3/13/2024,,,
47,P733849,Y,24-Jan,2/9/2024,3/16/2024,1,7,Y,SS,LJ (MAIN),DREXEL MAIN DATABASE 23-24 ,MMT031524,2,P733849 031624 031324 Essington SS,2,Essington,"39.90131732, -75.2250262",Sample,3/6/2024,10:33:00 AM,KDM,3/13/2024,9:16:00 AM,KDM,,3/13/2024,,,
47,P733850,Y,24-Jan,2/9/2024,3/16/2024,1,0,Y,no split,LJ (MAIN),DREXEL MAIN DATABASE 23-24 ,MMT031524,1,P733850 031624 031324 61st and Passyunk Rename,3,61st and Passyunk,"39.91820446, -75.2085474",Sample,3/6/2024,10:41:00 AM,KDM,3/13/2024,9:22:00 AM,KDM,,3/13/2024,,,
47,P733851,Y,24-Jan,2/9/2024,3/16/2024,1,7,Y,SS,LJ (MAIN),DREXEL MAIN DATABASE 23-24 ,MMT031524,2,P733851 031624 031324 28th and Passyunk SS,4,28th and Passyunk,"39.92061091, -75.1955879",Sample,3/6/2024,10:46:00 AM,KDM,3/13/2024,9:25:00 AM,KDM,,3/13/2024,,,
47,P733886,Y,24-Jan,2/9/2024,3/16/2024,1,7,Y,SS,LJ (MAIN),DREXEL MAIN DATABASE 23-24 ,MMT031524,2,P733886 031624 031324 Point Breeze Near SS,5,Point Breeze Near,"39.92624784, -75.1923165",Sample,3/6/2024,10:53:00 AM,ST,3/13/2024,9:38:00 AM,KDM,,3/13/2024,,,
47,P733887,Y,24-Jan,2/9/2024,3/16/2024,1,7,Y,SS,KC (Main),DREXEL MAIN DATABASE 23-24 ,MMT031524,2,P733887 031624 031324 Point Breeze Mid SS,6,Point Breeze Mid,"39.92771763, -75.1873965",Sample,3/6/2024,11:01:00 AM,KDM,3/13/2024,9:34:00 AM,KDM,,3/13/2024,,,
47,P733888,Y,24-Jan,2/9/2024,3/16/2024,1,7,Y,SS,KC (Main),DREXEL MAIN DATABASE 23-24 ,MMT031524,2,P733888 031624 031324 Point Breeze Far SS,7,Point Breeze Far,"39.93094655, -75.1829941",Sample,3/6/2024,11:07:00 AM,ST,3/13/2024,9:45:00 AM,KDM,,3/13/2024,,,
47,P733889,Y,24-Jan,2/9/2024,3/16/2024,1,7,Y,SS,KC (Main),DREXEL MAIN DATABASE 23-24 ,MMT031524,2,P733889 031624 031324 Ritner SS,8,Ritner,"39.92296389, -75.186874",Sample,3/6/2024,11:15:00 AM,ST,3/13/2024,9:30:00 AM,KDM,,3/13/2024,,,
47,P733890,Y,24-Jan,2/9/2024,3/16/2024,1,7,Y,SS,KC (Main),DREXEL MAIN DATABASE 23-24 ,MMT031524,2,P733890 031624 031324 Ritner DUP SS,8,Ritner DUP,"39.92296389, -75.186874",Duplicate,3/6/2024,11:15:00 AM,ST,3/13/2024,9:30:00 AM,KDM,,3/13/2024,,,
47,P733891,Y,24-Jan,2/9/2024,3/16/2024,1,7,Y,SS,KC (Main),DREXEL MAIN DATABASE 23-24 ,MMT031524,2,P733891 031624 031324 26th St SS,9,26th St,"39.91327125, -75.1922011",Sample,3/6/2024,11:23:00 AM,KDM,3/13/2024,9:56:00 AM,LF,,3/13/2024,,,
48,P726641,Y,24-Jan,2/9/2024,3/16/2024,1,0,Y,no split,KC (Main),DREXEL MAIN DATABASE 23-24 ,MMT031524,1,P726641 031624 031324 26th St FB ,9,26th St FB,"39.91327125, -75.1922011",Field Blank,3/6/2024,11:25:00 AM,ST,3/6/2024,11:25:00 AM,ST,,3/13/2024,,,
48,P726642,Y,24-Jan,2/9/2024,4/2/2024,1,7,Y,SS,GT (FRONT),DREXEL MAIN DATABASE 23-24 FRONT,MMT032824,2,P726642 040224 032024 Bartrams SS RR,1,Bartrams,"39.92896, -75.212541",Sample,3/13/2024,9:03:00 AM,KDM,3/20/2024,1:59:00 PM,ST,,1-Apr,7.75476E+11,,
48,P726643,Y,24-Jan,2/9/2024,4/2/2024,1,7,Y,SS,GT (FRONT),DREXEL MAIN DATABASE 23-24 FRONT,MMT032824,2,P726643 040324 032024 Essington SS RR,2,Essington,"39.90131732, -75.2250262",Sample,3/13/2024,9:16:00 AM,KDM,3/20/2024,2:15:00 PM,ST,,1-Apr,7.75476E+11,,
48,P726644,Y,24-Jan,2/9/2024,4/2/2024,1,7,Y,SS,GT (FRONT),DREXEL MAIN DATABASE 23-24 FRONT,MMT032824,2,P726644 040224 032024 61st & Passyunk SS,3,61st & Passyunk,"39.91820446, -75.2085474",Sample,3/13/2024,9:22:00 AM,KDM,3/20/2024,2:23:00 PM,ST,,1-Apr,7.75476E+11,,
48,P726647,Y,24-Jan,2/9/2024,4/2/2024,1,7,Y,SS,GT (FRONT),DREXEL MAIN DATABASE 23-24 FRONT,MMT032824,2,P726647 040224 032024 28th & Passyunk SS,4,28th & Passyunk,"39.92061091, -75.1955879",Sample,3/13/2024,9:25:00 AM,KDM,3/20/2024,2:30:00 PM,ST,,1-Apr,7.75476E+11,,
48,P726657,Y,24-Jan,2/9/2024,4/2/2024,1,7,Y,SS,GT (FRONT),DREXEL MAIN DATABASE 23-24 FRONT,MMT032824,2,P726657 040224 032024 Ritner SS,8,Ritner,"39.92296389, -75.186874",Sample,3/13/2024,9:30:00 AM,KDM,3/20/2024,3:08:00 PM,ST,,1-Apr,7.75476E+11,,
48,P726661,Y,24-Jan,2/9/2024,4/2/2024,1,7,Y,SS,GT (FRONT),DREXEL MAIN DATABASE 23-24 FRONT,MMT032824,2,P726661 040224 032024 Point Breeze Mid SS,6,Point Breeze Mid,"39.92771763, -75.1873965",Sample,3/13/2024,9:34:00 AM,KDM,3/20/2024,2:55:00 PM,ST,,1-Apr,7.75476E+11,,
48,P726664,Y,24-Jan,2/9/2024,4/2/2024,1,7,Y,SS,KC (Main),DREXEL MAIN DATABASE 23-24 ,MMT032824,2,P726664 040224 032024 Point Breeze Near SS,5,Point Breeze Near,"39.92624784, -75.1923165",Sample,3/13/2024,9:38:00 AM,KDM,3/20/2024,2:59:00 PM,ST,,1-Apr,7.75476E+11,,
48,P726665,Y,24-Jan,2/9/2024,4/2/2024,1,7,Y,SS,KC (Main),DREXEL MAIN DATABASE 23-24 ,MMT032824,2,P726665 040224 032024 Point Breeze Far SS,7,Point Breeze Far,"39.93094655, -75.1829941",Sample,3/13/2024,9:45:00 AM,KDM,3/20/2024,2:46:00 PM,ST,,1-Apr,7.75476E+11,,
48,P733892,Y,24-Jan,2/9/2024,4/2/2024,1,7,Y,SS,KC (Main),DREXEL MAIN DATABASE 23-24 ,MMT032824,2,P733892 040224 032024 Point Breeze Far DUP SS,7,Point Breeze Far DUP,"39.93094655, -75.1829941",Duplicate,3/13/2024,9:45:00 AM,KDM,3/20/2024,2:46:00 PM,ST,,1-Apr,7.75476E+11,,
49,P726604,Y,24-Feb,3/10/2024,4/2/2024,1,7,Y,SS,KC (Main),DREXEL MAIN DATABASE 23-24 ,MMT032824,2,P726604 040224 032024 26th St SS,9,26th St,"39.91327125, -75.1922011",Sample,3/13/2024,9:56:00 AM,KDM,3/20/2024,3:26:00 PM,ST,,1-Apr,7.75476E+11,,
49,P726605,Y,24-Feb,3/10/2024,3/16/2024,1,0,Y,no split,KC (Main),DREXEL MAIN DATABASE 23-24 ,MMT031524,1,P726605 031624 031324 26th St FB ,9,26th St FB,"39.91327125, -75.1922011",Field Blank,3/13/2024,9:56:00 AM,LF,3/13/2024,9:57:00 AM,LF,,3/13/2024,,,
49,P726608,Y,24-Feb,3/10/2024,3/16/2024,1,0,Y,no split,KC (Main),DREXEL MAIN DATABASE 23-24 ,MMT031524,1,P726608 031624 031324 Lab blank ,,Lab blank,NA,Lab Blank,3/12/2024,,LF,3/13/2024,,LF,,3/13/2024,,,
49,P726611,Y,24-Feb,3/10/2024,4/11/2024,1,14,Y,DS,KC (mAIN),DREXEL MAIN DATABASE 23-24 ,MMT 041024,68.667,P726611 041124 040324 Bartrams DS RENAME,1,Bartrams,"39.92896, -75.212541",Sample,3/20/2024,1:59:00 PM,ST,4/3/2024,11:22:00 AM,ST,,4/10/2024,Sent with Nancy,,
49,P726612,Y,24-Feb,3/10/2024,4/11/2024,1,14,Y,DS,GT (MAIN),DREXEL MAIN DATABASE 23-24 ,MMT 041024,68.667,P726612 041124 040324 Essington DS RENAME,2,Essington,"39.90131732, -75.2250262",Sample,3/20/2024,2:15:00 PM,ST,4/3/2024,11:33:00 AM,ST,,4/10/2024,Sent with Nancy,,
49,P726613,Y,24-Feb,3/10/2024,4/11/2024,1,14,Y,DS,GT (MAIN),DREXEL MAIN DATABASE 23-24 ,MMT 041024,68.667,P726613 041124 040324 61st & Passyunk DS RENAME,3,61st & Passyunk,"39.91820446, -75.2085474",Sample,3/20/2024,2:23:00 PM,ST,4/3/2024,11:38:00 AM,ST,,4/10/2024,Sent with Nancy,,
49,P726614,Y,24-Feb,3/10/2024,4/11/2024,1,14,Y,DS,GT (MAIN),DREXEL MAIN DATABASE 23-24 ,MMT 041024,68.667,P726614 041124 040324 28th & Passyunk DS RENAME,4,28th & Passyunk,"39.92061091, -75.1955879",Sample,3/20/2024,2:30:00 PM,ST,4/3/2024,11:40:00 AM,ST,,4/10/2024,Sent with Nancy,,
49,P726619,Y,24-Feb,3/10/2024,4/11/2024,1,14,Y,DS,GT (MAIN),DREXEL MAIN DATABASE 23-24 ,MMT 041024,68.667,P726619 041124 040324 Point Breeze Far DS RENAME,7,Point Breeze Far,"39.93094655, -75.1829941",Sample,3/20/2024,2:46:00 PM,ST,4/3/2024,11:55:00 AM,ST,,4/10/2024,Sent with Nancy,,
49,P726645,Y,24-Feb,3/10/2024,4/11/2024,1,14,Y,DS,GT (MAIN),DREXEL MAIN DATABASE 23-24 ,MMT 041024,68.667,P726645 041124 040324 Point Breeze Mid DS RENAME,6,Point Breeze Mid,"39.92771763, -75.1873965",Sample,3/20/2024,2:55:00 PM,ST,4/3/2024,11:47:00 AM,ST,,4/10/2024,Sent with Nancy,,
49,P726646,Y,24-Feb,3/10/2024,4/11/2024,1,14,Y,DS,GT (MAIN),DREXEL MAIN DATABASE 23-24 ,MMT 041024,68.667,P726646 041124 040324 Point Breeze Mid Dup DS RENAME,6,Point Breeze Mid Dup,"39.92771763, -75.1873965",Duplicate,3/20/2024,2:55:00 PM,ST,4/3/2024,11:47:00 AM,ST,,4/10/2024,Sent with Nancy,,
50,P733841,Y,24-Feb,3/10/2024,4/11/2024,1,14,Y,DS,GT (MAIN),DREXEL MAIN DATABASE 23-24 ,MMT 041024,68.667,P733841 041124 040324 Point Breeze Near DS RENAME,5,Point Breeze Near,"39.92624784, -75.1923165",Sample,3/20/2024,2:59:00 PM,ST,4/3/2024,11:50:00 AM,ST,,4/10/2024,Sent with Nancy,,
50,P733843,Y,24-Feb,3/10/2024,4/2/2024,1,0,Y,NO SPLIT,KC (Main),DREXEL MAIN DATABASE 23-24 ,MMT032824,1,P733843 040224 032024 Point Breeze Near FB,5,Point Breeze Near FB,"39.92624784, -75.1923165",Field Blank,3/20/2024,3:00:00 PM,ST,3/20/2024,3:00:00 PM,ST,,1-Apr,7.75476E+11,,
50,P733845,Y,24-Feb,3/10/2024,4/11/2024,1,14,Y,DS,GT (MAIN),DREXEL MAIN DATABASE 23-24 ,MMT 041024,68.667,P733845 041124 040324 Ritner DS RENAME,8,Ritner,"39.92296389, -75.186874",Sample,3/20/2024,3:08:00 PM,ST,4/3/2024,11:45:00 AM,ST,,4/10/2024,Sent with Nancy,,
50,P733847,Y,24-Feb,3/10/2024,4/11/2024,1,14,Y,SS,GT (MAIN),DREXEL MAIN DATABASE 23-24 ,MMT 041024,2,P733847 041224 040324 26th St SS RR,9,26th St,"39.91327125, -75.1922011",Sample,3/20/2024,3:26:00 PM,ST,4/3/2024,12:03:00 PM,ST,,4/10/2024,Sent with Nancy,,
50,P733854,Y,24-Feb,3/10/2024,4/2/2024,1,0,Y,NO SPLIT,KC (Main),DREXEL MAIN DATABASE 23-24 ,MMT032824,1,P733854 040224 040124 LAB BLANK RR,,LAB BLANK,NA,Lab Blank,3/12/2024,,ST,4/1/2024,,LF,,1-Apr,7.75476E+11,,
50,P733856,Y,24-Feb,3/10/2024,4/11/2024,1,7,Y,SS,GT (MAIN),DREXEL MAIN DATABASE 23-24 ,MMT 041024,2,P733856 041224 041024 Bartrams SS,1,Bartrams,"39.92896, -75.212541",Sample,4/3/2024,11:22:00 AM,ST,4/10/2024,10:30:00 AM,,,4/10/2024,Sent with Nancy,,
50,P733857,Y,24-Feb,3/10/2024,4/11/2024,1,7,Y,SS,KC (Main),DREXEL MAIN DATABASE 23-24 ,MMT 041024,2,P733857 041224 041024 Essington SS,2,Essington,"39.90131732, -75.2250262",Sample,4/3/2024,11:33:00 AM,ST,4/10/2024,10:47:00 AM,,,4/10/2024,Sent with Nancy,,
50,P733859,Y,24-Feb,3/10/2024,4/11/2024,1,7,Y,SS,KC (Main),DREXEL MAIN DATABASE 23-24 ,MMT 041024,2,P733859 041224 041024 61st & Passyunk SS,3,61st & Passyunk,"39.91820446, -75.2085474",Sample,4/3/2024,11:38:00 AM,ST,4/10/2024,10:59:00 AM,,,4/10/2024,Sent with Nancy,,
50,P733860,Y,24-Feb,3/10/2024,4/11/2024,1,7,Y,SS,KC (Main),DREXEL MAIN DATABASE 23-24 ,MMT 041024,2,P733860 041224 041024 28th & Passyunk SS,4,28th & Passyunk,"39.92061091, -75.1955879",Sample,4/3/2024,11:40:00 AM,ST,4/10/2024,11:08:00 AM,,,4/10/2024,Sent with Nancy,,
50,P733864,Y,24-Feb,3/10/2024,4/11/2024,1,7,Y,SS,KC (Main),DREXEL MAIN DATABASE 23-24 ,MMT 041024,2,P733864 041224 041024 Ritner SS,8,Ritner,"39.92296389, -75.186874",Sample,4/3/2024,11:45:00 AM,ST,4/10/2024,11:19:00 AM,,,4/10/2024,Sent with Nancy,,
51,P733865,Y,24-Feb,3/10/2024,4/11/2024,1,7,Y,SS,KC (Main),DREXEL MAIN DATABASE 23-24 ,MMT 041024,2,P733865 041224 041024 Point Breeze Mid SS,6,Point Breeze Mid,"39.92771763, -75.1873965",Sample,4/3/2024,11:47:00 AM,ST,4/10/2024,11:28:00 AM,,,4/10/2024,Sent with Nancy,,
51,P733866,Y,24-Feb,3/10/2024,4/11/2024,1,7,Y,SS,KC (Main),DREXEL MAIN DATABASE 23-24 ,MMT 041024,2,P733866 041224 041024 Point Breeze Near SS,5,Point Breeze Near,"39.92624784, -75.1923165",Sample,4/3/2024,11:50:00 AM,ST,4/10/2024,11:38:00 AM,,,4/10/2024,Sent with Nancy,,
51,P733869,Y,24-Feb,3/10/2024,4/11/2024,1,7,Y,SS,KC (Main),DREXEL MAIN DATABASE 23-24 ,MMT 041024,2,P733869 041224 041024 Point Breeze Far SS,7,Point Breeze Far,"39.93094655, -75.1829941",Sample,4/3/2024,11:55:00 AM,ST,4/10/2024,11:51:00 AM,,,4/10/2024,Sent with Nancy,,
51,P733871,Y,24-Feb,3/10/2024,4/11/2024,1,7,Y,SS,KC (Main),DREXEL MAIN DATABASE 23-24 ,MMT 041024,2,P733871 041224 041024 Point Breeze Far Dup SS,7,Point Breeze Far,"39.93094655, -75.1829941",Duplicate,4/3/2024,11:55:00 AM,ST,4/10/2024,11:51:00 AM,,,4/10/2024,Sent with Nancy,,
51,P733879,Y,24-Feb,3/10/2024,4/11/2024,1,7,Y,SS,GT (FRONT),DREXEL MAIN DATABASE 23-24 FRONT,MMT 041024,2,P733879 041224 041024 26th St SS,9,26th St,"39.91327125, -75.1922011",Sample,4/3/2024,12:03:00 PM,ST,4/10/2024,12:07:00 PM,,,4/10/2024,Sent with Nancy,,
51,P733873,Y,24-Feb,3/10/2024,4/11/2024,1,0,Y,NO SPLIT,GT (FRONT),DREXEL MAIN DATABASE 23-24 FRONT,MMT 041024,1,P733873 041124 040324 26th St FB,9,26th St FB,"39.91327125, -75.1922011",Field Blank,4/3/2024,12:03:00 PM,ST,4/10/2024,12:03:00 PM,,,4/10/2024,Sent with Nancy,,
51,P733880,Y,24-Feb,3/10/2024,4/25/2024,1,7,Y,,GT (MAIN),DREXEL MAIN DATABASE 23-24 ,MMT 042524,2,P733880 042624 041724 Bartrams SS,1,Bartrams,"39.92896, -75.212541",Sample,4/10/2024,10:30:00 AM,LF,4/17/2024,12:15:00 PM,ST,,4/24/2024,77343680637,,
51,P733881,Y,24-Feb,3/10/2024,4/25/2024,1,7,Y,,GT (MAIN),DREXEL MAIN DATABASE 23-24 ,MMT 042524,2,P733881 042624 041724 Essington SS,2,Essington,"39.90131732, -75.2250262",Sample,4/10/2024,10:48:00 AM,LF,4/17/2024,12:27:00 PM,ST,,4/24/2024,77343680637,,
51,P733882,Y,24-Feb,3/10/2024,4/25/2024,1,7,Y,,GT (MAIN),DREXEL MAIN DATABASE 23-24 ,MMT 042524,2,P733882 042624 041724 61st and Passyunk SS,3,61st and Passyunk,"39.91820446, -75.2085474",Sample,4/10/2024,10:59:00 AM,LF,4/17/2024,12:33:00 PM,ST,,4/24/2024,77343680637,,
51,P733883,Y,24-Feb,3/10/2024,4/25/2024,1,7,Y,,GT (FRONT),DREXEL MAIN DATABASE 23-24 FRONT,MMT 042524,2,P733883 042624 041724 28th and Passyunk SS,4,28th and Passyunk,"39.92061091, -75.1955879",Sample,4/10/2024,11:09:00 AM,LF,4/17/2024,12:39:00 PM,ST,,4/24/2024,77343680637,,
52,P726648,Y,24-Feb,3/10/2024,4/25/2024,1,7,Y,,GT (FRONT),DREXEL MAIN DATABASE 23-24 FRONT,MMT 042524,2,P726648 042624 041724 Ritner SS,8,Ritner,"39.92296389, -75.186874",Sample,4/10/2024,11:20:00 AM,LF,4/17/2024,12:48:00 PM,ST,,4/24/2024,77343680637,,
52,P726649,Y,24-Feb,3/10/2024,4/25/2024,1,7,Y,,GT (FRONT),DREXEL MAIN DATABASE 23-24 FRONT,MMT 042524,2,P726649 042624 041724 Point Breeze Mid SS,6,Point Breeze Mid,"39.92771763, -75.1873965",Sample,4/10/2024,11:28:00 AM,LF,4/17/2024,1:07:00 PM,ST,,4/24/2024,77343680637,,
52,P726650,Y,24-Feb,3/10/2024,4/25/2024,1,7,Y,,GT (FRONT),DREXEL MAIN DATABASE 23-24 FRONT,MMT 042524,2,P726650 042624 041724 Point Breeze Near SS,5,Point Breeze Near,"39.92624784, -75.1923165",Sample,4/10/2024,11:38:00 AM,LF,4/17/2024,1:12:00 PM,ST,,4/24/2024,77343680637,,
52,P726654,Y,24-Feb,3/10/2024,4/25/2024,1,7,Y,,GT (FRONT),DREXEL MAIN DATABASE 23-24 FRONT,MMT 042524,2,P726654 042624 041724 Point Breeze Near Dup SS,5,Point Breeze Near Dup,"39.92624784, -75.1923165",Duplicate,4/10/2024,11:38:00 AM,LF,4/17/2024,1:12:00 PM,ST,,4/24/2024,77343680637,,
52,P726658,Y,24-Feb,3/10/2024,4/25/2024,1,7,Y,,GT (FRONT),DREXEL MAIN DATABASE 23-24 FRONT,MMT 042524,2,P726658 042624 041724 Point Breeze Far SS,7,Point Breeze Far,"39.93094655, -75.1829941",Sample,4/10/2024,11:52:00 AM,LF,4/17/2024,12:58:00 PM,ST,,4/24/2024,77343680637,,
52,P726660,Y,24-Feb,3/10/2024,4/25/2024,1,7,Y,,GT (FRONT),DREXEL MAIN DATABASE 23-24 FRONT,MMT 042524,2,P726660 042624 041724 26th SS,9,26th,"39.91327125, -75.1922011",Sample,4/10/2024,12:04:00 PM,LF,4/17/2024,1:38:00 PM,ST,,4/24/2024,77343680637,,
52,P726662,Y,24-Feb,3/10/2024,4/11/2024,1,0,Y,NO SPLIT,GT (FRONT),DREXEL MAIN DATABASE 23-24 FRONT,MMT 041024,1,P726662 041124 040324 26th FB,9,26th FB,"39.91327125, -75.1922011",Field Blank,4/10/2024,12:04:00 PM,LF,4/10/2024,12:04:00 PM,LF,,4/10/2024,Sent with Nancy,,
52,P726663,Y,24-Feb,3/10/2024,4/11/2024,1,0,Y,NO SPLIT,GT (FRONT),DREXEL MAIN DATABASE 23-24 FRONT,MMT 041024,1,P726663 041124 040324 Lab BLANK,,Lab BLANK,NA,Lab Blank,3/12/2024,,,4/10/2024,,,,4/10/2024,Sent with Nancy,,
52,P726669,Y,24-Feb,3/10/2024,4/25/2024,1,7,Y,,GT (FRONT),DREXEL MAIN DATABASE 23-24 FRONT,MMT 042524,2,P726669 042724 042424 Bartrams SS,1,Bartrams,"39.92896, -75.212541",Sample,4/17/2024,12:15:00 PM,ST,4/24/2024,7:45:00 AM,LF,,4/24/2024,77343680637,,
53,P726670,Y,24-Feb,3/10/2024,4/25/2024,1,7,Y,,KC (Main),DREXEL MAIN DATABASE 23-24 ,MMT 042524,2,P726670 042724 042424 Essington SS,2,Essington,"39.90131732, -75.2250262",Sample,4/17/2024,12:27:00 PM,ST,4/24/2024,7:32:00 AM,LF,,4/24/2024,77343680637,,
53,P726666,Y,24-Feb,3/10/2024,4/25/2024,1,7,Y,,GT (MAIN),DREXEL MAIN DATABASE 23-24 ,MMT 042524,2,P726666 042724 042424 61st and Passyunk SS,3,61st and Passyunk,"39.91820446, -75.2085474",Sample,4/17/2024,12:33:00 PM,ST,4/24/2024,7:55:00 AM,LF,,4/24/2024,77343680637,,
53,P733867,Y,24-Feb,3/10/2024,4/25/2024,1,7,Y,,GT (MAIN),DREXEL MAIN DATABASE 23-24 ,MMT 042524,2,P733867 042724 042424 28th and Passyunk SS,4,28th and Passyunk,"39.92061091, -75.1955879",Sample,4/17/2024,12:39:00 PM,ST,4/24/2024,8:00:00 AM,LF,,4/24/2024,77343680637,,
53,P733868,Y,24-Feb,3/10/2024,4/25/2024,1,7,Y,,GT (MAIN),DREXEL MAIN DATABASE 23-24 ,MMT 042524,2,P733868 042724 042424 Ritner SS,8,Ritner,"39.92296389, -75.186874",Sample,4/17/2024,12:48:00 PM,ST,4/24/2024,8:06:00 AM,LF,,4/24/2024,77343680637,,
53,P733885,Y,24-Feb,3/10/2024,4/25/2024,1,7,Y,,GT (MAIN),DREXEL MAIN DATABASE 23-24 ,MMT 042524,2,P733885 042724 042424 Point Breeze Far SS,7,Point Breeze Far,"39.93094655, -75.1829941",Sample,4/17/2024,12:58:00 PM,ST,4/24/2024,8:28:00 AM,LF,,4/24/2024,77343680637,,
53,P733893,Y,24-Feb,3/10/2024,4/25/2024,1,7,Y,,GT (MAIN),DREXEL MAIN DATABASE 23-24 ,MMT 042524,2,P733893 042624 042424 Point Breeze Mid SS RENAME,6,Point Breeze Mid,"39.92771763, -75.1873965",Sample,4/17/2024,1:07:00 PM,ST,4/24/2024,8:10:00 AM,LF,,4/24/2024,77343680637,,
53,P733894,Y,,,4/25/2024,1,7,Y,,GT (MAIN),DREXEL MAIN DATABASE 23-24 ,MMT 042524,2,P733894 042724 042424 Point Breeze Mid DUP SS,6,Point Breeze Mid DUP,"39.92771763, -75.1873965",Duplicate,4/17/2024,1:07:00 PM,ST,4/24/2024,8:10:00 AM,LF,,4/24/2024,77343680637,,
53,P733896,Y,,,4/25/2024,1,7,Y,,GT (MAIN),DREXEL MAIN DATABASE 23-24 ,MMT 042524,2,P733896 042724 042424 Point Breeze Near SS,5,Point Breeze Near,"39.92624784, -75.1923165",Sample,4/17/2024,1:12:00 PM,ST,4/24/2024,8:15:00 AM,LF,,4/24/2024,77343680637,,
53,P733897,Y,,,4/25/2024,1,0,Y,,GT (MAIN),DREXEL MAIN DATABASE 23-24 ,MMT 042524,1,P733897 042624 042424 Point Breeze Near FB,5,Point Breeze Near FB,"39.92624784, -75.1923165",Field Blank,4/17/2024,1:12:00 PM,ST,4/17/2024,1:13:00 PM,LF,,4/24/2024,77343680637,,
53,P733898,Y,,,4/25/2024,1,7,Y,,GT (MAIN),DREXEL MAIN DATABASE 23-24 ,MMT 042524,2,P733898 042724 042424 Bambrey SS,,Bambrey,NA,Sample,4/17/2024,1:26:00 PM,ST,4/24/2024,8:20:00 AM,LF,,4/24/2024,77343680637,,
53,P733899,Y,15-Apr,4/19/2024,5/10/2024,1,7,Y,,GT (MAIN),DREXEL MAIN DATABASE 23-24 ,MMT 042524,2,P733899 042724 042424 26th  SS,9,26th ,"39.91327125, -75.1922011",Sample,4/17/2024,1:38:00 PM,ST,4/24/2024,8:40:00 AM,LF,,4/24/2024,77343680637,,
54,P733866,Y,15-Apr,4/19/2024,4/25/2024,1,7,Y,,GT (FRONT),DREXEL MAIN DATABASE 23-24 FRONT,MMT 050724,2,P733866 051124 050124 Essington SS,2,Essington,"39.90131732, -75.2250262",Sample,4/24/2024,7:32:00 AM,LF,5/1/2024,9:42:00 AM,LF,,5/9/2024,7.76034E+11,,
54,P733869,Y,16-Mar,4/19/2024,5/10/2024,1,0,Y,,GT (MAIN),DREXEL MAIN DATABASE 23-24 ,MMT 042524,1,P733869 042624 042424 26th FB,9,26th FB,"39.91327125, -75.1922011",Field Blank,4/24/2024,8:40:00 AM,LF,4/24/2024,8:40:00 AM,LF,,4/24/2024,77343680637,,
54,P726604,Y,18-Mar,4/19/2024,5/10/2024,1,7,Y,,kc (main),DREXEL MAIN DATABASE 23-24 ,MMT 050724,2,P726604 051124 050124 Bartrams SS.D,1,Bartrams,"39.92896, -75.212541",Duplicate,4/24/2024,7:45:00 AM,LF,5/1/2024,9:29:00 AM,LF,,5/9/2024,7.76034E+11,,
54,P726605,Y,18-Mar,4/19/2024,5/10/2024,1,7,Y,,kc (main),DREXEL MAIN DATABASE 23-24 ,MMT 050724,2,P726605 051124 050124 Bartrams SS.D,1,Bartrams,"39.92896, -75.212541",Sample,4/24/2024,7:45:00 AM,LF,5/1/2024,9:29:00 AM,LF,,5/9/2024,7.76034E+11,,
54,P726606,Y,16-Mar,4/19/2024,5/10/2024,1,7,Y,,kc (main),DREXEL MAIN DATABASE 23-24 ,MMT 050724,2,P726606 051124 050124 61st SS.D,3,61st,"39.91820446, -75.2085474",Sample,4/24/2024,7:55:00 AM,LF,5/1/2024,9:46:00 AM,LF,,5/9/2024,7.76034E+11,,
54,P726607,Y,18-Mar,4/19/2024,5/10/2024,1,7,Y,,kc (main),DREXEL MAIN DATABASE 23-24 ,MMT 050724,2,P726607 051324 050124 28th SS.D,4,28th,"39.92061091, -75.1955879",Sample,4/24/2024,8:00:00 AM,LF,5/1/2024,9:50:00 AM,LF,,5/9/2024,7.76034E+11,,
54,P726608,Y,15-Apr,4/19/2024,5/10/2024,1,7,Y,,kc (main),DREXEL MAIN DATABASE 23-24 ,MMT 050724,2,P726608 051124 050124 Ritner SS.D,8,Ritner,"39.92296389, -75.186874",Sample,4/24/2024,8:06:00 AM,LF,5/1/2024,9:54:00 AM,LF,,5/9/2024,7.76034E+11,,
54,P726609,Y,15-Apr,4/19/2024,5/10/2024,1,7,Y,,kc (main),DREXEL MAIN DATABASE 23-24 ,MMT 050724,2,P726609 051124 050124 Pt Breeze Mid SS.D,6,Pt Breeze Mid,"39.92771763, -75.1873965",Sample,4/24/2024,8:10:00 AM,LF,5/1/2024,10:00:00 AM,LF,,5/9/2024,7.76034E+11,,
54,P726611,Y,18-Mar,4/19/2024,5/10/2024,1,7,Y,,kc (main),DREXEL MAIN DATABASE 23-24 ,MMT 050724,2,P726611 051124 050124 Pt Breeze Near SS.D,5,Pt Breeze Near,"39.92624784, -75.1923165",Sample,4/24/2024,8:15:00 AM,LF,5/1/2024,10:03:00 AM,LF,,5/9/2024,7.76034E+11,,
54,P726614,Y,18-Mar,4/19/2024,5/10/2024,1,7,Y,,kc (main),DREXEL MAIN DATABASE 23-24 ,MMT 050724,2,P726614 051124 050124 Bambrey SS.D,,Bambrey,NA,Sample,4/24/2024,8:20:00 AM,LF,5/1/2024,10:07:00 AM,LF,,5/9/2024,7.76034E+11,,
55,P726615,Y,18-Mar,4/19/2024,5/10/2024,1,7,Y,,kc (main),DREXEL MAIN DATABASE 23-24 ,MMT 050724,2,P726615 051124 050124 Pt Breeze Far SS,7,Pt Breeze Far,"39.93094655, -75.1829941",Sample,4/24/2024,8:28:00 AM,LF,5/1/2024,10:13:00 AM,LF,,5/9/2024,7.76034E+11,,
55,P726616,Y,13-Mar,4/19/2024,5/10/2024,1,7,Y,,GT (MAIN),DREXEL MAIN DATABASE 23-24 ,MMT 050724,2,P726616 051124 050124 26th SS,9,26th,"39.91327125, -75.1922011",Sample,4/24/2024,8:40:00 AM,LF,5/1/2024,10:24:00 AM,LF,,5/9/2024,7.76034E+11,,
55,P726617,Y,15-Apr,4/19/2024,4/25/2024,1,0,Y,,GT (MAIN),DREXEL MAIN DATABASE 23-24 ,MMT 042524,1,P726617 042624 042424 Lab blank,,Lab blank,NA,Lab Blank,4/24/2024,,,,12:00:00 AM,,,4/24/2024,77343680637,,
55,P726618,Y,18-Mar,4/19/2024,5/10/2024,1,7,Y,,GT (MAIN),DREXEL MAIN DATABASE 23-24 ,MMT 050724,2,P726618 051224 050824 Bartrams SS,1,Bartrams,"39.92896, -75.212541",Sample,5/1/2024,9:29:00 AM,LF,5/8/2024,12:10:00 PM,ST,,5/9/2024,7.76034E+11,,
55,P726619,Y,15-Apr,4/19/2024,5/10/2024,1,7,Y,,GT (MAIN),DREXEL MAIN DATABASE 23-24 ,MMT 050724,2,P726619 051224 050824 Bartrams DUP SS,1,Bartrams DUP,"39.92896, -75.212541",Duplicate,5/1/2024,9:29:00 AM,LF,5/8/2024,12:10:00 PM,ST,,5/9/2024,7.76034E+11,,
55,P726620,Y,3-Apr,4/19/2024,5/10/2024,1,7,Y,,GT (MAIN),DREXEL MAIN DATABASE 23-24 ,MMT 050724,2,P726620 051224 050824 Essington SS,2,Essington,"39.90131732, -75.2250262",Sample,5/1/2024,9:42:00 AM,LF,5/8/2024,12:25:00 PM,ST,,5/9/2024,7.76034E+11,,
55,P726641,Y,4-Apr,4/19/2024,5/10/2024,1,7,Y,,GT (MAIN),DREXEL MAIN DATABASE 23-24 ,MMT 050724,2,P726641 051224 050824 61st SS,3,61st,"39.91820446, -75.2085474",Sample,5/1/2024,9:46:00 AM,LF,5/8/2024,12:37:00 PM,ST,,5/9/2024,7.76034E+11,,
55,P726642,Y,15-Apr,4/19/2024,5/10/2024,1,7,Y,,GT (MAIN),DREXEL MAIN DATABASE 23-24 ,MMT 050724,2,P726642 051224 050824 28th SS,4,28th,"39.92061091, -75.1955879",Sample,5/1/2024,9:50:00 AM,LF,5/8/2024,12:42:00 PM,ST,,5/9/2024,7.76034E+11,,
55,P726643,Y,3-Apr,4/19/2024,5/10/2024,1,7,Y,,GT (FRONT),DREXEL MAIN DATABASE 23-24 FRONT,MMT 050724,2,P726643 051224 050824 Ritner SS,8,Ritner,"39.92296389, -75.186874",Sample,5/1/2024,9:54:00 AM,LF,5/8/2024,1:00:00 PM,ST,,5/9/2024,7.76034E+11,,
55,P726645,Y,18-Mar,4/19/2024,5/10/2024,1,7,Y,,GT (FRONT),DREXEL MAIN DATABASE 23-24 FRONT,MMT 050724,2,P726645 051224 050824 Pt B Mid SS,6,Pt B Mid,"39.92771763, -75.1873965",Sample,5/1/2024,10:00:00 AM,LF,5/8/2024,1:14:00 PM,JN,,5/9/2024,7.76034E+11,,
56,P726647,Y,3-Apr,4/19/2024,5/10/2024,1,7,Y,,GT (FRONT),DREXEL MAIN DATABASE 23-24 FRONT,MMT 050724,2,P726647 051224 050824 Pt B Near SS,5,Pt B Near,"39.92624784, -75.1923165",Sample,5/1/2024,10:03:00 AM,LF,5/8/2024,1:10:00 PM,ST,,5/9/2024,7.76034E+11,,
56,P726652,Y,18-Mar,4/19/2024,5/10/2024,1,7,Y,,GT (FRONT),DREXEL MAIN DATABASE 23-24 FRONT,MMT 050724,2,P726652 051224 050824 Bambrey SS,NA,Bambrey,NA,Sample,5/1/2024,10:07:00 AM,LF,5/8/2024,12:54:00 PM,ST,,5/9/2024,7.76034E+11,,
56,P726657,Y,3-Apr,4/19/2024,5/10/2024,1,7,Y,,GT (FRONT),DREXEL MAIN DATABASE 23-24 FRONT,MMT 050724,2,P726657 051224 050824 Pt B Far SS,7,Pt B Far,"39.93094655, -75.1829941",Sample,5/1/2024,10:13:00 AM,LF,5/8/2024,1:22:00 PM,ST,,5/9/2024,7.76034E+11,,
56,P726659,Y,3-Apr,4/19/2024,5/10/2024,1,7,Y,,GT (FRONT),DREXEL MAIN DATABASE 23-24 FRONT,MMT 050724,2,P726659 051224 050824 26th SS,9,26th,"39.91327125, -75.1922011",Sample,5/1/2024,10:24:00 AM,LF,5/8/2024,1:33:00 PM,ST,,5/9/2024,7.76034E+11,,
56,P726661,Y,3-Apr,4/19/2024,5/10/2024,1,0,Y,,GT (MAIN),DREXEL MAIN DATABASE 23-24 ,MMT 050724,1,P726661 051224 050124 26th FB,9,26th FB,"39.91327125, -75.1922011",Field Blank,5/1/2024,10:24:00 AM,LF,5/1/2024,10:24:00 AM,LF,,5/9/2024,7.76034E+11,,
56,P726664,Y,13-Mar,4/19/2024,,,,Y,,GT (MAIN),DREXEL MAIN DATABASE 23-24 ,MMT 052324 ,2,P726664 052324 051524 Bartrams SS,1,Bartrams,"39.92896, -75.212541",Sample,5/8/2024,12:10:00 PM,JN,5/15/2024,1:25:00 PM,LF,,5/22/2024,7.76034E+11,,
56,P726665,Y,15-Apr,4/19/2024,,,,Y,,GT (MAIN),DREXEL MAIN DATABASE 23-24 ,MMT 052324 ,2,P726665 052324 051524 Essington SS,2,Essington,"39.90131732, -75.2250262",Sample,5/8/2024,12:25:00 PM,JN,5/15/2024,1:36:00 PM,LF,,5/22/2024,7.76034E+11,,
56,P726668,Y,3-Apr,4/19/2024,5/10/2024,1,0,Y,,GT (MAIN),DREXEL MAIN DATABASE 23-24 ,MMT 050724,1,P726668 051224 050824 Lab Blank ,NA,Lab Blank,NA,Lab Blank,4/23/2024,,,5/9/2024,,,,5/9/2024,7.76034E+11,,
56,P733841,Y,15-Apr,4/19/2024,,,,Y,,GT (MAIN),DREXEL MAIN DATABASE 23-24 ,MMT 052324 ,2,P733841 052424 052224 Bartrams SS,1,Bartrams,"39.92896, -75.212541",Sample,5/15/2024,1:25:00 PM,LF,5/22/2024,9:33:00 AM,LF,,5/22/2024,7.76034E+11,,
56,P733843,Y,16-Mar,4/19/2024,,,,Y,,GT (MAIN),DREXEL MAIN DATABASE 23-24 ,MMT 052324 ,2,P733843 052424 052224 Essington SS,2,Essington,"39.90131732, -75.2250262",Sample,5/15/2024,1:36:00 PM,LF,5/22/2024,9:46:00 AM,LF,,5/22/2024,7.76034E+11,,
57,P733847,Y,16-Mar,4/19/2024,,,,Y,,GT (MAIN),DREXEL MAIN DATABASE 23-24 ,MMT 052324,2,P733847 052324 051524 61st SS,3,61st,"39.91820446, -75.2085474",Sample,5/8/2024,12:37:00 PM,JN,5/15/2024,1:42:00 PM,LF,,5/22/2024,7.76034E+11,,
57,P733848,Y,4-Apr,4/19/2024,,,,Y,,GT (MAIN),DREXEL MAIN DATABASE 23-24 ,MMT 052324,2,P733848 052324 051524 61st DUP SS,3,61st DUP,"39.91820446, -75.2085474",Duplicate,5/8/2024,12:37:00 PM,JN,5/15/2024,1:42:00 PM,LF,,5/22/2024,7.76034E+11,,
57,P733849,Y,16-Mar,4/19/2024,,,,Y,,GT (MAIN),DREXEL MAIN DATABASE 23-24 ,MMT 052324,2,P733849 052324 051524 28th SS,4,28th,"39.92061091, -75.1955879",Sample,5/8/2024,12:42:00 PM,JN,5/15/2024,1:47:00 PM,LF,,5/22/2024,7.76034E+11,,
57,P733850,Y,11-Apr,4/19/2024,,,,Y,,GT (MAIN),DREXEL MAIN DATABASE 23-24 ,MMT 052324,2,P733850 052324 051524 Bambrey SS,NA,Bambrey,NA,Sample,5/8/2024,12:54:00 PM,ST,5/15/2024,2:02:00 PM,LF,,5/22/2024,7.76034E+11,,
57,P733851,Y,4-Apr,4/19/2024,,,,Y,,GT (MAIN),DREXEL MAIN DATABASE 23-24 ,MMT 052324,2,P733851 052324 051524 Ritner SS,8,Ritner,"39.92296389, -75.186874",Sample,5/8/2024,1:00:00 PM,JN,5/15/2024,1:50:00 PM,LF,,5/22/2024,7.76034E+11,,
57,P733853,Y,15-Apr,4/19/2024,5/10/2024,1,0,Y,,GT (MAIN),DREXEL MAIN DATABASE 23-24 ,MMT 050724,1,P733853 051224 050124 Ritner FB,8,Ritner FB,"39.92296389, -75.186874",Field Blank,5/8/2024,1:00:00 PM,ST,5/8/2024,1:00:00 PM,ST,,5/9/2024,7.76034E+11,,
57,P733854,Y,15-Apr,4/19/2024,,,,Y,,GT (MAIN),DREXEL MAIN DATABASE 23-24 ,MMT 052324 ,2,P733854 052324 051524 Pt B Near SS,5,Pt B Near,"39.92624784, -75.1923165",Sample,5/8/2024,1:10:00 PM,JN,5/15/2024,1:58:00 PM,LF,,5/22/2024,7.76034E+11,,
57,P733856,Y,18-Mar,4/19/2024,,,,Y,,GT (MAIN),DREXEL MAIN DATABASE 23-24 ,MMT 052324 ,2,P733856 052324 051524 Pt B Mid SS,6,Pt B Mid,"39.92771763, -75.1873965",Sample,5/8/2024,1:14:00 PM,JN,5/15/2024,1:54:00 PM,LF,,5/22/2024,7.76034E+11,,
57,P733859,Y,18-Mar,4/19/2024,,,,Y,,GT (MAIN),DREXEL MAIN DATABASE 23-24 ,MMT 052324,2,P733859 052324 051524 Pt B Far SS,7,Pt B Far,"39.93094655, -75.1829941",Sample,5/8/2024,1:22:00 PM,JN,5/15/2024,2:07:00 PM,LF,,5/22/2024,7.76034E+11,,
57,P733861,Y,15-Apr,4/19/2024,,,,Y,,GT (MAIN),DREXEL MAIN DATABASE 23-24 ,MMT 052324,2,P733861 052324 051524 26th SS,9,26th,"39.91327125, -75.1922011",Sample,5/8/2024,1:33:00 PM,JN,5/15/2024,2:18:00 PM,LF,,5/22/2024,7.76034E+11,,
58,P733863,Y,15-Apr,4/19/2024,,,,Y,,GT (MAIN),DREXEL MAIN DATABASE 23-24 ,MMT 052324,2,P733863 052424 052224 61st SS,3,61st,"39.91820446, -75.2085474",Sample,5/15/2024,1:42:00 PM,LF,5/22/2024,9:52:00 AM,LF,,5/22/2024,7.76034E+11,,
58,P733864,Y,15-Apr,4/19/2024,,,,Y,,GT (MAIN),DREXEL MAIN DATABASE 23-24 ,MMT 052324,2,P733864 052424 052224 61st DUP SS,3,61st DUP,"39.91820446, -75.2085474",Duplicate,5/15/2024,1:42:00 PM,LF,5/22/2024,9:52:00 AM,LF,,5/22/2024,7.76034E+11,,
58,P733871,Y,11-Apr,4/19/2024,,,,Y,,GT (MAIN),DREXEL MAIN DATABASE 23-24 ,MMT 052324,2,P733871 052424 052224 28th SS,4,28th,"39.92061091, -75.1955879",Sample,5/15/2024,1:47:00 PM,LF,5/22/2024,9:58:00 AM,LF,,5/22/2024,7.76034E+11,,
58,P733873,Y,7-Mar,4/19/2024,,,,Y,,GT (MAIN),DREXEL MAIN DATABASE 23-24 ,MMT 052324,2,P733873 052424 052224 Ritner SS,8,Ritner,"39.92296389, -75.186874",Sample,5/15/2024,1:50:00 PM,LF,5/22/2024,10:03:00 AM,LF,,5/22/2024,7.76034E+11,,
58,P733876,Y,18-Mar,4/19/2024,,,,Y,,GT (MAIN),DREXEL MAIN DATABASE 23-24 ,MMT 052324,2,P733876 052424 052224 Pt B Mid SS,6,Pt B Mid,"39.92771763, -75.1873965",Sample,5/15/2024,1:54:00 PM,LF,5/22/2024,11:16:00 AM,LF,,5/22/2024,7.76034E+11,,
58,P733877,Y,15-Apr,4/19/2024,,,,Y,,GT (MAIN),DREXEL MAIN DATABASE 23-24 ,MMT 052324,2,P733877 052424 052224 Pt B Near SS,5,Pt B Near,"39.92624784, -75.1923165",Sample,5/15/2024,1:58:00 PM,LF,5/22/2024,10:12:00 AM,LF,,5/22/2024,7.76034E+11,,
58,P733878,Y,11-Apr,4/19/2024,,,,Y,,GT (MAIN),DREXEL MAIN DATABASE 23-24 ,MMT 052324,2,P733878 052424 052224 Bambrey SS,,Bambrey,NA,Sample,5/15/2024,2:02:00 PM,LF,5/22/2024,10:17:00 AM,LF,,5/22/2024,7.76034E+11,,
58,P733879,Y,11-Apr,4/19/2024,,,,Y,,GT (MAIN),DREXEL MAIN DATABASE 23-24 ,MMT 052324,2,P733879 052424 052224 Pt B Far SS,7,Pt B Far,"39.93094655, -75.1829941",Sample,5/15/2024,2:07:00 PM,LF,5/22/2024,10:23:00 AM,LF,,5/22/2024,7.76034E+11,,
58,P733886,Y,11-Apr,4/19/2024,,,,Y,,GT (MAIN),DREXEL MAIN DATABASE 23-24 ,MMT 052324,2,P733886 052424 052224 26th SS,9,26th,"39.91327125, -75.1922011",Sample,5/15/2024,2:18:00 PM,LF,5/22/2024,10:32:00 AM,LF,,5/22/2024,7.76034E+11,,
58,P733887,Y,16-Mar,4/19/2024,,,,Y,,GT (MAIN),DREXEL MAIN DATABASE 23-24 ,MMT 052324,2,P733887 052324 051524 26th FB SS,9,26th FB,"39.91327125, -75.1922011",Field Blank,5/15/2024,2:18:00 PM,LF,5/15/2024,2:18:00 PM,LF,,5/22/2024,7.76034E+11,,
59,P733888,Y,11-Apr,4/19/2024,6/6/2024,,,Y,SS,GT (MAIN),DREXEL MAIN DATABASE 23-24 ,MMT 060624,2,P733888 060624 052924 Bartrams SS,1,Bartrams,"39.92896, -75.212541",Sample,5/22/2024,9:32:00 AM,LF,5/29/2024,1:01:00 PM,LF,,6/5/2024,7.74093E+11,,
59,P733889,Y,16-Mar,4/19/2024,6/6/2024,,,Y,SS,GT (MAIN),DREXEL MAIN DATABASE 23-24 ,MMT 060624,2,P733889 060624 052924 Essington SS,2,Essington,"39.90131732, -75.2250262",Sample,5/22/2024,9:46:00 AM,LF,5/29/2024,1:17:00 PM,LF,,6/5/2024,7.74093E+11,,
59,P733890,Y,4-Apr,4/19/2024,6/6/2024,,,Y,SS,GT (MAIN),DREXEL MAIN DATABASE 23-24 ,MMT 060624,2,P733890 060724 052924 61st SS,3,61st,"39.91820446, -75.2085474",Sample,5/22/2024,9:52:00 AM,LF,5/29/2024,1:24:00 PM,LF,,6/5/2024,7.74093E+11,,
59,P733891,Y,15-Apr,4/19/2024,6/6/2024,,,Y,SS,GT (MAIN),DREXEL MAIN DATABASE 23-24 ,MMT 060624,2,P733891 060624 052924 28th SS,4,28th,"39.92061091, -75.1955879",Sample,5/22/2024,9:58:00 AM,LF,5/29/2024,1:35:00 PM,LF,,6/5/2024,7.74093E+11,,
59,P733892,Y,15-Apr,4/19/2024,6/6/2024,,,Y,SS,GT (MAIN),DREXEL MAIN DATABASE 23-24 ,MMT 060624,2,P733892 060624 052924 Ritner SS,8,Ritner,"39.92296389, -75.186874",Sample,5/22/2024,10:03:00 AM,LF,5/29/2024,2:08:00 PM,LF,,6/5/2024,7.74093E+11,,
59,P726612,,,,6/6/2024,,,Y,SS,GT (MAIN),DREXEL MAIN DATABASE 23-24 ,MMT 060624,2,P726612 060624 052924 Pt B Mid SS,6,Pt B Mid,"39.92771763, -75.1873965",Sample,5/22/2024,10:07:00 AM,LF,5/29/2024,1:49:00 PM,LF,,6/5/2024,7.74093E+11,,
59,P726646,,,,6/6/2024,,,Y,SS,GT (MAIN),DREXEL MAIN DATABASE 23-24 ,MMT 060624,2,P726646 060624 052924 Pt B Near SS,5,Pt B Near,"39.92624784, -75.1923165",Sample,5/22/2024,10:12:00 AM,LF,5/29/2024,1:43:00 PM,LF,,6/5/2024,7.74093E+11,,
59,P726662,,,,6/6/2024,,,Y,SS,GT (MAIN),DREXEL MAIN DATABASE 23-24 ,MMT 060624,2,P726662 060624 052924 Bambrey SS,,Bambrey,NA,Sample,5/22/2024,10:17:00 AM,LF,5/29/2024,2:02:00 PM,LF,,6/5/2024,7.74093E+11,,
59,P726663,,,,6/6/2024,,,Y,SS,GT (MAIN),DREXEL MAIN DATABASE 23-24 ,MMT 060624,2,P726663 060624 052924 Pt B Far SS,7,Pt B Far,"39.93094655, -75.1829941",Sample,5/22/2024,10:23:00 AM,LF,5/29/2024,1:55:00 PM,LF,,6/5/2024,7.74093E+11,,
59,P733845,,,,6/6/2024,,,Y,SS,GT (MAIN),DREXEL MAIN DATABASE 23-24 ,MMT 060624,2,P733845 060624 052924 26th SS,9,26th,"39.91327125, -75.1922011",Sample,5/22/2024,10:32:00 AM,LF,5/29/2024,2:20:00 PM,LF,,6/5/2024,7.74093E+11,,
60,P726604,Y,13-May,5/16/2024,,,,Y,NO SPLIT,GT (MAIN),DREXEL MAIN DATABASE 23-24 ,MMT 052324,1,P726604 052424 052224 26th FB,9,26th FB,"39.91327125, -75.1922011",Field Blank,5/22/2024,10:34:00 AM,LF,5/22/0204,10:34:00 AM,LF,,5/22/2024,7.76034E+11,,
60,P726605,Y,13-May,5/16/2024,6/6/2024,,,Y,SS,GT (MAIN),DREXEL MAIN DATABASE 23-24 ,MMT 060624,2,P726605 060724 052924 26th DUP SS,9,26th DUP,"39.91327125, -75.1922011",Duplicate,5/22/2024,10:32:00 AM,LF,5/29/2024,2:20:00 PM,ST,,6/5/2024,7.74093E+11,,
60,P726606,Y,13-May,5/16/2024,,,,Y,NO SPLIT,GT (MAIN),DREXEL MAIN DATABASE 23-24 ,MMT 052324,1,P726606 052424 052224 LAB BLANK,,LAB BLANK,NA,Lab Blank,5/17/2024,,,5/22/2024,,,,5/22/2024,7.76034E+11,,
60,P726608,Y,13-May,5/16/2024,6/6/2024,,,Y,SS,GT (FRONT),DREXEL MAIN DATABASE 23-24 FRONT,MMT 060624,2,P726608 060724 060524 Bartrams SS,1,Bartrams,"39.92896, -75.212541",Sample,5/29/2024,1:01:00 PM,JN,6/5/2024,12:52:00 PM,ST,,6/5/2024,7.74093E+11,,
60,P726609,Y,13-May,5/16/2024,6/6/2024,,,Y,SS,GT (FRONT),DREXEL MAIN DATABASE 23-24 FRONT,MMT 060624,2,P726609 060724 060524 Essington SS,2,Essington,"39.90131732, -75.2250262",Sample,5/29/2024,1:17:00 PM,JN,6/5/2024,1:10:00 PM,ST,,6/5/2024,7.74093E+11,,
60,P726611,Y,13-May,5/16/2024,6/6/2024,,not used fell on ground,,,,,,,,,,NA,Sample,5/29/2024,,,,,,Tube fell in a hole in the ground - was recovered but not used,6/5/2024,7.74093E+11,,no
60,P726614,Y,13-May,5/16/2024,6/6/2024,,,Y,SS,GT (FRONT),DREXEL MAIN DATABASE 23-24 FRONT,MMT 060624,2,P726614 060724 060524 61st SS,3,61st,"39.91820446, -75.2085474",Sample,5/29/2024,1:29:00 PM,JN,6/5/2024,1:18:00 PM,ST,,6/5/2024,7.74093E+11,,
60,P726615,Y,13-May,5/16/2024,6/6/2024,,,Y,SS,GT (FRONT),DREXEL MAIN DATABASE 23-24 FRONT,MMT 060624,2,P726615 060724 060524 28th SS,4,28th,"39.92061091, -75.1955879",Sample,5/29/2024,1:35:00 PM,JN,6/5/2024,1:24:00 PM,ST,,6/5/2024,7.74093E+11,,
60,P726616,Y,13-May,5/16/2024,6/6/2024,,,Y,SS,GT (FRONT),DREXEL MAIN DATABASE 23-24 FRONT,MMT 060624,2,P726616 060724 060524 Pt B Near SS,5,Pt B Near,"39.92624784, -75.1923165",Sample,5/29/2024,1:45:00 PM,JN,6/5/2024,1:32:00 PM,ST,,6/5/2024,7.74093E+11,,
60,P726618,Y,13-May,5/16/2024,6/6/2024,,,Y,SS,GT (FRONT),DREXEL MAIN DATABASE 23-24 FRONT,MMT 060624,2,P726618 060724 060524 Pt B Mid SS,6,Pt B Mid,"39.92771763, -75.1873965",Sample,5/29/2024,1:49:00 PM,JN,6/5/2024,1:55:00 PM,ST,,6/5/2024,7.74093E+11,,
61,P726619,Y,13-May,5/16/2024,6/6/2024,,,Y,SS,GT (FRONT),DREXEL MAIN DATABASE 23-24 FRONT,MMT 060624,2,P726619 060724 060524 Pt B Mid DUP SS,6,Pt B Mid DUP,"39.92771763, -75.1873965",Duplicate,5/29/2024,1:49:00 PM,JN,6/5/2024,1:55:00 PM,ST,,6/5/2024,7.74093E+11,,
61,P726620,Y,13-May,5/16/2024,6/6/2024,,,Y,SS,GT (FRONT),DREXEL MAIN DATABASE 23-24 FRONT,MMT 060624,2,P726620 060724 060524 Pt B Far SS,7,Pt B Far,"39.93094655, -75.1829941",Sample,5/29/2024,1:55:00 PM,JN,6/5/2024,2:06:00 PM,ST,,6/5/2024,7.74093E+11,,
61,P726641,Y,13-May,5/16/2024,6/6/2024,,,Y,SS,GT (FRONT),DREXEL MAIN DATABASE 23-24 FRONT,MMT 060624,2,P726641 060724 060524 Bambrey SS,,Bambrey,NA,Sample,5/29/2024,2:02:00 PM,JN,6/5/2024,1:43:00 PM,ST,,6/5/2024,7.74093E+11,,
61,P726642,Y,13-May,5/16/2024,6/6/2024,,,Y,SS,GT (FRONT),DREXEL MAIN DATABASE 23-24 FRONT,MMT 060624,2,P726642 060724 060524 Ritner SS,8,Ritner,"39.92296389, -75.186874",Sample,5/29/2024,2:08:00 PM,JN,6/5/2024,1:48:00 PM,ST,,6/5/2024,7.74093E+11,,
61,P726643,Y,13-May,5/16/2024,6/6/2024,,,Y,NO SPLIT,GT (FRONT),DREXEL MAIN DATABASE 23-24 FRONT,MMT 060624,1,P726643 060724 052924 Ritner FB,8,Ritner FB,"39.92296389, -75.186874",Field Blank,5/29/2024,2:08:00 PM,JN,5/29/2024,2:10:00 PM,JN,,6/5/2024,7.74093E+11,,
61,P726645,Y,13-May,5/16/2024,6/6/2024,,,Y,NO SPLIT,GT (FRONT),DREXEL MAIN DATABASE 23-24 FRONT,MMT 060624,1,P726645 060724 060524 LAB BLANK,,LAB BLANK,NA,Lab Blank,5/28/2024,,,6/5/2024,,,,6/5/2024,7.74093E+11,,
61,P726647,Y,13-May,5/16/2024,6/20/2024,,,Y,SS,GT (MAIN),DREXEL MAIN DATABASE 23-24 ,MMT 061924,2,P726647 062124 061224 Bartrams SS,1,Bartrams,"39.92896, -75.212541",Sample,6/5/2024,12:57:00 PM,JN,6/12/2024,9:56:00 AM,LF,,6/19/2024,7.73232E+11,,
61,P726648,Y,30-Apr,5/16/2024,6/20/2024,,,Y,SS,GT (MAIN),DREXEL MAIN DATABASE 23-24 ,MMT 061924,2,P726648 062124 061224 Essington SS,2,Essington,"39.90131732, -75.2250262",Sample,6/5/2024,1:10:00 PM,JN,6/12/2024,10:10:00 AM,LF,,6/19/2024,7.73232E+11,,
61,P726650,Y,30-Apr,5/16/2024,6/20/2024,,,Y,SS,GT (MAIN),DREXEL MAIN DATABASE 23-24 ,MMT 061924,2,P726650 062124 061224 61st SS,3,61st,"39.91820446, -75.2085474",Sample,6/5/2024,1:16:00 PM,JN,6/12/2024,9:50:00 AM,LF,,6/19/2024,7.73232E+11,,
61,P726652,Y,13-May,5/16/2024,6/20/2024,,,Y,SS,GT (MAIN),DREXEL MAIN DATABASE 23-24 ,MMT 061924,2,P726652 062124 061224 28th SS,4,28th,"39.92061091, -75.1955879",Sample,6/5/2024,1:24:00 PM,JN,6/12/2024,9:45:00 AM,LF,,6/19/2024,7.73232E+11,,
62,P726657,Y,13-May,5/16/2024,6/20/2024,,,Y,SS,GT (MAIN),DREXEL MAIN DATABASE 23-24 ,MMT 061924,2,P726657 062124 061224 Pt B Near SS,5,Pt B Near,"39.92624784, -75.1923165",Sample,6/5/2024,1:32:00 PM,JN,6/12/2024,9:28:00 AM,LF,,6/19/2024,7.73232E+11,,
62,P726659,Y,13-May,5/16/2024,6/20/2024,,,Y,SS,GT (MAIN),DREXEL MAIN DATABASE 23-24 ,MMT 061924,2,P726659 062124 061224 Bambrey SS,,Bambrey,NA,Sample,6/5/2024,1:43:00 PM,JN,6/12/2024,9:33:00 AM,LF,,6/19/2024,7.73232E+11,,
62,P726661,Y,13-May,5/16/2024,6/20/2024,,,Y,SS,GT (Laptop 2),DREXEL MAIN DATABASE 23-24 LAPTOP 2,MMT 061924,2,P726661 062124 061224 Ritner SS,8,Ritner,"39.92296389, -75.186874",Sample,6/5/2024,1:48:00 PM,JN,6/12/2024,9:37:00 AM,LF,,6/19/2024,7.73232E+11,,
62,P726668,Y,13-May,5/16/2024,6/20/2024,,,Y,SS,GT (Laptop 2),DREXEL MAIN DATABASE 23-24 LAPTOP 2,MMT 061924,2,P726668 062124 061224 Ritner DUP SS,8,Ritner DUP,"39.92296389, -75.186874",Duplicate,6/5/2024,1:48:00 PM,JN,6/12/2024,9:38:00 AM,LF,,6/19/2024,7.73232E+11,,
62,P733853,Y,13-May,5/16/2024,6/20/2024,,,Y,SS,GT (Laptop 2),DREXEL MAIN DATABASE 23-24 LAPTOP 2,MMT 061924,2,P733853 062124 061224 Pt B Mid SS,6,Pt B Mid,"39.92771763, -75.1873965",Sample,6/5/2024,1:55:00 PM,JN,6/12/2024,9:23:00 AM,LF,,6/19/2024,7.73232E+11,,
62,P733866,Y,13-May,5/16/2024,6/20/2024,,,Y,SS,GT (Laptop 2),DREXEL MAIN DATABASE 23-24 LAPTOP 2,MMT 061924,2,P733866 062124 061924 Pt B Far SS,7,Pt B Far,"39.93094655, -75.1829941",Sample,6/12/2024,9:19:00 AM,LF,6/19/2024,11:20:00 AM,LF,,6/19/2024,7.73232E+11,,
62,P733869,Y,30-Apr,5/16/2024,6/20/2024,,,Y,SS,GT (Laptop 2),DREXEL MAIN DATABASE 23-24 LAPTOP 2,MMT 061924,2,P733869 062124 061924 Pt B Mid SS,6,Pt B Mid,"39.92771763, -75.1873965",Sample,6/12/2024,9:23:00 AM,LF,6/19/2024,11:04:00 AM,LF,,6/19/2024,7.73232E+11,,
62,P733880,Y,30-Apr,5/16/2024,6/20/2024,,,Y,NO SPLIT,GT (Laptop 2),DREXEL MAIN DATABASE 23-24 LAPTOP 2,MMT 061924,1,P733880 062124 060524 Pt B Mid FB,6,Pt B Mid FB,"39.92771763, -75.1873965",Field Blank,6/5/2024,1:55:00 PM,JN,6/5/2024,1:56:00 PM,JN,This one should've been shipped out on 6/5 but got skipped. Will ship on 6/19,6/19/2024,7.73232E+11,,
62,P733895,Y,6-May,5/16/2024,6/20/2024,,,Y,SS,GT (Laptop 2),DREXEL MAIN DATABASE 23-24 LAPTOP 2,MMT 061924,2,P733895 062124 061224 Pt B Far SS,7,Pt B Far,"39.93094655, -75.1829941",Sample,6/5/2024,2:06:00 PM,JN,6/12/2024,9:20:00 AM,LF,,6/19/2024,7.73232E+11,,
62,P733897,Y,30-Apr,5/16/2024,6/20/2024,,,Y,SS,kc (main ),DREXEL MAIN DATABASE 23-24 ,MMT 061924,2,P733897 062124 061224 26th SS,9,26th,"39.91327125, -75.1922011",Sample,6/5/2024,2:33:00 PM,JN,6/12/2024,10:21:00 AM,LF,,6/19/2024,7.73232E+11,,
63,P726601,,,,6/20/2024,,,Y,SS,GT (MAIN),DREXEL MAIN DATABASE 23-24 ,MMT 061924,2,P726601 062124 061924 Pt B Near SS,5,Pt B Near,"39.92624784, -75.1923165",Sample,6/12/2024,9:28:00 AM,LF,6/19/2024,11:06:00 AM,LF,,6/19/2024,7.73232E+11,,
63,P726644,,,,6/20/2024,,,Y,SS,GT (MAIN),DREXEL MAIN DATABASE 23-24 ,MMT 061924,2,P726644 062124 061924 Pt B Near DUP SS,5,Pt B Near DUP,"39.92624784, -75.1923165",Duplicate,6/12/2024,9:29:00 AM,LF,6/19/2024,11:06:00 AM,LF,,6/19/2024,7.73232E+11,,
63,P726649,,,,6/20/2024,,,Y,SS,GT (MAIN),DREXEL MAIN DATABASE 23-24 ,MMT 061924,2,P726649 062124 061924 Bambrey SS,,Bambrey,NA,Sample,6/12/2024,9:33:00 AM,LF,6/19/2024,11:09:00 AM,LF,,6/19/2024,7.73232E+11,,
63,P726651,,,,6/20/2024,,,Y,SS,GT (MAIN),DREXEL MAIN DATABASE 23-24 ,MMT 061924,2,P726651 062124 061924 Ritner SS,8,Ritner,"39.92296389, -75.186874",Sample,6/12/2024,9:37:00 AM,LF,6/19/2024,11:00:00 AM,LF,,6/19/2024,7.73232E+11,,
63,P726658,,,,6/20/2024,,,Y,SS,GT (MAIN),DREXEL MAIN DATABASE 23-24 ,MMT 061924,2,P726658 062124 061924 26th SS,9,26th,"39.91327125, -75.1922011",Sample,6/12/2024,10:21:00 AM,LF,6/19/2024,11:29:00 AM,LF,,6/19/2024,7.73232E+11,,
63,P726660,,,,6/20/2024,,,Y,SS,GT (MAIN),DREXEL MAIN DATABASE 23-24 ,MMT 061924,2,P726660 062124 061924 28th SS,4,28th,"39.92061091, -75.1955879",Sample,6/12/2024,9:45:00 AM,LF,6/19/2024,10:56:00 AM,LF,,6/19/2024,7.73232E+11,,
63,P726664,,,,6/20/2024,,,Y,SS,GT (Laptop 2),DREXEL MAIN DATABASE 23-24 LAPTOP 2,MMT 061924,2,P726664 062124 061924 61st SS,3,61st,"39.91820446, -75.2085474",Sample,6/12/2024,9:50:00 AM,LF,6/19/2024,10:53:00 AM,LF,,6/19/2024,7.73232E+11,,
63,P726665,,,,6/20/2024,,,Y,SS,GT (Laptop 2),DREXEL MAIN DATABASE 23-24 LAPTOP 2,MMT 061924,2,P726665 062124 061924 Essington SS,2,Essington,"39.90131732, -75.2250262",Sample,6/12/2024,10:10:00 AM,LF,6/19/2024,10:50:00 AM,LF,,6/19/2024,7.73232E+11,,
63,P726666,,,,6/20/2024,,,Y,SS,GT (Laptop 2),DREXEL MAIN DATABASE 23-24 LAPTOP 2,MMT 061924,2,P726666 062124 061924 Bartrams SS,1,Bartrams,"39.92896, -75.212541",Sample,6/12/2024,9:56:00 AM,LF,6/19/2024,10:41:00 AM,LF,,6/19/2024,7.73232E+11,,
63,P726669,,,,6/20/2024,,,Y,NO SPLIT,GT (MAIN),DREXEL MAIN DATABASE 23-24 ,MMT 061924,1,P726669 062124 061224 Bartrams FB RR,1,Bartrams,"39.92896, -75.212541",Field Blank,6/12/2024,9:57:00 AM,LF,6/12/2024,9:58:00 AM,LF,,6/19/2024,7.73232E+11,,
64,P726670,,,,6/27/2024,,,,,GT (MAIN),DREXEL MAIN DATABASE 23-24 ,MMT 062724,2,P726670 062724 061924 Bartrams SS,1,Bartrams,"39.92896, -75.212541",Sample,6/19/2024,10:39:00 AM,LF,6/26/2024,10:19:00 AM,LF,,6/26/2024,7.74794E+11,,
64,P733841,,,,6/27/2024,,,,,GT (Laptop 2),DREXEL MAIN DATABASE 23-24 LAPTOP 2,MMT 062724,2,P733841 062724 061924 Bartrams DUP SS,1,Bartrams DUP,"39.92896, -75.212541",Duplicate,6/19/2024,10:40:00 AM,LF,6/26/2024,10:19:00 AM,LF,,6/26/2024,7.74794E+11,,
64,P733843,,,,6/27/2024,,,,,GT (Laptop 2),DREXEL MAIN DATABASE 23-24 LAPTOP 2,MMT 062724,2,P733843 062724 061924 Essington SS,2,Essington,"39.90131732, -75.2250262",Sample,6/19/2024,10:49:00 AM,LF,6/26/2024,10:31:00 AM,LF,,6/26/2024,#REF!,,
64,P733847,,,,6/27/2024,,,,,GT (Laptop 2),DREXEL MAIN DATABASE 23-24 LAPTOP 2,MMT 062724,2,P733847 062724 061924 61st SS,3,61st,"39.91820446, -75.2085474",Sample,6/19/2024,10:53:00 AM,LF,6/26/2024,10:44:00 AM,PW,,6/26/2024,7.74794E+11,,
64,P733848,,,,6/27/2024,,,,,GT (Laptop 2),DREXEL MAIN DATABASE 23-24 LAPTOP 2,MMT 062724,2,P733848 062724 061924 28th SS,4,28th,"39.92061091, -75.1955879",Sample,6/19/2024,10:56:00 AM,LF,6/26/2024,10:56:00 AM,LF,,6/26/2024,7.74794E+11,,
64,P733849,,,,6/27/2024,,,,,GT (MAIN),DREXEL MAIN DATABASE 23-24 ,MMT 062724,2,P733849 062724 061924 Ritner SS,8,Ritner,"39.92296389, -75.186874",Sample,6/19/2024,11:00:00 AM,LF,6/26/2024,11:01:00 AM,LF,,6/26/2024,7.74794E+11,,
64,P733850,,,,6/27/2024,,,,,KC (front),DREXEL MAIN DATABASE 23-24 FRONT,MMT 062724,2,P733850 062724 061924 Pt B Mid SS,6,Pt B Mid,"39.92771763, -75.1873965",Sample,6/19/2024,11:03:00 AM,LF,6/26/2024,11:06:00 AM,LF,,6/26/2024,7.74794E+11,,
64,P733851,,,,6/27/2024,,,,,KC (front),DREXEL MAIN DATABASE 23-24 FRONT,MMT 062724,2,P733851 062724 061924 Pt B Near SS,5,Pt B Near,"39.92624784, -75.1923165",Sample,6/19/2024,11:05:00 AM,LF,6/26/2024,11:10:00 AM,LF,,6/26/2024,7.74794E+11,,
64,P733854,,,,6/27/2024,,,,,kc (front),DREXEL MAIN DATABASE 23-24 FRONT,MMT 062724,2,P733854 062724 061924 Bambrey SS,,Bambrey,NA,Sample,6/19/2024,11:08:00 AM,LF,6/26/2024,11:12:00 AM,LF,,6/26/2024,7.74794E+11,,
64,P733856,,,,6/27/2024,,,,,kc (front),DREXEL MAIN DATABASE 23-24 FRONT,MMT 062724,2,P733856 062724 061924 Pt B Far SS,7,Pt B Far,"39.93094655, -75.1829941",Sample,6/19/2024,11:19:00 AM,LF,6/26/2024,11:20:00 AM,LF,,6/26/2024,7.74794E+11,,
65,P733857,,,,6/27/2024,,,,,kc (Main),DREXEL MAIN DATABASE 23-24 ,MMT 062724,2,P733857 062724 061924 26th SS,9,26th,"39.91327125, -75.1922011",Sample,6/19/2024,11:28:00 AM,LF,6/26/2024,11:37:00 AM,LF,,6/26/2024,7.74794E+11,,
65,P733859,,,,6/20/2024,,,Y,NO SPLIT,GT (Laptop 2),DREXEL MAIN DATABASE 23-24 LAPTOP 2,MMT 061924,1,P733859 062124 061924 26th FB,9,26th FB,"39.91327125, -75.1922011",Field Blank,6/19/2024,11:28:00 AM,LF,6/19/2024,11:29:00 AM,LF,,6/19/2024,7.73232E+11,,
65,P733860,,,,6/20/2024,,,Y,NO SPLIT,GT (Laptop 2),DREXEL MAIN DATABASE 23-24 LAPTOP 2,MMT 061924,1,P733860 062124 061924 Lab blank,,Lab blank,NA,Lab Blank,6/5/2024,,,6/19/2024,,,,6/19/2024,7.73232E+11,,
65,P733861,,,,6/27/2024,,,,,,,,,,,,NA,Sample,,,,,,,oops -- accidentally opened for a few minutes since I was in the habit of putting new tubes out. Do not analyze,6/26/2024,7.74794E+11,,no
65,P733863,,,,6/27/2024,,,,,,,,,,,,NA,Sample,,,,,,,oops -- accidentally opened for a few minutes since I was in the habit of putting new tubes out. Do not analyze,6/26/2024,7.74794E+11,,no
65,P733864,,,,6/27/2024,,,,,KC (MAIN),,,,,,,NA,Sample,,,,,,,oops -- accidentally opened for a few minutes since I was in the habit of putting new tubes out. Do not analyze,6/26/2024,7.74794E+11,,no
65,P733871,,,,6/27/2024,,,,,KC (MAIN),DREXEL MAIN DATABASE 23-24 ,MMT 062724,1,P733871 062724 061924 26th FB,9,26th FB,"39.91327125, -75.1922011",Field Blank,6/26/2024,11:37:00 AM,LF,6/26/2024,11:37:00 AM,LF,,6/26/2024,7.74794E+11,,
65,P733873,,,,6/27/2024,,,,,KC (MAIN),DREXEL MAIN DATABASE 23-24 ,MMT 062724,1,P733873 062724 060524 Lab blank,,Lab blank,NA,Sample,6/5/2024,,,6/26/2024,,,,6/26/2024,7.74794E+11,,
65,P733876,,,,6/27/2024,,,,,,,,,,,,NA,Sample,,,,,,,Unopened,6/26/2024,7.74794E+11,,no
65,P733877,,,,6/27/2024,,,,,,,,,,,,NA,Sample,,,,,,,Unopened,6/26/2024,7.74794E+11,,no
66,P733881,,,,6/27/2024,,,,,,,,,,,,NA,Sample,,,,,,,Unopened,6/26/2024,7.74794E+11,,no
66,P733882,,,,6/27/2024,,,,,,,,,,,,NA,Sample,,,,,,,Unopened,6/26/2024,7.74794E+11,,no
66,P733883,,,,6/27/2024,,,,,,,,,,,,NA,Sample,,,,,,,Unopened,6/26/2024,7.74794E+11,,no
66,P733885,,,,6/27/2024,,,,,,,,,,,,NA,Sample,,,,,,,Unopened,6/26/2024,7.74794E+11,,no
66,P733887,,,,6/27/2024,,,,,,,,,,,,NA,Sample,,,,,,,Unopened,6/26/2024,7.74794E+11,,no
66,P733893,,,,6/27/2024,,,,,,,,,,,,NA,Sample,,,,,,,Unopened,6/26/2024,7.74794E+11,,no
66,P733894,,,,6/27/2024,,,,,,,,,,,,NA,Sample,,,,,,,Unopened,6/26/2024,7.74794E+11,,no
66,P733896,,,,6/27/2024,,,,,,,,,,,,NA,Sample,,,,,,,Unopened,6/26/2024,7.74794E+11,,no
66,P733898,,,,6/27/2024,,,,,,,,,,,,NA,Sample,,,,,,,Unopened,6/26/2024,7.74794E+11,,no
66,P733899,,,,,,,,,,,,,,,,,,,,,,,,,,,,
